Name,Team,G,PA,AB,H,1B,2B,3B,HR,R,RBI,BB,IBB,SO,HBP,SF,SH,GDP,SB,CS,AVG,BB%,K%,BB/K,OBP,SLG,wOBA,OPS,ISO,Spd,BABIP,UBR,wSB,wRC,wRAA,wRC+,BsR,Fld,Off,Def,WAR,ADP,InterSD,InterSK,IntraSD,Vol,Skew,Dim,FPTS,FPTS/G,SPTS,SPTS/G,P10,P20,P30,P40,P50,P60,P70,P80,P90,TT10,TT20,TT30,TT40,TT50,TT60,TT70,TT80,TT90,NameASCII,PlayerId,MLBAMID
"Aaron Judge","NYY",82,356,289,85,44,14,1,26,61,66,61,7,87,3,2,0,,5,1,0.294716,0.17212,0.244565,0.703779,0.420733,0.621782,0.437222,1.04251,0.327066,3.95481,0.331037,-0.320534,-0.23633,76.2122,35.0471,187.014,-0.556864,-1.01331,34.85371953248978,-5.250193119049072,4.30685,3.119999885559082,,,,,,,676.4,8.248780487,676.4,8.248780487,,,,,,,,,,,,,,,,,,,"Aaron Judge","15640",592450
"Bobby Witt Jr.","KCR",82,356,322,95,56,20,4,15,55,49,27,3,57,4,3,0,,19,6,0.295405,0.0758539,0.160898,0.47144,0.353574,0.520268,0.373016,0.873842,0.224862,7.00449,0.317053,1.54428,0.910112,57.8343,16.7341,137.663,2.45439,1.52307,17.75746250152588,5.334179759025574,3.62825,1.6299999952316284,,,,,,,544.1,6.635365853,544.1,6.635365853,,,,,,,,,,,,,,,,,,,"Bobby Witt Jr.","25764",677951
"Fernando Tatis Jr.","SDP",82,353,315,90,54,17,1,18,57,50,32,1,70,4,2,0,,14,3,0.286355,0.0901099,0.198795,0.453279,0.356314,0.523612,0.378675,0.879926,0.237257,5.71169,0.31407,1.24571,0.906338,58.9236,18.1829,147.316,2.15205,2.32987,21.65170979499817,-1.5528483390808105,3.28038,11.619999885559082,,,,,,,539.4,6.57804878,539.4,6.57804878,,,,,,,,,,,,,,,,,,,"Fernando Tatis Jr.","19709",665487
"Juan Soto","NYM",82,356,284,78,45,15,1,18,57,50,67,3,58,2,2,0,,4,2,0.273933,0.188415,0.16247,1.15969,0.41325,0.517033,0.402264,0.930283,0.2431,3.91264,0.285915,-1.38078,-0.483662,66.1514,25.0512,163.286,-1.86444,-1.71504,24.44659960269928,-5.733561635017395,3.14689,7.079999923706055,,,,,,,580.2,7.075609756,580.2,7.075609756,,,,,,,,,,,,,,,,,,,"Juan Soto","20123",665742
"Kyle Tucker","CHC",82,356,305,86,50,17,2,17,55,54,47,4,52,1,3,0,,13,3,0.281514,0.133226,0.145986,0.912592,0.378022,0.518114,0.384328,0.896136,0.236601,5.79175,0.28829,1.19391,0.881082,61.1474,19.9823,150.04,2.07499,-0.0107965,22.911731481552124,-4.2476791981607676,3.1437,8.710000038146973,,,,,,,557.4,6.797560975,557.4,6.797560975,,,,,,,,,,,,,,,,,,,"Kyle Tucker","18345",663656
"Shohei Ohtani","LAD",77,334,286,82,44,15,3,21,60,52,43,6,76,2,2,0,,18,4,0.28733,0.128021,0.228307,0.56074,0.381499,0.579281,0.405048,0.960781,0.291951,7.26547,0.321057,1.45733,1.17809,62.7714,24.2325,163.356,2.63542,0,27.33408284187317,-8.338425636291504,3.10133,1.5499999523162842,,,,,,,589.2,7.651948051,589.2,7.651948051,,,,,,,,,,,,,,,,,,,"Shohei Ohtani","19755",660271
"Mookie Betts","LAD",78,337,292,82,50,17,2,14,53,47,40,1,42,3,2,0,,7,2,0.280291,0.118509,0.125794,0.942089,0.369907,0.491879,0.373758,0.861787,0.211588,5.26214,0.285533,0.123392,0.210337,55.0133,16.0601,141.954,0.333729,-1.59508,16.86497861146927,1.8888731002807617,3.08832,13.65999984741211,,,,,,,496.2,6.361538461,496.2,6.361538461,,,,,,,,,,,,,,,,,,,"Mookie Betts","13611",605141
"Gunnar Henderson","BAL",81,349,309,81,46,16,3,16,53,46,35,1,80,3,2,0,,9,2,0.262344,0.100769,0.228406,0.441185,0.340887,0.487794,0.357821,0.828681,0.22545,6.25615,0.302068,0.74828,0.372523,52.4927,12.1764,134.047,1.1208,-0.952871,14.690538048744202,2.6543821692466736,3.00766,9.329999923706055,,,,,,,484,5.975308641,484,5.975308641,,,,,,,,,,,,,,,,,,,"Gunnar Henderson","26289",683002
"Julio Rodríguez","SEA",83,360,326,88,57,15,2,15,51,47,27,2,84,5,2,0,,15,4,0.270162,0.0761099,0.233502,0.325949,0.333881,0.462783,0.34518,0.796665,0.192621,5.95606,0.319714,1.20143,0.90574,50.5858,8.93648,128.916,2.10717,1.765,14.012895345687866,2.839995861053467,2.99638,13.710000038146973,,,,,,,476,5.734939759,476,5.734939759,,,,,,,,,,,,,,,,,,,"Julio Rodriguez","23697",677594
"Francisco Lindor","NYM",80,345,306,80,49,15,1,14,51,45,30,1,63,6,3,0,,12,3,0.262077,0.0877706,0.181967,0.482344,0.337172,0.46083,0.34732,0.798003,0.198753,5.69955,0.284217,0.778464,0.771573,48.9805,9.13847,125.705,1.55004,1.87428,11.909781694412231,5.439098119735718,2.96833,14.149999618530273,,,,,,,445.2,5.565,445.2,5.565,,,,,,,,,,,,,,,,,,,"Francisco Lindor","12916",596019
"José Ramírez","CLE",83,357,318,87,51,20,1,16,50,53,34,7,43,2,3,0,,17,4,0.274447,0.0950192,0.119447,0.795489,0.344347,0.492336,0.355133,0.836683,0.21789,5.65576,0.272569,1.68243,1.35745,52.903,11.683,130.8,3.03989,-0.00164998,15.590676069259644,1.0600783807458356,2.96254,4.900000095367432,,,,,,,512.4,6.173493975,512.4,6.173493975,,,,,,,,,,,,,,,,,,,"Jose Ramirez","13510",608070
"Ronald Acuña Jr.","ATL",78,338,291,84,53,16,1,14,58,41,40,1,62,5,2,1,,20,7,0.287381,0.118458,0.184209,0.643064,0.380471,0.49464,0.380379,0.875111,0.207259,6.40312,0.32183,2.66787,0.818561,56.9724,17.8993,143.561,3.48643,-0.731794,20.703486442565918,-4.5672876834869385,2.81982,37.599998474121094,,,,,,,516.5,6.621794871,516.5,6.621794871,,,,,,,,,,,,,,,,,,,"Ronald Acuna Jr.","18401",660670
"Corbin Carroll","ARI",82,353,308,81,47,15,5,14,59,43,35,1,71,6,2,2,,19,4,0.263364,0.0994309,0.202203,0.491738,0.347391,0.481415,0.358823,0.828806,0.218051,8.3988,0.299482,2.68354,1.78187,53.3279,12.5872,128.371,4.46542,1.32706,16.157292366027832,-2.2408411502838135,2.63795,7.889999866485596,,,,,,,497.1,6.062195121,497.1,6.062195121,,,,,,,,,,,,,,,,,,,"Corbin Carroll","25878",682998
"Jackson Merrill","SDP",77,334,309,87,54,16,2,14,43,47,20,1,55,1,3,2,,8,2,0.280232,0.0592595,0.164693,0.359817,0.323229,0.481373,0.3457,0.804603,0.201142,5.44503,0.300319,0.0658155,0.324436,47.0438,8.42508,124.762,0.390252,2.38785,10.063523024320602,3.476585626602173,2.53677,27.280000686645508,,,,,,,440.2,5.716883116,440.2,5.716883116,,,,,,,,,,,,,,,,,,,"Jackson Merrill","29490",701538
"Ketel Marte","ARI",76,327,285,79,47,16,2,15,48,47,36,2,56,3,2,0,,4,1,0.278632,0.110922,0.172819,0.641838,0.362583,0.502027,0.372318,0.864611,0.223396,4.69402,0.299424,-0.448129,-0.197257,52.9658,15.1958,137.6,-0.645387,-0.292653,13.720332086086273,-0.27953583002090454,2.50162,30.65999984741211,,,,,,,478,6.289473684,478,6.289473684,,,,,,,,,,,,,,,,,,,"Ketel Marte","13613",606466
"Elly De La Cruz","CIN",81,348,311,79,47,16,3,13,52,43,33,1,104,3,2,1,,29,7,0.254931,0.0941027,0.297534,0.316275,0.329468,0.452445,0.339223,0.781912,0.197513,8.11532,0.338689,2.2422,2.58724,47.2406,6.97927,110.073,4.82944,-0.0523322,8.931992053985596,3.681001178920269,2.48848,4.300000190734863,,,,,,,460.6,5.686419753,460.6,5.686419753,,,,,,,,,,,,,,,,,,,"Elly De La Cruz","26668",682829
"Cal Raleigh","SEA",80,321,282,64,33,12,1,18,40,48,34,2,86,2,2,0,,3,1,0.226412,0.106706,0.269408,0.396075,0.313415,0.46895,0.337331,0.782365,0.242538,3.40533,0.253815,-0.762952,-0.162849,43.0005,5.93933,123.422,-0.925801,1.73519,7.655678689479828,5.517600655555725,2.47686,85.55000305175781,,,,,,,397,4.9625,397,4.9625,,,,,,,,,,,,,,,,,,,"Cal Raleigh","21534",663728
"Corey Seager","TEX",66,287,254,72,42,14,0,15,40,43,29,4,49,2,2,0,,1,0,0.283038,0.099558,0.169373,0.587803,0.35815,0.522066,0.375133,0.880217,0.239029,2.58113,0.294304,-1.0282,-0.419518,47.1069,13.9751,143.584,-1.44771,-0.0525481,12.827626943588257,0.5567110329866409,2.38131,46.439998626708984,,,,,,,425.7,6.45,425.7,6.45,,,,,,,,,,,,,,,,,,,"Corey Seager","13624",608369
"William Contreras","MIL",81,325,284,76,50,14,1,11,42,43,37,2,66,2,2,0,,4,1,0.26942,0.114584,0.202479,0.565903,0.356103,0.446094,0.350442,0.802197,0.176674,3.82992,0.311826,-0.642347,-0.122049,46.948,9.41867,123.914,-0.764396,0.333014,8.313913524150848,3.4441250264644623,2.31972,24.790000915527344,,,,,,,413.1,5.1,413.1,5.1,,,,,,,,,,,,,,,,,,,"William Contreras","20503",661388
"Austin Riley","ATL",83,360,324,87,51,17,1,18,50,52,29,1,90,5,2,0,,1,0,0.268744,0.0797593,0.248904,0.320442,0.335343,0.491465,0.356728,0.826808,0.222721,3.03947,0.317159,-0.590367,-0.46863,53.9136,12.2643,127.384,-1.059,-1.35108,10.478068947792053,-0.06373727321624756,2.30062,29.6200008392334,,,,,,,491.3,5.919277108,491.3,5.919277108,,,,,,,,,,,,,,,,,,,"Austin Riley","18360",663586
"Trea Turner","PHI",80,345,317,89,60,17,1,10,50,40,23,0,65,3,2,0,,13,3,0.279921,0.0663046,0.188001,0.352682,0.332633,0.43909,0.337051,0.771722,0.159169,5.84276,0.321328,1.36532,0.989692,46.1497,6.30775,114.535,2.35501,-1.20165,8.21287226676941,2.4927912950515747,2.27802,24.110000610351562,,,,,,,424.7,5.30875,424.7,5.30875,,,,,,,,,,,,,,,,,,,"Trea Turner","16252",607208
"Vladimir Guerrero Jr.","TOR",82,356,313,92,58,18,0,16,49,53,37,4,52,3,2,0,,2,1,0.293443,0.105152,0.145385,0.723267,0.372667,0.506681,0.377848,0.879348,0.213238,2.73385,0.305874,-1.4899,-0.605092,59.302,18.1369,146.801,-2.09499,-1.10222,16.95071506500244,-7.437870502471924,2.21919,13.180000305175781,,,,,,,525.8,6.412195121,525.8,6.412195121,,,,,,,,,,,,,,,,,,,"Vladimir Guerrero Jr.","19611",665489
"Freddie Freeman","LAD",77,334,288,83,52,18,1,12,49,48,38,4,53,4,3,0,,5,1,0.289448,0.115246,0.158352,0.727785,0.378571,0.485978,0.372891,0.864549,0.19653,4.31106,0.315455,-0.18739,-0.229063,54.1968,15.6579,141.361,-0.416453,0.555187,15.707622319459915,-5.452065348625183,2.19312,26.920000076293945,,,,,,,480.2,6.236363636,480.2,6.236363636,,,,,,,,,,,,,,,,,,,"Freddie Freeman","5361",518692
"Wyatt Langford","TEX",81,348,309,82,50,16,2,13,48,45,34,1,69,3,2,0,,12,3,0.265566,0.0963599,0.197887,0.486945,0.341099,0.462505,0.348675,0.803604,0.196939,5.84564,0.299925,0.490982,0.661765,49.8735,9.61213,125.067,1.15275,1.1447,11.129708766937256,-1.8627089262008667,2.16662,41.31999969482422,,,,,,,455.6,5.624691358,455.6,5.624691358,,,,,,,,,,,,,,,,,,,"Wyatt Langford","33333",694671
"Will Smith","LAD",66,263,227,59,37,11,1,10,35,37,28,1,48,5,3,0,,1,0,0.259703,0.107226,0.181716,0.590073,0.350945,0.447393,0.3483,0.798339,0.18769,3.5411,0.285418,-0.756215,-0.33055,37.5996,7.18293,124.541,-1.08676,1.15501,6.464102149009705,5.817352771759033,2.16603,107.08000183105469,,,,,,,335.9,5.089393939,335.9,5.089393939,,,,,,,,,,,,,,,,,,,"Will Smith","19197",669257
"Pete Crow-Armstrong","CHC",76,331,299,76,48,14,3,10,45,40,20,1,81,4,2,6,,21,4,0.252907,0.0596957,0.243687,0.244969,0.305534,0.428622,0.318354,0.734156,0.175715,7.98771,0.310303,1.40784,2.08429,39.3005,1.10615,104.915,3.49213,3.19113,5.391063451766968,4.371690273284912,2.13184,127.38999938964844,,,,,,,379,4.986842105,379,4.986842105,,,,,,,,,,,,,,,,,,,"Pete Crow-Armstrong","27769",691718
"Zach Neto","LAA",78,338,303,75,45,16,1,13,44,41,22,1,78,9,2,2,,15,4,0.248806,0.064524,0.229537,0.281104,0.316922,0.439848,0.330287,0.75677,0.191041,5.69189,0.289815,0.891857,0.850904,43.3974,4.35426,110.427,1.74276,-0.304493,5.767473578453064,3.3158770501613617,2.11112,197.19000244140625,,,,,,,401.6,5.148717948,401.6,5.148717948,,,,,,,,,,,,,,,,,,,"Zach Neto","31347",687263
"Steven Kwan","CLE",83,357,317,91,68,15,2,6,50,32,34,1,35,3,2,1,,9,2,0.288355,0.0952512,0.0975887,0.976047,0.360889,0.409155,0.340999,0.770044,0.1208,5.45225,0.306657,0.47371,0.391432,48.8719,7.65195,120.908,0.865142,2.41277,9.384885847568512,-1.409454584121704,2.06107,144.2899932861328,,,,,,,426.4,5.137349397,426.4,5.137349397,,,,,,,,,,,,,,,,,,,"Steven Kwan","24610",680757
"Dansby Swanson","CHC",82,356,322,78,50,15,1,12,46,44,30,0,89,2,2,0,,9,2,0.241088,0.084045,0.24873,0.337897,0.307529,0.406695,0.313095,0.714224,0.165607,5.1986,0.29323,0.788453,0.382765,40.8595,-0.305557,101.318,1.17122,2.64404,1.7201034426689148,6.461167097091675,2.05441,170.38999938964844,,,,,,,384.3,4.686585365,384.3,4.686585365,,,,,,,,,,,,,,,,,,,"Dansby Swanson","18314",621020
"Matt Chapman","SFG",71,305,264,64,36,14,1,13,40,39,35,1,77,3,2,0,,5,1,0.240108,0.115538,0.252584,0.457422,0.334701,0.444263,0.340597,0.778964,0.204155,4.47429,0.287602,0.241425,0.0160297,41.6706,6.44188,119.544,0.257455,1.41205,7.222212791442871,2.5009366273880005,2.04096,125.16999816894531,,,,,,,383.6,5.402816901,383.6,5.402816901,,,,,,,,,,,,,,,,,,,"Matt Chapman","16505",656305
"Manny Machado","SDP",80,345,314,84,53,16,1,15,45,50,28,3,65,1,2,0,,6,2,0.267023,0.0819832,0.187121,0.438129,0.327151,0.462712,0.340429,0.789863,0.195689,4.03326,0.291215,-0.407773,0.0979842,47.1401,7.24816,121.157,-0.309789,-0.360156,8.227706342935562,0.03336256742477417,2.02545,37.45000076293945,,,,,,,442.3,5.52875,442.3,5.52875,,,,,,,,,,,,,,,,,,,"Manny Machado","11493",592518
"Yordan Alvarez","HOU",54,232,198,58,32,12,1,14,34,38,29,4,38,3,2,0,,1,0,0.294176,0.125041,0.165374,0.75611,0.390337,0.565952,0.404944,0.956288,0.271776,3.11646,0.301252,-0.573271,-0.213128,43.6985,16.8576,165.959,-0.7864,-0.0516305,16.71550190448761,-5.444222904741764,1.97367,17.149999618530273,,,,,,,396.8,7.348148148,396.8,7.348148148,,,,,,,,,,,,,,,,,,,"Yordan Alvarez","19556",670541
"Jazz Chisholm Jr.","NYY",71,309,276,67,40,11,1,14,43,40,27,1,80,3,2,1,,19,4,0.243092,0.0884903,0.260527,0.339659,0.31597,0.449794,0.332237,0.765764,0.206702,6.50442,0.287656,1.31201,1.56072,40.1047,4.45657,113.539,2.87273,-0.273452,7.644061088562012,0.8283999562263489,1.94614,21.799999237060547,,,,,,,383.3,5.398591549,383.3,5.398591549,,,,,,,,,,,,,,,,,,,"Jazz Chisholm Jr.","20454",665862
"Mike Trout","LAA",69,298,256,64,33,11,2,18,43,44,36,3,79,4,2,0,,5,1,0.25041,0.119806,0.26404,0.453742,0.348427,0.519446,0.370881,0.867873,0.269037,5.10744,0.285177,-0.217663,0.0333592,47.8631,13.4882,138.838,-0.184304,-0.0452601,13.013738080859184,-4.229673575609922,1.94046,111.9000015258789,,,,,,,441.6,6.4,441.6,6.4,,,,,,,,,,,,,,,,,,,"Mike Trout","10155",545361
"Bryce Harper","PHI",70,301,257,71,42,16,0,13,43,43,41,4,63,2,2,0,,5,2,0.277278,0.134893,0.20938,0.644248,0.377303,0.495103,0.375247,0.872406,0.217826,3.8135,0.318429,-0.715235,-0.179251,49.5193,14.71,140.66,-0.894486,0.6457,13.422470033168793,-4.7857813239097595,1.9158,22.260000228881836,,,,,,,442.1,6.315714285,442.1,6.315714285,,,,,,,,,,,,,,,,,,,"Bryce Harper","11579",547180
"Michael Harris II","ATL",74,320,297,82,53,16,2,11,44,39,17,1,60,3,2,1,,11,3,0.275045,0.0531073,0.189017,0.280966,0.317784,0.448719,0.331653,0.766503,0.173674,5.86656,0.311065,0.956374,0.554268,41.3934,4.46716,110.233,1.51064,1.41788,5.333071708679199,2.5592358112335205,1.90038,41.880001068115234,,,,,,,395.9,5.35,395.9,5.35,,,,,,,,,,,,,,,,,,,"Michael Harris II","25931",671739
"Oneil Cruz","PIT",74,319,283,71,42,15,2,14,43,42,32,2,91,2,2,0,,15,3,0.252502,0.0999301,0.2864,0.348918,0.32986,0.461081,0.341372,0.79094,0.208578,6.26581,0.320124,1.2996,1.33943,43.8229,6.9416,115.472,2.63903,-1.47449,8.411178588867188,-0.539463222026825,1.89692,37.369998931884766,,,,,,,423.2,5.718918918,423.2,5.718918918,,,,,,,,,,,,,,,,,,,"Oneil Cruz","21711",665833
"Jeremy Peña","HOU",81,352,324,86,61,15,1,9,44,37,19,1,63,6,2,1,,10,3,0.266126,0.0542269,0.178407,0.30395,0.316533,0.403557,0.315996,0.72009,0.137431,5.33845,0.303827,0.513288,0.377317,41.1954,0.514636,103.708,0.890606,0.116923,2.3818007707595825,3.8891449198126793,1.86783,156.9499969482422,,,,,,,377,4.654320987,377,4.654320987,,,,,,,,,,,,,,,,,,,"Jeremy Pena","21636",665161
"Riley Greene","DET",76,330,293,79,49,14,2,13,44,42,32,1,84,3,2,0,,3,1,0.26824,0.0974611,0.25585,0.38093,0.343656,0.462531,0.350072,0.806187,0.194291,4.61484,0.333331,-0.339426,-0.278227,47.5951,9.4706,127.206,-0.617653,1.09232,9.635976493358612,-2.6990357637405396,1.86062,109.87000274658203,,,,,,,431.5,5.677631578,431.5,5.677631578,,,,,,,,,,,,,,,,,,,"Riley Greene","25976",682985
"Carlos Correa","MIN",73,316,279,74,47,15,1,10,39,38,32,2,60,2,2,0,,0,0,0.263081,0.100519,0.189611,0.530134,0.340313,0.432995,0.337775,0.773308,0.169914,2.13126,0.298795,-0.81317,-0.514442,42.458,5.96112,118.09,-1.32761,-0.657771,5.199317932128906,1.939451277256012,1.83293,237.5800018310547,,,,,,,380.6,5.21369863,380.6,5.21369863,,,,,,,,,,,,,,,,,,,"Carlos Correa","14162",621043
"Anthony Volpe","NYY",82,356,321,76,48,17,2,9,45,37,28,0,82,4,2,1,,15,4,0.238004,0.0795393,0.22985,0.346049,0.305013,0.389871,0.305961,0.694884,0.151867,6.36607,0.289449,1.4641,0.915393,38.8277,-2.33737,95.1496,2.3795,1.49356,0.40560078620910645,5.310694336891174,1.82468,142.30999755859375,,,,,,,363.2,4.429268292,363.2,4.429268292,,,,,,,,,,,,,,,,,,,"Anthony Volpe","27647",683011
"Pete Alonso","NYM",81,352,303,76,42,14,1,19,49,55,39,3,77,7,2,0,,2,1,0.249152,0.110919,0.219187,0.506047,0.346515,0.490103,0.360676,0.836618,0.240951,3.18747,0.269082,-1.19116,-0.404478,53.7711,13.0903,134.841,-1.59564,-0.264034,12.7416433095932,-6.706626892089844,1.81722,47.630001068115234,,,,,,,486.5,6.006172839,486.5,6.006172839,,,,,,,,,,,,,,,,,,,"Pete Alonso","19251",624413
"Nico Hoerner","CHC",78,338,307,85,65,15,2,3,42,31,22,1,36,5,2,0,,17,4,0.275789,0.066434,0.106252,0.625246,0.333914,0.367169,0.311884,0.701083,0.0913792,5.90196,0.301271,1.4562,1.17841,38.4261,-0.617026,100.49,2.63461,2.38419,2.827988773584366,3.617212414741516,1.81193,203.32000732421875,,,,,,,354.2,4.541025641,354.2,4.541025641,,,,,,,,,,,,,,,,,,,"Nico Hoerner","21479",663538
"Willy Adames","SFG",80,345,306,73,44,16,1,12,44,43,35,1,82,1,3,0,,7,2,0.238622,0.101603,0.237548,0.427714,0.317252,0.418118,0.321778,0.735371,0.179497,4.4629,0.282946,0.10832,0.0840151,41.9398,2.0978,106.672,0.192335,-0.376669,2.881485253572464,3.3177758157253265,1.80975,91.93000030517578,,,,,,,383.4,4.7925,383.4,4.7925,,,,,,,,,,,,,,,,,,,"Willy Adames","15986",642715
"Andrés Giménez","TOR",76,327,296,75,53,14,1,6,39,33,19,1,55,9,2,2,,16,3,0.254792,0.0571957,0.168818,0.338801,0.316231,0.376897,0.306643,0.693128,0.122106,6.33812,0.291886,1.28652,1.39157,35.8035,-1.96649,96.9666,2.67809,3.66665,1.5454437732696533,4.8603187799453735,1.79482,163.10000610351562,,,,,,,332.7,4.377631578,332.7,4.377631578,,,,,,,,,,,,,,,,,,,"Andres Gimenez","19950",665926
"Xander Bogaerts","SDP",77,331,298,79,55,15,1,8,40,35,27,1,59,3,3,0,,8,2,0.26377,0.0815099,0.178806,0.455857,0.328006,0.398138,0.31986,0.726144,0.134368,4.688,0.302785,0.379045,0.319317,39.6986,1.50425,107.089,0.698362,-0.472091,3.4370848536491394,2.8072303533554077,1.76623,155.3699951171875,,,,,,,368.4,4.784415584,368.4,4.784415584,,,,,,,,,,,,,,,,,,,"Xander Bogaerts","12161",593428
"Isaac Paredes","HOU",73,316,271,66,41,12,1,12,38,41,36,0,52,7,2,0,,1,0,0.241853,0.113492,0.164053,0.691801,0.342872,0.421082,0.337932,0.763954,0.17923,2.48378,0.256983,-1.0082,-0.513817,42.4859,5.99898,119.06,-1.52202,-0.0217067,5.352844834327698,1.1060710456222296,1.76198,184.41000366210938,,,,,,,382.8,5.243835616,382.8,5.243835616,,,,,,,,,,,,,,,,,,,"Isaac Paredes","20036",670623
"Matt Olson","ATL",84,364,312,79,44,16,1,18,49,55,46,3,83,3,2,0,,0,0,0.251483,0.126897,0.227211,0.558501,0.351486,0.477301,0.358672,0.828787,0.225818,2.26199,0.283757,-0.89469,-0.539463,55.0354,12.9567,128.714,-1.43415,0.678745,10.787872672080994,-5.824341535568237,1.74678,33.970001220703125,,,,,,,498.7,5.936904761,498.7,5.936904761,,,,,,,,,,,,,,,,,,,"Matt Olson","14344",621566
"Masyn Winn","STL",80,345,314,80,54,15,2,8,45,35,25,0,64,2,3,2,,8,2,0.255027,0.0716831,0.18531,0.386829,0.310918,0.395194,0.309897,0.706113,0.140168,5.71952,0.294436,0.560958,0.150563,38.6647,-1.17733,98.0415,0.711521,1.67593,-0.07777678966522217,5.370372653007507,1.71553,157.3800048828125,,,,,,,354.7,4.43375,354.7,4.43375,,,,,,,,,,,,,,,,,,,"Masyn Winn","27479",691026
"Jarren Duran","BOS",75,323,294,79,48,18,5,8,45,35,24,1,70,3,2,1,,16,3,0.269828,0.0731408,0.218382,0.334921,0.328514,0.448732,0.337406,0.777247,0.178904,7.74076,0.327161,1.49393,1.44612,43.292,5.99628,111.428,2.94005,0.381063,7.153703689575195,-1.4377643465995789,1.70896,21.389999389648438,,,,,,,407.3,5.430666666,407.3,5.430666666,,,,,,,,,,,,,,,,,,,"Jarren Duran","24617",680776
"CJ Abrams","WSN",75,323,294,74,46,15,3,10,44,35,19,1,64,7,2,1,,19,5,0.250745,0.0594845,0.198548,0.299597,0.309976,0.420162,0.318354,0.730139,0.169417,7.32015,0.2872,1.65804,1.47032,38.4068,1.08114,102.711,3.12837,-1.63162,4.1517767906188965,1.6998605728149414,1.70001,49.619998931884766,,,,,,,375.1,5.001333333,375.1,5.001333333,,,,,,,,,,,,,,,,,,,"CJ Abrams","25768",682928
"Luis Robert Jr.","CHW",77,334,304,74,44,15,0,14,44,40,25,2,98,4,2,0,,18,5,0.24288,0.0738253,0.292421,0.252462,0.305974,0.433548,0.320951,0.739522,0.190668,5.60073,0.308229,1.19658,1.22721,40.3946,1.81075,105.141,2.42378,0.507785,4.384655714035034,0.8707475662231445,1.69962,87.75,,,,,,,392.7,5.1,392.7,5.1,,,,,,,,,,,,,,,,,,,"Luis Robert Jr.","20043",673357
"Bo Bichette","TOR",79,342,319,89,62,18,1,9,41,39,19,1,61,2,2,0,,6,2,0.278594,0.0545584,0.179782,0.30347,0.320731,0.420037,0.3232,0.740768,0.141442,4.25276,0.320016,0.0351111,-0.164754,41.9339,2.46639,108.554,-0.129643,-2.03599,3.208066076040268,1.6237308979034424,1.68202,113.95999908447266,,,,,,,390.7,4.94556962,390.7,4.94556962,,,,,,,,,,,,,,,,,,,"Bo Bichette","19612",666182
"Brent Rooker","ATH",73,315,280,71,39,13,1,19,43,48,29,1,91,4,2,0,,4,1,0.254847,0.0908744,0.287255,0.316355,0.330835,0.508315,0.360118,0.83915,0.253468,4.26599,0.304991,-0.321338,-0.19245,48.021,11.584,133.314,-0.513788,-0.289528,11.486136257648468,-5.794158011674881,1.6808,62.2400016784668,,,,,,,443.4,6.073972602,443.4,6.073972602,,,,,,,,,,,,,,,,,,,"Brent Rooker","19627",667670
"Jackson Chourio","MIL",82,356,330,88,55,18,2,13,48,48,21,1,74,2,2,1,,14,4,0.266438,0.0588037,0.208651,0.281828,0.312519,0.448908,0.328902,0.761427,0.18247,5.98402,0.306391,1.01845,0.852769,45.2899,4.18973,109.181,1.87122,1.14428,5.688202977180481,-1.1631321907043457,1.67259,16.420000076293945,,,,,,,433,5.280487804,433,5.280487804,,,,,,,,,,,,,,,,,,,"Jackson Chourio","28806",694192
"Adley Rutschman","BAL",63,254,222,57,37,11,1,8,32,30,29,1,40,1,2,0,,1,0,0.256946,0.114066,0.15786,0.722576,0.344201,0.424402,0.337425,0.768604,0.167456,2.63142,0.278032,-0.340818,-0.383535,34.0505,4.71966,119.773,-0.724353,0.46056,5.008999824523926,2.6380297243595123,1.67151,61.56999969482422,,,,,,,301.9,4.792063492,301.9,4.792063492,,,,,,,,,,,,,,,,,,,"Adley Rutschman","26288",668939
"Tommy Edman","LAD",73,316,288,73,47,14,2,10,43,38,21,1,54,3,3,1,,12,2,0.254591,0.0662602,0.17136,0.386673,0.308913,0.420973,0.317824,0.729885,0.166382,6.18295,0.278974,1.11327,0.928905,37.3892,0.922343,103.696,2.04217,1.22866,3.405635952949524,2.3814343214035034,1.66818,169.00999450683594,,,,,,,356,4.876712328,356,4.876712328,,,,,,,,,,,,,,,,,,,"Tommy Edman","19470",669242
"Geraldo Perdomo","ARI",76,331,282,70,50,13,1,5,43,32,37,0,51,3,3,6,,10,2,0.249982,0.112657,0.153998,0.731548,0.340978,0.361777,0.315445,0.702754,0.111795,5.61579,0.285942,0.90645,0.492298,38.5317,0.337337,98.7006,1.39875,0.777465,0.8967059850692749,4.319132030010223,1.65936,430.2699890136719,,,,,,,333.8,4.392105263,333.8,4.392105263,,,,,,,,,,,,,,,,,,,"Geraldo Perdomo","22799",672695
"Ozzie Albies","ATL",81,349,319,83,52,17,2,12,46,45,25,0,53,3,3,0,,7,2,0.260637,0.070191,0.151959,0.461907,0.317376,0.436411,0.327947,0.753787,0.175774,5.26048,0.277847,0.593322,0.236488,44.2091,3.84787,107.699,0.829809,-0.641843,3.972981035709381,0.6056874990463257,1.65654,69.22000122070312,,,,,,,411,5.074074074,411,5.074074074,,,,,,,,,,,,,,,,,,,"Ozzie Albies","16556",645277
"J.P. Crawford","SEA",75,323,277,67,46,13,1,7,38,30,40,0,63,3,2,1,,2,1,0.240813,0.12288,0.193736,0.634262,0.341259,0.36745,0.318855,0.708709,0.126637,3.50841,0.28589,-0.334944,-0.33073,38.5669,1.2113,110.492,-0.665675,-1.77469,3.208760917186737,1.6891971826553345,1.62575,442.010009765625,,,,,,,337.4,4.498666666,337.4,4.498666666,,,,,,,,,,,,,,,,,,,"J.P. Crawford","15491",641487
"J.T. Realmuto","PHI",65,256,231,58,37,11,1,9,32,32,19,1,62,4,2,0,,4,1,0.252084,0.0757911,0.24332,0.311487,0.317916,0.424817,0.324186,0.742732,0.172732,4.9637,0.306797,-0.0742601,-0.154181,31.6484,2.05152,105.736,-0.228441,1.04432,1.4888722747564316,5.723952531814575,1.61535,140.24000549316406,,,,,,,289.8,4.458461538,289.8,4.458461538,,,,,,,,,,,,,,,,,,,"J.T. Realmuto","11739",592663
"James Wood","WSN",76,330,288,75,45,16,2,12,45,41,38,1,89,2,2,0,,11,3,0.260033,0.115294,0.270897,0.4256,0.348877,0.456976,0.351497,0.805853,0.196943,5.64599,0.332437,0.008219,0.43494,48.0212,9.85673,125.379,0.443159,-0.939875,10.240858405828476,-5.515800476074219,1.60748,53.29999923706055,,,,,,,435.1,5.725,435.1,5.725,,,,,,,,,,,,,,,,,,,"James Wood","29518",695578
"Jung Hoo Lee","SFG",76,327,296,83,57,19,2,5,41,35,25,1,33,3,2,0,,5,2,0.281484,0.0770898,0.0999691,0.771136,0.340423,0.416662,0.331564,0.757085,0.135178,4.85111,0.299214,-0.567659,-0.393277,42.288,4.54295,113.366,-0.960937,-0.537168,4.142245411872864,0.6294984221458435,1.60006,233.94000244140625,,,,,,,370.2,4.871052631,370.2,4.871052631,,,,,,,,,,,,,,,,,,,"Jung Hoo Lee","33824",808982
"Ha-Seong Kim","TBR",60,261,227,57,39,11,1,6,32,27,28,1,46,2,2,2,,12,3,0.249562,0.108799,0.174247,0.624396,0.335949,0.389144,0.321297,0.725093,0.139582,5.53292,0.283964,0.653709,0.805555,31.6855,1.48944,109.896,1.45926,-0.510353,4.4134441614151,2.289646863937378,1.59928,382.4700012207031,,,,,,,290.6,4.843333333,290.6,4.843333333,,,,,,,,,,,,,,,,,,,"Ha-Seong Kim","27506",673490
"Jordan Westburg","BAL",69,298,271,71,43,14,2,11,38,38,20,0,67,4,2,1,,5,1,0.262609,0.0683845,0.223869,0.305466,0.320953,0.456235,0.337164,0.777187,0.193626,5.35275,0.307559,-0.236699,0.00470591,39.8442,5.46923,119.59,-0.231993,-0.0200673,6.425253391265869,-0.9513944443315268,1.59649,90.2300033569336,,,,,,,360.7,5.227536231,360.7,5.227536231,,,,,,,,,,,,,,,,,,,"Jordan Westburg","27815",676059
"Rafael Devers","SFG",81,348,303,81,46,18,1,16,48,51,39,5,78,3,2,0,,2,0,0.265342,0.112004,0.223136,0.501952,0.352692,0.489609,0.360408,0.842301,0.224267,3.59566,0.304156,-0.667255,-0.411508,53.142,12.8806,133.094,-1.07876,-0.0630311,12.399390697479248,-8.385252870619297,1.59496,40.939998626708984,,,,,,,488.7,6.033333333,488.7,6.033333333,,,,,,,,,,,,,,,,,,,"Rafael Devers","17350",646240
"Byron Buxton","MIN",65,283,256,63,33,14,2,14,42,39,19,1,80,5,2,0,,7,1,0.244329,0.0683028,0.284251,0.24029,0.307567,0.480367,0.338899,0.787933,0.236037,6.40952,0.295487,0.700302,0.447175,38.2687,5.59128,118.876,1.14748,0.0100554,7.245353698730469,-1.4984322050586343,1.57411,224.94000244140625,,,,,,,362.9,5.583076923,362.9,5.583076923,,,,,,,,,,,,,,,,,,,"Byron Buxton","14161",621439
"Jacob Wilson","ATH",74,319,296,86,63,17,1,4,38,32,16,0,28,3,2,2,,2,1,0.2895,0.0503562,0.0890672,0.565373,0.329359,0.40208,0.320852,0.731439,0.112581,3.92741,0.306219,-0.516817,-0.334881,38.5504,1.70406,105.833,-0.851698,-0.199629,1.2729148864746094,3.217037409543991,1.56813,327.1499938964844,,,,,,,336.2,4.543243243,336.2,4.543243243,,,,,,,,,,,,,,,,,,,"Jacob Wilson","33266",805779
"Alex Bregman","BOS",65,280,246,65,40,14,1,10,37,38,28,0,38,3,2,0,,1,0,0.264122,0.0990233,0.135954,0.728357,0.344305,0.451085,0.347498,0.79539,0.186963,3.43407,0.273784,-0.986056,-0.386258,39.7767,7.45372,118.492,-1.37231,0.407801,4.5364614725112915,1.2019366025924683,1.56263,110.41000366210938,,,,,,,353.2,5.433846153,353.2,5.433846153,,,,,,,,,,,,,,,,,,,"Alex Bregman","17678",608324
"Randy Arozarena","SEA",81,349,299,71,44,15,1,12,45,40,39,0,88,9,2,0,,14,4,0.237425,0.112022,0.252395,0.443836,0.341012,0.412127,0.334336,0.753139,0.174703,5.37602,0.293644,-0.0102093,0.408524,45.9932,5.63201,121.327,0.398315,-1.72383,8.907732665538788,-5.572598338127136,1.55321,134.9199981689453,,,,,,,420,5.185185185,420,5.185185185,,,,,,,,,,,,,,,,,,,"Randy Arozarena","19290",668227
"Cedric Mullins","BAL",69,298,264,64,41,12,1,9,39,35,27,1,59,3,2,1,,15,3,0.240933,0.0915373,0.199578,0.458655,0.316622,0.404117,0.317133,0.720739,0.163184,6.2918,0.274831,1.0702,1.26651,35.0802,0.705264,105.571,2.33671,-0.335222,4.229983448982239,0.7272777557373047,1.54281,211.2100067138672,,,,,,,329.6,4.776811594,329.6,4.776811594,,,,,,,,,,,,,,,,,,,"Cedric Mullins","17929",656775
"Junior Caminero","TBR",75,323,299,78,50,13,1,13,39,44,20,1,67,2,2,0,,2,1,0.259773,0.0621228,0.208586,0.297828,0.30913,0.443424,0.325685,0.752554,0.183651,3.64001,0.292251,-0.521311,-0.322319,40.3,2.97434,112.967,-0.84363,-0.918573,3.941286325454712,0.1314268708229065,1.5391,73.0999984741211,,,,,,,370.4,4.938666666,370.4,4.938666666,,,,,,,,,,,,,,,,,,,"Junior Caminero","28163",691406
"Marcus Semien","TEX",78,338,302,73,47,14,1,10,45,38,31,0,53,2,2,0,,5,2,0.241151,0.0906093,0.156765,0.577995,0.312471,0.400419,0.313534,0.71289,0.159269,4.86394,0.259033,0.0771291,-0.17447,38.8321,-0.171112,100.473,-0.0973406,2.39557,0.08498045802116394,3.497420310974121,1.53831,104.12000274658203,,,,,,,350,4.487179487,350,4.487179487,,,,,,,,,,,,,,,,,,,"Marcus Semien","12533",543760
"Kyle Schwarber","PHI",81,348,289,66,34,10,1,21,52,53,54,2,96,4,2,0,,2,1,0.229385,0.154478,0.275202,0.561327,0.35498,0.484453,0.363817,0.839433,0.255068,3.62003,0.261908,-0.875251,-0.49662,54.0915,13.8302,132.842,-1.37187,-0.0133428,12.003678917884827,-8.620750376023352,1.52937,75.9000015258789,,,,,,,487.7,6.020987654,487.7,6.020987654,,,,,,,,,,,,,,,,,,,"Kyle Schwarber","16478",656941
"Teoscar Hernández","LAD",76,326,299,81,49,15,1,16,45,51,22,1,88,3,2,0,,5,1,0.269435,0.0674794,0.269036,0.25082,0.324636,0.483629,0.348576,0.808266,0.214195,4.6402,0.328368,-0.454306,0.0631947,46.6873,8.97724,124.73,-0.391111,-1.49136,9.042286276817322,-4.988120198249817,1.52448,56.880001068115234,,,,,,,435.9,5.735526315,435.9,5.735526315,,,,,,,,,,,,,,,,,,,"Teoscar Hernandez","13066",606192
"Yainer Diaz","HOU",74,299,282,78,52,14,1,11,35,41,13,0,54,2,2,0,,1,0,0.27616,0.0427585,0.180669,0.236668,0.310015,0.449714,0.328352,0.759729,0.173555,2.86516,0.30539,-1.05402,-0.438863,37.9623,3.39259,112.355,-1.49288,-0.136117,2.729570508003235,1.9898088425397873,1.52391,60.08000183105469,,,,,,,351.4,4.748648648,351.4,4.748648648,,,,,,,,,,,,,,,,,,,"Yainer Diaz","23003",673237
"Bryson Stott","PHI",71,305,274,71,50,12,2,6,38,31,26,1,52,2,2,0,,14,2,0.25777,0.0846336,0.172135,0.491671,0.323366,0.384354,0.312545,0.70772,0.126584,6.38483,0.295791,1.37904,1.38512,34.8331,-0.395555,97.7737,2.76416,1.39658,1.9708067774772644,2.511390447616577,1.49636,172.64999389648438,,,,,,,331.2,4.664788732,331.2,4.664788732,,,,,,,,,,,,,,,,,,,"Bryson Stott","26294",681082
"Brenton Doyle","COL",77,334,305,76,48,13,2,12,43,39,23,0,92,2,2,2,,15,3,0.249855,0.0685153,0.274912,0.249226,0.304547,0.427339,0.318204,0.731886,0.177484,6.67865,0.315028,1.2934,1.2592,39.6613,1.0775,88.9966,2.55261,4.0829,-1.7419755458831787,5.275493621826172,1.49594,71.72000122070312,,,,,,,377.6,4.903896103,377.6,4.903896103,,,,,,,,,,,,,,,,,,,"Brenton Doyle","25479",686668
"Ian Happ","CHC",77,334,289,72,45,16,1,10,45,39,40,1,76,3,2,0,,6,1,0.24945,0.120787,0.228762,0.528003,0.344897,0.419119,0.337145,0.764017,0.16967,4.60864,0.302145,-0.161936,-0.0113704,44.758,6.13921,117.767,-0.173306,0.321949,6.767490893602371,-3.3640078604221344,1.48345,130.16000366210938,,,,,,,397.9,5.167532467,397.9,5.167532467,,,,,,,,,,,,,,,,,,,"Ian Happ","17919",664023
"Jose Altuve","HOU",78,338,305,82,56,15,0,11,46,36,27,1,58,3,2,0,,9,3,0.268209,0.0810527,0.172619,0.469548,0.333515,0.42321,0.332226,0.756725,0.155001,4.62314,0.299681,-0.239778,0.142983,43.8763,4.87305,115.066,-0.0967947,-0.707641,5.712547235190868,-2.6650484800338745,1.48273,61.189998626708984,,,,,,,399.8,5.125641025,399.8,5.125641025,,,,,,,,,,,,,,,,,,,"Jose Altuve","5417",514888
"Brandon Lowe","TBR",64,276,246,58,34,11,1,12,35,39,25,1,71,3,2,0,,3,1,0.237648,0.0909594,0.256199,0.355034,0.313193,0.441207,0.328305,0.7544,0.203559,4.12103,0.27908,0.0720455,-0.108433,34.9912,3.1176,114.801,-0.036387,-0.308314,4.627323091030121,0.391686350107193,1.47444,211.94000244140625,,,,,,,316.1,4.9390625,316.1,4.9390625,,,,,,,,,,,,,,,,,,,"Brandon Lowe","18882",664040
"Austin Wells","NYY",65,256,226,52,30,11,1,10,28,34,24,0,57,3,2,0,,2,1,0.231129,0.0951963,0.222428,0.427987,0.31042,0.426367,0.32163,0.736787,0.195239,3.2777,0.259544,-0.306215,-0.284209,31.0875,1.52628,106.116,-0.590424,-0.192447,1.1968716382980347,4.47730578482151,1.47339,175.14999389648438,,,,,,,278.8,4.289230769,278.8,4.289230769,,,,,,,,,,,,,,,,,,,"Austin Wells","27562",669224
"Alejandro Kirk","TOR",65,260,232,61,43,11,0,6,24,31,23,1,32,3,2,0,,0,0,0.261334,0.0885827,0.124465,0.711709,0.33216,0.388537,0.318854,0.720698,0.127203,1.47105,0.279164,-1.62741,-0.436947,30.9954,0.973382,105.513,-2.06435,1.52475,-0.42817890644073486,5.945270657539368,1.47084,255.17999267578125,,,,,,,275.9,4.244615384,275.9,4.244615384,,,,,,,,,,,,,,,,,,,"Alejandro Kirk","22581",672386
"Gleyber Torres","DET",77,334,297,77,53,14,1,9,41,36,32,0,57,2,3,1,,5,2,0.260965,0.0947112,0.170306,0.556125,0.333307,0.405447,0.326056,0.738754,0.144482,3.87439,0.292847,-0.58572,-0.414179,41.7087,3.16983,110.398,-0.999899,-1.2186,2.961468279361725,-0.027401089668273926,1.45706,228.8800048828125,,,,,,,371,4.818181818,371,4.818181818,,,,,,,,,,,,,,,,,,,"Gleyber Torres","16997",650402
"Colton Cowser","BAL",68,294,257,62,38,12,1,12,39,36,31,1,87,4,2,0,,5,1,0.241631,0.104261,0.295593,0.352717,0.330719,0.429844,0.333287,0.760564,0.188214,4.53713,0.315204,0.0802562,-0.119455,38.4417,4.49109,116.877,-0.0391984,1.1992,5.62523702159524,-1.4242525100708008,1.45153,161.9499969482422,,,,,,,355.2,5.223529411,355.2,5.223529411,,,,,,,,,,,,,,,,,,,"Colton Cowser","29591",681297
"Lars Nootbaar","STL",61,265,226,57,35,11,1,9,34,30,36,1,50,1,2,1,,5,1,0.250755,0.135351,0.190061,0.712142,0.353873,0.434421,0.345873,0.788294,0.183666,4.67304,0.281906,0.0714332,0.0261468,37.3312,6.71578,122.648,0.09758,0.199023,7.1115332543849945,-2.1731992959976196,1.4088,258.2900085449219,,,,,,,333.1,5.460655737,333.1,5.460655737,,,,,,,,,,,,,,,,,,,"Lars Nootbaar","21454",663457
"Nolan Arenado","STL",79,341,310,79,53,16,1,10,38,42,26,2,47,2,3,0,,2,1,0.256251,0.0774102,0.137446,0.563206,0.31725,0.409515,0.31695,0.726765,0.153264,2.97928,0.271233,-0.772894,-0.456667,40.1814,0.75882,102.866,-1.22956,1.47933,-0.08679139614105225,2.4904414415359497,1.40307,222.5399932861328,,,,,,,363.5,4.601265822,363.5,4.601265822,,,,,,,,,,,,,,,,,,,"Nolan Arenado","9777",571448
"Logan O'Hoppe","LAA",65,263,238,58,35,9,1,13,32,35,20,0,72,3,1,0,,1,1,0.244334,0.0765858,0.272188,0.281371,0.310873,0.451507,0.33145,0.76238,0.207173,3.19589,0.291906,-0.597016,-0.362914,34.0596,3.63749,111.241,-0.95993,-0.374888,2.4207789301872253,2.3141555190086365,1.40153,135.80999755859375,,,,,,,308.9,4.752307692,308.9,4.752307692,,,,,,,,,,,,,,,,,,,"Logan O'Hoppe","24729",681351
"Gabriel Moreno","ARI",53,209,185,50,36,10,1,4,24,24,20,0,34,2,1,0,,2,1,0.271152,0.0969265,0.164437,0.589444,0.346391,0.391362,0.327507,0.737753,0.12021,3.56094,0.312863,-0.68181,-0.254396,26.356,2.22688,106.951,-0.936206,2.06957,0.7604001760482788,5.821109056472778,1.38979,184.36000061035156,,,,,,,234.3,4.420754716,234.3,4.420754716,,,,,,,,,,,,,,,,,,,"Gabriel Moreno","22664",672515
"Brendan Donovan","STL",71,309,274,77,55,15,1,7,37,34,26,1,40,6,2,1,,3,1,0.281662,0.0850335,0.128587,0.661292,0.354467,0.413594,0.339415,0.768061,0.131932,3.91966,0.307234,-0.51654,-0.431991,41.875,6.22695,118.231,-0.948531,-0.553507,5.625604927539825,-2.381284713745117,1.38,248.27000427246094,,,,,,,371.1,5.226760563,371.1,5.226760563,,,,,,,,,,,,,,,,,,,"Brendan Donovan","24679",680977
"Lawrence Butler","ATH",72,312,284,71,43,15,1,13,41,36,25,1,74,1,2,0,,10,2,0.250034,0.0786191,0.237057,0.331646,0.309457,0.443856,0.326732,0.753313,0.193822,5.53252,0.292347,0.47958,0.83192,39.1592,3.13167,109.947,1.3115,1.17177,4.854379296302795,-2.118351936340332,1.3614,60.90999984741211,,,,,,,376.4,5.227777777,376.4,5.227777777,,,,,,,,,,,,,,,,,,,"Lawrence Butler","22542",671732
"Brice Turang","MIL",76,327,294,74,56,12,2,5,40,29,27,1,61,1,2,2,,21,4,0.25287,0.0833608,0.186601,0.446734,0.316784,0.354003,0.29858,0.670787,0.101133,6.57941,0.302057,1.84785,2.20826,33.6742,-4.07085,88.4415,4.05612,1.51037,-0.3570442199707031,2.8066641092300415,1.35877,145.1300048828125,,,,,,,326.3,4.293421052,326.3,4.293421052,,,,,,,,,,,,,,,,,,,"Brice Turang","22186",668930
"Royce Lewis","MIN",53,228,206,53,31,11,0,11,30,33,19,1,52,1,2,0,,2,1,0.257838,0.0832214,0.227531,0.365758,0.3222,0.476702,0.344526,0.798903,0.218865,3.60586,0.290105,-0.224545,-0.221746,31.8382,5.52654,122.815,-0.446291,-0.13231,5.488159507513046,-0.15854425728321075,1.34044,163.9600067138672,,,,,,,287.1,5.416981132,287.1,5.416981132,,,,,,,,,,,,,,,,,,,"Royce Lewis","20437",668904
"Jake Cronenworth","SDP",76,327,287,70,44,15,2,9,39,37,32,1,60,6,2,1,,3,1,0.242503,0.0966821,0.183641,0.526474,0.327138,0.39866,0.320596,0.725797,0.156156,4.34167,0.276532,-0.126908,-0.29816,39.4497,1.67974,107.592,-0.425068,-1.0868,2.475426197052002,-0.39158540964126587,1.32149,284.07000732421875,,,,,,,361.4,4.755263157,361.4,4.755263157,,,,,,,,,,,,,,,,,,,"Jake Cronenworth","18036",630105
"Matt Wallner","MIN",61,264,228,54,28,12,2,12,32,34,28,1,88,7,1,0,,2,0,0.238001,0.105407,0.33411,0.315487,0.338394,0.464086,0.349458,0.80248,0.226084,4.43291,0.327529,-0.224998,-0.19441,38.016,7.46045,126.266,-0.419407,-0.669602,7.514744848012924,-3.7128120064735413,1.30857,264.8399963378906,,,,,,,342.2,5.609836065,342.2,5.609836065,,,,,,,,,,,,,,,,,,,"Matt Wallner","26466",670242
"Eugenio Suárez","ARI",75,323,286,67,39,13,1,14,40,46,30,0,90,5,3,0,,1,0,0.235996,0.0916165,0.279832,0.327398,0.315859,0.437178,0.328724,0.753037,0.201183,2.97833,0.289172,-0.869677,-0.3968,41.1066,3.76094,107.783,-1.26648,-0.188187,1.6737399101257324,0.3627386838197708,1.30415,168.66000366210938,,,,,,,371.1,4.948,371.1,4.948,,,,,,,,,,,,,,,,,,,"Eugenio Suarez","12552",553993
"Andy Pages","LAD",71,308,276,68,41,15,1,12,41,38,25,1,74,5,2,0,,3,1,0.246531,0.0811179,0.239953,0.338058,0.318678,0.435899,0.32917,0.754576,0.189367,4.08898,0.292111,-0.363837,-0.399564,39.3371,3.69895,111.457,-0.763401,0.22802,3.3666465878486633,-0.8735231310129166,1.30165,381.8599853515625,,,,,,,359.7,5.066197183,359.7,5.066197183,,,,,,,,,,,,,,,,,,,"Andy Pages","24816",681624
"Parker Meadows","DET",61,265,237,57,36,11,3,8,34,27,24,1,61,2,2,1,,10,2,0.241982,0.0894206,0.231114,0.386912,0.313347,0.408252,0.315884,0.721599,0.16627,6.85579,0.292908,0.799831,0.591025,31.0295,0.364179,103.279,1.39086,0.319736,2.3848639130592346,1.2675755620002747,1.29631,287.75,,,,,,,297.8,4.881967213,297.8,4.881967213,,,,,,,,,,,,,,,,,,,"Parker Meadows","23800",678009
"Chase Meidroth","CHW",71,309,264,66,49,11,1,4,36,26,38,0,52,5,2,1,,6,1,0.248674,0.121566,0.168498,0.721473,0.350616,0.347043,0.317014,0.697659,0.0983689,4.50229,0.29295,-0.267225,-0.0558024,36.3499,0.701827,102.385,-0.323027,-0.499656,0.5175047516822815,1.587381362915039,1.28447,999,,,,,,,318.4,4.484507042,318.4,4.484507042,,,,,,,,,,,,,,,,,,,"Chase Meidroth","31580",805367
"Otto Lopez","MIA",70,301,276,74,54,14,2,4,33,27,20,1,50,2,2,1,,12,3,0.267677,0.06558,0.166626,0.393576,0.31944,0.377131,0.307206,0.69657,0.109454,5.66377,0.311793,0.28309,0.741783,33.1041,-1.67524,92.068,1.02487,1.1327,-1.7657023668289185,4.224982023239136,1.27301,322.1099853515625,,,,,,,308.4,4.405714285,308.4,4.405714285,,,,,,,,,,,,,,,,,,,"Otto Lopez","19608",672640
"Marcell Ozuna","ATL",74,320,279,74,45,13,0,16,43,46,37,1,75,2,2,0,,1,0,0.263552,0.115138,0.23385,0.492359,0.350777,0.480358,0.360892,0.831135,0.216806,1.93441,0.303056,-1.00794,-0.458948,48.8636,11.9373,130.232,-1.46689,0,9.825722932815552,-7.989506244659424,1.27107,68.76000213623047,,,,,,,442.4,5.978378378,442.4,5.978378378,,,,,,,,,,,,,,,,,,,"Marcell Ozuna","10324",542303
"Jackson Holliday","BAL",70,301,263,62,41,12,2,7,40,30,33,1,79,2,2,0,,6,2,0.236379,0.110495,0.262971,0.420178,0.325462,0.380408,0.313647,0.70587,0.144029,5.42343,0.307054,-0.107553,0.0365349,34.674,-0.125344,103.132,-0.0710184,0.0474985,1.0063191205263138,1.201819483190775,1.26982,206.38999938964844,,,,,,,307,4.385714285,307,4.385714285,,,,,,,,,,,,,,,,,,,"Jackson Holliday","31781",702616
"Christian Walker","HOU",78,338,298,70,40,14,1,16,42,47,32,1,79,5,3,0,,2,1,0.235619,0.0955798,0.232712,0.410721,0.317431,0.447163,0.332124,0.764594,0.211544,3.32372,0.262848,-0.3629,-0.336339,43.8486,4.84539,114.995,-0.699239,1.97364,5.082435071468353,-4.105990767478943,1.26752,110.98999786376953,,,,,,,402.7,5.162820512,402.7,5.162820512,,,,,,,,,,,,,,,,,,,"Christian Walker","13419",572233
"Matt McLain","CIN",67,290,256,62,37,13,1,10,39,35,28,0,81,4,2,0,,10,3,0.241112,0.0969872,0.278269,0.348538,0.323553,0.424904,0.328392,0.748457,0.183792,6.01076,0.307922,0.241771,0.478238,36.853,3.30181,102.665,0.720009,0.159375,1.624558448791504,1.1186338365077972,1.26658,86.18000030517578,,,,,,,335.2,5.002985074,335.2,5.002985074,,,,,,,,,,,,,,,,,,,"Matt McLain","29695",680574
"Taylor Ward","LAA",82,353,312,78,48,15,1,14,44,42,33,1,82,4,3,0,,3,1,0.24844,0.0949464,0.233533,0.406565,0.326183,0.433255,0.332235,0.759438,0.184815,3.60062,0.291661,-0.425511,-0.398759,45.8334,5.09271,111.791,-0.824271,0.258149,3.924555480480194,-3.5196288526058197,1.26007,180.19000244140625,,,,,,,419.5,5.115853658,419.5,5.115853658,,,,,,,,,,,,,,,,,,,"Taylor Ward","17548",621493
"Maikel Garcia","KCR",73,316,287,75,54,15,2,4,39,30,24,0,54,1,2,1,,17,4,0.262435,0.076431,0.172423,0.443277,0.318901,0.374457,0.306608,0.693359,0.112023,6.1927,0.307348,1.05289,1.15896,34.5783,-1.90855,91.1868,2.21185,1.28779,-0.9671151638031006,2.4414979219436646,1.24403,206.8800048828125,,,,,,,321.6,4.405479452,321.6,4.405479452,,,,,,,,,,,,,,,,,,,"Maikel Garcia","22715",672580
"Sean Murphy","ATL",46,184,160,37,22,7,0,8,22,24,18,0,44,4,1,0,,0,0,0.233523,0.0983818,0.240937,0.40833,0.326195,0.433418,0.333315,0.759613,0.199895,2.43656,0.270245,-0.429766,-0.277779,24.0488,2.81317,111.37,-0.707545,0.751828,1.7348572611808777,4.175902009010315,1.23544,295.67999267578125,,,,,,,208.7,4.536956521,208.7,4.536956521,,,,,,,,,,,,,,,,,,,"Sean Murphy","19352",669221
"Jonathan Aranda","TBR",61,265,232,60,37,12,1,10,34,34,27,1,64,4,2,0,,0,0,0.258047,0.101414,0.24246,0.41827,0.343921,0.447902,0.34625,0.791824,0.189855,2.47379,0.311303,-0.432402,-0.423382,37.411,6.79563,127.36,-0.855785,0.392923,7.424923777580261,-4.416335850954056,1.22792,318.1600036621094,,,,,,,331.5,5.434426229,331.5,5.434426229,,,,,,,,,,,,,,,,,,,"Jonathan Aranda","21837",666018
"Josh Jung","TEX",73,316,294,75,48,14,1,12,36,38,17,0,81,3,2,0,,4,1,0.254754,0.0544992,0.257968,0.211264,0.300477,0.430138,0.317414,0.730615,0.175384,4.33146,0.312205,-0.804779,-0.169766,37.3062,0.819339,103.188,-0.974545,0.162519,0.17542541027069092,1.0828896313905716,1.22158,207.57000732421875,,,,,,,349.9,4.793150684,349.9,4.793150684,,,,,,,,,,,,,,,,,,,"Josh Jung","26299",673962
"Evan Carter","TEX",59,254,222,54,33,11,2,7,32,27,27,1,64,3,2,0,,7,2,0.241564,0.107957,0.250158,0.431558,0.330264,0.410132,0.325695,0.740396,0.168568,6.17316,0.303063,0.16987,0.286162,31.6986,2.34136,108.984,0.456031,-0.263633,3.0634135603904724,0.22895917296409607,1.21979,306.04998779296875,,,,,,,287.2,4.86779661,287.2,4.86779661,,,,,,,,,,,,,,,,,,,"Evan Carter","27790",694497
"Cody Bellinger","NYY",70,301,271,68,43,13,1,11,39,40,25,2,52,2,3,0,,7,2,0.250918,0.0831066,0.174251,0.476936,0.315329,0.429863,0.32281,0.745192,0.178945,5.19252,0.270539,0.215666,0.161764,36.8801,2.0808,106.942,0.377431,-0.105072,2.7655014097690582,-1.1544544771313667,1.20778,92.4000015258789,,,,,,,345.3,4.932857142,345.3,4.932857142,,,,,,,,,,,,,,,,,,,"Cody Bellinger","15998",641355
"Christian Yelich","MIL",71,305,262,68,45,12,1,9,41,36,38,2,67,2,2,1,,12,2,0.257704,0.126154,0.220154,0.573025,0.354722,0.416482,0.339293,0.771204,0.158778,5.73435,0.311745,1.07164,0.988836,41.3526,6.12385,116.288,2.06048,-0.125925,7.8648316860198975,-6.192591220140457,1.20437,112.05000305175781,,,,,,,381.1,5.367605633,381.1,5.367605633,,,,,,,,,,,,,,,,,,,"Christian Yelich","11477",592885
"Yandy Díaz","TBR",77,334,297,83,58,16,0,9,39,38,32,0,48,3,2,0,,1,0,0.281277,0.0959676,0.143369,0.669374,0.354615,0.428556,0.345176,0.783171,0.147278,2.27545,0.307456,-1.47728,-0.605772,46.8615,8.27766,126.608,-2.08305,-0.0514568,8.066214561462402,-7.621827498078346,1.19969,195.6999969482422,,,,,,,405.7,5.268831168,405.7,5.268831168,,,,,,,,,,,,,,,,,,,"Yandy Diaz","16578",650490
"Ryan Jeffers","MIN",52,208,183,44,26,9,1,8,24,27,17,0,46,5,1,1,,1,0,0.240769,0.0836812,0.220681,0.379195,0.320197,0.428418,0.328311,0.748615,0.187649,3.44516,0.275866,-0.493966,-0.197587,26.3439,2.34812,111.467,-0.691552,-0.0811099,2.028573751449585,2.5029951110482216,1.18827,232.5800018310547,,,,,,,238.3,4.582692307,238.3,4.582692307,,,,,,,,,,,,,,,,,,,"Ryan Jeffers","24618",680777
"Daulton Varsho","TOR",64,275,247,55,31,11,2,11,35,34,24,1,69,2,2,1,,7,2,0.223344,0.0884617,0.250828,0.352678,0.297105,0.419047,0.312047,0.716152,0.195704,5.914,0.261458,0.54005,0.22224,31.3615,-0.467177,100.748,0.76229,0.388377,0.9977908134460449,1.1622967422008514,1.17602,315.2699890136719,,,,,,,293.4,4.584375,293.4,4.584375,,,,,,,,,,,,,,,,,,,"Daulton Varsho","19918",662139
"Max Muncy","LAD",65,280,233,49,26,10,1,12,36,37,40,2,75,4,2,0,,1,0,0.21015,0.143365,0.26717,0.536606,0.332042,0.412976,0.328389,0.745018,0.202826,3.24622,0.24884,-0.504799,-0.369426,35.5032,3.18022,110.922,-0.874225,-1.30854,2.69698965549469,-0.5400165915489197,1.16974,260.94000244140625,,,,,,,322.8,4.966153846,322.8,4.966153846,,,,,,,,,,,,,,,,,,,"Max Muncy","13301",571970
"Nick Gonzales","PIT",61,265,240,64,41,15,2,6,31,31,18,1,60,4,2,1,,3,1,0.264872,0.0675378,0.224655,0.300628,0.323468,0.420217,0.324726,0.743685,0.155344,4.8594,0.325177,-0.169776,-0.290043,32.9053,2.23997,104.087,-0.45982,0.751597,0.8078000545501709,1.8019060492515564,1.16829,408.55999755859375,,,,,,,298.6,4.895081967,298.6,4.895081967,,,,,,,,,,,,,,,,,,,"Nick Gonzales","27490",693304
"Shea Langeliers","ATH",48,191,174,41,23,8,1,10,23,27,15,0,48,2,2,0,,1,0,0.236766,0.07646,0.248385,0.307829,0.29952,0.459323,0.327161,0.758842,0.222557,3.60419,0.265366,-0.447709,-0.157536,24.1079,1.98837,110.248,-0.605245,-0.416788,1.6355931162834167,3.1643853187561035,1.16007,119.69000244140625,,,,,,,231.4,4.820833333,231.4,4.820833333,,,,,,,,,,,,,,,,,,,"Shea Langeliers","25816",669127
"Seiya Suzuki","CHC",63,272,239,64,39,12,2,11,37,38,28,1,69,2,2,0,,6,2,0.265676,0.104168,0.254448,0.409386,0.346152,0.46891,0.353226,0.815062,0.203234,5.25595,0.325818,-0.588662,-0.182082,39.8907,8.48644,128.767,-0.770744,-0.0761109,8.367540538311005,-6.083827033638954,1.15603,84.3499984741211,,,,,,,364.8,5.79047619,364.8,5.79047619,,,,,,,,,,,,,,,,,,,"Seiya Suzuki","30116",673548
"Carson Kelly","CHC",47,185,162,39,26,6,1,6,21,23,19,0,34,2,1,0,,0,0,0.239923,0.100767,0.184672,0.545653,0.324201,0.401411,0.320924,0.725612,0.161488,2.82231,0.265505,-0.477722,-0.252192,22.3379,0.997573,106.673,-0.729914,0.795893,0.7106099128723145,4.403146147727966,1.15569,533.52001953125,,,,,,,198.9,4.231914893,198.9,4.231914893,,,,,,,,,,,,,,,,,,,"Carson Kelly","13620",608348
"Jake Meyers","HOU",61,265,240,58,38,11,1,7,31,30,19,0,62,4,2,1,,8,2,0.240543,0.072061,0.234661,0.307085,0.304603,0.38511,0.30438,0.689712,0.144566,5.59872,0.294855,0.424514,0.496801,28.5421,-2.07331,95.578,0.921314,1.69882,-0.41705596446990967,2.645115554332733,1.14681,454.8800048828125,,,,,,,266.8,4.373770491,266.8,4.373770491,,,,,,,,,,,,,,,,,,,"Jake Meyers","20308",676694
"Luis García Jr.","WSN",66,283,264,72,49,13,1,8,33,34,16,1,44,1,2,0,,9,3,0.271227,0.056282,0.154042,0.365367,0.311813,0.422639,0.318667,0.734452,0.151411,5.11123,0.295652,-0.158176,0.400347,33.7305,1.01815,102.924,0.242172,-0.423051,1.2097275406122208,0.5880606174468994,1.14381,127.55999755859375,,,,,,,317.5,4.81060606,317.5,4.81060606,,,,,,,,,,,,,,,,,,,"Luis Garcia Jr.","20391",671277
"Josh Lowe","TBR",55,240,218,55,34,13,1,8,30,29,19,1,69,1,2,0,,12,2,0.254208,0.0801741,0.28595,0.280378,0.314972,0.430843,0.323243,0.745815,0.176635,6.23886,0.331663,0.975356,1.32692,29.4176,1.7379,111.258,2.30228,0.329667,5.382851839065552,-2.3407038152217865,1.14364,146.6199951171875,,,,,,,285.8,5.196363636,285.8,5.196363636,,,,,,,,,,,,,,,,,,,"Josh Lowe","19953",666139
"Brandon Nimmo","NYM",64,276,240,60,38,11,1,9,36,33,30,1,58,4,2,1,,3,1,0.248332,0.1075,0.211733,0.507718,0.339621,0.418241,0.334343,0.757862,0.169909,4.81264,0.290769,-0.50148,-0.109094,36.3228,4.44916,116.83,-0.610574,0.632009,4.815607666969299,-2.842065393924713,1.13753,193.07000732421875,,,,,,,323.1,5.0484375,323.1,5.0484375,,,,,,,,,,,,,,,,,,,"Brandon Nimmo","12927",607043
"Xavier Edwards","MIA",66,286,255,71,57,11,2,1,34,20,26,1,44,1,2,3,,17,3,0.279048,0.0893888,0.152545,0.585985,0.345147,0.354042,0.312334,0.699189,0.0749935,6.44705,0.329344,1.18034,1.59606,32.6424,-0.419472,95.5755,2.77639,-0.957223,1.2966629266738892,0.25049257278442383,1.12799,139.80999755859375,,,,,,,300.2,4.548484848,300.2,4.548484848,,,,,,,,,,,,,,,,,,,"Xavier Edwards","22266",669364
"Wilyer Abreu","BOS",61,262,229,57,33,13,1,10,35,35,30,1,68,1,2,0,,6,2,0.247604,0.114885,0.260189,0.441544,0.336929,0.44014,0.339048,0.777069,0.192536,4.75492,0.307473,-0.125574,0.102748,35.4584,5.20744,112.578,-0.0228262,1.22047,3.7387018371373415,-1.6358526945114136,1.1229,331.239990234375,,,,,,,326.4,5.350819672,326.4,5.350819672,,,,,,,,,,,,,,,,,,,"Wilyer Abreu","23772",677800
"Alec Bohm","PHI",76,327,300,81,56,17,1,8,38,42,21,1,50,3,3,0,,2,1,0.271546,0.0632792,0.154179,0.410428,0.322527,0.4117,0.321193,0.734227,0.140153,3.75029,0.30162,-0.858426,-0.309153,39.5796,1.83453,103.689,-1.16758,-0.854544,0.24074339866638184,-0.31009936332702637,1.09702,164.69000244140625,,,,,,,356.8,4.694736842,356.8,4.694736842,,,,,,,,,,,,,,,,,,,"Alec Bohm","21618",664761
"Iván Herrera","STL",47,194,168,45,30,9,1,6,24,23,21,0,41,2,2,1,,3,1,0.267478,0.107242,0.209955,0.510783,0.352889,0.426268,0.343595,0.779157,0.158791,4.23341,0.318618,0.0390021,-0.0676711,26.9262,4.55482,121.09,-0.0286691,-0.321234,4.744032679125667,-0.5804935693740845,1.08711,225.9600067138672,,,,,,,244.1,5.193617021,244.1,5.193617021,,,,,,,,,,,,,,,,,,,"Ivan Herrera","20599",671056
"George Springer","TOR",75,323,286,71,46,13,1,10,41,37,32,0,62,3,2,0,,8,2,0.247554,0.100237,0.193153,0.518952,0.328101,0.410204,0.325416,0.738305,0.162651,5.32425,0.280765,0.118404,0.439619,40.252,2.90635,110.105,0.558022,-0.437287,4.2888519167900085,-4.634817600250244,1.08055,242.92999267578125,,,,,,,363.6,4.848,363.6,4.848,,,,,,,,,,,,,,,,,,,"George Springer","12856",543807
"Josh Smith","TEX",69,298,260,64,43,13,1,7,37,29,27,1,60,7,2,2,,6,2,0.246384,0.0917381,0.202624,0.452752,0.332644,0.386412,0.31981,0.719056,0.140028,5.18139,0.293545,-0.389777,0.0919431,35.7323,1.34243,104.865,-0.297834,-0.0719494,1.3562231361865997,-1.005282647907734,1.0646,399.80999755859375,,,,,,,315.4,4.571014492,315.4,4.571014492,,,,,,,,,,,,,,,,,,,"Josh Smith","26396",669701
"Tyler Stephenson","CIN",55,222,198,51,33,10,1,7,27,29,21,1,53,3,1,0,,1,0,0.256082,0.0932044,0.236314,0.394409,0.332931,0.426089,0.33293,0.759019,0.170007,2.70367,0.310346,-0.679729,-0.294583,29.039,3.3364,105.769,-0.974312,-0.241145,0.5256078243255615,2.3514473289251328,1.05088,185.97000122070312,,,,,,,262,4.763636363,262,4.763636363,,,,,,,,,,,,,,,,,,,"Tyler Stephenson","17988",663886
"Bryan Reynolds","PIT",77,334,297,78,51,14,2,11,40,40,29,2,75,4,2,0,,5,2,0.261645,0.0877335,0.225477,0.389102,0.334605,0.429245,0.333727,0.76385,0.1676,4.51778,0.313439,-0.0637967,-0.14622,43.7541,5.21522,110.243,-0.210016,-0.487874,3.7831883430480957,-4.573830544948578,1.04529,98.11000061035156,,,,,,,398.1,5.17012987,398.1,5.17012987,,,,,,,,,,,,,,,,,,,"Bryan Reynolds","19326",668804
"Matt Shaw","CHC",65,279,249,61,42,10,1,8,34,30,25,0,58,3,2,0,,9,2,0.244917,0.0891255,0.209093,0.426249,0.318579,0.385098,0.311751,0.703676,0.140181,5.5861,0.288911,-0.0414385,0.511833,31.7137,-0.539318,100.399,0.470394,-0.653796,0.600537434220314,0.34311795234680176,1.04161,999,,,,,,,298,4.584615384,298,4.584615384,,,,,,,,,,,,,,,,,,,"Matt Shaw","33322",807713
"Ezequiel Tovar","COL",65,279,262,68,42,15,2,9,33,32,12,0,72,2,2,1,,4,2,0.260023,0.0428425,0.257834,0.166163,0.29605,0.434406,0.315768,0.730455,0.174383,5.0301,0.323558,-0.19667,-0.192987,32.6505,0.35754,87.3304,-0.389657,2.44699,-4.528319031000137,5.441438913345337,1.03961,129.3000030517578,,,,,,,302.3,4.65076923,302.3,4.65076923,,,,,,,,,,,,,,,,,,,"Ezequiel Tovar","24064",678662
"Ryan O'Hearn","BAL",68,294,266,72,47,13,1,11,37,40,24,1,51,2,2,0,,2,1,0.269518,0.0802094,0.172118,0.466014,0.331834,0.449622,0.339627,0.781456,0.180104,3.77287,0.294108,-0.657588,-0.292703,39.9307,5.98016,121.314,-0.950291,-0.132914,6.20321524143219,-6.00945720076561,1.03513,359.2900085449219,,,,,,,363,5.338235294,363,5.338235294,,,,,,,,,,,,,,,,,,,"Ryan O'Hearn","16442",656811
"Bo Naylor","CLE",62,245,215,45,26,10,1,9,27,28,26,1,65,1,1,1,,4,1,0.209942,0.106171,0.266711,0.398075,0.297209,0.385143,0.300967,0.682352,0.175201,4.24992,0.254967,-0.114202,-0.0994539,25.6835,-2.5816,92.8906,-0.213656,-0.752689,-2.2001984417438507,4.0250890254974365,1.03465,278.79998779296875,,,,,,,242.1,3.904838709,242.1,3.904838709,,,,,,,,,,,,,,,,,,,"Bo Naylor","21865",666310
"Brandon Marsh","PHI",55,236,207,50,32,10,2,7,29,27,25,1,72,1,2,1,,7,2,0.240585,0.105944,0.307124,0.344956,0.324279,0.401117,0.319669,0.725396,0.160532,5.90939,0.332016,0.480356,0.384022,28.2978,1.0375,102.646,0.864379,0.307261,1.5940545201301575,0.6313350200653076,1.02874,309.3299865722656,,,,,,,264.9,4.816363636,264.9,4.816363636,,,,,,,,,,,,,,,,,,,"Brandon Marsh","20202",669016
"Kerry Carpenter","DET",58,251,230,61,36,11,1,13,33,37,16,1,58,3,2,0,,1,1,0.265327,0.0639709,0.230712,0.277276,0.320827,0.489126,0.348145,0.809953,0.223799,3.82271,0.300826,-0.716426,-0.470238,35.8269,6.81912,125.857,-1.18666,-0.0858708,6.228238105773926,-4.773833855986595,1.01836,191.8800048828125,,,,,,,327.5,5.646551724,327.5,5.646551724,,,,,,,,,,,,,,,,,,,"Kerry Carpenter","25961",681481
"Danny Jansen","TBR",45,179,155,34,20,7,0,7,21,21,20,0,36,3,1,0,,0,0,0.219071,0.110295,0.201093,0.548479,0.315844,0.402145,0.317811,0.717989,0.183075,2.22973,0.238127,-0.349569,-0.241561,21.2278,0.521903,107.456,-0.591129,-0.705468,0.9351646900177002,2.7945321202278137,1.00659,304.8299865722656,,,,,,,190.5,4.233333333,190.5,4.233333333,,,,,,,,,,,,,,,,,,,"Danny Jansen","16535",643376
"Willson Contreras","STL",76,330,285,70,44,14,0,12,41,39,33,1,81,10,2,1,,4,1,0.244394,0.0991337,0.244999,0.40463,0.34073,0.421765,0.336749,0.762495,0.17737,3.52372,0.297151,-0.837021,-0.328684,44.127,5.96259,116.408,-1.1657,0.0967058,5.168583035469055,-6.2421828508377075,1.00493,72.54000091552734,,,,,,,394.2,5.186842105,394.2,5.186842105,,,,,,,,,,,,,,,,,,,"Willson Contreras","11609",575929
"Mark Vientos","NYM",61,265,240,58,35,11,1,12,31,37,21,0,74,2,2,0,,0,0,0.241836,0.0802873,0.278568,0.288215,0.307494,0.443284,0.326245,0.750779,0.201448,2.39207,0.295073,-0.844195,-0.366272,33.1735,2.55809,111.29,-1.21047,-0.609973,2.286073684692383,-1.2710838913917542,1.00112,105.8499984741211,,,,,,,304.2,4.986885245,304.2,4.986885245,,,,,,,,,,,,,,,,,,,"Mark Vientos","22184",668901
"TJ Friedl","CIN",73,316,279,69,47,12,2,8,39,34,25,0,51,6,3,2,,11,3,0.246577,0.0801991,0.162295,0.494155,0.321007,0.388325,0.314096,0.709332,0.141748,6.03146,0.27421,0.811554,0.618749,36.4687,-0.0181724,92.8872,1.4303,-0.586505,-1.1948943138122559,0.5412725210189819,0.999496,247.4199981689453,,,,,,,334.3,4.579452054,334.3,4.579452054,,,,,,,,,,,,,,,,,,,"TJ Friedl","19522",670770
"Patrick Bailey","SFG",66,259,234,53,36,11,1,5,26,26,20,0,64,1,2,1,,1,0,0.226887,0.0789489,0.246558,0.320204,0.289918,0.344724,0.281957,0.634642,0.117837,3.54774,0.287839,-0.340741,-0.194361,23.243,-6.66544,79.4356,-0.535103,2.85995,-6.7566275000572205,7.915500640869141,0.995386,307.2900085449219,,,,,,,212.3,3.216666666,212.3,3.216666666,,,,,,,,,,,,,,,,,,,"Patrick Bailey","27478",672275
"Jonathan India","KCR",73,316,269,66,44,15,1,7,40,30,35,0,58,8,2,1,,6,2,0.2465,0.112164,0.18499,0.606324,0.348363,0.382691,0.327972,0.731054,0.136191,4.63938,0.288734,-0.187821,-0.187715,39.9716,3.48474,106.139,-0.375537,-1.00321,1.8387890756130219,-2.7791318893432617,0.993111,232.60000610351562,,,,,,,350.4,4.8,350.4,4.8,,,,,,,,,,,,,,,,,,,"Jonathan India","21523",663697
"Luis Arraez","SDP",77,334,310,95,74,16,2,3,40,32,18,2,16,3,2,1,,4,2,0.305709,0.0552397,0.0485662,1.13741,0.347755,0.396923,0.326481,0.744678,0.091214,4.07368,0.312667,-0.365464,-0.445831,41.9088,3.29006,111.617,-0.811294,1.05733,3.7269548177719116,-5.068441867828369,0.990386,185.14999389648438,,,,,,,373,4.844155844,373,4.844155844,,,,,,,,,,,,,,,,,,,"Luis Arraez","18568",650333
"Trevor Story","BOS",68,294,267,63,41,13,1,9,34,34,22,1,86,3,2,0,,12,3,0.237477,0.0762246,0.291714,0.261299,0.302372,0.388952,0.303065,0.691324,0.151475,5.61328,0.314631,0.678935,0.839299,31.3701,-2.61042,87.3943,1.51823,-0.70792,-2.716367721557617,2.4430062770843506,0.987487,253.11000061035156,,,,,,,303.2,4.458823529,303.2,4.458823529,,,,,,,,,,,,,,,,,,,"Trevor Story","12564",596115
"Michael Busch","CHC",69,297,261,64,38,13,1,11,38,39,31,0,79,4,2,0,,2,1,0.244583,0.104001,0.26609,0.390848,0.330969,0.432391,0.334612,0.76336,0.187808,3.85572,0.305823,-0.50681,-0.332347,39.2373,4.86235,116.035,-0.839157,0.240168,4.736693501472473,-4.914924755692482,0.987111,252.30999755859375,,,,,,,350.2,5.075362318,350.2,5.075362318,,,,,,,,,,,,,,,,,,,"Michael Busch","26319",683737
"Josh Naylor","ARI",74,320,285,77,49,16,0,11,40,47,29,3,47,3,2,0,,5,2,0.268477,0.0899302,0.148138,0.607072,0.338819,0.444101,0.339128,0.78292,0.175624,3.58325,0.285611,-0.764917,-0.102587,43.2973,6.37604,114.9,-0.867504,0.201856,4.697134435176849,-5.818977132439613,0.963549,100.47000122070312,,,,,,,395.9,5.35,395.9,5.35,,,,,,,,,,,,,,,,,,,"Josh Naylor","18839",647304
"Trent Grisham","NYY",48,206,177,39,21,8,1,9,26,25,23,1,53,2,1,1,,3,1,0.217328,0.114143,0.259473,0.439904,0.314778,0.420622,0.322733,0.7354,0.203294,4.43507,0.254618,0.0215646,-0.0776767,25.1737,1.40827,106.887,-0.0561121,0.103692,1.561997625976801,0.8382597416639328,0.959914,728.6599731445312,,,,,,,232.8,4.85,232.8,4.85,,,,,,,,,,,,,,,,,,,"Trent Grisham","18564",663757
"Jorge Polanco","SEA",66,286,254,61,38,10,0,12,33,37,28,1,71,2,2,0,,3,1,0.23854,0.0968147,0.248268,0.38996,0.316093,0.419326,0.321849,0.735419,0.180786,3.10769,0.282187,-0.373104,-0.3144,34.8188,1.75691,112.587,-0.687504,-0.545857,3.4264334440231323,-3.7708568572998047,0.952639,412.9800109863281,,,,,,,322.3,4.883333333,322.3,4.883333333,,,,,,,,,,,,,,,,,,,"Jorge Polanco","13152",593871
"Heliot Ramos","SFG",72,312,284,72,46,14,1,11,38,37,23,1,80,3,2,0,,5,1,0.253533,0.0744613,0.257795,0.288839,0.314488,0.430274,0.324548,0.744763,0.176742,4.59762,0.312676,-0.412564,-0.116033,38.6577,2.59024,108.567,-0.528596,-0.239744,2.5969766974449158,-3.584188550710678,0.952563,200.07000732421875,,,,,,,353.6,4.911111111,353.6,4.911111111,,,,,,,,,,,,,,,,,,,"Heliot Ramos","22515",671218
"Salvador Perez","KCR",74,303,280,72,46,14,0,12,32,44,16,2,64,5,2,0,,0,0,0.256281,0.0534989,0.210336,0.25435,0.305367,0.437288,0.319948,0.742655,0.181007,1.49689,0.28909,-1.24656,-0.424291,36.4382,1.40119,100.523,-1.67085,0.00371822,-1.4895819127559662,0.5740886572748423,0.952346,74.0199966430664,,,,,,,339.6,4.589189189,339.6,4.589189189,,,,,,,,,,,,,,,,,,,"Salvador Perez","7304",521692
"Tyler O'Neill","BAL",54,231,203,48,28,8,1,12,31,31,23,1,70,3,2,0,,3,1,0.236922,0.100082,0.300435,0.333124,0.321245,0.454061,0.335835,0.775306,0.217139,4.20839,0.295281,-0.181575,-0.0868543,30.744,4.00795,118.66,-0.268429,-0.82269,4.663528025150299,-3.4067947268486023,0.9299,200.11000061035156,,,,,,,288.4,5.34074074,288.4,5.34074074,,,,,,,,,,,,,,,,,,,"Tyler O'Neill","15711",641933
"Jeff McNeil","NYM",63,272,246,64,45,13,1,5,31,28,19,1,34,5,2,1,,3,0,0.261832,0.0700239,0.125494,0.557987,0.325323,0.386622,0.314466,0.711945,0.12479,4.12194,0.284066,-0.640615,-0.121357,31.519,0.0648057,103.234,-0.761972,-0.820578,0.26699572801589966,-0.2372450828552246,0.923277,446.95001220703125,,,,,,,280.5,4.452380952,280.5,4.452380952,,,,,,,,,,,,,,,,,,,"Jeff McNeil","15362",643446
"Dalton Rushing","LAD",19,76,66,16,8,4,0,3,8,9,7,0,19,2,0,0,,0,0,0.234583,0.0989945,0.250694,0.394882,0.331647,0.423484,0.334355,0.755131,0.188901,1.95777,0.289461,0,-0.100286,9.97175,1.22206,115.003,-0.100286,3.83189,1.2276166081428528,5.151182055473328,0.918805,999,,,,,,,90.4,4.757894736,90.4,4.757894736,,,,,,,,,,,,,,,,,,,"Dalton Rushing","31382",687221
"Victor Scott II","STL",67,290,263,62,44,11,2,5,34,25,20,0,62,3,2,2,,19,3,0.235684,0.0679972,0.212601,0.319835,0.294285,0.348144,0.285087,0.642429,0.112459,7.31341,0.287842,1.58553,2.01858,26.8004,-6.75075,81.0718,3.60411,1.15831,-2.8198766708374023,2.1953471899032593,0.916635,321.8500061035156,,,,,,,271.2,4.047761194,271.2,4.047761194,,,,,,,,,,,,,,,,,,,"Victor Scott II","31349",687363
"Tyler Fitzgerald","SFG",55,236,215,51,32,10,1,7,30,25,16,0,69,3,1,1,,9,2,0.237345,0.0662747,0.290517,0.228126,0.296703,0.395102,0.303821,0.691805,0.157758,6.4785,0.313207,0.695555,0.733411,25.3088,-1.95153,94.3902,1.42897,0.371016,-0.1179513931274414,1.2395345866680145,0.91404,242.5800018310547,,,,,,,239.6,4.356363636,239.6,4.356363636,,,,,,,,,,,,,,,,,,,"Tyler Fitzgerald","26208",666149
"Spencer Horwitz","PIT",62,269,233,62,41,14,1,6,32,30,31,1,50,3,2,0,,1,1,0.266246,0.115159,0.186587,0.617187,0.358509,0.414419,0.341938,0.772928,0.148173,3.02053,0.312952,-0.909793,-0.417941,37.0512,5.9715,115.859,-1.32773,1.22127,3.6582694053649902,-3.633204698562622,0.911835,382.5899963378906,,,,,,,318,5.129032258,318,5.129032258,,,,,,,,,,,,,,,,,,,"Spencer Horwitz","26477",687462
"Dylan Moore","SEA",47,204,175,38,22,8,1,7,27,21,22,0,57,5,1,1,,13,4,0.214434,0.108418,0.277634,0.390505,0.317214,0.390238,0.314024,0.707451,0.175804,7.21311,0.272389,0.681679,0.904335,23.5921,-0.0235246,107.111,1.58601,-0.468971,3.2460802793502808,-1.3316249549388885,0.904956,360.739990234375,,,,,,,227,4.829787234,227,4.829787234,,,,,,,,,,,,,,,,,,,"Dylan Moore","18042",664238
"Paul Goldschmidt","NYY",67,290,260,67,43,13,0,11,36,36,27,1,70,2,2,0,,3,1,0.257444,0.0923443,0.240366,0.384182,0.328635,0.432607,0.332371,0.761242,0.175163,3.64272,0.310749,-0.221197,-0.080867,37.7485,4.22229,113.633,-0.302064,0.0588998,4.216250509023666,-5.1748962961137295,0.902695,174.5399932861328,,,,,,,346.2,5.167164179,346.2,5.167164179,,,,,,,,,,,,,,,,,,,"Paul Goldschmidt","9218",502671
"Ke'Bryan Hayes","PIT",70,301,277,70,50,12,2,5,31,29,20,0,57,2,2,0,,8,2,0.252447,0.0653346,0.189662,0.344479,0.305268,0.367991,0.297171,0.673258,0.115543,5.0807,0.29792,0.152749,0.188332,30.7159,-4.09345,85.24,0.341081,2.61532,-4.856126040220261,3.691245675086975,0.897293,362.1099853515625,,,,,,,283.8,4.054285714,283.8,4.054285714,,,,,,,,,,,,,,,,,,,"Ke'Bryan Hayes","18577",663647
"Dillon Dingler","DET",46,184,170,40,26,8,1,5,18,22,10,0,53,3,1,0,,1,0,0.237644,0.0553473,0.285893,0.193594,0.289519,0.392393,0.298789,0.681912,0.15475,3.8679,0.309279,-0.24472,-0.202037,18.9912,-2.26143,91.314,-0.446757,1.33565,-2.2716793715953827,4.768369555473328,0.894812,577.3599853515625,,,,,,,170.8,3.713043478,170.8,3.713043478,,,,,,,,,,,,,,,,,,,"Dillon Dingler","27464",693307
"Kristian Campbell","BOS",50,215,188,50,33,10,1,6,27,24,22,0,50,3,1,0,,6,2,0.263082,0.103748,0.23124,0.448659,0.347484,0.417291,0.337407,0.764775,0.154209,5.11426,0.326296,-0.150719,0.0903281,28.8616,3.99777,111.429,-0.0603906,-0.53024,2.748953979462385,-1.6574007868766785,0.856762,285.70001220703125,,,,,,,263.9,5.278,263.9,5.278,,,,,,,,,,,,,,,,,,,"Kristian Campbell","33644",692225
"Gabriel Arias","CLE",58,249,229,54,35,12,2,6,28,25,16,0,72,2,2,0,,6,2,0.237331,0.065037,0.290061,0.224219,0.292707,0.386252,0.29802,0.678959,0.14892,5.45159,0.315559,-0.0783871,0.0957274,25.554,-3.21407,90.8283,0.0173403,0.118344,-2.5910760164260864,2.3347014859318733,0.833421,654.6400146484375,,,,,,,235.8,4.065517241,235.8,4.065517241,,,,,,,,,,,,,,,,,,,"Gabriel Arias","22563",672356
"Luke Raley","SEA",61,264,233,54,32,10,1,11,33,32,20,0,77,8,2,1,,6,2,0.230548,0.0742881,0.292745,0.253764,0.309913,0.41873,0.32002,0.728643,0.188181,5.4554,0.292516,0.00979489,0.204321,31.7198,1.23422,111.307,0.214116,0.112129,3.6216979175806046,-4.4400308802723885,0.826373,296.989990234375,,,,,,,297.3,4.873770491,297.3,4.873770491,,,,,,,,,,,,,,,,,,,"Luke Raley","19354",670042
"Connor Norby","MIA",74,320,290,70,44,15,1,10,39,34,24,0,90,3,2,0,,6,2,0.241646,0.0750994,0.282678,0.265671,0.304056,0.400649,0.309395,0.704705,0.159003,4.69256,0.314013,-0.222024,-0.11389,35.7067,-1.21952,93.5649,-0.335914,-0.863793,-2.739613354206085,0.2775648236274719,0.824431,282.1600036621094,,,,,,,332,4.486486486,332,4.486486486,,,,,,,,,,,,,,,,,,,"Connor Norby","29592",681393
"Zack Gelof","ATH",48,209,189,44,27,9,1,7,26,22,16,0,65,2,1,1,,8,2,0.231654,0.0772921,0.308702,0.250378,0.295612,0.404937,0.306578,0.700549,0.173282,5.74314,0.306703,0.680061,0.616797,22.8865,-1.26837,95.8429,1.29686,-0.204261,0.3041835427284241,0.5423437654972076,0.810105,245.74000549316406,,,,,,,218.6,4.554166666,218.6,4.554166666,,,,,,,,,,,,,,,,,,,"Zack Gelof","29766",680869
"Ramón Urías","BAL",44,191,172,44,29,8,1,6,22,22,15,0,40,3,1,0,,1,0,0.252989,0.0780803,0.211181,0.369732,0.319852,0.405449,0.31943,0.725301,0.15246,3.61198,0.297535,-0.265098,-0.215928,22.8712,0.803353,107.178,-0.481027,-0.184989,1.0850025117397308,0.3397027999162674,0.807793,689.4400024414062,,,,,,,215.6,4.9,215.6,4.9,,,,,,,,,,,,,,,,,,,"Ramon Urias","18795",602104
"Caleb Durbin","MIL",55,240,213,52,35,11,1,4,28,25,18,1,29,6,2,1,,12,2,0.24348,0.0764036,0.119581,0.63893,0.317596,0.362804,0.302876,0.6804,0.119324,5.99471,0.262282,0.637854,1.00629,25.5171,-2.16255,91.3799,1.64414,-0.177181,-0.7694413661956787,0.7302267402410507,0.805688,392.44000244140625,,,,,,,242.6,4.41090909,242.6,4.41090909,,,,,,,,,,,,,,,,,,,"Caleb Durbin","29646",702332
"Joey Ortiz","MIL",71,309,276,65,43,14,2,6,34,31,25,0,60,3,2,1,,7,2,0.235895,0.0824548,0.19457,0.42378,0.304299,0.364978,0.296766,0.669277,0.129083,5.35889,0.278392,0.0755542,0.0515142,31.3559,-4.29214,87.2006,0.127068,-1.06417,-4.488371044397354,2.189533233642578,0.803999,265.2799987792969,,,,,,,288.1,4.057746478,288.1,4.057746478,,,,,,,,,,,,,,,,,,,"Joey Ortiz","25493",687401
"Willi Castro","MIN",66,286,256,63,42,13,2,6,36,27,21,0,66,8,2,1,,9,3,0.2464,0.0718546,0.229462,0.313144,0.319017,0.38307,0.311293,0.702087,0.136671,6.32427,0.306847,0.417625,0.247019,32.4433,-0.6585,99.5559,0.664644,-1.72851,0.5193216502666473,-2.305668354034424,0.803999,228.25,,,,,,,298,4.515151515,298,4.515151515,,,,,,,,,,,,,,,,,,,"Willi Castro","17338",650489
"Alek Thomas","ARI",57,246,226,57,38,12,2,5,29,27,15,0,47,2,2,1,,6,2,0.251805,0.0621447,0.189393,0.328126,0.303477,0.391636,0.30435,0.695113,0.139831,6.17331,0.294817,0.297021,0.160293,26.5021,-1.9315,91.112,0.457314,0.899404,-2.099053919315338,1.7782621383666992,0.798484,558.010009765625,,,,,,,243.2,4.266666666,243.2,4.266666666,,,,,,,,,,,,,,,,,,,"Alek Thomas","23792",677950
"Jo Adell","LAA",71,309,280,62,35,12,1,14,36,40,23,1,90,4,2,0,,8,3,0.222549,0.0733618,0.291488,0.25168,0.288584,0.419702,0.308249,0.708286,0.197153,5.02512,0.273371,-0.10203,0.177689,34.1883,-1.45975,95.004,0.0756588,-1.88466,-1.684986911714077,-0.8877416253089905,0.798409,285.45001220703125,,,,,,,327.1,4.607042253,327.1,4.607042253,,,,,,,,,,,,,,,,,,,"Jo Adell","20220",666176
"Addison Barger","TOR",63,272,245,56,34,14,0,8,29,31,22,0,68,3,2,0,,2,1,0.228162,0.0795215,0.24959,0.318609,0.296807,0.384857,0.30037,0.681664,0.156696,3.13935,0.279656,-0.336907,-0.302008,28.4062,-2.99805,92.5763,-0.638915,1.34368,-2.943658769130707,1.5797861218452454,0.79715,641.8200073242188,,,,,,,260.4,4.133333333,260.4,4.133333333,,,,,,,,,,,,,,,,,,,"Addison Barger","24598",680718
"Vinnie Pasquantino","KCR",75,323,289,75,45,16,1,12,38,46,28,2,44,3,3,0,,1,0,0.258057,0.0874136,0.137255,0.636868,0.326932,0.451536,0.336868,0.778468,0.193479,2.79912,0.264605,-1.01466,-0.376899,43.1879,5.86221,112.365,-1.39156,0.215563,3.171035647392273,-6.252955123782158,0.795651,119.11000061035156,,,,,,,390.8,5.210666666,390.8,5.210666666,,,,,,,,,,,,,,,,,,,"Vinnie Pasquantino","27676",686469
"Ryan McMahon","COL",73,316,277,65,41,13,1,10,36,35,35,1,92,2,2,0,,3,1,0.235285,0.109925,0.290157,0.378847,0.322085,0.397173,0.317281,0.719258,0.161888,3.46409,0.310388,-0.434835,-0.524438,37.2727,0.785825,88.365,-0.959273,1.48986,-5.253572940826416,2.6176337003707886,0.793509,272.17999267578125,,,,,,,338.3,4.634246575,338.3,4.634246575,,,,,,,,,,,,,,,,,,,"Ryan McMahon","15112",641857
"Jacob Young","WSN",61,265,237,59,46,10,1,1,31,18,18,0,48,4,1,4,,16,3,0.247272,0.06692,0.181864,0.367968,0.309945,0.318535,0.283355,0.628481,0.0712631,6.66614,0.303017,1.15212,1.41093,24.0885,-6.52687,78.7716,2.56305,1.99396,-4.011179685592651,2.940254032611847,0.784365,294.55999755859375,,,,,,,225.5,3.696721311,225.5,3.696721311,,,,,,,,,,,,,,,,,,,"Jacob Young","29931",696285
"Sal Frelick","MIL",61,265,238,62,46,11,2,3,32,23,22,0,38,3,2,1,,10,2,0.260588,0.0827471,0.143577,0.576327,0.327792,0.359664,0.306637,0.687456,0.0990762,6.40672,0.298742,0.445261,0.808521,29.0202,-1.59518,93.9526,1.25378,1.97985,-0.6190546751022339,-0.5997829437255859,0.768995,350.260009765625,,,,,,,269.1,4.411475409,269.1,4.411475409,,,,,,,,,,,,,,,,,,,"Sal Frelick","29622",686217
"Keibert Ruiz","WSN",66,259,241,60,42,11,0,7,25,30,13,0,29,3,2,0,,2,0,0.248406,0.0519415,0.112315,0.462463,0.294452,0.379114,0.296091,0.673566,0.130708,2.59133,0.257092,-0.880316,-0.270671,26.1678,-3.74065,87.4829,-1.15099,-1.15247,-4.937899112701416,3.90308940410614,0.767435,209.4499969482422,,,,,,,244.5,3.704545454,244.5,3.704545454,,,,,,,,,,,,,,,,,,,"Keibert Ruiz","19610",660688
"Edgar Quero","CHW",51,209,185,46,32,9,0,5,20,24,19,0,39,3,1,0,,1,0,0.249568,0.0891253,0.187555,0.475194,0.326469,0.381711,0.314944,0.70818,0.132143,2.39851,0.288425,-0.420079,-0.282343,24.2384,0.12948,100.937,-0.702423,0.0469216,-0.47913672029972076,0.8895143270492554,0.763411,999,,,,,,,213.6,4.188235294,213.6,4.188235294,,,,,,,,,,,,,,,,,,,"Edgar Quero","28022",700337
"Nathaniel Lowe","WSN",71,309,270,70,49,12,1,9,34,38,34,1,70,2,2,0,,1,0,0.258077,0.111005,0.227673,0.487561,0.344104,0.401056,0.330334,0.745161,0.142979,2.70984,0.31678,-1.16902,-0.449463,39.6353,3.98721,110.904,-1.61849,0.433868,2.3135875463485718,-5.075391203165054,0.755892,262.8599853515625,,,,,,,357,5.028169014,357,5.028169014,,,,,,,,,,,,,,,,,,,"Nathaniel Lowe","19566",663993
"Reese McGuire","CHC",13,50,45,10,8,1,0,1,5,5,4,0,13,0,1,0,,1,0,0.222104,0.0797462,0.250559,0.318272,0.285472,0.295217,0.262472,0.580688,0.073113,3.82667,0.287962,0,0.06838,3.73842,-2.08167,66.6934,0.06838,6.48871,-1.892486795783043,7.472510516643524,0.750098,999,,,,,,,37.2,2.861538461,37.2,2.861538461,,,,,,,,,,,,,,,,,,,"Reese McGuire","15674",624512
"Kyle Manzardo","CLE",65,279,244,58,32,13,1,12,34,36,31,1,65,2,2,0,,1,0,0.23619,0.109992,0.23339,0.471281,0.32513,0.442243,0.334262,0.767373,0.206053,2.89885,0.270681,-0.447681,-0.425258,36.6803,4.47716,116.193,-0.872939,0.0337147,4.28218412399292,-6.349927473813295,0.747891,355.8800048828125,,,,,,,337.9,5.198461538,337.9,5.198461538,,,,,,,,,,,,,,,,,,,"Kyle Manzardo","29794",700932
"Lane Thomas","CLE",54,234,211,51,32,11,1,7,29,26,18,0,60,3,2,0,,10,3,0.239209,0.0773021,0.258019,0.299598,0.30628,0.395442,0.308738,0.701721,0.156233,5.85344,0.300302,0.421364,0.294498,26.0344,-1.01619,98.3296,0.715862,-1.18901,0.26916319131851196,-0.8837602436542511,0.74485,170.22999572753906,,,,,,,251.6,4.659259259,251.6,4.659259259,,,,,,,,,,,,,,,,,,,"Lane Thomas","16939",657041
"Mike Tauchman","CHW",61,265,227,55,38,10,1,6,34,26,33,0,55,3,2,1,,5,1,0.244576,0.126262,0.209463,0.602791,0.345738,0.374739,0.32312,0.720477,0.130164,4.6027,0.297075,-0.186488,-0.0144044,32.5117,1.89627,106.659,-0.200892,-0.0467326,1.8145034611225128,-3.507843680679798,0.73933,519.6300048828125,,,,,,,286.8,4.701639344,286.8,4.701639344,,,,,,,,,,,,,,,,,,,"Mike Tauchman","15274",643565
"Brooks Lee","MIN",62,268,247,62,42,13,1,6,28,31,19,1,42,1,2,0,,3,1,0.249905,0.0697574,0.157333,0.443375,0.302814,0.384293,0.300801,0.687106,0.134387,3.88147,0.27723,-0.388115,-0.136143,28.1147,-2.86519,92.2129,-0.524258,-0.230301,-2.909164845943451,1.0945445597171783,0.737624,420.2699890136719,,,,,,,262.9,4.24032258,262.9,4.24032258,,,,,,,,,,,,,,,,,,,"Brooks Lee","31595",686797
"Joey Bart","PIT",41,164,146,35,24,6,0,5,18,19,14,0,45,3,1,0,,0,0,0.242905,0.0875749,0.273419,0.320295,0.323158,0.389876,0.31687,0.713033,0.14697,2.96706,0.315591,-0.345785,-0.214255,19.3342,0.354835,98.7136,-0.56004,-0.603003,-0.8070138394832611,2.4454535841941833,0.725491,258.5799865722656,,,,,,,165.4,4.034146341,165.4,4.034146341,,,,,,,,,,,,,,,,,,,"Joey Bart","21524",663698
"Pedro Pagés","STL",52,206,188,44,30,8,1,5,20,23,14,0,51,2,2,1,,1,0,0.23224,0.0662645,0.247672,0.267549,0.28746,0.367062,0.288078,0.654522,0.134822,3.46155,0.288044,-0.344394,-0.174075,19.4821,-4.29129,83.1181,-0.518469,0.82878,-4.578224003314972,4.847298264503479,0.723445,565.75,,,,,,,184.2,3.542307692,184.2,3.542307692,,,,,,,,,,,,,,,,,,,"Pedro Pages","25782",686780
"Jasson Domínguez","NYY",61,264,236,57,37,11,1,8,35,30,26,1,69,1,1,0,,11,2,0.240961,0.0971456,0.260908,0.372337,0.317024,0.395797,0.31416,0.712821,0.154836,6.05693,0.305288,0.316438,0.911681,30.5539,-0.00160046,100.888,1.22812,-0.459069,1.496316283941269,-3.344871550798416,0.72141,141.52000427246094,,,,,,,292.3,4.791803278,292.3,4.791803278,,,,,,,,,,,,,,,,,,,"Jasson Dominguez","28080",691176
"Ben Williamson","SEA",47,204,183,43,29,8,1,5,22,21,17,0,47,2,1,1,,4,1,0.235253,0.0825439,0.229389,0.359842,0.305039,0.374036,0.300329,0.679076,0.138783,4.51441,0.285452,0,-0.0324123,21.3545,-2.26109,97.5264,-0.0324123,0,-0.6099087558686733,0.729938268661499,0.718493,999,,,,,,,195.5,4.159574468,195.5,4.159574468,,,,,,,,,,,,,,,,,,,"Ben Williamson","33197",810938
"Spencer Torkelson","DET",70,301,264,61,34,14,1,13,38,39,31,1,80,3,2,0,,1,0,0.230988,0.104166,0.265807,0.391885,0.317839,0.430046,0.327107,0.747886,0.199058,2.90942,0.279201,-0.523535,-0.350634,37.9254,3.11608,111.133,-0.87417,-0.108812,2.9568483233451843,-6.154490679502487,0.708397,375.9800109863281,,,,,,,350,5,350,5,,,,,,,,,,,,,,,,,,,"Spencer Torkelson","27465",679529
"Trevor Larnach","MIN",57,246,216,52,33,10,1,9,31,30,26,1,61,2,2,0,,2,1,0.2424,0.106486,0.247078,0.430981,0.327492,0.417563,0.326936,0.745055,0.175163,3.84039,0.293965,-0.580051,-0.234448,30.9454,2.51184,110.504,-0.814499,-0.506664,2.1381523609161377,-3.5629913210868835,0.702002,321.239990234375,,,,,,,279.5,4.903508771,279.5,4.903508771,,,,,,,,,,,,,,,,,,,"Trevor Larnach","21501",663616
"Colt Keith","DET",62,269,243,61,41,12,2,8,32,31,23,1,54,1,2,0,,2,1,0.253364,0.0863071,0.20159,0.428132,0.32002,0.408485,0.319198,0.728506,0.155121,4.39974,0.295156,-0.363586,-0.193731,32.1614,1.08163,105.598,-0.557317,0.371135,1.162653923034668,-3.356179356575012,0.701236,257.2099914550781,,,,,,,293,4.725806451,293,4.725806451,,,,,,,,,,,,,,,,,,,"Colt Keith","27899",690993
"Adolis García","TEX",68,294,266,62,37,12,1,12,36,41,22,1,79,3,2,0,,6,2,0.234504,0.0758809,0.268898,0.282192,0.299307,0.423198,0.314587,0.722505,0.188694,4.54576,0.283742,0.0116772,0.0521729,34.0691,0.0985933,101.21,0.0638502,-0.0338714,0.4702725112438202,-3.54683443531394,0.695902,151.52000427246094,,,,,,,315.3,4.636764705,315.3,4.636764705,,,,,,,,,,,,,,,,,,,"Adolis Garcia","19287",666969
"Jonah Heim","TEX",46,183,168,39,26,7,0,6,19,22,13,0,34,1,1,0,,1,0,0.233742,0.0695949,0.186618,0.372927,0.289451,0.385596,0.296062,0.675047,0.151854,3.10393,0.258754,-0.299472,-0.149683,18.5103,-2.65086,88.245,-0.449155,0.247557,-2.9082611799240112,3.5012601166963577,0.694262,307.239990234375,,,,,,,171,3.717391304,171,3.717391304,,,,,,,,,,,,,,,,,,,"Jonah Heim","16930",641680
"Trey Sweeney","DET",46,197,177,40,26,8,1,5,22,20,17,0,50,2,1,0,,5,1,0.226765,0.0843241,0.255627,0.329872,0.297219,0.365753,0.293353,0.662972,0.138988,5.4674,0.287183,-0.0500429,0.159781,19.5094,-3.28239,87.5097,0.109738,0.709195,-2.7045342549681664,2.822621166706085,0.693662,499.0199890136719,,,,,,,186.6,4.056521739,186.6,4.056521739,,,,,,,,,,,,,,,,,,,"Trey Sweeney","29575",700242
"Mike Yastrzemski","SFG",61,265,233,54,31,12,2,9,33,30,27,1,66,3,1,1,,3,1,0.230296,0.101098,0.247407,0.408633,0.315077,0.415358,0.319856,0.730434,0.185062,4.76462,0.278338,-0.277838,-0.289045,31.8203,1.20487,105.358,-0.566883,-0.209143,1.0923934578895569,-3.048031449317932,0.692432,440.7799987792969,,,,,,,293.1,4.804918032,293.1,4.804918032,,,,,,,,,,,,,,,,,,,"Mike Yastrzemski","14854",573262
"Luis Torrens","NYM",47,186,170,39,26,8,0,5,18,20,13,0,47,2,1,0,,1,0,0.229729,0.0680593,0.252309,0.269746,0.287357,0.361884,0.28676,0.649241,0.132156,2.52436,0.288172,-0.398719,-0.291727,17.4009,-4.07187,84.2838,-0.690446,1.07811,-4.104118824005127,4.707739353179932,0.690903,622.3400268554688,,,,,,,165.5,3.521276595,165.5,3.521276595,,,,,,,,,,,,,,,,,,,"Luis Torrens","15905",620443
"Anthony Santander","TOR",55,239,213,51,28,10,0,12,30,35,21,1,49,3,2,0,,1,0,0.238367,0.0888684,0.20481,0.433906,0.312381,0.462411,0.335137,0.774792,0.224043,2.79477,0.251311,-0.379832,-0.281534,31.5868,4.00195,116.908,-0.661366,-0.0346177,3.949575364589691,-5.2946484833955765,0.684916,99.44999694824219,,,,,,,288.3,5.241818181,288.3,5.241818181,,,,,,,,,,,,,,,,,,,"Anthony Santander","14551",623993
"Harrison Bader","MIN",56,242,222,54,36,11,1,6,29,27,14,0,51,4,2,0,,10,3,0.241389,0.0587594,0.211948,0.277235,0.295348,0.375768,0.29535,0.671115,0.134378,5.78638,0.286121,0.454343,0.3948,24.3624,-3.64677,88.398,0.849142,1.69067,-2.363398849964142,0.8774023056030273,0.68296,472.25,,,,,,,239,4.267857142,239,4.267857142,,,,,,,,,,,,,,,,,,,"Harrison Bader","18030",664056
"Thairo Estrada","COL",68,294,274,72,50,13,1,8,35,33,13,0,57,5,2,1,,7,2,0.262893,0.0440209,0.193643,0.22733,0.306202,0.403859,0.310885,0.710061,0.140966,5.13891,0.304718,0.420785,0.0883601,33.1989,-0.771647,83.9902,0.509145,0.918637,-4.9922736287117,1.9686365723609924,0.679607,334.20001220703125,,,,,,,309.5,4.551470588,309.5,4.551470588,,,,,,,,,,,,,,,,,,,"Thairo Estrada","16426",642731
"Kyle Teel","CHW",55,219,194,45,32,8,0,5,24,22,21,0,57,2,2,0,,3,1,0.234377,0.0954764,0.26095,0.365881,0.31305,0.353109,0.298132,0.666159,0.118732,3.91482,0.304595,-0.156887,0.0293375,22.478,-2.80517,89.1705,-0.12755,-0.672585,-2.8343477100133896,2.0885263085365295,0.678375,999,,,,,,,200.1,3.638181818,200.1,3.638181818,,,,,,,,,,,,,,,,,,,"Kyle Teel","33549",691019
"JJ Bleday","ATH",46,198,173,41,23,10,1,7,25,22,23,0,42,1,1,0,,1,1,0.234556,0.116159,0.210269,0.552431,0.325956,0.423501,0.328876,0.749457,0.188944,3.85204,0.26718,-0.404528,-0.256284,25.2596,2.333,111.448,-0.660811,-1.57754,1.9338642954826355,-2.0330917835235596,0.675111,263.0799865722656,,,,,,,228.2,4.960869565,228.2,4.960869565,,,,,,,,,,,,,,,,,,,"JJ Bleday","26368",668709
"Ben Rice","NYY",47,199,174,41,23,8,0,10,27,27,21,0,50,3,2,0,,2,1,0.235288,0.106243,0.249961,0.425037,0.325994,0.447214,0.337936,0.773209,0.211926,3.87654,0.270567,-0.221077,-0.184532,26.8405,3.79045,117.527,-0.405609,-0.548251,3.5883655846118927,-3.7619857788085938,0.67107,400.7200012207031,,,,,,,245.8,5.229787234,245.8,5.229787234,,,,,,,,,,,,,,,,,,,"Ben Rice","29576",700250
"Jurickson Profar","ATL",72,312,269,69,47,14,0,8,40,34,34,1,50,5,2,1,,3,1,0.254921,0.109569,0.158689,0.690463,0.346572,0.395304,0.32969,0.741876,0.140383,3.64638,0.283892,-0.642263,-0.253939,39.9409,3.87343,108.891,-0.896202,-2.63869,2.3474913239479065,-6.062766790390015,0.669083,192.1999969482422,,,,,,,353.1,4.904166666,353.1,4.904166666,,,,,,,,,,,,,,,,,,,"Jurickson Profar","10815",595777
"Lourdes Gurriel Jr.","ARI",68,294,272,74,49,15,1,9,35,39,16,0,49,3,2,0,,3,1,0.270406,0.0551826,0.166736,0.330957,0.315337,0.430908,0.324438,0.746245,0.160502,3.76675,0.297924,-0.533642,-0.185079,36.363,2.4124,104.852,-0.71872,-0.105021,0.9475686550140381,-4.171378627419472,0.658223,219.75999450683594,,,,,,,336.1,4.942647058,336.1,4.942647058,,,,,,,,,,,,,,,,,,,"Lourdes Gurriel Jr.","19238",666971
"Jesús Sánchez","MIA",66,286,257,63,39,13,1,10,33,34,25,1,73,2,2,1,,6,1,0.245383,0.0877467,0.254449,0.34485,0.315816,0.421387,0.322016,0.737203,0.176004,4.8378,0.301711,-0.387294,0.240016,34.857,1.79515,102.197,-0.147279,-0.868558,0.5876145362854004,-3.6157801747322083,0.652554,271.2699890136719,,,,,,,322.8,4.89090909,322.8,4.89090909,,,,,,,,,,,,,,,,,,,"Jesus Sanchez","19913",660821
"Freddy Fermin","KCR",39,156,143,36,26,6,0,3,16,17,10,0,29,1,1,1,,1,0,0.25278,0.0662199,0.18809,0.352065,0.306768,0.374127,0.300699,0.680894,0.121347,3.142,0.294995,-0.262838,-0.174908,16.3424,-1.67937,87.0518,-0.437745,0.739198,-2.744604676961899,3.785494327545166,0.646946,376.2200012207031,,,,,,,139.1,3.566666666,139.1,3.566666666,,,,,,,,,,,,,,,,,,,"Freddy Fermin","21840",666023
"Nick Allen","ATL",77,331,299,73,55,14,1,4,35,27,22,0,57,2,2,5,,8,3,0.244148,0.0670503,0.172925,0.387741,0.29945,0.333173,0.282425,0.632624,0.0890253,4.88115,0.289447,0.0169086,-0.101885,29.8218,-8.39259,76.5629,-0.084976,1.04467,-9.144778028130531,4.588184237480164,0.644466,746.8900146484375,,,,,,,272.5,3.538961038,272.5,3.538961038,,,,,,,,,,,,,,,,,,,"Nick Allen","22277",669397
"Alex Call","WSN",46,200,171,40,27,8,1,4,23,20,23,0,36,3,1,1,,5,2,0.234845,0.117294,0.181531,0.646141,0.333466,0.370361,0.315693,0.703827,0.135516,4.96728,0.270827,-0.0705971,0.0247155,23.3098,0.243384,100.89,-0.0458815,0.766692,0.16182488948106766,-0.5425671339035034,0.635239,734.739990234375,,,,,,,201.4,4.378260869,201.4,4.378260869,,,,,,,,,,,,,,,,,,,"Alex Call","19296",669743
"DJ LeMahieu","NYY",58,250,221,54,40,9,1,5,27,24,24,0,44,1,2,1,,1,1,0.245751,0.0975108,0.177994,0.547832,0.321802,0.35759,0.303502,0.679392,0.111838,3.17725,0.285125,-0.887188,-0.417073,26.7284,-2.12958,93.4285,-1.30426,0.0971965,-3.1790311336517334,0.9891717508435249,0.635195,651.9500122070312,,,,,,,234.3,4.039655172,234.3,4.039655172,,,,,,,,,,,,,,,,,,,"DJ LeMahieu","9874",518934
"Carlos Narváez","BOS",56,223,198,43,28,9,0,5,23,23,21,0,66,3,1,0,,2,1,0.215375,0.0923179,0.29685,0.310991,0.29601,0.343132,0.285924,0.639141,0.127757,3.09308,0.2911,-0.273182,-0.211679,20.7291,-5.03455,75.3982,-0.484862,1.08555,-6.750843793153763,5.4404908418655396,0.634076,733.510009765625,,,,,,,188.9,3.373214285,188.9,3.373214285,,,,,,,,,,,,,,,,,,,"Carlos Narvaez","19722",665966
"Tyler Soderstrom","ATH",64,276,250,61,35,11,1,13,33,36,22,1,68,2,2,0,,1,0,0.243099,0.08007,0.245209,0.326538,0.308778,0.45179,0.329209,0.760568,0.208691,2.86746,0.278878,-0.555178,-0.380705,35.2566,3.32312,111.681,-0.935883,-0.235129,2.7517148852348328,-5.853647023439407,0.632366,269.05999755859375,,,,,,,325.3,5.0828125,325.3,5.0828125,,,,,,,,,,,,,,,,,,,"Tyler Soderstrom","27467",691016
"Jorge Soler","LAA",54,235,206,48,27,10,0,12,30,31,25,0,61,3,1,0,,0,0,0.235039,0.106216,0.258862,0.41032,0.323886,0.454619,0.338998,0.778505,0.21958,2.3008,0.272309,-0.899372,-0.295229,31.8264,4.66591,116.524,-1.1946,-0.159014,3.242056369781494,-4.986174508929253,0.630763,205.88999938964844,,,,,,,288.6,5.344444444,288.6,5.344444444,,,,,,,,,,,,,,,,,,,"Jorge Soler","14221",624585
"Dane Myers","MIA",48,208,189,48,34,8,1,5,25,23,15,0,59,3,2,0,,6,1,0.255547,0.0701887,0.285113,0.246178,0.316092,0.390015,0.311655,0.706107,0.134467,5.52976,0.342205,0.0737387,0.361899,23.6269,-0.418115,95.1107,0.435638,0.366116,-0.7535737156867981,-0.005488961935043335,0.624555,658.6900024414062,,,,,,,218.3,4.547916666,218.3,4.547916666,,,,,,,,,,,,,,,,,,,"Dane Myers","22054",667472
"Isiah Kiner-Falefa","PIT",68,294,272,71,56,11,1,3,32,26,15,0,47,4,2,2,,9,3,0.261844,0.0513607,0.160131,0.320741,0.308091,0.346829,0.291139,0.65492,0.084985,5.53994,0.304216,0.366869,0.326615,28.5663,-5.41423,81.1139,0.693484,-0.956706,-5.798223078250885,2.168602764606476,0.61693,373.9700012207031,,,,,,,257.1,3.780882352,257.1,3.780882352,,,,,,,,,,,,,,,,,,,"Isiah Kiner-Falefa","16512",643396
"Tyrone Taylor","NYM",52,225,208,48,29,11,2,6,28,25,11,0,52,4,1,0,,6,1,0.231961,0.0507565,0.229231,0.22142,0.2832,0.393733,0.295624,0.676932,0.161771,6.39779,0.276106,0.256537,0.352535,22.666,-3.33615,90.3465,0.609072,0.304925,-1.9300358891487122,0.5382578521966934,0.616064,669.5599975585938,,,,,,,214.1,4.117307692,214.1,4.117307692,,,,,,,,,,,,,,,,,,,"Tyrone Taylor","13675",621438
"Francisco Alvarez","NYM",32,127,113,26,16,5,0,5,15,17,12,0,32,1,1,0,,0,0,0.233721,0.0933938,0.248757,0.375441,0.311572,0.419574,0.319995,0.731146,0.185853,2.9983,0.275235,-0.351255,-0.18113,15.233,0.590361,107.016,-0.532385,-0.862382,0.5068162083625793,1.2894700169563293,0.615024,244.35000610351562,,,,,,,133.1,4.159375,133.1,4.159375,,,,,,,,,,,,,,,,,,,"Francisco Alvarez","26121",682626
"Jake Rogers","DET",37,144,130,28,17,6,1,5,16,16,11,0,42,1,1,0,,1,0,0.213578,0.0775363,0.292438,0.265137,0.28099,0.380512,0.290747,0.661503,0.166934,3.73513,0.271806,-0.0988267,-0.133631,13.9692,-2.70135,85.6862,-0.232458,0.888535,-2.5914113223552704,3.7064362168312073,0.614254,475.260009765625,,,,,,,134.8,3.643243243,134.8,3.643243243,,,,,,,,,,,,,,,,,,,"Jake Rogers","19452",668670
"Hunter Goodman","COL",71,287,263,63,35,14,1,13,33,41,18,0,75,4,2,0,,1,0,0.24093,0.0615315,0.261929,0.234916,0.295179,0.449991,0.32211,0.745171,0.209061,3.175,0.284641,-0.491197,-0.339604,34.9649,1.82117,91.6678,-0.830802,-1.22497,-3.6242862343788147,0.175032377243042,0.611193,315.19000244140625,,,,,,,326.2,4.594366197,326.2,4.594366197,,,,,,,,,,,,,,,,,,,"Hunter Goodman","29715",696100
"Luis Rengifo","LAA",48,209,192,49,35,8,1,5,24,21,13,0,34,2,1,0,,8,2,0.252178,0.0619828,0.161408,0.384013,0.304565,0.379297,0.301508,0.683862,0.127118,5.61431,0.28187,0.16114,0.218332,22.071,-2.11877,90.2861,0.379472,0.0597485,-1.943477064371109,0.8599027916789055,0.610589,177.5500030517578,,,,,,,212.9,4.435416666,212.9,4.435416666,,,,,,,,,,,,,,,,,,,"Luis Rengifo","19858",650859
"Kameron Misner","TBR",50,218,194,42,26,10,1,6,25,21,21,0,75,2,1,0,,6,1,0.21618,0.0954543,0.344516,0.277068,0.295494,0.360571,0.291644,0.656065,0.14439,5.62771,0.317359,0.0930697,0.277394,21.242,-3.92134,89.1433,0.370463,1.1125,-2.330262303352356,0.9569449871778488,0.609588,999,,,,,,,209.9,4.198,209.9,4.198,,,,,,,,,,,,,,,,,,,"Kameron Misner","26374",670224
"Nolan Gorman","STL",58,250,224,49,28,10,0,12,30,34,24,1,81,1,2,0,,3,1,0.219965,0.094136,0.32374,0.290777,0.2962,0.419738,0.311846,0.715938,0.199773,3.60378,0.283561,-0.150109,-0.085158,28.4729,-0.46496,99.3744,-0.235267,0.0128461,-0.41839106380939484,-1.892709532752633,0.606419,384.6400146484375,,,,,,,270.1,4.656896551,270.1,4.656896551,,,,,,,,,,,,,,,,,,,"Nolan Gorman","22263",669357
"Drake Baldwin","ATL",46,186,165,40,27,8,0,5,20,21,18,0,40,2,1,0,,0,0,0.2402,0.0963188,0.213758,0.450597,0.319008,0.372572,0.307979,0.69158,0.132372,2.34228,0.287118,-0.340219,-0.244634,20.573,-0.92028,94.0411,-0.584853,-0.64516,-1.8804017305374146,1.6640989184379578,0.606304,999,,,,,,,189.2,4.113043478,189.2,4.113043478,,,,,,,,,,,,,,,,,,,"Drake Baldwin","31539",686948
"Ceddanne Rafaela","BOS",53,230,215,53,35,10,2,6,29,27,9,0,55,3,2,1,,9,3,0.247673,0.0405898,0.238524,0.170171,0.28576,0.396206,0.296845,0.681965,0.148533,6.79712,0.303295,0.442258,0.492704,23.3426,-3.17875,83.0411,0.934962,0.853607,-3.5114407539367676,1.6477423906326294,0.599231,188.11000061035156,,,,,,,223.3,4.213207547,223.3,4.213207547,,,,,,,,,,,,,,,,,,,"Ceddanne Rafaela","24262",678882
"Zach McKinstry","DET",48,208,186,44,29,9,2,4,24,18,18,0,45,2,1,1,,7,1,0.23597,0.085953,0.218374,0.393605,0.306382,0.36731,0.298008,0.673692,0.13134,6.69382,0.290467,0.31511,0.446542,21.3478,-2.68725,90.768,0.761652,-0.251589,-1.4319438338279724,0.2351396083831787,0.594196,557.5800170898438,,,,,,,206,4.291666666,206,4.291666666,,,,,,,,,,,,,,,,,,,"Zach McKinstry","19392",656716
"Dylan Crews","WSN",50,214,194,46,31,8,2,6,26,23,15,0,49,3,1,0,,11,3,0.239011,0.0704772,0.22922,0.307466,0.302181,0.388822,0.304453,0.691003,0.14981,6.82937,0.288497,0.534243,0.853722,23.0808,-1.66321,93.2022,1.38796,0.953259,-0.31351912021636963,-1.0819262266159058,0.578875,123.19000244140625,,,,,,,221.1,4.422,221.1,4.422,,,,,,,,,,,,,,,,,,,"Dylan Crews","33541",686611
"Travis d'Arnaud","LAA",35,139,127,30,18,6,0,5,15,17,9,0,35,2,1,0,,0,0,0.234806,0.0660981,0.249173,0.26527,0.296428,0.407879,0.308591,0.704307,0.173073,2.61663,0.280968,-0.422437,-0.170842,15.4343,-0.619501,95.2427,-0.593279,0.142894,-1.3482848405838013,2.20230695605278,0.568692,417.82000732421875,,,,,,,138.4,3.954285714,138.4,3.954285714,,,,,,,,,,,,,,,,,,,"Travis d'Arnaud","7739",518595
"Will Benson","CIN",43,185,161,35,20,7,1,6,24,20,21,0,64,2,1,0,,7,2,0.214429,0.113195,0.347058,0.326156,0.310716,0.386694,0.30937,0.69741,0.172265,6.35461,0.310759,0.0831367,0.329286,20.6788,-0.710068,89.6546,0.412423,2.71537,-1.8259005844593048,1.250555157661438,0.565941,686.0499877929688,,,,,,,194.1,4.513953488,194.1,4.513953488,,,,,,,,,,,,,,,,,,,"Will Benson","21853",666181
"Max Kepler","PHI",55,240,215,53,34,11,1,8,29,29,20,0,46,2,2,0,,1,0,0.246339,0.0852688,0.193795,0.439994,0.316694,0.410879,0.319191,0.727573,0.16454,3.34945,0.278339,-0.359555,-0.243309,28.6417,0.962026,102.32,-0.602864,0.145705,0.046606600284576416,-2.4209611266851425,0.563039,347.260009765625,,,,,,,262.5,4.772727272,262.5,4.772727272,,,,,,,,,,,,,,,,,,,"Max Kepler","12144",596146
"José Caballero","TBR",33,142,126,28,19,6,1,3,17,13,11,0,37,3,1,1,,13,3,0.225844,0.0793101,0.258018,0.307382,0.303973,0.34634,0.291317,0.650313,0.120496,7.11664,0.293995,0.841113,0.975886,13.7702,-2.58596,88.9139,1.817,0.296444,0.024435043334960938,0.6464444696903229,0.558703,327.0899963378906,,,,,,,140.4,4.254545454,140.4,4.254545454,,,,,,,,,,,,,,,,,,,"Jose Caballero","23401",676609
"Agustín Ramírez","MIA",73,304,275,65,39,15,1,10,34,38,24,1,64,2,2,0,,7,1,0.23508,0.0797967,0.209404,0.381066,0.300812,0.406375,0.308811,0.707187,0.171295,4.64555,0.267662,0.0419975,0.413291,33.833,-1.30212,93.166,0.455289,-0.538559,-1.973574846982956,-2.542571187019348,0.558587,437.8900146484375,,,,,,,320.7,4.393150684,320.7,4.393150684,,,,,,,,,,,,,,,,,,,"Agustin Ramirez","26546",682663
"Carlos Santana","CLE",69,297,260,59,38,11,0,10,33,34,34,1,51,2,2,0,,2,0,0.229234,0.11311,0.172321,0.656395,0.320613,0.38688,0.313333,0.707493,0.157647,2.75054,0.24791,-0.640924,-0.18426,34.1516,-0.198341,101.546,-0.825184,1.17175,-0.3003607988357544,-4.2165207862854,0.557579,353.5799865722656,,,,,,,308.1,4.465217391,308.1,4.465217391,,,,,,,,,,,,,,,,,,,"Carlos Santana","2396",467793
"Hyeseong Kim","LAD",46,197,181,45,33,8,1,3,24,20,13,0,37,1,1,0,,8,2,0.249849,0.066303,0.188145,0.352404,0.303464,0.359291,0.293163,0.662755,0.109441,6.45995,0.296957,0.425898,0.676838,19.4795,-3.31227,86.8291,1.10274,0.132615,-1.9338324069976807,0.8627080172300339,0.555466,487.30999755859375,,,,,,,179.7,3.906521739,179.7,3.906521739,,,,,,,,,,,,,,,,,,,"Hyeseong Kim","35322",808975
"Jonny DeLuca","TBR",32,138,125,30,19,6,1,4,16,15,10,0,27,2,1,0,,6,1,0.2382,0.0710069,0.198586,0.357563,0.301412,0.389361,0.303381,0.690774,0.151162,6.69827,0.276646,0.191127,0.439423,14.7474,-1.1894,97.3573,0.63055,0.404175,0.21420228481292725,0.5338043868541718,0.554179,359.5799865722656,,,,,,,148.3,4.634375,148.3,4.634375,,,,,,,,,,,,,,,,,,,"Jonny DeLuca","26365",676356
"Daniel Schneemann","CLE",54,234,207,47,30,10,1,6,24,24,24,0,66,1,2,1,,3,1,0.226865,0.101318,0.283385,0.357527,0.306192,0.373562,0.301578,0.679754,0.146697,4.53514,0.30097,-0.434352,-0.163372,24.6943,-2.35628,93.3184,-0.597724,-0.708703,-2.3845081329345703,-0.11148041486740112,0.54935,723.2000122070312,,,,,,,225.2,4.17037037,225.2,4.17037037,,,,,,,,,,,,,,,,,,,"Daniel Schneemann","25180",682177
"Gavin Lux","CIN",59,254,226,58,39,12,1,6,31,27,26,0,56,1,1,0,,3,1,0.256483,0.100848,0.219427,0.459599,0.333218,0.397563,0.32326,0.730782,0.14108,4.68127,0.314855,0.0332994,-0.151348,31.2039,1.84666,99.155,-0.118049,-0.167889,-0.36899495869874954,-2.734556019306183,0.536343,329.2300109863281,,,,,,,279.6,4.73898305,279.6,4.73898305,,,,,,,,,,,,,,,,,,,"Gavin Lux","19955",666158
"Yoán Moncada","LAA",49,213,190,46,30,10,1,5,23,22,20,0,59,1,1,0,,1,0,0.239893,0.0929543,0.276796,0.335822,0.314535,0.384461,0.309234,0.698996,0.144568,3.79445,0.316585,-0.256201,-0.19137,23.774,-0.840189,95.6933,-0.447571,-0.409116,-1.4955209791660309,-0.4878200888633728,0.52978,529.9299926757812,,,,,,,214.2,4.371428571,214.2,4.371428571,,,,,,,,,,,,,,,,,,,"Yoan Moncada","17232",660162
"Wenceel Pérez","DET",56,244,220,54,35,11,3,5,30,24,19,0,48,2,2,1,,6,2,0.24457,0.0798436,0.198637,0.401957,0.308984,0.391975,0.307761,0.700959,0.147405,6.39835,0.287622,0.327193,0.0857859,26.9298,-1.24914,97.5935,0.412979,-0.474241,-0.2574038505554199,-2.7797965109348297,0.526846,522.469970703125,,,,,,,247.2,4.414285714,247.2,4.414285714,,,,,,,,,,,,,,,,,,,"Wenceel Perez","22857",672761
"Matt Thaiss","TBR",38,149,127,27,19,5,0,3,14,14,19,0,39,1,1,0,,2,0,0.21348,0.128159,0.262937,0.487415,0.320119,0.33196,0.296084,0.652078,0.11848,3.26311,0.277389,-0.328088,-0.0386237,15.096,-2.15888,92.2506,-0.366712,-1.1543,-1.6885986626148224,1.7623686790466309,0.523523,747.6799926757812,,,,,,,130.7,3.439473684,130.7,3.439473684,,,,,,,,,,,,,,,,,,,"Matt Thaiss","19318",642136
"Johan Rojas","PHI",37,160,147,37,27,6,1,2,20,14,7,0,32,2,1,3,,10,2,0.249915,0.0462639,0.20326,0.227609,0.291984,0.357866,0.286406,0.64985,0.107951,7.61294,0.304561,0.790196,1.13269,14.9087,-3.54445,79.8952,1.92288,1.07957,-1.829936146736145,1.6499415040016174,0.521138,581.510009765625,,,,,,,142.5,3.851351351,142.5,3.851351351,,,,,,,,,,,,,,,,,,,"Johan Rojas","24336",679032
"Miguel Vargas","CHW",71,305,266,60,37,14,1,8,35,31,32,0,65,3,2,0,,5,2,0.223835,0.106193,0.213274,0.497916,0.313367,0.375847,0.306609,0.689214,0.152012,4.33387,0.262673,-0.178048,-0.166929,33.3863,-1.84241,95.1033,-0.344977,-0.319389,-2.050313323736191,-3.171240359544754,0.510626,388.3399963378906,,,,,,,300.4,4.230985915,300.4,4.230985915,,,,,,,,,,,,,,,,,,,"Miguel Vargas","20178",678246
"Nolan Jones","CLE",48,208,180,41,25,10,1,6,23,22,25,1,65,1,1,1,,5,1,0.228196,0.118246,0.310876,0.380363,0.323177,0.381135,0.311233,0.704312,0.152939,4.80317,0.319825,-0.114854,0.0260279,23.5567,-0.488303,100.075,-0.0888257,-0.185393,-0.07091348432004452,-1.9372450560331345,0.510185,264.760009765625,,,,,,,225.4,4.695833333,225.4,4.695833333,,,,,,,,,,,,,,,,,,,"Nolan Jones","20529",666134
"Ty France","MIN",70,301,268,68,47,14,0,7,32,33,22,0,54,9,2,0,,0,0,0.255429,0.0733583,0.177712,0.412793,0.331194,0.391447,0.321229,0.722641,0.136018,1.92705,0.292116,-1.14057,-0.456709,36.4994,1.70011,106.51,-1.59728,-0.158459,0.6423267126083374,-5.746422320604324,0.509994,421.17999267578125,,,,,,,312.2,4.46,312.2,4.46,,,,,,,,,,,,,,,,,,,"Ty France","17982",664034
"Victor Caratini","HOU",34,139,124,30,21,5,0,4,15,15,12,0,28,2,1,0,,0,0,0.243752,0.088438,0.199265,0.443821,0.320371,0.37626,0.309087,0.696631,0.132508,2.01596,0.283056,-0.584165,-0.273517,15.5153,-0.565303,98.8722,-0.857682,0.0914738,-1.036963701248169,1.271103322505951,0.505081,568.1599731445312,,,,,,,138.1,4.061764705,138.1,4.061764705,,,,,,,,,,,,,,,,,,,"Victor Caratini","14968",605170
"Josh Rojas","CHW",45,196,174,42,29,8,1,4,22,18,19,0,43,1,1,1,,5,1,0.238889,0.0959061,0.217658,0.440628,0.313518,0.357072,0.298414,0.67059,0.118183,5.17704,0.29381,0.292968,0.137778,20.1785,-2.46853,89.3677,0.430746,-0.438994,-1.9496673047542572,0.2610062062740326,0.50159,589.5999755859375,,,,,,,194.4,4.32,194.4,4.32,,,,,,,,,,,,,,,,,,,"Josh Rojas","19734",668942
"Spencer Steer","CIN",60,261,230,55,33,13,1,8,32,32,26,0,54,4,2,0,,7,2,0.241357,0.100179,0.207016,0.483919,0.326367,0.414969,0.326548,0.741336,0.173612,5.28212,0.278935,0.207202,0.366144,32.7825,2.58645,101.404,0.573346,0.195076,1.0022564232349396,-4.678998425602913,0.501319,177.8000030517578,,,,,,,294.3,4.905,294.3,4.905,,,,,,,,,,,,,,,,,,,"Spencer Steer","26323",668715
"Angel Martínez","CLE",44,190,171,43,30,9,1,3,20,18,13,0,38,2,2,1,,3,1,0.25147,0.0694044,0.19807,0.350404,0.309341,0.370732,0.300708,0.680073,0.119261,4.6723,0.30215,-0.145675,-0.0873771,19.8588,-2.0393,92.7094,-0.233052,-0.475383,-1.8113362491130829,0.3341844975948334,0.501179,745.6400146484375,,,,,,,177.7,4.038636363,177.7,4.038636363,,,,,,,,,,,,,,,,,,,"Angel Martinez","26540",682657
"Luis Urías","ATH",34,149,130,29,18,6,0,5,16,17,15,0,33,4,1,0,,1,0,0.222529,0.0979436,0.220681,0.443825,0.315914,0.382894,0.311512,0.698808,0.160365,3.07125,0.258307,-0.241463,-0.214747,16.879,-0.315998,99.2956,-0.45621,-0.162676,-0.5759490579366684,0.44473110139369965,0.500431,727.219970703125,,,,,,,155.7,4.579411764,155.7,4.579411764,,,,,,,,,,,,,,,,,,,"Luis Urias","16622",649966
"Garrett Mitchell","MIL",31,134,119,28,18,5,1,3,16,13,13,0,41,1,1,1,,6,1,0.232775,0.095931,0.308137,0.311326,0.312475,0.381856,0.307655,0.694331,0.149081,6.78703,0.323364,0.340369,0.481527,14.8181,-0.69929,94.6484,0.821896,0.187011,-0.01812422275543213,0.40738123655319214,0.494407,244.66000366210938,,,,,,,136.8,4.412903225,136.8,4.412903225,,,,,,,,,,,,,,,,,,,"Garrett Mitchell","27555",669003
"Roman Anthony","BOS",66,287,252,62,40,14,1,7,36,31,31,1,72,2,2,1,,6,2,0.247111,0.106325,0.250871,0.423822,0.330025,0.398886,0.3217,0.72891,0.151775,5.37171,0.315356,-0.182437,0.132102,34.8793,1.72753,100.436,-0.0503354,-0.0634065,0.0926358513534069,-4.879456058144569,0.493706,999,,,,,,,312.1,4.728787878,312.1,4.728787878,,,,,,,,,,,,,,,,,,,"Roman Anthony","31812",701350
"Rhys Hoskins","MIL",69,298,258,58,33,11,1,13,34,42,34,1,79,4,2,0,,2,1,0.22431,0.112661,0.264902,0.425293,0.319444,0.427268,0.327197,0.746712,0.202958,3.01566,0.264398,-1.14333,-0.347331,37.49,3.10003,108.015,-1.49066,-0.55645,1.2974843978881836,-6.2601540088653564,0.490387,259.55999755859375,,,,,,,341.6,4.950724637,341.6,4.950724637,,,,,,,,,,,,,,,,,,,"Rhys Hoskins","16472",656555
"Christian Moore","LAA",66,286,260,59,38,11,2,8,32,29,22,0,81,2,2,0,,4,1,0.226762,0.07583,0.283091,0.267864,0.29008,0.376289,0.293188,0.666369,0.149527,5.51428,0.295586,-0.104106,-0.0713953,28.2968,-4.80499,84.4628,-0.175501,-0.586868,-5.259891554713249,0.43627995252609253,0.48839,999,,,,,,,265.7,4.025757575,265.7,4.025757575,,,,,,,,,,,,,,,,,,,"Christian Moore","34979",695681
"Cam Smith","HOU",66,287,257,60,41,10,2,8,34,32,24,1,76,4,2,1,,3,1,0.235065,0.0839318,0.263877,0.318071,0.30829,0.383079,0.304604,0.691368,0.148014,5.01799,0.299618,-0.240637,-0.195739,30.9395,-2.19227,95.7351,-0.436376,0.22314,-1.8332997858524323,-3.004637658596039,0.487797,999,,,,,,,281.5,4.265151515,281.5,4.265151515,,,,,,,,,,,,,,,,,,,"Cam Smith","35108",701358
"Giancarlo Stanton","NYY",51,220,197,45,24,7,0,14,27,36,21,1,65,1,1,0,,0,0,0.229824,0.0939709,0.295678,0.317815,0.305285,0.478266,0.336938,0.783551,0.248442,1.36441,0.263754,-1.08893,-0.292848,29.4743,4.01139,116.829,-1.38178,0,2.854440212249756,-5.509259223937988,0.48538,576.510009765625,,,,,,,272.9,5.350980392,272.9,5.350980392,,,,,,,,,,,,,,,,,,,"Giancarlo Stanton","4949",519317
"Kyle Isbel","KCR",64,276,252,59,39,12,3,5,33,27,17,0,57,3,2,3,,7,2,0.234537,0.0599372,0.207238,0.289219,0.286914,0.369541,0.288446,0.656454,0.135004,6.51645,0.280411,0.645069,0.253996,26.2012,-5.67234,78.4761,0.899064,0.398064,-5.883059322834015,1.383249044418335,0.485318,543.1400146484375,,,,,,,245,3.828125,245,3.828125,,,,,,,,,,,,,,,,,,,"Kyle Isbel","21614",664728
"Alec Burleson","STL",57,247,227,60,42,10,1,7,28,30,16,0,34,2,2,1,,3,1,0.26492,0.0647886,0.137286,0.471925,0.315577,0.412473,0.318316,0.728049,0.147553,3.89782,0.281643,-0.513305,-0.0945017,29.337,0.818524,103.8,-0.607807,-0.266626,0.4884682297706604,-3.8962559401988983,0.480191,247.38999938964844,,,,,,,266.4,4.67368421,266.4,4.67368421,,,,,,,,,,,,,,,,,,,"Alec Burleson","27615",676475
"Christopher Morel","TBR",35,152,135,31,18,6,1,7,19,20,14,0,43,2,1,0,,3,1,0.230747,0.0917729,0.284308,0.322794,0.308815,0.432848,0.322982,0.741664,0.202101,4.64415,0.28374,-0.0323855,-0.146523,18.6885,1.07416,111.075,-0.178908,-0.364237,1.749682143330574,-2.204977869987488,0.479294,267.8699951171875,,,,,,,178.4,5.097142857,178.4,5.097142857,,,,,,,,,,,,,,,,,,,"Christopher Morel","21897",666624
"Mitch Garver","SEA",34,138,119,25,15,5,0,5,15,17,17,0,39,2,1,0,,0,0,0.207493,0.122023,0.280976,0.434283,0.312824,0.383002,0.310334,0.695826,0.175509,2.09108,0.255987,-0.317493,-0.202694,15.549,-0.42375,104.528,-0.520187,-0.0388851,0.19478315114974976,-0.29104558005928993,0.467524,422.7900085449219,,,,,,,139.5,4.102941176,139.5,4.102941176,,,,,,,,,,,,,,,,,,,"Mitch Garver","15161",641598
"Nolan Schanuel","LAA",73,316,272,69,51,12,1,6,37,29,36,1,50,4,2,1,,4,1,0.25441,0.114992,0.159393,0.721436,0.34869,0.365856,0.320909,0.714546,0.111446,4.23235,0.291133,-0.794631,-0.125964,38.199,1.70212,103.864,-0.920595,-0.857822,0.4734663963317871,-6.498253762722015,0.465073,309.1099853515625,,,,,,,336.1,4.604109589,336.1,4.604109589,,,,,,,,,,,,,,,,,,,"Nolan Schanuel","33189",694384
"Ernie Clement","TOR",41,176,165,42,30,8,1,4,19,19,7,0,18,1,1,1,,4,1,0.255792,0.0399269,0.102954,0.387813,0.288916,0.380046,0.292141,0.668962,0.124254,4.75033,0.266861,-0.145747,0.0194354,17.2659,-3.10442,86.8173,-0.126312,0.903288,-2.781018167734146,1.3755106329917908,0.462949,372.2900085449219,,,,,,,165.5,4.036585365,165.5,4.036585365,,,,,,,,,,,,,,,,,,,"Ernie Clement","20352",676391
"Kyle Higashioka","TEX",42,167,155,34,20,7,0,7,17,22,10,0,43,0,1,1,,1,0,0.218266,0.0576506,0.255798,0.225376,0.264416,0.404171,0.290226,0.668587,0.185905,2.63363,0.250684,-0.405385,-0.12095,16.1162,-3.19967,84.1604,-0.526335,-0.207261,-3.5509722232818604,2.411258041858673,0.459044,368.2300109863281,,,,,,,153.4,3.652380952,153.4,3.652380952,,,,,,,,,,,,,,,,,,,"Kyle Higashioka","5517",543309
"Javier Báez","DET",46,201,187,44,30,9,1,5,22,23,9,0,47,3,1,0,,4,1,0.23508,0.0456811,0.234102,0.195133,0.279005,0.368876,0.284171,0.647881,0.133796,4.95561,0.285442,0.100961,0.113877,18.3899,-4.81634,81.0834,0.214838,0.185653,-4.12487567961216,1.8507766425609589,0.457474,631.5399780273438,,,,,,,179,3.891304347,179,3.891304347,,,,,,,,,,,,,,,,,,,"Javier Baez","12979",595879
"Gary Sánchez","BAL",35,141,124,26,16,4,0,6,15,18,12,0,38,3,1,0,,0,0,0.208939,0.0883322,0.270786,0.326206,0.292389,0.384233,0.299355,0.676622,0.175294,1.96291,0.247958,-0.40805,-0.195545,14.5717,-1.66396,93.1288,-0.603595,0.0747686,-1.7064427137374878,1.3471451625227928,0.448051,522.8200073242188,,,,,,,134.6,3.845714285,134.6,3.845714285,,,,,,,,,,,,,,,,,,,"Gary Sanchez","11442",596142
"Miguel Andujar","ATH",39,170,159,43,31,8,1,4,19,19,9,0,23,1,1,0,,2,1,0.272046,0.0543646,0.137879,0.394291,0.313192,0.402096,0.3128,0.715287,0.13005,3.91247,0.296556,-0.219562,-0.147705,19.4654,-0.186017,100.197,-0.367267,-0.180133,-0.32898885756731033,-1.0153178870677948,0.447814,530.1199951171875,,,,,,,179.3,4.597435897,179.3,4.597435897,,,,,,,,,,,,,,,,,,,"Miguel Andujar","15878",609280
"Pavin Smith","ARI",48,206,178,44,27,9,1,7,26,27,25,0,45,1,2,0,,1,0,0.245253,0.120839,0.219859,0.549622,0.338189,0.420379,0.333779,0.758567,0.175126,3.47269,0.287658,-0.563807,-0.239913,26.9899,3.22454,111.241,-0.80372,-0.0888341,1.8985402584075928,-4.312599517405033,0.444401,388.0400085449219,,,,,,,245.9,5.122916666,245.9,5.122916666,,,,,,,,,,,,,,,,,,,"Pavin Smith","19892",656976
"Brayan Rocchio","CLE",33,141,125,30,20,7,0,2,16,13,12,0,27,2,1,1,,3,1,0.236065,0.0847045,0.193004,0.438874,0.311332,0.347025,0.29444,0.658356,0.110959,4.59189,0.28263,-0.15339,-0.0639779,14.0892,-2.22702,88.3229,-0.217368,0.170139,-2.100882038474083,1.6831018328666687,0.444383,438.5400085449219,,,,,,,127,3.848484848,127,3.848484848,,,,,,,,,,,,,,,,,,,"Brayan Rocchio","23690",677587
"Miguel Amaya","CHC",24,94,83,20,13,4,0,3,10,12,7,0,19,2,1,1,,0,0,0.240722,0.0742046,0.19881,0.373244,0.311771,0.395473,0.311785,0.707244,0.154751,2.49308,0.276248,-0.207677,-0.14324,10.685,-0.179155,100.422,-0.350917,-0.363745,-0.30456987395882607,1.4726747870445251,0.439209,340.9800109863281,,,,,,,95.8,3.991666666,95.8,3.991666666,,,,,,,,,,,,,,,,,,,"Miguel Amaya","21693",665804
"Jose Trevino","CIN",37,146,134,32,22,6,0,4,16,17,9,0,24,1,1,1,,1,0,0.241796,0.0636933,0.163563,0.389412,0.294325,0.378423,0.29594,0.672748,0.136627,3.09726,0.264876,-0.354009,-0.208515,14.7437,-2.12771,80.4692,-0.562524,0.512167,-3.8957164883613586,3.3640190958976746,0.43832,579.6099853515625,,,,,,,132.1,3.57027027,132.1,3.57027027,,,,,,,,,,,,,,,,,,,"Jose Trevino","16725",624431
"Marcelo Mayer","BOS",67,290,266,66,42,16,1,7,34,31,20,2,65,2,2,0,,5,1,0.246179,0.0699733,0.224385,0.311845,0.301473,0.391655,0.302303,0.693128,0.145476,4.44737,0.298117,-0.101637,0.0846252,30.8106,-2.75557,86.8609,-0.0170119,-2.27186,-4.376947207376361,-1.0806537866592407,0.436392,999,,,,,,,294.2,4.391044776,294.2,4.391044776,,,,,,,,,,,,,,,,,,,"Marcelo Mayer","29668",691785
"Matt Vierling","DET",32,136,123,32,21,6,1,3,17,14,11,0,28,1,1,0,,2,1,0.256907,0.0776693,0.20572,0.377549,0.31823,0.405702,0.317565,0.723932,0.148795,5.09064,0.304142,0.00198953,-0.0620984,16.1172,0.370094,104.455,-0.0601089,-0.22541,0.6334110982716084,-0.9683116674423218,0.435979,389.1600036621094,,,,,,,144.5,4.515625,144.5,4.515625,,,,,,,,,,,,,,,,,,,"Matt Vierling","21558",663837
"Jake Fraley","CIN",48,207,184,46,31,9,1,5,25,22,20,0,39,2,1,0,,9,2,0.251588,0.0947632,0.18979,0.499306,0.328719,0.391547,0.318696,0.720266,0.139959,5.47223,0.292103,0.241282,0.502152,24.6541,0.748943,96.0337,0.743435,0.247887,-0.21567267179489136,-2.3835950642824173,0.429245,377.7200012207031,,,,,,,229.9,4.789583333,229.9,4.789583333,,,,,,,,,,,,,,,,,,,"Jake Fraley","19260",641584
"Jake Burger","TEX",52,225,206,49,27,9,1,12,27,31,13,0,60,4,2,0,,1,0,0.235634,0.0591074,0.266847,0.221503,0.291732,0.454429,0.321838,0.746161,0.218795,3.01562,0.271831,-0.381901,-0.309663,27.382,1.37989,106.285,-0.691564,-0.204609,0.9239524006843567,-4.300905346870422,0.426462,108.66000366210938,,,,,,,265.9,5.113461538,265.9,5.113461538,,,,,,,,,,,,,,,,,,,"Jake Burger","22275",669394
"Ramón Laureano","BAL",35,151,136,32,19,6,1,5,18,17,10,0,43,3,1,0,,4,1,0.231442,0.0684034,0.284637,0.240318,0.299482,0.405507,0.309677,0.704989,0.174066,5.36885,0.294802,-0.036885,0.127613,16.859,-0.540658,100.353,0.0907279,0.344185,0.15141069144010544,-1.0593646168708801,0.425839,626.47998046875,,,,,,,157.1,4.488571428,157.1,4.488571428,,,,,,,,,,,,,,,,,,,"Ramon Laureano","17128",657656
"Elias Díaz","SDP",41,161,148,34,24,6,0,4,16,18,11,0,35,1,1,0,,0,0,0.229691,0.0680946,0.214613,0.317291,0.285348,0.354173,0.282791,0.639521,0.124482,1.85331,0.272092,-0.55017,-0.223845,14.5811,-4.04321,81.7338,-0.774016,-0.170866,-4.21527099609375,2.9772822856903076,0.416208,481.6700134277344,,,,,,,133.4,3.253658536,133.4,3.253658536,,,,,,,,,,,,,,,,,,,"Elias Diaz","11680",553869
"Denzel Clarke","ATH",48,206,189,42,28,9,0,5,24,19,15,0,66,1,1,0,,9,1,0.221515,0.072258,0.323156,0.223601,0.282141,0.355148,0.282602,0.637289,0.133634,6.06869,0.311081,0.240846,0.950074,18.5594,-5.18599,79.0624,1.19092,0.154944,-3.7240493297576904,0.888894647359848,0.415294,739.5,,,,,,,181.6,3.783333333,181.6,3.783333333,,,,,,,,,,,,,,,,,,,"Denzel Clarke","29858",672016
"Brett Baty","NYM",46,200,179,41,28,7,0,6,22,21,17,0,52,2,1,0,,1,0,0.229013,0.0832591,0.258955,0.321519,0.299536,0.364231,0.294572,0.663766,0.135217,2.7178,0.288219,-0.24103,-0.249685,19.9391,-3.12734,89.6271,-0.490715,-0.381727,-2.9110040366649628,0.33123594522476196,0.406733,465.25,,,,,,,186.2,4.047826086,186.2,4.047826086,,,,,,,,,,,,,,,,,,,"Brett Baty","26123",683146
"Nathan Lukes","TOR",34,147,132,34,25,7,0,2,16,15,11,0,26,2,1,1,,2,1,0.260866,0.0768434,0.174088,0.441405,0.323793,0.367961,0.307191,0.691755,0.107095,3.92256,0.305864,-0.203817,-0.160841,16.1559,-0.8194,97.3504,-0.364658,1.13082,-0.809296190738678,-0.23337316513061523,0.399153,743.3200073242188,,,,,,,137.5,4.044117647,137.5,4.044117647,,,,,,,,,,,,,,,,,,,"Nathan Lukes","18123",664770
"Michael Conforto","LAD",44,190,166,38,23,8,0,7,23,24,20,1,46,3,1,0,,1,0,0.231062,0.105025,0.243636,0.431075,0.320576,0.410345,0.321506,0.730922,0.179283,3.33708,0.274672,-0.371745,-0.238088,23.0781,1.1151,106.215,-0.609833,-1.11146,0.7709450125694275,-3.1480342149734497,0.395514,272.1300048828125,,,,,,,206.7,4.697727272,206.7,4.697727272,,,,,,,,,,,,,,,,,,,"Michael Conforto","16376",624424
"Edmundo Sosa","PHI",28,120,110,28,18,5,1,3,14,13,5,0,28,3,1,1,,2,1,0.251333,0.0446414,0.235556,0.189515,0.30356,0.395772,0.307148,0.699332,0.144438,5.58684,0.310744,0.0826472,0.0240144,13.1676,-0.672228,94.082,0.106662,0.0741823,-0.7218443676829338,0.6056638211011887,0.392809,531.2100219726562,,,,,,,120.2,4.292857142,120.2,4.292857142,,,,,,,,,,,,,,,,,,,"Edmundo Sosa","17022",624641
"Kyle Stowers","MIA",64,279,250,58,35,12,1,10,31,35,23,0,85,4,2,0,,2,1,0.231491,0.0833565,0.304348,0.273885,0.304367,0.405386,0.311729,0.709753,0.173896,3.9232,0.30677,-0.418068,-0.329462,31.6596,-0.543478,95.1613,-0.747531,-0.188775,-2.3237268924713135,-2.9625405073165894,0.392787,552.760009765625,,,,,,,291.3,4.5515625,291.3,4.5515625,,,,,,,,,,,,,,,,,,,"Kyle Stowers","26151",669065
"Jon Berti","CHC",22,95,86,22,16,3,0,1,12,8,8,0,20,1,0,1,,6,1,0.251522,0.0820633,0.206183,0.398012,0.319888,0.346677,0.298463,0.666565,0.0951546,6.51279,0.310881,0.435552,0.538779,9.83502,-1.19891,91.3104,0.974331,0.431536,0.004447519779205322,0.6414122581481934,0.389908,573.9199829101562,,,,,,,90.9,4.131818181,90.9,4.131818181,,,,,,,,,,,,,,,,,,,"Jon Berti","12037",542932
"Cole Young","SEA",62,268,238,53,38,11,1,3,27,23,23,0,51,3,2,1,,5,2,0.223077,0.0867837,0.191421,0.453367,0.298903,0.318442,0.278496,0.617346,0.0953655,4.47148,0.268174,-0.184871,-0.170799,23.2849,-7.6301,82.2456,-0.35567,-0.426876,-5.7817981243133545,0.6348528265953064,0.389414,999,,,,,,,206.5,3.330645161,206.5,3.330645161,,,,,,,,,,,,,,,,,,,"Cole Young","31680",702284
"Austin Wynns","ATH",18,71,65,16,11,2,0,2,7,8,5,0,19,0,0,0,,0,0,0.23847,0.071594,0.260827,0.274489,0.297597,0.358409,0.291627,0.656006,0.119939,2.10086,0.305559,-0.168514,-0.103503,6.95058,-1.28429,85.3787,-0.272017,1.43419,-1.4623160064220428,2.8261648416519165,0.387913,750.3699951171875,,,,,,,64.2,3.566666666,64.2,3.566666666,,,,,,,,,,,,,,,,,,,"Austin Wynns","15271",642851
"Andrew Benintendi","CHW",60,261,236,60,41,11,1,7,29,29,22,1,44,1,2,0,,3,1,0.254891,0.0860838,0.166933,0.51568,0.320721,0.398079,0.315935,0.7188,0.143187,3.63686,0.283253,-0.254764,-0.200756,30.5651,0.369088,101.63,-0.45552,-1.31555,0.031059473752975464,-5.048884153366089,0.381337,402.7900085449219,,,,,,,275.3,4.588333333,275.3,4.588333333,,,,,,,,,,,,,,,,,,,"Andrew Benintendi","17901",643217
"Jose Siri","NYM",25,109,99,21,12,4,1,4,14,13,8,0,39,1,1,0,,4,1,0.208006,0.0690716,0.356384,0.193812,0.269658,0.393252,0.289734,0.662911,0.185246,6.67285,0.285909,0.380463,0.276774,10.4547,-2.12699,86.3179,0.657238,0.800518,-1.0840840935707092,1.1894068121910095,0.379018,441.3900146484375,,,,,,,105.3,4.212,105.3,4.212,,,,,,,,,,,,,,,,,,,"Jose Siri","17452",642350
"Austin Hays","CIN",48,207,189,49,30,11,1,7,25,26,13,0,48,3,1,0,,2,1,0.257631,0.0612398,0.234108,0.261588,0.312711,0.436877,0.325839,0.749588,0.179246,4.0578,0.307495,-0.303113,-0.172064,25.8355,1.93035,100.919,-0.475177,-0.246479,-0.2528730481863022,-2.877960652112961,0.374009,359.239990234375,,,,,,,237.8,4.954166666,237.8,4.954166666,,,,,,,,,,,,,,,,,,,"Austin Hays","19363",669720
"Jake Mangum","TBR",39,171,159,41,30,9,1,2,18,16,8,0,32,2,1,0,,7,2,0.259308,0.048612,0.188041,0.258518,0.301617,0.35591,0.290519,0.657527,0.0966021,5.58381,0.312051,0.047857,0.395787,16.4861,-3.22522,88.3556,0.443644,0.727576,-1.8254234492778778,-0.270572304725647,0.371496,999,,,,,,,158.9,4.074358974,158.9,4.074358974,,,,,,,,,,,,,,,,,,,"Jake Mangum","26202",663968
"Connor Wong","BOS",26,102,93,23,15,5,0,3,12,11,6,0,26,1,1,0,,2,1,0.245885,0.0613773,0.258764,0.237194,0.301593,0.389221,0.30352,0.690813,0.143336,4.61155,0.312742,-0.0102194,-0.0574133,10.8799,-0.865257,87.7131,-0.0676326,-0.307173,-1.4942775592207909,1.6781667172908783,0.370246,230.80999755859375,,,,,,,100.5,3.865384615,100.5,3.865384615,,,,,,,,,,,,,,,,,,,"Connor Wong","19896",657136
"Abraham Toro","BOS",46,201,182,45,29,10,1,5,22,22,15,0,37,2,1,0,,2,1,0.248053,0.0746181,0.185132,0.403053,0.310545,0.39049,0.308601,0.701035,0.142437,3.96674,0.287014,-0.294563,-0.29087,22.3124,-0.893801,91.2691,-0.585433,2.93785,-2.5884271264076233,-0.6229565143585205,0.360078,749.6500244140625,,,,,,,203.7,4.428260869,203.7,4.428260869,,,,,,,,,,,,,,,,,,,"Abraham Toro","19844",647351
"Javier Sanoja","MIA",32,137,128,34,25,7,1,2,15,13,8,0,16,1,1,0,,3,1,0.266411,0.0595426,0.116378,0.51163,0.311662,0.37045,0.300107,0.682112,0.104038,5.25327,0.293101,-0.0966078,-0.0536066,14.3413,-1.54553,87.2125,-0.150214,0.491504,-2.2052189260721207,1.141812413930893,0.354266,738.0499877929688,,,,,,,137.1,4.284375,137.1,4.284375,,,,,,,,,,,,,,,,,,,"Javier Sanoja","28253",691594
"Drew Waters","KCR",53,229,206,49,31,11,2,5,28,23,19,0,67,3,1,0,,6,2,0.237387,0.0815389,0.294718,0.276668,0.306976,0.383913,0.304917,0.690889,0.146526,6.53737,0.327253,0.0744844,0.160713,24.7304,-1.69118,90.0033,0.235198,-0.0439829,-2.375930055975914,-1.8199087791144848,0.353908,999,,,,,,,230.5,4.349056603,230.5,4.349056603,,,,,,,,,,,,,,,,,,,"Drew Waters","20505",671221
"Nick Castellanos","PHI",79,341,315,82,52,17,1,12,41,46,21,1,76,3,2,0,,3,1,0.259697,0.061515,0.223112,0.275713,0.310484,0.428846,0.321711,0.73933,0.169149,3.73911,0.306102,-0.90633,-0.207923,41.4799,2.05735,104.043,-1.11425,-4.43342,0.49793684482574463,-8.192679405212402,0.353721,172.5399932861328,,,,,,,386.9,4.897468354,386.9,4.897468354,,,,,,,,,,,,,,,,,,,"Nick Castellanos","11737",592206
"Victor Robles","SEA",17,74,65,17,12,3,0,1,9,6,5,0,15,2,1,1,,5,1,0.254392,0.0700815,0.195167,0.359085,0.324815,0.365899,0.308201,0.690715,0.111507,7.04151,0.3084,0.378373,0.603726,8.23297,-0.354529,103.035,0.982099,0.368931,1.239785075187683,-0.32119253277778625,0.352188,186.6199951171875,,,,,,,76,4.470588235,76,4.470588235,,,,,,,,,,,,,,,,,,,"Victor Robles","18363",645302
"Noelvi Marte","CIN",42,181,168,42,28,8,1,5,21,21,11,0,43,1,1,0,,6,2,0.25011,0.0619354,0.234752,0.263834,0.301047,0.395208,0.304942,0.696255,0.145098,5.39116,0.305692,0.260127,0.299393,19.6309,-1.33856,86.626,0.55952,-0.892365,-2.2773284912109375,-0.24421685934066772,0.351437,499.42999267578125,,,,,,,184.9,4.402380952,184.9,4.402380952,,,,,,,,,,,,,,,,,,,"Noelvi Marte","26517",682622
"Jordan Lawlar","ARI",21,92,82,21,14,4,0,2,12,10,8,0,23,1,0,0,,4,1,0.252887,0.0820166,0.246183,0.333153,0.322176,0.393207,0.315219,0.715384,0.14032,6.56306,0.321415,0.162577,0.410184,10.6867,0.0771294,98.5461,0.572761,0.348437,0.4167289137840271,-0.05819883942604065,0.347636,403.510009765625,,,,,,,97.8,4.657142857,97.8,4.657142857,,,,,,,,,,,,,,,,,,,"Jordan Lawlar","29976",691783
"Casey Schmitt","SFG",30,131,121,29,19,6,0,3,14,14,7,0,30,1,1,0,,1,0,0.238959,0.0507984,0.233089,0.217935,0.28445,0.378796,0.290387,0.663247,0.139837,3.8796,0.288464,-0.156546,-0.0411565,12.6138,-2.48417,85.2016,-0.197703,0.972888,-2.457778498530388,1.4395544230937958,0.335883,743.6099853515625,,,,,,,112.9,3.763333333,112.9,3.763333333,,,,,,,,,,,,,,,,,,,"Casey Schmitt","27577",669477
"Ryan Mountcastle","BAL",37,162,149,38,25,7,0,6,19,21,10,0,38,1,1,0,,1,0,0.258662,0.0644938,0.234215,0.275362,0.30822,0.425892,0.319026,0.734113,0.167231,3.36107,0.308039,-0.298246,-0.190791,19.3004,0.627632,106.896,-0.489036,0.16847,0.7839362025260925,-2.927209287881851,0.335536,227.75,,,,,,,175.4,4.74054054,175.4,4.74054054,,,,,,,,,,,,,,,,,,,"Ryan Mountcastle","18373",663624
"Joc Pederson","TEX",29,127,109,25,15,5,1,6,16,16,14,1,29,3,1,0,,1,0,0.231973,0.108942,0.230305,0.473035,0.332102,0.440198,0.337207,0.7723,0.208225,4.06974,0.261581,-0.277896,-0.126852,17.0184,2.33979,117.041,-0.404749,0,2.0680584609508514,-3.1759259700775146,0.323716,311.3399963378906,,,,,,,160.5,5.534482758,160.5,5.534482758,,,,,,,,,,,,,,,,,,,"Joc Pederson","11899",592626
"Jake McCarthy","ARI",25,107,96,25,18,4,1,2,14,10,7,0,18,2,1,1,,6,1,0.258614,0.0698727,0.170829,0.40902,0.323223,0.373921,0.309215,0.697143,0.115307,7.36225,0.303447,0.504366,0.537802,11.8853,-0.421757,94.4396,1.04217,-0.519039,0.3499438166618347,-0.7157982289791107,0.322024,220.74000549316406,,,,,,,115.7,4.628,115.7,4.628,,,,,,,,,,,,,,,,,,,"Jake McCarthy","21622",664983
"Christian Vázquez","MIN",40,158,146,34,24,6,0,3,15,15,9,0,32,1,1,1,,1,1,0.232283,0.0566371,0.201138,0.281584,0.277774,0.338415,0.272214,0.616189,0.106131,3.03957,0.27525,-0.736724,-0.262124,12.9429,-5.29342,72.2062,-0.998848,0.738696,-6.0095521211624146,3.821257531642914,0.317808,639.0999755859375,,,,,,,119.1,2.9775,119.1,2.9775,,,,,,,,,,,,,,,,,,,"Christian Vazquez","9774",543877
"Luisangel Acuña","NYM",26,113,104,26,19,5,1,2,14,10,7,0,21,0,1,0,,6,1,0.251819,0.0612216,0.190154,0.321958,0.299492,0.353557,0.289186,0.65305,0.101739,6.46419,0.301295,0.31998,0.455537,10.7539,-2.24715,85.9433,0.775517,-0.0792774,-1.0731085538864136,0.42627816647291183,0.31313,417.0899963378906,,,,,,,110.2,4.238461538,110.2,4.238461538,,,,,,,,,,,,,,,,,,,"Luisangel Acuna","26548",682668
"Tyler Heineman","TOR",22,87,77,17,12,3,0,1,9,8,7,0,20,2,1,1,,1,0,0.219583,0.084523,0.231203,0.365579,0.300182,0.316693,0.279508,0.616875,0.0971102,4.01816,0.277022,-0.127774,0.025694,7.669,-2.41916,77.9761,-0.10208,0.588675,-2.2985291481018066,2.293922185897827,0.301121,747.0800170898438,,,,,,,65.2,2.963636363,65.2,2.963636363,,,,,,,,,,,,,,,,,,,"Tyler Heineman","13897",623168
"Jared Triolo","PIT",35,151,135,32,23,6,1,3,16,14,14,0,37,1,1,0,,3,1,0.23912,0.0911589,0.246114,0.370394,0.313859,0.3523,0.297994,0.666159,0.11318,5.02892,0.309062,-0.039898,0.123219,15.457,-1.94767,85.8026,0.0833212,0.608641,-2.4162260368466377,0.40370287001132965,0.300043,630.4500122070312,,,,,,,143.4,4.097142857,143.4,4.097142857,,,,,,,,,,,,,,,,,,,"Jared Triolo","25807",669707
"Chas McCormick","HOU",24,102,90,21,15,3,0,3,12,11,9,0,27,2,1,0,,3,1,0.237212,0.0844571,0.262444,0.321811,0.312205,0.381492,0.307762,0.693697,0.14428,5.50304,0.300177,-0.0485199,0.0881305,11.2225,-0.520428,97.9452,0.0396106,0.269186,-0.19892406091094017,-0.30118414759635925,0.299102,433.80999755859375,,,,,,,100.4,4.183333333,100.4,4.183333333,,,,,,,,,,,,,,,,,,,"Chas McCormick","19599",676801
"Jordan Walker","STL",54,232,212,52,34,11,1,7,24,25,16,0,56,3,2,0,,3,1,0.244744,0.0706773,0.242721,0.291187,0.304794,0.396431,0.307977,0.701225,0.151687,4.25854,0.301235,-0.222225,-0.217207,25.6911,-1.14978,96.728,-0.439432,-0.878456,-1.3278025388717651,-3.3673447966575623,0.297342,295.69000244140625,,,,,,,242.5,4.49074074,242.5,4.49074074,,,,,,,,,,,,,,,,,,,"Jordan Walker","27475",691023
"Chandler Simpson","TBR",20,87,80,22,18,3,0,0,11,6,5,0,10,0,1,1,,8,2,0.276753,0.061175,0.120407,0.508069,0.321915,0.337806,0.293726,0.65972,0.0610532,7.10598,0.313421,0.694395,0.840364,8.6418,-1.42355,90.6004,1.53476,-0.122524,0.5994585156440735,-0.6410422772169113,0.296596,999,,,,,,,76.5,3.825,76.5,3.825,,,,,,,,,,,,,,,,,,,"Chandler Simpson","31912",802415
"Jonatan Clase","TOR",30,129,117,27,18,6,0,3,16,12,10,0,37,1,0,0,,8,2,0.226952,0.0807992,0.285241,0.283267,0.292284,0.344661,0.284148,0.636944,0.117709,6.18203,0.307557,0.441036,0.680639,11.7683,-3.08504,81.2234,1.12168,1.06566,-1.6354485750198364,0.16056883335113525,0.290803,709.0700073242188,,,,,,,122.4,4.08,122.4,4.08,,,,,,,,,,,,,,,,,,,"Jonatan Clase","26599",682729
"James McCann",,21,84,77,18,12,4,0,2,9,9,5,0,21,1,1,0,,1,0,0.236827,0.0585495,0.248885,0.235247,0.292413,0.367398,0.291574,0.659812,0.130571,3.76903,0.294983,-0.20473,-0.0215918,8.18384,-1.51632,82.374,-0.226321,0.383635,-1.9558204412460327,2.0232954025268555,0.290787,744.8300170898438,,,,,,,74.1,3.528571428,74.1,3.528571428,,,,,,,,,,,,,,,,,,,"James McCann","12859",543510
"Austin Slater","CHW",33,142,124,30,21,5,0,3,17,14,15,0,39,2,1,0,,3,1,0.240098,0.103046,0.273809,0.376341,0.327554,0.367096,0.311327,0.69465,0.126998,4.17796,0.318506,0.0777007,-0.00720149,16.0347,-0.321508,98.4052,0.0704992,-0.219996,-0.18736819922924042,-1.7366622388362885,0.28906,747.72998046875,,,,,,,140.6,4.26060606,140.6,4.26060606,,,,,,,,,,,,,,,,,,,"Austin Slater","16153",596103
"Rob Refsnyder","BOS",23,100,88,23,15,5,0,3,12,12,10,0,25,2,1,0,,2,0,0.264036,0.0968579,0.24546,0.394597,0.34572,0.423255,0.338396,0.768975,0.159219,4.55758,0.332268,-0.155677,-0.0578481,13.5481,1.94498,112.121,-0.213525,-0.406587,1.1768595725297928,-1.7643031179904938,0.285848,735.4199829101562,,,,,,,123.3,5.360869565,123.3,5.360869565,,,,,,,,,,,,,,,,,,,"Rob Refsnyder","13770",608701
"Randal Grichuk","ARI",32,140,128,33,20,7,1,5,17,18,9,0,28,1,1,0,,0,0,0.255477,0.0637376,0.199795,0.319015,0.309055,0.433785,0.322713,0.742841,0.178308,3.65467,0.290155,-0.275123,-0.142645,17.08,0.953446,103.672,-0.417768,-0.124587,0.18127325177192688,-2.0397105738520622,0.278663,575.7000122070312,,,,,,,159.8,4.99375,159.8,4.99375,,,,,,,,,,,,,,,,,,,"Randal Grichuk","10243",545341
"Luke Keaschall","MIN",17,73,64,16,11,3,0,2,9,8,7,0,15,2,0,0,,3,1,0.251577,0.0973172,0.205686,0.473134,0.339321,0.384211,0.322331,0.723532,0.132634,4.94915,0.303425,0.0520276,0.140374,8.967,0.479361,107.281,0.192402,-0.0456649,0.8033471703529358,-0.5703562051057816,0.27796,999,,,,,,,83,4.882352941,83,4.882352941,,,,,,,,,,,,,,,,,,,"Luke Keaschall","33321",807712
"David Fry","CLE",32,137,121,30,19,7,0,4,16,17,13,1,32,3,1,0,,1,0,0.250116,0.0913226,0.232836,0.392219,0.331071,0.416232,0.327036,0.747304,0.166116,3.64437,0.302551,-0.166965,-0.0472907,17.3012,1.41437,111.135,-0.214256,0,1.5345792025327682,-3.4373457431793213,0.277238,512.1400146484375,,,,,,,154.8,4.8375,154.8,4.8375,,,,,,,,,,,,,,,,,,,"David Fry","24934",681807
"Willie MacIver","ATH",16,62,55,13,9,2,0,2,7,6,5,0,14,1,0,0,,1,0,0.235253,0.0825439,0.229389,0.359842,0.305039,0.374036,0.300329,0.679076,0.138783,4.51441,0.285452,0,-0.00976111,6.43099,-0.680935,91.4695,-0.00976111,0,-0.609522064216435,1.2021604776382446,0.274203,999,,,,,,,62.3,3.89375,62.3,3.89375,,,,,,,,,,,,,,,,,,,"Willie MacIver","24641",680862
"Blake Perkins","MIL",21,91,80,18,13,3,0,2,11,9,9,0,23,1,1,0,,4,1,0.228956,0.102106,0.257061,0.397207,0.311124,0.347225,0.294757,0.658349,0.118269,6.14939,0.299253,0.207851,0.275314,9.07662,-1.40811,85.8267,0.483166,0.375408,-1.0200338959693909,0.6994819045066833,0.273419,653.9299926757812,,,,,,,83.1,3.957142857,83.1,3.957142857,,,,,,,,,,,,,,,,,,,"Blake Perkins","19921",663368
"Andruw Monasterio","MIL",25,109,97,22,16,4,0,2,12,11,11,0,27,1,0,0,,3,1,0.229459,0.099127,0.252033,0.393309,0.313473,0.32915,0.291124,0.642623,0.099691,4.49973,0.30197,0.00840287,0.0348828,10.5757,-2.00593,83.3422,0.0432857,0.481334,-2.076751884073019,1.129482388496399,0.269641,750.3099975585938,,,,,,,95.5,3.82,95.5,3.82,,,,,,,,,,,,,,,,,,,"Andruw Monasterio","19455",655316
"Jacob Melton","HOU",21,91,84,18,12,4,0,3,10,9,6,0,24,0,0,0,,4,1,0.218645,0.0667821,0.266265,0.25081,0.272348,0.362578,0.279672,0.634925,0.143933,5.90152,0.272682,0.184935,0.48953,7.98233,-2.5024,78.2856,0.674465,1.55192,-1.5762470364570618,1.1500694155693054,0.26917,999,,,,,,,79.4,3.78095238,79.4,3.78095238,,,,,,,,,,,,,,,,,,,"Jacob Melton","31661",689200
"David Hamilton","BOS",17,72,65,15,10,3,1,2,9,6,6,0,18,0,1,0,,6,1,0.227647,0.0820498,0.248758,0.329838,0.293529,0.366699,0.291658,0.660227,0.139052,8.09131,0.286885,0.524191,0.682477,6.99718,-1.29075,79.4114,1.20667,0.373714,-0.48022496700286865,0.6811210513114929,0.268654,375.3900146484375,,,,,,,78.8,4.635294117,78.8,4.635294117,,,,,,,,,,,,,,,,,,,"David Hamilton","27531",666152
"Michael Massey","KCR",36,156,145,35,22,8,1,5,17,19,8,0,28,2,1,1,,1,0,0.244198,0.0487499,0.181643,0.268383,0.287869,0.40116,0.299658,0.689028,0.156961,4.08982,0.272324,-0.0773914,-0.107421,16.2234,-1.81038,86.3232,-0.184812,-0.00735903,-2.6230908185243607,-0.02032199688255787,0.26446,388.0299987792969,,,,,,,158.8,4.411111111,158.8,4.411111111,,,,,,,,,,,,,,,,,,,"Michael Massey","27684",686681
"Masataka Yoshida","BOS",35,151,136,38,26,7,0,4,18,19,11,0,19,3,1,0,,1,0,0.279812,0.0754761,0.128331,0.588137,0.344702,0.422691,0.337287,0.767393,0.142878,3.18827,0.300574,-0.573878,-0.126394,20.1887,2.784,111.345,-0.700272,-0.000932721,1.251831591129303,-3.7154388705384918,0.264336,487.239990234375,,,,,,,178.6,5.102857142,178.6,5.102857142,,,,,,,,,,,,,,,,,,,"Masataka Yoshida","31837",807799
"Christian Encarnacion-Strand","CIN",48,207,191,49,30,9,1,9,24,30,12,0,54,3,2,0,,1,0,0.255022,0.055589,0.258997,0.214631,0.303943,0.450759,0.326233,0.754702,0.195737,3.41109,0.30591,-0.354637,-0.247734,25.9007,1.99549,101.189,-0.602371,-0.0324311,-0.3149355947971344,-3.8824310153722763,0.263183,213.66000366210938,,,,,,,246.7,5.139583333,246.7,5.139583333,,,,,,,,,,,,,,,,,,,"Christian Encarnacion-Strand","30011",687952
"Oswald Peraza","NYY",32,140,126,28,19,5,0,4,16,14,10,0,34,2,1,0,,4,1,0.223356,0.0735309,0.243008,0.302587,0.290809,0.356672,0.287771,0.647481,0.133316,4.81922,0.272655,0.087184,0.0647854,13.1813,-2.94521,82.4192,0.151969,-0.0716368,-2.650844171643257,0.5055236741900444,0.259199,733.0800170898438,,,,,,,123.7,3.865625,123.7,3.865625,,,,,,,,,,,,,,,,,,,"Oswald Peraza","22823",672724
"Starling Marte","NYM",37,160,145,37,27,6,1,3,19,17,10,0,33,3,1,1,,7,1,0.256568,0.0631169,0.207706,0.303876,0.316774,0.376727,0.306945,0.693501,0.120159,6.15091,0.309649,0.489196,0.543824,17.531,-0.922117,98.0903,1.03302,-0.0274705,0.6765453219413757,-3.3978408463299274,0.257066,457,,,,,,,163,4.405405405,163,4.405405405,,,,,,,,,,,,,,,,,,,"Starling Marte","9241",516782
"Braxton Fulford","COL",25,100,89,21,14,4,0,3,11,10,8,0,23,1,1,0,,2,1,0.235253,0.0825439,0.229389,0.359842,0.305039,0.374036,0.300329,0.679076,0.138783,4.51441,0.285452,0,-0.0157882,10.4019,-1.10138,76.7706,-0.0157882,0,-2.718786582350731,1.9444444179534912,0.256061,999,,,,,,,96.4,3.856,96.4,3.856,,,,,,,,,,,,,,,,,,,"Braxton Fulford","29704",690924
"Taylor Walls","TBR",22,94,82,17,11,4,1,2,11,8,11,0,23,0,1,0,,5,1,0.20474,0.113575,0.247844,0.458253,0.296197,0.315427,0.277236,0.611624,0.110686,6.45709,0.263674,0.308437,0.354639,8.11784,-2.78628,79.0592,0.663076,0.106123,-1.5942732095718384,0.8839009255170822,0.252177,699.02001953125,,,,,,,89,4.045454545,89,4.045454545,,,,,,,,,,,,,,,,,,,"Taylor Walls","22458",670764
"Tyler Freeman","COL",53,229,203,54,38,10,2,5,28,23,16,0,32,7,2,1,,7,2,0.266242,0.0692154,0.139444,0.496367,0.337527,0.399423,0.326105,0.73695,0.133181,5.88014,0.29372,0.231694,0.187369,28.6036,2.18208,94.4002,0.419062,-0.321854,-1.0775714814662933,-3.938521057367325,0.251722,603,,,,,,,263.5,4.971698113,263.5,4.971698113,,,,,,,,,,,,,,,,,,,"Tyler Freeman","22532",671289
"Richie Palacios","TBR",19,83,72,18,12,4,0,1,10,8,9,0,15,1,1,0,,3,1,0.242079,0.111915,0.184293,0.607269,0.335091,0.362295,0.312439,0.697386,0.120216,6.18811,0.287341,0.11195,0.293572,9.53054,-0.115415,103.696,0.405522,-0.246173,0.7580099701881409,-1.1924690008163452,0.243233,517.989990234375,,,,,,,82.7,4.352631578,82.7,4.352631578,,,,,,,,,,,,,,,,,,,"Richie Palacios","24589",680700
"Ryan Noda","CHW",37,160,136,27,13,7,0,7,19,17,21,0,56,1,0,0,,1,0,0.195774,0.134333,0.353451,0.380062,0.310249,0.403054,0.316111,0.713303,0.20728,2.49804,0.269002,-0.221947,-0.23886,18.7012,0.248074,101.753,-0.460807,0.0612264,-0.14093318581581116,-2.842477262020111,0.241668,748.8599853515625,,,,,,,169.2,4.572972972,169.2,4.572972972,,,,,,,,,,,,,,,,,,,"Ryan Noda","23312",676116
"Henry Davis","PIT",38,152,134,29,19,6,0,4,16,16,13,1,40,3,1,0,,2,1,0.22004,0.087076,0.265707,0.327715,0.302652,0.354554,0.292812,0.657206,0.134514,3.75201,0.281343,-0.155229,-0.178274,14.944,-2.59088,82.2585,-0.333502,-1.62303,-3.4803866147994995,0.8618439435958862,0.240881,541.4000244140625,,,,,,,132.4,3.484210526,132.4,3.484210526,,,,,,,,,,,,,,,,,,,"Henry Davis","29617",680779
"Jose Iglesias","SDP",33,143,134,36,27,7,0,1,15,14,6,0,23,2,1,0,,2,1,0.265309,0.0390708,0.15827,0.246861,0.304814,0.35304,0.291373,0.657854,0.0877314,4.04996,0.308494,-0.289009,-0.0985497,13.9407,-2.61024,87.6043,-0.387558,-0.124964,-2.4628557562828064,0.09802977740764618,0.238458,643.3099975585938,,,,,,,122.3,3.706060606,122.3,3.706060606,,,,,,,,,,,,,,,,,,,"Jose Iglesias","10231",578428
"Chase DeLauter","CLE",15,63,58,15,9,4,0,2,8,8,5,0,12,0,0,0,,1,0,0.256951,0.0818808,0.183385,0.446496,0.318907,0.423709,0.32597,0.742616,0.166758,4.0448,0.291037,0,0.111036,7.89541,0.596037,110.389,0.111036,0,0.8607443943619728,-0.6768518686294556,0.237333,999,,,,,,,73.3,4.886666666,73.3,4.886666666,,,,,,,,,,,,,,,,,,,"Chase DeLauter","sa3021053",800050
"Mauricio Dubón","HOU",34,145,136,35,26,7,0,2,16,14,7,0,19,1,1,1,,2,1,0.257688,0.0459839,0.131284,0.350263,0.294769,0.360452,0.28832,0.655221,0.102764,4.43617,0.284115,-0.139864,-0.0994546,13.7754,-3.00013,84.3378,-0.239318,0.232157,-2.8367458283901215,0.2840088829398155,0.236268,457.1700134277344,,,,,,,124.1,3.65,124.1,3.65,,,,,,,,,,,,,,,,,,,"Mauricio Dubon","16530",643289
"Dairon Blanco","KCR",11,47,43,11,7,2,0,1,7,4,3,0,12,1,0,0,,7,1,0.251541,0.0624657,0.244325,0.255666,0.308058,0.38141,0.304097,0.689469,0.129869,8.63557,0.320061,0.4181,0.88601,5.07217,-0.37989,89.4297,1.30411,0.193174,0.7343891263008118,-0.053122296929359436,0.233789,659.2100219726562,,,,,,,56.3,5.118181818,56.3,5.118181818,,,,,,,,,,,,,,,,,,,"Dairon Blanco","19779",680118
"Sam Haggerty","TEX",36,156,140,33,22,6,1,4,17,16,13,0,36,2,1,1,,3,1,0.235253,0.0825439,0.229389,0.359842,0.305039,0.374036,0.300329,0.679076,0.138783,4.51441,0.285452,0,-0.0247512,16.3071,-1.72665,91.2315,-0.0247512,0,-1.5879839062690735,-1.3611111640930176,0.232696,999,,,,,,,153.4,4.261111111,153.4,4.261111111,,,,,,,,,,,,,,,,,,,"Sam Haggerty","18054",664059
"Enrique Hernández","LAD",32,140,127,29,19,6,0,4,16,17,10,0,28,1,1,0,,0,0,0.23132,0.074069,0.200976,0.368547,0.290465,0.383465,0.296248,0.673931,0.152146,2.86078,0.262221,-0.141307,-0.144054,14.1577,-2.00374,88.9391,-0.28536,0.224097,-2.093603730201721,-0.22420519590377808,0.231951,556.4500122070312,,,,,,,123.4,3.85625,123.4,3.85625,,,,,,,,,,,,,,,,,,,"Enrique Hernandez","10472",571771
"Jonah Bride","MIN",14,59,51,12,8,2,0,1,6,6,6,0,12,1,0,0,,0,0,0.233086,0.109781,0.205765,0.533527,0.331814,0.358544,0.310881,0.690357,0.125457,2.11933,0.279667,-0.172642,-0.108428,6.6357,-0.154412,99.2679,-0.281069,0.777862,-0.33021386340260506,0.5942203998565674,0.230433,460.9800109863281,,,,,,,52.4,3.742857142,52.4,3.742857142,,,,,,,,,,,,,,,,,,,"Jonah Bride","24703",681146
"Rafael Marchán","PHI",18,73,65,15,11,3,0,1,7,7,6,0,13,1,1,0,,0,0,0.229931,0.083601,0.17219,0.485515,0.304998,0.324765,0.284047,0.629763,0.0948333,2.54297,0.268257,-0.152182,-0.108057,6.6777,-1.75802,78.2815,-0.260239,0.488018,-2.1135124266147614,1.913944035768509,0.226047,707.3800048828125,,,,,,,58.1,3.227777777,58.1,3.227777777,,,,,,,,,,,,,,,,,,,"Rafael Marchan","21646",665561
"Johnathan Rodríguez","CLE",10,45,41,9,6,2,0,1,5,5,4,0,14,0,0,0,,0,0,0.234,0.0883462,0.317673,0.278104,0.302479,0.385555,0.304251,0.688034,0.151555,1.7115,0.321189,-0.0481308,-0.0712439,4.79897,-0.353525,95.1891,-0.119375,1.58189,-0.3644253760576248,1.0510305762290955,0.225387,678.4199829101562,,,,,,,36.6,3.66,36.6,3.66,,,,,,,,,,,,,,,,,,,"Johnathan Rodriguez","22530",671286
"Colson Montgomery","CHW",41,178,157,32,21,6,1,4,17,16,15,0,55,3,1,0,,2,0,0.202477,0.0867901,0.309345,0.280561,0.285994,0.328388,0.275835,0.614382,0.125911,4.09672,0.278446,-0.15805,-0.109921,15.0998,-5.45027,73.5655,-0.267971,-0.016793,-5.638278424739838,1.8887626342475414,0.224751,576.3300170898438,,,,,,,140.7,3.431707317,140.7,3.431707317,,,,,,,,,,,,,,,,,,,"Colson Montgomery","sa3017170",695657
"Brady House","WSN",60,261,244,56,37,11,0,7,26,28,13,1,74,3,1,0,,1,0,0.229569,0.0500514,0.281503,0.177801,0.277301,0.366135,0.282629,0.643436,0.136566,2.71769,0.297602,-0.2563,-0.298861,23.6069,-6.58913,78.2751,-0.555161,0.097967,-7.190994739532471,0.8238929286599159,0.221758,999,,,,,,,217.2,3.62,217.2,3.62,,,,,,,,,,,,,,,,,,,"Brady House","29993",691781
"Andrew Knizner","SFG",13,50,45,10,7,2,0,1,5,5,4,0,11,1,0,0,,1,0,0.235253,0.0825439,0.229389,0.359842,0.305039,0.374036,0.300329,0.679076,0.138783,4.51441,0.285452,0,-0.00789409,5.20093,-0.550691,92.0021,-0.00789409,0,-0.47321733087301254,0.9722222089767456,0.220115,999,,,,,,,43.1,3.315384615,43.1,3.315384615,,,,,,,,,,,,,,,,,,,"Andrew Knizner","19514",668800
"Brendan Rodgers","HOU",21,91,83,20,14,4,0,2,10,10,6,0,22,1,1,0,,0,0,0.243574,0.0664768,0.237324,0.28011,0.29939,0.370163,0.29574,0.669553,0.126589,2.70296,0.302056,-0.136644,-0.109122,9.14792,-1.33681,89.5309,-0.245766,0.0971027,-1.330889731645584,0.4211767613887787,0.218925,561.8900146484375,,,,,,,80.4,3.828571428,80.4,3.828571428,,,,,,,,,,,,,,,,,,,"Brendan Rodgers","17907",663898
"Thomas Saggese","STL",24,105,98,24,16,5,1,3,12,12,5,0,26,1,1,0,,1,0,0.246629,0.0509121,0.246202,0.20679,0.293756,0.392999,0.300237,0.686754,0.14637,4.57498,0.307139,-0.100833,-0.0924449,10.99,-1.17229,91.4341,-0.193278,-0.0219231,-1.2471157014369965,-0.11266387812793255,0.214507,694.5,,,,,,,104.7,4.3625,104.7,4.3625,,,,,,,,,,,,,,,,,,,"Thomas Saggese","27883",695336
"Jesse Winker","NYM",24,105,89,21,14,4,0,3,12,11,14,0,22,2,1,0,,2,0,0.235287,0.129658,0.212944,0.608882,0.344238,0.380397,0.324236,0.724635,0.14511,4.24402,0.282176,-0.359672,-0.046661,13.0095,0.847229,109.917,-0.406333,-0.222244,0.8137051463127136,-2.1796508580446243,0.213867,400.7099914550781,,,,,,,120.2,5.008333333,120.2,5.008333333,,,,,,,,,,,,,,,,,,,"Jesse Winker","13590",608385
"LaMonte Wade Jr.","LAA",28,121,102,23,16,4,0,3,14,12,16,1,26,1,1,1,,1,0,0.229767,0.135381,0.212096,0.638304,0.341425,0.370201,0.318123,0.711627,0.140434,3.22153,0.27539,-0.281813,-0.174081,14.3878,0.383221,101.914,-0.455894,0.0746183,-0.19088205695152283,-1.8011533468961716,0.21169,433.6000061035156,,,,,,,119.5,4.267857142,119.5,4.267857142,,,,,,,,,,,,,,,,,,,"LaMonte Wade Jr.","18126",664774
"Alan Roden","TOR",28,121,108,27,18,6,0,2,14,12,10,0,21,2,1,0,,2,0,0.247589,0.0848093,0.172594,0.49138,0.324921,0.369864,0.309179,0.694785,0.122275,4.64571,0.286145,-0.090477,0.0382185,13.5212,-0.483388,98.7417,-0.0522584,0.201929,-0.2264677919447422,-1.778781235218048,0.210316,999,,,,,,,119.2,4.257142857,119.2,4.257142857,,,,,,,,,,,,,,,,,,,"Alan Roden","31564",702176
"Wilmer Flores","SFG",49,211,189,45,29,8,0,7,23,27,17,0,34,2,2,0,,1,0,0.237644,0.0806645,0.160251,0.503364,0.305781,0.398047,0.309201,0.703828,0.160403,2.44841,0.251504,-0.672787,-0.239664,23.4886,-0.83597,98.0698,-0.912452,0.210376,-1.3873862624168396,-3.445179745554924,0.209447,619.8200073242188,,,,,,,210.9,4.304081632,210.9,4.304081632,,,,,,,,,,,,,,,,,,,"Wilmer Flores","5827",527038
"Gio Urshela","ATH",25,106,99,26,19,5,0,2,10,11,6,0,17,0,1,0,,0,0,0.262126,0.0554633,0.161808,0.342773,0.30398,0.37527,0.29823,0.67925,0.113144,2.87733,0.29846,-0.297918,-0.125732,10.9278,-1.35435,90.0002,-0.42365,-0.174511,-1.6378150284290314,0.0785752385854721,0.205166,522.22998046875,,,,,,,97.9,3.916,97.9,3.916,,,,,,,,,,,,,,,,,,,"Gio Urshela","10681",570482
"Mark Canha","KCR",25,109,94,23,17,5,0,2,12,11,11,0,21,3,1,0,,1,0,0.250265,0.100837,0.190892,0.52824,0.346475,0.367424,0.321191,0.713899,0.117159,3.79741,0.29972,-0.159691,-0.0335877,13.193,0.611347,101.393,-0.193279,-0.252014,-0.02000361680984497,-1.626088172197342,0.205097,613.0499877929688,,,,,,,112,4.48,112,4.48,,,,,,,,,,,,,,,,,,,"Mark Canha","11445",592192
"Amed Rosario","WSN",21,91,86,23,17,4,1,1,10,9,4,0,17,1,1,0,,3,1,0.262765,0.0397517,0.183374,0.21678,0.295353,0.371286,0.292361,0.666639,0.108521,5.85563,0.310169,0.113146,0.128478,8.90284,-1.58189,84.9318,0.241624,0.0603852,-1.356481209397316,0.3326074331998825,0.200335,571.9000244140625,,,,,,,87.4,4.161904761,87.4,4.161904761,,,,,,,,,,,,,,,,,,,"Amed Rosario","15518",642708
"Justin Turner","CHC",43,187,165,41,29,8,0,4,22,21,18,0,34,3,2,0,,1,0,0.248975,0.0953112,0.183259,0.520089,0.330386,0.366621,0.311564,0.697007,0.117646,2.36102,0.289989,-0.843657,-0.329036,21.2536,-0.389911,100.271,-1.17269,0.131848,-1.113360058516264,-3.1868246495723724,0.186333,537.5399780273438,,,,,,,190.3,4.425581395,190.3,4.425581395,,,,,,,,,,,,,,,,,,,"Justin Turner","5235",457759
"Romy Gonzalez","BOS",32,140,129,32,21,7,1,4,17,17,8,0,39,1,1,0,,6,2,0.251049,0.0571522,0.277737,0.205778,0.297353,0.401521,0.304937,0.698874,0.150473,6.37953,0.327108,0.214666,0.377292,15.1293,-1.03219,88.7046,0.591958,0.426945,-1.212702989578247,-1.6608641147613525,0.18457,672.9099731445312,,,,,,,146.6,4.58125,146.6,4.58125,,,,,,,,,,,,,,,,,,,"Romy Gonzalez","21562",663853
"Eli White","ATL",15,67,60,14,10,3,0,1,8,6,5,0,18,1,0,0,,3,1,0.239257,0.0782145,0.275906,0.283483,0.310178,0.370254,0.302433,0.680432,0.130996,6.73668,0.318592,0.0980175,0.223563,7.10123,-0.627517,90.2474,0.321581,0.138903,-0.4408787786960602,0.006187379360198975,0.180933,750.8099975585938,,,,,,,57.4,3.826666666,57.4,3.826666666,,,,,,,,,,,,,,,,,,,"Eli White","19346",642201
"Andrew McCutchen","PIT",59,255,220,52,34,10,0,8,29,27,30,0,59,3,2,0,,3,1,0.237518,0.117639,0.229818,0.511878,0.333692,0.389908,0.322396,0.7236,0.15239,3.36566,0.286878,-0.900848,-0.186094,31.0972,1.67501,102.493,-1.08694,0.00766057,-0.34486281871795654,-6.204531006980687,0.180176,589.6199951171875,,,,,,,277.3,4.7,277.3,4.7,,,,,,,,,,,,,,,,,,,"Andrew McCutchen","9847",457705
"Santiago Espinal","CIN",34,145,133,35,26,7,0,2,15,15,10,0,19,1,1,1,,3,1,0.262507,0.068509,0.13334,0.513791,0.316118,0.360951,0.300388,0.677069,0.0984448,3.64787,0.292299,-0.0888571,-0.0206624,15.1762,-1.59941,83.5112,-0.10952,-0.0887561,-2.907566599547863,-0.11468201130628586,0.176717,657.530029296875,,,,,,,138,4.058823529,138,4.058823529,,,,,,,,,,,,,,,,,,,"Santiago Espinal","19997",669289
"Edouard Julien","MIN",12,51,44,10,7,2,0,1,6,5,6,0,16,0,0,0,,1,0,0.229762,0.12452,0.314433,0.396014,0.3302,0.365793,0.312335,0.695994,0.136031,3.9819,0.327504,-0.0351205,-0.0234641,5.86602,-0.075332,100.286,-0.0585847,-0.163197,-0.04180779680609703,0.020445197820663452,0.175405,567.760009765625,,,,,,,47.1,3.925,47.1,3.925,,,,,,,,,,,,,,,,,,,"Edouard Julien","27534",666397
"Juan Brito","CLE",16,71,62,14,10,3,0,1,8,6,7,0,13,1,0,0,,1,0,0.233014,0.104171,0.190411,0.547087,0.323129,0.355477,0.305301,0.678606,0.122462,3.28678,0.27591,-0.0529087,-0.0743757,7.65764,-0.500476,95.9241,-0.127284,-0.424736,-0.4560086727142334,-0.2787483036518097,0.167548,999,,,,,,,60.4,3.775,60.4,3.775,,,,,,,,,,,,,,,,,,,"Juan Brito","sa3009808",682877
"Liam Hicks","MIA",45,184,161,38,28,8,0,2,18,17,18,0,29,3,1,0,,1,0,0.238243,0.0977622,0.155334,0.629367,0.325323,0.327666,0.29642,0.652989,0.0894233,2.88862,0.275119,-0.337598,-0.195836,18.6172,-2.60618,84.6902,-0.533434,-0.73403,-3.8202215433120728,-0.5747712254524231,0.164192,746.1599731445312,,,,,,,158.7,3.526666666,158.7,3.526666666,,,,,,,,,,,,,,,,,,,"Liam Hicks","29844",689414
"Sam Hilliard","COL",20,87,77,18,10,3,2,3,12,10,8,0,30,0,1,1,,3,0,0.234118,0.0933018,0.340212,0.274246,0.304969,0.449406,0.324914,0.754375,0.215288,7.86638,0.326917,0,0.393471,10.8137,0.748328,93.5856,0.393471,0,-0.25961533188819885,-1.0370370149612427,0.159721,697.47998046875,,,,,,,101.8,5.09,101.8,5.09,,,,,,,,,,,,,,,,,,,"Sam Hilliard","17954",656541
"Miguel Rojas","LAD",16,68,63,16,12,3,0,1,7,6,4,0,8,1,1,0,,1,0,0.254904,0.0595955,0.117825,0.505798,0.304186,0.347746,0.289546,0.651931,0.0928414,4.12791,0.278237,-0.0866088,-0.0356425,6.53226,-1.34128,84.3551,-0.122251,0.442046,-1.3682887256145477,0.685410663485527,0.159379,693.4299926757812,,,,,,,61.6,3.85,61.6,3.85,,,,,,,,,,,,,,,,,,,"Miguel Rojas","7802",500743
"Eric Haase","MIL",18,73,67,15,10,2,0,2,8,9,5,0,25,0,0,0,,0,0,0.216886,0.0680908,0.343837,0.198032,0.272641,0.362152,0.279549,0.634793,0.145266,3.46157,0.302977,-0.156157,-0.0438593,6.41522,-2.0205,75.4252,-0.200016,0.0293691,-2.297022059559822,1.4552950337529182,0.159319,706.9500122070312,,,,,,,56.6,3.144444444,56.6,3.144444444,,,,,,,,,,,,,,,,,,,"Eric Haase","14111",606992
"Michael A. Taylor","CHW",33,142,129,28,18,5,1,4,15,14,10,0,45,1,1,1,,4,1,0.213634,0.0711399,0.318355,0.223461,0.272449,0.350288,0.275414,0.622737,0.136654,5.69845,0.292326,0.257579,0.322565,11.9706,-4.38562,73.2708,0.580144,1.41085,-3.7418323755264282,0.5682570934295654,0.159217,719.5700073242188,,,,,,,123.4,3.739393939,123.4,3.739393939,,,,,,,,,,,,,,,,,,,"Michael A. Taylor","11489",572191
"Nick Fortes","MIA",28,112,102,23,16,4,0,2,11,11,6,0,18,2,1,1,,1,0,0.228036,0.0514147,0.156123,0.329321,0.279048,0.344675,0.276268,0.623723,0.116639,3.74325,0.252909,-0.105561,-0.140244,9.55781,-3.39704,70.907,-0.245805,-0.260609,-4.058292418718338,1.9292059540748596,0.157753,583.8699951171875,,,,,,,83.1,2.967857142,83.1,2.967857142,,,,,,,,,,,,,,,,,,,"Nick Fortes","21538",663743
"Max Schuemann","ATH",23,99,87,19,13,4,1,2,11,8,9,0,25,2,1,1,,3,1,0.221702,0.0926327,0.252528,0.366821,0.30706,0.332461,0.288555,0.639522,0.110759,5.88701,0.289622,0.0650327,0.138951,9.4319,-2.03141,83.229,0.203984,-0.389214,-1.6965855211019516,-0.08551031351089478,0.157529,624.4199829101562,,,,,,,91.4,3.973913043,91.4,3.973913043,,,,,,,,,,,,,,,,,,,"Max Schuemann","24488",680474
"Isaac Collins","MIL",20,87,77,17,11,4,1,2,10,8,9,0,23,1,1,0,,3,1,0.223707,0.102174,0.263699,0.387465,0.308864,0.352923,0.295411,0.661787,0.129216,6.00776,0.294302,0.0258239,0.238965,8.75913,-1.30621,86.2743,0.264789,0.58828,-1.1327069401741028,-0.18949776887893677,0.157066,999,,,,,,,87.2,4.36,87.2,4.36,,,,,,,,,,,,,,,,,,,"Isaac Collins","25477",686555
"Dominic Canzone","SEA",43,186,171,39,25,7,0,6,21,22,13,1,44,1,1,0,,1,0,0.226447,0.0713532,0.237962,0.299851,0.283433,0.37526,0.289118,0.658694,0.148813,3.04272,0.269085,-0.241359,-0.191733,17.7478,-3.72089,89.6797,-0.433093,-0.226759,-2.623447686433792,-2.0582403540611267,0.155352,750.3300170898438,,,,,,,168,3.906976744,168,3.906976744,,,,,,,,,,,,,,,,,,,"Dominic Canzone","26438",686527
"Heston Kjerstad","BAL",14,59,53,13,8,2,0,2,7,7,4,0,16,1,0,0,,0,0,0.249419,0.069652,0.264494,0.26334,0.317299,0.422113,0.323124,0.739412,0.172694,4.12612,0.31202,-0.078347,-0.0463485,7.21086,0.420746,109.764,-0.124696,0.00384148,0.5307201445102692,-0.9930720687843859,0.154955,353.5799865722656,,,,,,,59.4,4.242857142,59.4,4.242857142,,,,,,,,,,,,,,,,,,,"Heston Kjerstad","31166",677008
"Ezequiel Duran","TEX",20,87,81,20,13,4,0,2,10,9,4,0,21,1,0,0,,1,1,0.244659,0.0512799,0.237719,0.215717,0.291418,0.378755,0.294731,0.670173,0.134096,4.11246,0.302376,-0.135288,-0.136822,8.71174,-1.3536,87.3132,-0.27211,0.238185,-1.5345022976398468,0.10855507850646973,0.152744,722.4199829101562,,,,,,,75.5,3.775,75.5,3.775,,,,,,,,,,,,,,,,,,,"Ezequiel Duran","23733",677649
"Daniel Johnson","SFG",24,102,91,21,14,4,0,3,11,10,8,0,23,1,1,0,,2,1,0.235253,0.0825439,0.229389,0.359842,0.305039,0.374036,0.300329,0.679076,0.138783,4.51441,0.285452,0,-0.0161171,10.6186,-1.12433,92.0021,-0.0161171,0,-0.966153372079134,-0.8814814686775208,0.151544,999,,,,,,,94.4,3.933333333,94.4,3.933333333,,,,,,,,,,,,,,,,,,,"Daniel Johnson","19643",669288
"Tim Tawa","ARI",12,51,47,11,7,2,0,1,6,6,4,0,12,0,0,0,,1,0,0.235358,0.0809861,0.23646,0.342494,0.299366,0.377274,0.2993,0.67664,0.141915,4.6433,0.286856,-0.035795,0.052964,5.33017,-0.611182,87.658,0.017169,0.362915,-0.7245831619948149,0.49408790469169617,0.149862,999,,,,,,,43.7,3.641666666,43.7,3.641666666,,,,,,,,,,,,,,,,,,,"Tim Tawa","29571",694374
"J.D. Martinez",,29,123,110,27,16,6,0,5,14,17,11,0,34,1,1,0,,0,0,0.243829,0.0882408,0.279546,0.315658,0.314979,0.435265,0.326851,0.750243,0.191436,2.31495,0.306712,-0.589474,-0.185509,15.5105,1.25124,108.722,-0.774983,0,0.46878743171691895,-3.0851852893829346,0.149849,696.6699829101562,,,,,,,141.6,4.88275862,141.6,4.88275862,,,,,,,,,,,,,,,,,,,"J.D. Martinez","6184",502110
"Coby Mayo","BAL",20,88,79,18,11,4,0,3,10,11,7,0,26,1,0,0,,0,0,0.23298,0.0848632,0.297527,0.285228,0.306238,0.411787,0.314009,0.718025,0.178807,3.70423,0.305001,-0.0892387,-0.111792,10.174,-0.0112161,103.385,-0.20103,-0.127465,0.13975770771503448,-1.6490695774555206,0.147663,444.04998779296875,,,,,,,85.6,4.28,85.6,4.28,,,,,,,,,,,,,,,,,,,"Coby Mayo","28312",691723
"Tyler Black","MIL",11,47,41,10,6,2,0,1,6,5,5,0,11,1,0,0,,2,0,0.235249,0.108925,0.233437,0.466613,0.329329,0.388546,0.318508,0.717875,0.153297,6.62294,0.291421,0.0213721,0.104877,5.61579,0.163724,102.072,0.126249,-0.253857,0.24052764475345612,-0.37052353471517563,0.145991,666.6199951171875,,,,,,,52,4.727272727,52,4.727272727,,,,,,,,,,,,,,,,,,,"Tyler Black","29949",672012
"Nick Loftin","KCR",30,131,118,29,24,4,0,1,17,15,11,0,21,1,1,0,,1,1,0.246625,0.0875013,0.157732,0.554745,0.315013,0.315995,0.285645,0.631008,0.0693702,3.77853,0.287777,-0.0683859,-0.190905,12.1185,-2.97948,76.5159,-0.259291,1.25361,-3.764459103345871,0.7869429588317871,0.141975,999,,,,,,,100.5,3.35,100.5,3.35,,,,,,,,,,,,,,,,,,,"Nick Loftin","27630",679845
"J.C. Escarra","NYY",15,60,54,12,8,3,0,1,6,6,5,0,11,1,0,0,,0,0,0.214602,0.0823406,0.182824,0.450383,0.288638,0.337279,0.279629,0.625917,0.122678,3.41157,0.246092,-0.108682,-0.0475964,5.31514,-1.66897,76.7206,-0.156278,-0.0712281,-1.7635840028524399,1.109327457845211,0.140814,999,,,,,,,49.3,3.286666666,49.3,3.286666666,,,,,,,,,,,,,,,,,,,"J.C. Escarra","20084",641555
"Jack Winkler","MIA",14,59,53,13,8,2,0,2,6,6,5,0,14,1,0,0,,1,0,0.235253,0.0825439,0.229389,0.359842,0.305039,0.374036,0.300329,0.679076,0.138783,4.51441,0.285452,0,-0.00942905,6.21223,-0.657771,87.3645,-0.00942905,0,-0.8875129343941808,0.29197531938552856,0.139097,999,,,,,,,64.3,4.592857142,64.3,4.592857142,,,,,,,,,,,,,,,,,,,"Jack Winkler","29830",676466
"Brandon Lockridge","SDP",17,73,66,15,11,3,0,1,8,6,6,0,20,0,0,0,,6,1,0.232529,0.0804478,0.274224,0.293365,0.298526,0.326697,0.280439,0.625223,0.0941679,7.23852,0.319843,0.229069,0.698737,6.50692,-1.98072,80.1251,0.927806,0.336994,-0.7785851955413818,-0.29263561964035034,0.136991,737.8499755859375,,,,,,,62.7,3.688235294,62.7,3.688235294,,,,,,,,,,,,,,,,,,,"Brandon Lockridge","21496",663604
"Whit Merrifield",,13,54,49,12,9,2,0,1,6,5,4,0,9,0,0,0,,2,1,0.2527,0.0734689,0.165195,0.444739,0.311444,0.365595,0.299947,0.677039,0.112894,6.03145,0.290995,0.129595,0.164723,5.67187,-0.61897,90.1091,0.294318,-0.0981657,-0.32794827222824097,-0.16298049688339233,0.135042,731.9199829101562,,,,,,,46.4,3.569230769,46.4,3.569230769,,,,,,,,,,,,,,,,,,,"Whit Merrifield","11281",593160
"Riley Adams","WSN",16,63,57,12,8,3,0,2,6,7,5,0,19,1,1,0,,0,0,0.219611,0.0725352,0.301897,0.240264,0.290022,0.36997,0.291589,0.659993,0.150359,2.83711,0.290716,-0.110479,-0.0631733,6.14729,-1.1381,84.4037,-0.173653,-0.681583,-1.3230247646570206,0.5498988628387451,0.132795,748.2100219726562,,,,,,,55.7,3.48125,55.7,3.48125,,,,,,,,,,,,,,,,,,,"Riley Adams","19864",656180
"Davis Schneider","TOR",14,59,51,11,6,2,0,2,7,7,7,0,18,1,0,0,,1,0,0.210348,0.116055,0.303282,0.382664,0.311981,0.384874,0.310765,0.696855,0.174526,3.79244,0.276069,-0.0781457,0.00710017,6.63026,-0.159849,99.8519,-0.0710455,0.28471,-0.08098977152258158,-0.6072647869586945,0.131481,656.4099731445312,,,,,,,61.1,4.364285714,61.1,4.364285714,,,,,,,,,,,,,,,,,,,"Davis Schneider","23565",676914
"Derek Hill","MIA",25,108,99,23,16,4,1,3,12,10,6,0,31,1,1,1,,3,1,0.237041,0.0550727,0.287066,0.191847,0.286066,0.373919,0.289943,0.659985,0.136878,6.60509,0.316528,0.0836217,0.223416,10.3649,-2.08699,80.2606,0.307037,-0.18663,-2.179273545742035,-0.06718586385250092,0.130842,581.030029296875,,,,,,,99.2,3.968,99.2,3.968,,,,,,,,,,,,,,,,,,,"Derek Hill","16947",656537
"Dylan Carlson","BAL",16,70,61,14,10,3,0,1,7,7,7,0,17,1,1,0,,1,0,0.231385,0.0947962,0.240546,0.394088,0.314079,0.356681,0.299849,0.67076,0.125295,3.73394,0.290924,-0.0171494,-0.0396964,7.26442,-0.798834,93.4745,-0.0568457,0.144204,-0.5770098529756069,-0.4985431879758835,0.129299,743.77001953125,,,,,,,61.4,3.8375,61.4,3.8375,,,,,,,,,,,,,,,,,,,"Dylan Carlson","20126",666185
"Samuel Basallo","BAL",4,17,16,4,2,1,0,1,3,2,1,0,4,0,0,0,,0,0,0.237598,0.0742516,0.233948,0.317385,0.294208,0.447803,0.322143,0.742011,0.210205,3.1619,0.27055,0,-0.00966541,2.12385,0.111066,109.078,-0.00966541,0.473106,0.1709635015577078,0.48622366786003113,0.128465,999,,,,,,,21.7,5.425,21.7,5.425,,,,,,,,,,,,,,,,,,,"Samuel Basallo","sa3015716",694212
"Maverick Handley","BAL",7,27,24,6,4,1,0,1,3,3,2,0,6,0,0,0,,0,0,0.235253,0.0825439,0.229389,0.359842,0.305039,0.374036,0.300329,0.679076,0.138783,4.51441,0.285452,0,-0.0042603,2.80685,-0.297199,93.8109,-0.0042603,0,-0.19418166624382138,0.5246913433074951,0.127144,999,,,,,,,27.9,3.985714285,27.9,3.985714285,,,,,,,,,,,,,,,,,,,"Maverick Handley","26106",668974
"Alex Verdugo","ATL",15,67,61,16,11,3,0,1,8,7,5,0,10,0,0,0,,0,0,0.259784,0.078814,0.145564,0.541437,0.320243,0.391782,0.313474,0.712025,0.131998,3.59915,0.287262,-0.100487,-0.0962133,7.69164,-0.0371034,97.7994,-0.1967,0.0203969,-0.36874616146087646,-0.5900969132781029,0.126467,575,,,,,,,61.7,4.113333333,61.7,4.113333333,,,,,,,,,,,,,,,,,,,"Alex Verdugo","17027",657077
"Josh Bell","WSN",63,272,242,58,38,10,1,9,29,33,27,1,55,2,2,0,,0,0,0.239342,0.0983036,0.201758,0.487236,0.318249,0.402195,0.317316,0.720443,0.162853,2.16512,0.270479,-1.10605,-0.464029,32.1392,0.685051,102,-1.57008,-0.0370207,-0.9336758255958557,-6.7129469104111195,0.125608,334.1600036621094,,,,,,,289.1,4.588888888,289.1,4.588888888,,,,,,,,,,,,,,,,,,,"Josh Bell","13145",605137
"Mickey Moniak","COL",42,181,169,42,25,8,2,6,21,22,10,0,48,2,1,0,,3,1,0.246279,0.053816,0.263717,0.204067,0.29277,0.434972,0.314247,0.727742,0.188693,5.86195,0.303922,-0.188444,-0.111738,20.981,0.0115133,86.2901,-0.300182,0.31537,-3.2082812786102295,-1.5253705382347107,0.121573,590.25,,,,,,,196.1,4.669047619,196.1,4.669047619,,,,,,,,,,,,,,,,,,,"Mickey Moniak","19956",666160
"Otto Kemp","PHI",29,123,111,26,17,5,0,3,13,13,10,0,28,1,1,0,,2,1,0.235253,0.0825439,0.229389,0.359842,0.305039,0.374036,0.300329,0.679076,0.138783,4.51441,0.285452,0,-0.0195708,12.894,-1.36526,89.4185,-0.0195708,0,-1.545840322971344,-1.3222222328186035,0.119124,999,,,,,,,111.3,3.837931034,111.3,3.837931034,,,,,,,,,,,,,,,,,,,"Otto Kemp","31792",805249
"Jorge Mateo","BAL",8,33,31,7,4,2,0,1,4,3,2,0,8,0,0,0,,2,1,0.226746,0.05159,0.248739,0.207406,0.270057,0.361588,0.276392,0.631644,0.134842,8.10101,0.284005,0.252079,0.237363,2.82118,-0.998258,77.0579,0.489442,0.359513,-0.3768143355846405,0.3988647758960724,0.116479,698.1599731445312,,,,,,,30.4,3.8,30.4,3.8,,,,,,,,,,,,,,,,,,,"Jorge Mateo","17273",622761
"Curtis Mead","TBR",25,109,99,25,17,5,0,2,12,11,7,0,22,2,1,0,,2,1,0.249975,0.0655782,0.199184,0.329234,0.311023,0.375804,0.303591,0.686826,0.125829,4.51959,0.298381,-0.149735,-0.0704175,11.661,-0.920682,97.5046,-0.220152,-0.0541041,-0.5305264592170715,-1.97262267395854,0.116038,533.4400024414062,,,,,,,102.3,4.092,102.3,4.092,,,,,,,,,,,,,,,,,,,"Curtis Mead","23986",678554
"Chris Taylor","LAA",11,48,42,9,6,2,0,1,6,5,5,0,15,0,0,0,,1,0,0.222575,0.0999551,0.311013,0.321386,0.306939,0.361137,0.297892,0.668076,0.138561,5.43752,0.311271,0.00717239,0.0497777,4.8957,-0.621269,87.7551,0.0569501,0.0219847,-0.61088577657938,0.14004029519855976,0.11601,711.5499877929688,,,,,,,40.5,3.681818181,40.5,3.681818181,,,,,,,,,,,,,,,,,,,"Chris Taylor","13757",621035
"Endy Rodríguez","PIT",11,44,40,10,6,2,0,1,5,5,4,0,9,0,0,0,,0,0,0.24623,0.0824941,0.202448,0.407482,0.312804,0.382606,0.307294,0.69541,0.136376,3.73241,0.294539,-0.0628022,-0.0641756,4.8603,-0.2427,92.1636,-0.126978,0.0566458,-0.5314867794513702,0.19754086062312126,0.114586,419.0899963378906,,,,,,,43.2,3.927272727,43.2,3.927272727,,,,,,,,,,,,,,,,,,,"Endy Rodriguez","25332",682848
"Christian Koss","SFG",9,40,36,8,6,2,0,1,4,4,3,0,9,0,0,0,,1,0,0.235253,0.0825439,0.229389,0.359842,0.305039,0.374036,0.300329,0.679076,0.138783,4.51441,0.285452,0,-0.00633171,4.17158,-0.441701,92.0021,-0.00633171,0,-0.3795604733750224,0.11666665971279144,0.107643,999,,,,,,,34.9,3.877777777,34.9,3.877777777,,,,,,,,,,,,,,,,,,,"Christian Koss","27653",683766
"Luis Campusano","SDP",10,42,39,10,7,2,0,1,5,5,3,0,7,0,0,0,,0,0,0.251153,0.0714047,0.155147,0.460238,0.308646,0.395401,0.309722,0.704047,0.144248,1.84906,0.271459,-0.0957015,-0.063191,4.7244,-0.149932,100.154,-0.158892,-0.032193,-0.1512824916280806,-0.1896003969013691,0.107176,431.79998779296875,,,,,,,41.2,4.12,41.2,4.12,,,,,,,,,,,,,,,,,,,"Luis Campusano","22217",669134
"Daylen Lile","WSN",23,98,88,21,14,4,0,3,11,10,8,0,22,1,1,0,,2,1,0.235253,0.0825439,0.229389,0.359842,0.305039,0.374036,0.300329,0.679076,0.138783,4.51441,0.285452,0,-0.0155415,10.2393,-1.08418,90.3819,-0.0155415,0,-1.1172310635447502,-1.0499999523162842,0.106065,999,,,,,,,97.4,4.234782608,97.4,4.234782608,,,,,,,,,,,,,,,,,,,"Daylen Lile","29995",695734
"Brooks Baldwin","CHW",24,102,93,22,15,4,0,2,10,10,6,0,24,1,1,1,,3,1,0.237036,0.0621847,0.232903,0.266999,0.287108,0.363338,0.28635,0.650446,0.126303,4.69191,0.2913,0.0484184,0.141869,9.48281,-2.2601,80.9249,0.190288,-0.0000497478,-2.0241170674562454,-0.33708680445488426,0.105712,713.3300170898438,,,,,,,84.5,3.520833333,84.5,3.520833333,,,,,,,,,,,,,,,,,,,"Brooks Baldwin","31394",681460
"Dominic Smith","SFG",26,113,100,24,16,5,0,2,12,11,10,0,25,2,0,0,,0,0,0.239511,0.0857162,0.222184,0.385789,0.317787,0.368356,0.306547,0.686142,0.128845,2.74868,0.294784,0,-0.144312,12.3155,-0.685534,96.2546,-0.144312,0,-0.6368784010410309,-2.0092592239379883,0.105377,729.5,,,,,,,103.7,3.988461538,103.7,3.988461538,,,,,,,,,,,,,,,,,,,"Dominic Smith","15653",642086
"Jace Jung","DET",10,43,37,8,5,2,0,1,5,4,5,0,11,0,0,0,,0,0,0.214347,0.121047,0.262715,0.460753,0.313644,0.347589,0.297864,0.661233,0.133242,3.41883,0.278291,-0.0835172,-0.0664863,4.41181,-0.560953,90.6668,-0.150004,0.0316349,-0.6088216751813889,0.1853385977447033,0.104662,541.22998046875,,,,,,,38,3.8,38,3.8,,,,,,,,,,,,,,,,,,,"Jace Jung","31437",690291
"Bryce Johnson","SDP",13,55,49,12,8,2,0,1,6,6,5,0,13,1,0,0,,1,0,0.235253,0.0825439,0.229389,0.359842,0.305039,0.374036,0.300329,0.679076,0.138783,4.51441,0.285452,0,-0.00873696,5.75624,-0.60949,93.73,-0.00873696,0,-0.4124807585030794,-0.38040122389793396,0.103838,999,,,,,,,53.3,4.1,53.3,4.1,,,,,,,,,,,,,,,,,,,"Bryce Johnson","20002",669369
"Zach Dezenzo","HOU",23,98,90,22,15,4,0,3,12,11,7,0,29,1,1,0,,1,0,0.245077,0.069829,0.292081,0.239074,0.301768,0.389826,0.304361,0.691594,0.144748,3.99039,0.326152,-0.0667211,-0.0275409,10.5552,-0.768325,95.5647,-0.0942621,-0.431207,-0.5907610282301903,-1.6886140406131744,0.101677,527.6799926757812,,,,,,,98.9,4.3,98.9,4.3,,,,,,,,,,,,,,,,,,,"Zach Dezenzo","31562",701305
"Yohel Pozo","STL",6,23,21,5,3,1,0,1,3,2,2,0,5,0,0,0,,0,0,0.235253,0.0825439,0.229389,0.359842,0.305039,0.374036,0.300329,0.679076,0.138783,4.51441,0.285452,0,-0.00368391,2.4271,-0.256989,91.4976,-0.00368391,0,-0.23453186778351665,0.45370370149612427,0.101297,999,,,,,,,25.3,4.216666666,25.3,4.216666666,,,,,,,,,,,,,,,,,,,"Yohel Pozo","18848",650968
"Andrés Chaparro","WSN",14,62,57,14,9,3,0,2,7,8,5,0,13,0,0,0,,0,0,0.240905,0.0755298,0.217957,0.346535,0.301631,0.406464,0.309844,0.708095,0.165559,2.5328,0.278034,-0.139652,-0.0737492,6.91634,-0.213277,96.8898,-0.213402,0.663908,-0.43770556151866913,-0.6194255948066711,0.0987265,748.9099731445312,,,,,,,63.9,4.564285714,63.9,4.564285714,,,,,,,,,,,,,,,,,,,"Andres Chaparro","21797",665953
"Lenyn Sosa","CHW",46,200,188,46,32,9,0,5,19,21,8,0,42,1,1,1,,1,0,0.247222,0.0409818,0.211529,0.193741,0.281077,0.38093,0.288547,0.662006,0.133708,2.8,0.290294,-0.296238,-0.214739,18.9775,-4.08895,82.4621,-0.510977,-0.12714,-4.510173320770264,-1.1771400570869446,0.0986197,467.55999755859375,,,,,,,171.6,3.730434782,171.6,3.730434782,,,,,,,,,,,,,,,,,,,"Lenyn Sosa","22896",672820
"Alejandro Osuna","TEX",18,80,72,17,11,3,0,2,9,8,7,0,18,1,1,0,,1,0,0.235253,0.0825439,0.229389,0.359842,0.305039,0.374036,0.300329,0.679076,0.138783,4.51441,0.285452,0,-0.0126634,8.34316,-0.883402,91.2315,-0.0126634,0,-0.8124575139954686,-0.9074074029922485,0.0971254,999,,,,,,,76.6,4.255555555,76.6,4.255555555,,,,,,,,,,,,,,,,,,,"Alejandro Osuna","27915",696030
"Ildemaro Vargas","ARI",16,70,64,16,11,5,0,0,6,7,4,0,7,0,1,1,,1,0,0.255762,0.0594357,0.094034,0.632066,0.300745,0.343956,0.285407,0.644701,0.0881937,4.04489,0.278691,0,0.0636709,6.45875,-1.60451,78.1556,0.0636709,0,-1.7180429697036743,0.38040122389793396,0.0968914,999,,,,,,,54,3.375,54,3.375,,,,,,,,,,,,,,,,,,,"Ildemaro Vargas","13324",545121
"Leo Rivas","SEA",5,22,19,4,3,1,0,0,3,2,3,0,5,0,0,0,,1,0,0.232662,0.124978,0.241137,0.518287,0.338189,0.308698,0.298376,0.646887,0.0760359,5.36699,0.314086,0.0279784,0.0725354,2.29477,-0.281482,96.1592,0.100514,-0.0051955,0.0026959478855133057,0.1275205439887941,0.0905515,999,,,,,,,17.2,3.44,17.2,3.44,,,,,,,,,,,,,,,,,,,"Leo Rivas","21009",660844
"Scott Kingery","LAA",3,15,13,3,1,1,0,1,1,1,1,0,4,0,0,0,,0,0,0.236063,0.089032,0.295466,0.301327,0.304077,0.476181,0.337191,0.780259,0.240119,3.82835,0.294712,0,0.0265056,1.96793,0.270399,115.259,0.0265056,0,0.2825764436274767,0.07870370149612427,0.0882913,738.1300048828125,,,,,,,19.1,6.366666666,19.1,6.366666666,,,,,,,,,,,,,,,,,,,"Scott Kingery","17975",664068
"Seth Brown","ATH",10,43,39,9,5,2,0,2,5,5,3,0,11,0,0,0,,1,0,0.229961,0.0752631,0.267639,0.281211,0.291607,0.410863,0.306884,0.70247,0.180902,4.06256,0.278716,-0.0650495,0.0178905,4.66527,-0.247576,96.057,-0.0471589,-0.080319,-0.23866145312786102,-0.33340541273355484,0.0874313,499.1300048828125,,,,,,,46.9,4.69,46.9,4.69,,,,,,,,,,,,,,,,,,,"Seth Brown","18171",664913
"Jack Suwinski","PIT",12,54,47,10,6,2,0,2,6,6,6,0,16,1,0,0,,1,0,0.212302,0.108421,0.300779,0.360468,0.303438,0.393174,0.305882,0.696612,0.180872,5.00016,0.271526,0.0396892,0.0858294,5.85961,-0.356335,91.1982,0.125519,0.0426381,-0.4279155135154724,-0.48251620307564735,0.0872411,606.4199829101562,,,,,,,56.5,4.708333333,56.5,4.708333333,,,,,,,,,,,,,,,,,,,"Jack Suwinski","22244",669261
"Ryan Ritter","COL",18,76,68,16,11,3,0,2,8,8,6,0,17,1,1,0,,1,0,0.235253,0.0825439,0.229389,0.359842,0.305039,0.374036,0.300329,0.679076,0.138783,4.51441,0.285452,0,-0.0120878,7.96393,-0.843247,76.7706,-0.0120878,0,-2.0815722858533263,0.4277777671813965,0.0858024,999,,,,,,,72,4,72,4,,,,,,,,,,,,,,,,,,,"Ryan Ritter","31500",690022
"Jerar Encarnacion","SFG",13,58,53,13,8,2,0,2,7,7,5,0,19,0,0,0,,1,0,0.239225,0.0782434,0.321938,0.243038,0.301021,0.408277,0.310344,0.709298,0.169052,3.48532,0.322781,-0.085966,-0.011983,6.53271,-0.177518,98.852,-0.097949,-0.0060373,-0.175871379673481,-0.9134447006508708,0.0831129,444,,,,,,,61.3,4.715384615,61.3,4.715384615,,,,,,,,,,,,,,,,,,,"Jerar Encarnacion","21871",666464
"Drew Romo","COL",10,40,37,9,6,2,0,1,4,4,2,0,9,0,0,0,,0,0,0.249621,0.048052,0.217239,0.221194,0.29069,0.388471,0.296156,0.679161,0.13885,5.02656,0.300747,-0.0234921,-0.0382459,4.02788,-0.573422,73.916,-0.061738,-0.0167843,-1.2758062221109867,0.7609934434294701,0.0811146,699.260009765625,,,,,,,34.6,3.46,34.6,3.46,,,,,,,,,,,,,,,,,,,"Drew Romo","27763",691011
"Jordan Beck","COL",69,298,269,64,40,13,2,9,35,32,24,0,90,1,2,0,,9,2,0.237451,0.0822254,0.30228,0.272017,0.302306,0.39982,0.307638,0.702126,0.162369,5.98331,0.319643,0.291767,0.484982,32.8361,-1.55379,81.7693,0.776748,0.041512,-5.5652050375938416,-3.3547842502593994,0.0791732,400.1400146484375,,,,,,,309.6,4.486956521,309.6,4.486956521,,,,,,,,,,,,,,,,,,,"Jordan Beck","31431",687597
"Daz Cameron","MIL",8,36,33,7,5,2,0,1,4,4,3,0,10,0,0,0,,1,0,0.226261,0.076976,0.272652,0.282323,0.295102,0.367568,0.293983,0.66267,0.141307,5.03028,0.292239,0.0367647,0.0625056,3.60819,-0.585706,85.2972,0.0992704,0.388276,-0.524470679461956,0.10309058427810669,0.0789048,999,,,,,,,32.3,4.0375,32.3,4.0375,,,,,,,,,,,,,,,,,,,"Daz Cameron","18353",663662
"Paul DeJong","WSN",22,94,87,18,11,3,0,3,10,11,6,0,30,1,1,0,,1,0,0.203301,0.0586215,0.321912,0.182104,0.260286,0.360915,0.27364,0.6212,0.157613,3.09351,0.265122,-0.188534,-0.0891955,7.84653,-3.05759,72.1266,-0.277729,0.433927,-3.352186232805252,0.978371798992157,0.0723292,426.1700134277344,,,,,,,73.6,3.345454545,73.6,3.345454545,,,,,,,,,,,,,,,,,,,"Paul DeJong","18015",657557
"Trenton Brooks","SDP",26,114,102,24,16,5,0,3,12,12,9,0,26,1,1,0,,2,1,0.235253,0.0825439,0.229389,0.359842,0.305039,0.374036,0.300329,0.679076,0.138783,4.51441,0.285452,0,-0.0180564,11.8962,-1.25961,93.73,-0.0180564,0,-0.8524607289582491,-2.16435170173645,0.0713874,999,,,,,,,106.1,4.08076923,106.1,4.08076923,,,,,,,,,,,,,,,,,,,"Trenton Brooks","19384",670092
"Andy Ibáñez","DET",7,32,30,7,5,2,0,1,3,4,2,0,6,0,0,0,,0,0,0.241497,0.0654311,0.192393,0.34009,0.296954,0.367979,0.293784,0.664933,0.126483,3.72966,0.281456,-0.0320449,-0.0380439,3.20359,-0.525976,87.8119,-0.0700888,0.0649632,-0.5194635987281799,0.12900641560554504,0.0709272,744.9400024414062,,,,,,,30.4,4.342857142,30.4,4.342857142,,,,,,,,,,,,,,,,,,,"Andy Ibanez","18819",628451
"César Salazar","HOU",3,13,12,2,2,0,0,0,1,1,1,0,3,0,0,0,,0,0,0.20908,0.0722394,0.203234,0.355449,0.285086,0.29665,0.26366,0.581736,0.0875701,2.8325,0.252334,-0.0149314,-0.0218959,0.997791,-0.535976,67.0797,-0.0368272,0.516784,-0.5359844043850899,0.7760430872440338,0.070799,999,,,,,,,2.2,0.733333333,2.2,0.733333333,,,,,,,,,,,,,,,,,,,"Cesar Salazar","21587",663967
"Max Muncy","ATH",23,99,91,20,14,5,0,2,10,9,6,0,28,1,0,1,,1,0,0.22264,0.0613001,0.285681,0.214575,0.280204,0.339741,0.276072,0.619945,0.117102,3.90427,0.299697,-0.0585549,-0.00857623,8.44181,-3.0215,74.4922,-0.0671312,-0.0545133,-2.9577935934066772,0.3251163437962532,0.0691435,999,,,,,,,77.2,3.356521739,77.2,3.356521739,,,,,,,,,,,,,,,,,,,"Max Muncy","29779",691777
"Tom Murphy","SFG",4,17,15,3,2,1,0,1,2,2,1,0,5,0,0,0,,0,0,0.231119,0.0833493,0.284906,0.292551,0.300637,0.392242,0.305142,0.692879,0.161123,2.71409,0.294691,-0.0376495,-0.0178496,1.79748,-0.119728,95.2937,-0.0554991,-0.0931567,-0.14677084982395172,0.2309173345565796,0.0648313,750.6300048828125,,,,,,,17.1,4.275,17.1,4.275,,,,,,,,,,,,,,,,,,,"Tom Murphy","13499",608596
"Nick Yorke","PIT",8,36,32,8,6,2,0,1,4,4,3,0,9,0,0,0,,1,0,0.253226,0.0783828,0.238849,0.328168,0.316177,0.376366,0.305415,0.692543,0.12314,4.48259,0.317538,-0.000434113,0.0128584,3.89302,-0.250944,90.8788,0.0124242,-0.0725609,-0.36991934943944216,-0.17502998560667038,0.0646039,563.4500122070312,,,,,,,38.9,4.8625,38.9,4.8625,,,,,,,,,,,,,,,,,,,"Nick Yorke","27504",694377
"Darell Hernaiz","ATH",6,25,23,6,4,1,0,0,3,2,2,0,4,0,0,0,,0,0,0.258588,0.0676601,0.164602,0.411051,0.311929,0.358448,0.297128,0.670377,0.0998598,3.92273,0.299441,-0.0157409,0.00000883255,2.52795,-0.337876,89.2286,-0.0157321,0.00209661,-0.3208983298391104,0.1159854989964515,0.0643848,750.6199951171875,,,,,,,19.5,3.25,19.5,3.25,,,,,,,,,,,,,,,,,,,"Darell Hernaiz","26224",687231
"Luis Vázquez","BAL",4,18,16,4,3,1,0,0,2,2,2,0,4,0,0,0,,0,0,0.235253,0.0825439,0.229389,0.359842,0.305039,0.374036,0.300329,0.679076,0.138783,4.51441,0.285452,0,-0.00291232,1.91875,-0.203163,93.8109,-0.00291232,0,-0.13274126453325152,0.1180555522441864,0.0619113,999,,,,,,,15.3,3.825,15.3,3.825,,,,,,,,,,,,,,,,,,,"Luis Vazquez","23442",676679
"Oliver Dunn","MIL",10,44,39,8,5,2,0,1,5,4,4,0,14,0,0,0,,1,0,0.20515,0.0978806,0.332234,0.294613,0.291841,0.331001,0.280509,0.622842,0.125851,5.69487,0.301655,0.0161173,0.0819435,3.86066,-1.17201,76.0812,0.0980608,0.13973,-1.1195958107709885,0.2952851504087448,0.0615737,638.4099731445312,,,,,,,34.9,3.49,34.9,3.49,,,,,,,,,,,,,,,,,,,"Oliver Dunn","26295",686554
"Jose Barrero","STL",5,22,20,5,3,1,0,1,2,2,2,0,5,0,0,0,,0,0,0.235253,0.0825439,0.229389,0.359842,0.305039,0.374036,0.300329,0.679076,0.138783,4.51441,0.285452,0,-0.00345366,2.27541,-0.240928,91.4976,-0.00345366,0,-0.21987400017678738,0.10370370000600815,0.0615433,750.5999755859375,,,,,,,26.3,5.26,26.3,5.26,,,,,,,,,,,,,,,,,,,"Jose Barrero","23378",676480
"David Peralta",,24,102,93,23,16,5,0,2,11,11,8,0,21,1,1,0,,1,0,0.251714,0.0741518,0.204421,0.36274,0.310697,0.384019,0.305515,0.694716,0.132305,3.68486,0.300098,-0.313503,-0.0796215,11.0399,-0.702995,93.9615,-0.393124,-0.145142,-1.1022727489471436,-1.64884552359581,0.0614279,750.8699951171875,,,,,,,98,4.083333333,98,4.083333333,,,,,,,,,,,,,,,,,,,"David Peralta","2136",444482
"Stuart Fairchild","ATL",8,33,30,7,4,1,0,1,4,4,3,0,9,1,0,0,,1,0,0.223285,0.0753292,0.275352,0.273574,0.297897,0.372486,0.297843,0.670383,0.149202,6.2872,0.288303,0.0465307,0.104599,3.42791,-0.436468,87.1083,0.15113,-0.000917041,-0.35280953347682953,-0.14690470072673634,0.0611249,748.1599731445312,,,,,,,35.4,4.425,35.4,4.425,,,,,,,,,,,,,,,,,,,"Stuart Fairchild","20321",656413
"Tyler Locklear","SEA",15,67,60,13,8,3,0,2,7,7,5,0,20,1,0,0,,1,0,0.220142,0.0803966,0.301904,0.266299,0.297172,0.357633,0.291284,0.654806,0.137491,4.23546,0.299492,-0.0456516,0.00256834,6.50507,-1.22367,91.1959,-0.0430832,0.240125,-0.7157606407999992,-0.9543192535638809,0.0575194,725.6099853515625,,,,,,,60.2,4.013333333,60.2,4.013333333,,,,,,,,,,,,,,,,,,,"Tyler Locklear","31396",682988
"John Rave","KCR",14,62,55,13,9,2,0,2,7,6,5,0,14,1,0,0,,1,0,0.235253,0.0825439,0.229389,0.359842,0.305039,0.374036,0.300329,0.679076,0.138783,4.51441,0.285452,0,-0.00978538,6.44699,-0.682629,86.7929,-0.00978538,0,-0.9406549027189612,-0.5574074387550354,0.0574824,999,,,,,,,62.3,4.45,62.3,4.45,,,,,,,,,,,,,,,,,,,"John Rave","26284",670231
"Jose Miranda","MIN",12,51,48,12,8,3,0,1,5,6,3,0,9,1,0,0,,0,0,0.256269,0.052183,0.170457,0.306137,0.303232,0.400546,0.307814,0.703778,0.144277,3.61118,0.287779,-0.117705,-0.0523343,5.68014,-0.261205,97.121,-0.17004,-0.0227631,-0.33913639187812805,-0.8360346648842096,0.0555099,365.8500061035156,,,,,,,49.3,4.108333333,49.3,4.108333333,,,,,,,,,,,,,,,,,,,"Jose Miranda","20538",669304
"Shay Whitcomb","HOU",11,47,44,10,5,2,0,2,5,6,3,0,13,0,0,0,,1,0,0.223066,0.0690057,0.27084,0.254784,0.278804,0.412445,0.300592,0.691249,0.189379,3.86377,0.267046,-0.000473149,-0.00391862,4.93996,-0.512103,92.927,-0.00439177,-0.720315,-0.38561586709693074,-0.6554999947547913,0.054812,722.9500122070312,,,,,,,47.5,4.318181818,47.5,4.318181818,,,,,,,,,,,,,,,,,,,"Shay Whitcomb","27789",694376
"Jhonkensy Noel","CLE",9,41,37,8,5,2,0,2,5,5,3,0,11,1,0,0,,0,0,0.219354,0.0615501,0.279562,0.220166,0.27974,0.42152,0.304973,0.70126,0.202166,3.54795,0.259465,-0.0742586,-0.0320355,4.42263,-0.300489,95.694,-0.106294,0.0531474,-0.30734825879335403,-0.544074784964323,0.0527308,393.94000244140625,,,,,,,44.4,4.933333333,44.4,4.933333333,,,,,,,,,,,,,,,,,,,"Jhonkensy Noel","24257",678877
"Gustavo Campero","LAA",7,29,26,6,5,1,0,1,3,3,2,0,6,1,0,0,,1,0,0.244473,0.0683498,0.193457,0.353307,0.316429,0.368582,0.305169,0.685011,0.124109,6.04329,0.289688,0.0318287,0.0685857,3.18366,-0.211393,92.8478,0.100414,-0.0177125,-0.13963555544614792,-0.33252731524407864,0.0524362,750.3400268554688,,,,,,,30.8,4.4,30.8,4.4,,,,,,,,,,,,,,,,,,,"Gustavo Campero","22707",672569
"Will Wagner","TOR",6,26,23,6,4,1,0,0,3,2,2,0,5,0,0,0,,0,0,0.256469,0.0920939,0.183197,0.502704,0.329524,0.370159,0.312059,0.699683,0.113691,3.54077,0.305148,-0.0449482,-0.0298491,2.92733,-0.0433429,100.757,-0.0747973,-0.00134657,-0.05255689285695553,-0.3030440959846601,0.051861,526.3900146484375,,,,,,,19.5,3.25,19.5,3.25,,,,,,,,,,,,,,,,,,,"Will Wagner","29634",695238
"Emmanuel Rodriguez","MIN",3,15,13,3,2,1,0,0,2,1,2,0,5,0,0,0,,0,0,0.210614,0.139763,0.342287,0.408321,0.322797,0.367143,0.31001,0.68994,0.156529,5.23045,0.308905,-0.00209568,0.0355106,1.64869,-0.0488353,98.6581,0.0334149,0.0906128,0.010896461084485054,-0.014325469732284546,0.0503936,999,,,,,,,12.7,4.233333333,12.7,4.233333333,,,,,,,,,,,,,,,,,,,"Emmanuel Rodriguez","sa3014693",691181
"Myles Straw","TOR",20,84,77,18,14,3,0,0,9,6,7,0,15,0,0,1,,6,1,0.231411,0.0771155,0.183458,0.420344,0.291895,0.289173,0.262965,0.581068,0.057762,6.49639,0.285946,0.242405,0.67856,6.30294,-3.45784,66.3983,0.920964,0.199397,-2.3213923573493958,-0.02359667420387268,0.0481387,744.489990234375,,,,,,,62.1,3.105,62.1,3.105,,,,,,,,,,,,,,,,,,,"Myles Straw","17620",664702
"Kevin Newman","LAA",14,62,58,14,11,3,0,1,6,5,3,0,10,0,0,1,,1,0,0.245546,0.0531485,0.162924,0.326216,0.288845,0.333025,0.2754,0.62187,0.0874796,5.22768,0.286525,0.0934339,0.0450174,5.27936,-1.93513,72.0136,0.138451,0.203811,-1.8575778007507324,0.24316295981407166,0.0479295,635.25,,,,,,,49.4,3.528571428,49.4,3.528571428,,,,,,,,,,,,,,,,,,,"Kevin Newman","17696",621028
"Vinny Capra","CHW",18,80,72,16,12,3,0,1,8,7,6,0,19,1,1,0,,1,0,0.222806,0.0777364,0.233225,0.333311,0.289055,0.318203,0.272599,0.607259,0.0953976,3.49416,0.282637,-0.0833457,-0.0412262,6.57297,-2.65359,71.3012,-0.124572,0.00449297,-2.7422632426023483,0.5489374152384698,0.0479271,999,,,,,,,58.6,3.255555555,58.6,3.255555555,,,,,,,,,,,,,,,,,,,"Vinny Capra","25040",681962
"Austin Barnes",,13,50,44,10,7,2,0,1,5,4,4,0,11,0,0,0,,1,0,0.223041,0.0821273,0.222261,0.369509,0.292461,0.312156,0.272884,0.604618,0.0891154,3.41531,0.278171,-0.0756524,-0.035068,4.10878,-1.64285,71.3864,-0.11072,-0.393942,-1.7565827518701553,0.5782797932624817,0.0476674,743.3099975585938,,,,,,,41.1,3.161538461,41.1,3.161538461,,,,,,,,,,,,,,,,,,,"Austin Barnes","12158",605131
"Bryan Ramos","CHW",9,40,37,9,6,2,0,1,4,4,3,0,9,1,0,0,,0,0,0.233644,0.0674642,0.229352,0.294151,0.29434,0.372041,0.294984,0.666381,0.138397,3.30138,0.280849,-0.0260878,-0.0290447,4.00096,-0.612318,86.9674,-0.0551325,0.0526173,-0.6495003290474415,-0.21960488334298134,0.0476096,711.4000244140625,,,,,,,40.6,4.511111111,40.6,4.511111111,,,,,,,,,,,,,,,,,,,"Bryan Ramos","25621",682868
"Drew Millas","WSN",3,10,9,2,2,0,0,0,1,1,1,0,2,0,0,0,,0,0,0.242686,0.0764215,0.196831,0.388259,0.301858,0.342704,0.287208,0.644562,0.100018,4.57576,0.295392,0.00134154,0.00431182,0.935758,-0.214567,81.4074,0.00565336,0.133324,-0.21069247368723154,0.3277682214975357,0.0458181,999,,,,,,,5.2,1.733333333,5.2,1.733333333,,,,,,,,,,,,,,,,,,,"Drew Millas","25643",686452
"Brock Wilken","MIL",4,18,16,4,3,1,0,0,2,2,1,0,4,0,0,0,,0,0,0.235253,0.0825439,0.229389,0.359842,0.305039,0.374036,0.300329,0.679076,0.138783,4.51441,0.285452,0,-0.00287805,1.89617,-0.200773,89.6382,-0.00287805,0,-0.22266890038736165,0.06481481343507767,0.0449427,999,,,,,,,12.3,3.075,12.3,3.075,,,,,,,,,,,,,,,,,,,"Brock Wilken","sa3022499",694385
"Heriberto Hernandez","MIA",25,108,97,23,15,4,0,3,12,11,9,0,25,1,1,0,,2,1,0.235253,0.0825439,0.229389,0.359842,0.305039,0.374036,0.300329,0.679076,0.138783,4.51441,0.285452,0,-0.0170902,11.2597,-1.19221,87.3645,-0.0170902,0,-1.6086171381175518,-1.4731481075286865,0.0440434,999,,,,,,,102.6,4.104,102.6,4.104,,,,,,,,,,,,,,,,,,,"Heriberto Hernandez","24878",681715
"Tommy Pham","PIT",33,143,129,31,22,6,1,3,16,13,12,0,33,1,1,0,,3,1,0.241393,0.0854312,0.230169,0.371167,0.310043,0.365463,0.299989,0.675505,0.12407,4.91659,0.299909,0.00917281,0.0266346,14.9498,-1.62611,87.1673,0.0358074,-0.34011,-2.115898571908474,-2.133319705724716,0.0433772,422.7699890136719,,,,,,,137.8,4.175757575,137.8,4.175757575,,,,,,,,,,,,,,,,,,,"Tommy Pham","2967",502054
"Cam Devanney","KCR",4,18,16,4,3,1,0,0,2,2,1,0,4,0,0,0,,0,0,0.235253,0.0825439,0.229389,0.359842,0.305039,0.374036,0.300329,0.679076,0.138783,4.51441,0.285452,0,-0.00287805,1.89617,-0.200773,86.7929,-0.00287805,0,-0.2766632856801152,0.09074074029922485,0.0433714,999,,,,,,,12.3,3.075,12.3,3.075,,,,,,,,,,,,,,,,,,,"Cam Devanney","sa1170010",687478
"Curt Casali",,4,17,14,3,2,1,0,0,2,1,2,0,4,0,0,0,,0,0,0.214371,0.105722,0.232374,0.454966,0.308348,0.330464,0.289891,0.638812,0.116093,2.12348,0.267417,-0.0493694,-0.0297681,1.59518,-0.322032,83.1518,-0.0791375,-0.0530701,-0.4021745100617409,0.27100394666194916,0.0430723,999,,,,,,,11.7,2.925,11.7,2.925,,,,,,,,,,,,,,,,,,,"Curt Casali","12510",592200
"DaShawn Keirsey Jr.","MIN",8,33,30,7,5,1,0,1,4,3,2,0,8,0,0,0,,2,0,0.225334,0.0626701,0.250832,0.249849,0.28127,0.344928,0.277028,0.626198,0.119594,7.11873,0.288099,0.0616731,0.150285,2.83798,-0.981461,75.575,0.211958,0.222261,-0.7102901637554169,0.025502175092697144,0.0430293,999,,,,,,,31.3,3.9125,31.3,3.9125,,,,,,,,,,,,,,,,,,,"DaShawn Keirsey Jr.","24496",680577
"Oswaldo Cabrera","NYY",4,18,17,4,3,1,0,0,2,2,1,0,4,0,0,0,,0,0,0.235962,0.0727739,0.211894,0.343445,0.295391,0.365983,0.292252,0.661375,0.130021,4.46859,0.280357,-0.00274086,-0.00529397,1.80017,-0.321741,85.5553,-0.00803483,0.0474629,-0.31104019470512867,0.11304926872253418,0.0428637,531.260009765625,,,,,,,11.3,2.825,11.3,2.825,,,,,,,,,,,,,,,,,,,"Oswaldo Cabrera","21707",665828
"Adrian Del Castillo","ARI",5,21,19,5,3,1,0,1,2,3,2,0,5,0,0,0,,0,0,0.239425,0.0853958,0.252047,0.338809,0.307673,0.405864,0.312997,0.713537,0.166439,2.93941,0.295987,-0.0411649,-0.0217442,2.41742,-0.0197412,97.0267,-0.0629092,-0.0618805,-0.13621079921722412,-0.14058416336774826,0.0425363,512.0800170898438,,,,,,,27.3,5.46,27.3,5.46,,,,,,,,,,,,,,,,,,,"Adrian Del Castillo","29554",680728
"Gavin Sheets","SDP",64,275,249,59,38,12,0,8,28,32,22,1,60,2,2,0,,1,0,0.236317,0.0810976,0.219175,0.370014,0.302445,0.383403,0.301849,0.685848,0.147086,2.70193,0.278698,-0.799427,-0.316923,29.1157,-2.71292,94.769,-1.11635,-0.0581085,-2.800543785095215,-5.76412696018815,0.0411658,557.0700073242188,,,,,,,265.3,4.1453125,265.3,4.1453125,,,,,,,,,,,,,,,,,,,"Gavin Sheets","19901",657757
"Jorbit Vivas","NYY",5,22,19,4,3,1,0,0,2,2,2,0,4,0,0,0,,1,0,0.222028,0.0956782,0.165419,0.578399,0.310155,0.322218,0.286099,0.632373,0.10019,4.59386,0.255007,0.00984757,0.0106708,2.0518,-0.49449,81.249,0.0205184,0.0336518,-0.45148836448788643,0.11235552653670311,0.0408848,750.260009765625,,,,,,,14.2,2.84,14.2,2.84,,,,,,,,,,,,,,,,,,,"Jorbit Vivas","23917",678391
"Cooper Hummel","HOU",4,18,16,4,2,1,0,0,2,1,2,0,5,0,0,0,,1,0,0.226804,0.115044,0.265487,0.433333,0.327434,0.360825,0.309254,0.688258,0.134021,6.35773,0.30303,-0.0303907,0.0337354,2.02565,-0.071294,98.9891,0.00334476,-0.00653544,-0.01761109521612525,-0.20097988285124302,0.0399767,999,,,,,,,17.2,4.3,17.2,4.3,,,,,,,,,,,,,,,,,,,"Cooper Hummel","19458",669450
"Luis Matos","SFG",6,25,23,6,4,1,0,1,3,3,1,0,3,0,0,0,,0,0,0.247949,0.0587693,0.128271,0.458163,0.298202,0.382559,0.299019,0.68076,0.134609,3.7701,0.26301,-0.0175293,-0.0116694,2.62803,-0.307695,91.1059,-0.0291987,0.00829215,-0.2933201249688864,-0.16022637765854597,0.0387549,570.9000244140625,,,,,,,25.9,4.316666666,25.9,4.316666666,,,,,,,,,,,,,,,,,,,"Luis Matos","26467",682641
"Andrew Vaughn","MIL",10,44,40,10,6,2,0,2,4,6,3,0,9,1,0,0,,0,0,0.248915,0.0672245,0.203351,0.330584,0.30671,0.423266,0.318734,0.729976,0.174351,2.31469,0.28038,-0.143118,-0.0515085,5.19167,0.159001,102.227,-0.194626,-0.151036,-0.0812678337097168,-0.9806657880544662,0.0368817,269.1700134277344,,,,,,,52.6,5.26,52.6,5.26,,,,,,,,,,,,,,,,,,,"Andrew Vaughn","26197",683734
"James Outman","LAD",2,11,10,2,1,0,0,0,1,1,1,0,4,0,0,0,,0,0,0.218669,0.100841,0.329814,0.305751,0.304496,0.395037,0.30902,0.699532,0.176368,5.10899,0.300135,0.00988323,0.00729383,1.19891,-0.0442826,97.6745,0.0171771,0.0116096,-0.01206737756729126,-0.001199008896946907,0.0349907,693.9000244140625,,,,,,,4.2,2.1,4.2,2.1,,,,,,,,,,,,,,,,,,,"James Outman","24770",681546
"Kevin Alcántara","CHC",3,15,14,3,2,1,0,0,2,2,1,0,4,0,0,0,,0,0,0.238161,0.0689896,0.26781,0.257607,0.292017,0.357357,0.287588,0.649374,0.119195,4.38931,0.311083,-0.0000437689,0.0164762,1.38535,-0.312181,83.8716,0.0164324,0.105068,-0.2605134807527065,0.10506774485111237,0.0335081,706.3300170898438,,,,,,,8.7,2.9,8.7,2.9,,,,,,,,,,,,,,,,,,,"Kevin Alcantara","25971",682634
"Nick Kurtz","ATH",65,280,252,57,36,11,1,9,33,31,23,1,81,2,2,1,,2,1,0.227278,0.0832718,0.289747,0.287395,0.296479,0.386847,0.300028,0.683325,0.159568,3.75186,0.293399,-0.434024,-0.303012,29.1787,-3.16417,91.2584,-0.737035,0.0245761,-3.5320545434951782,-5.454744907096028,0.0330958,999,,,,,,,265.4,4.083076923,265.4,4.083076923,,,,,,,,,,,,,,,,,,,"Nick Kurtz","35110",701762
"Tyler Tolbert","KCR",3,15,13,3,2,1,0,0,2,1,1,0,3,0,0,0,,0,0,0.235253,0.0825439,0.229389,0.359842,0.305039,0.374036,0.300329,0.679076,0.138783,4.51441,0.285452,0,-0.00230244,1.51694,-0.160619,86.7929,-0.00230244,0,-0.22133061662316322,0.051851850003004074,0.0325419,999,,,,,,,9.7,3.233333333,9.7,3.233333333,,,,,,,,,,,,,,,,,,,"Tyler Tolbert","25779",686475
"Nasim Nuñez","WSN",3,15,13,3,2,0,0,0,2,1,2,0,3,0,0,0,,1,0,0.222614,0.104509,0.222807,0.469056,0.306266,0.26942,0.266244,0.575686,0.0468059,5.88112,0.294885,0.0498094,0.10161,1.12132,-0.55624,67.068,0.15142,0.120474,-0.40741461515426636,0.22417745739221573,0.030036,744.4199829101562,,,,,,,11.7,3.9,11.7,3.9,,,,,,,,,,,,,,,,,,,"Nasim Nunez","25979",683083
"Austin Martin","MIN",3,11,10,3,2,1,0,0,1,1,1,0,2,0,0,0,,0,0,0.261375,0.0966255,0.175276,0.551276,0.344336,0.342796,0.310817,0.687132,0.0814203,5.22724,0.318848,0.0149474,0.0320642,1.24363,-0.0295134,99.2233,0.0470116,0.00219546,0.03723579738289118,-0.11586009315215051,0.0298924,747.510009765625,,,,,,,12.7,4.233333333,12.7,4.233333333,,,,,,,,,,,,,,,,,,,"Austin Martin","27462",668885
"José Tena","WSN",6,25,24,6,4,1,0,1,3,3,1,0,7,0,0,0,,1,0,0.2425,0.0565761,0.271062,0.20872,0.28809,0.367742,0.288509,0.655831,0.125242,4.99825,0.317913,-0.0294847,0.001221,2.41456,-0.521167,82.2972,-0.0282637,-0.0796532,-0.553971778601408,0.011087536811828613,0.0294716,572.280029296875,,,,,,,26.8,4.466666666,26.8,4.466666666,,,,,,,,,,,,,,,,,,,"Jose Tena","23691",677588
"Logan Porter","SFG",2,7,6,1,1,0,0,0,1,1,1,0,2,0,0,0,,0,0,0.235253,0.0825439,0.229389,0.359842,0.305039,0.374036,0.300329,0.679076,0.138783,4.51441,0.285452,0,-0.00105255,0.693458,-0.0734255,92.0021,-0.00105255,0,-0.06309568393044174,0.12962962687015533,0.0293487,999,,,,,,,2.6,1.3,2.6,1.3,,,,,,,,,,,,,,,,,,,"Logan Porter","20626",682515
"Tsung-Che Cheng","PIT",2,11,10,2,2,0,0,0,1,1,1,0,2,0,0,0,,0,0,0.235253,0.0825439,0.229389,0.359842,0.305039,0.374036,0.300329,0.679076,0.138783,4.51441,0.285452,0,-0.00170628,1.12416,-0.11903,87.4001,-0.00170628,0,-0.16015576105564833,0.08966049551963806,0.0290439,999,,,,,,,4.2,2.1,4.2,2.1,,,,,,,,,,,,,,,,,,,"Tsung-Che Cheng","28344",691907
"Jeimer Candelario","CIN",39,167,151,35,20,8,1,6,19,20,13,0,41,2,1,0,,1,1,0.229368,0.0777553,0.243828,0.318895,0.297256,0.403921,0.306998,0.701177,0.174553,4.02027,0.273632,-0.315291,-0.169561,18.3348,-0.957076,88.0321,-0.484852,-0.31584,-2.820355474948883,-2.338062733411789,0.0283575,312.6600036621094,,,,,,,174.4,4.471794871,174.4,4.471794871,,,,,,,,,,,,,,,,,,,"Jeimer Candelario","13621",600869
"Anthony Rizzo",,18,80,71,16,11,3,0,2,9,9,7,0,16,2,1,0,,0,0,0.23205,0.0853248,0.195097,0.437345,0.314653,0.377257,0.306944,0.69191,0.145207,2.89202,0.263279,-0.281191,-0.107959,8.76544,-0.461124,94.9502,-0.38915,-0.0748813,-0.8551084995269775,-1.5008072704076767,0.0280723,731.3099975585938,,,,,,,73.1,4.061111111,73.1,4.061111111,,,,,,,,,,,,,,,,,,,"Anthony Rizzo","3473",519203
"Moisés Ballesteros","CHC",9,36,33,9,6,2,0,1,4,4,3,0,7,0,0,0,,0,0,0.257456,0.0698081,0.194647,0.358639,0.310334,0.398263,0.310978,0.708596,0.140807,2.23161,0.297783,-0.0453602,-0.0556026,4.079,-0.0920726,99.8698,-0.100963,-0.194984,-0.10645848466083407,-0.7983786463737488,0.028,999,,,,,,,41.6,4.622222222,41.6,4.622222222,,,,,,,,,,,,,,,,,,,"Moises Ballesteros","28820",694208
"Nacho Alvarez Jr.","ATL",3,11,10,3,2,0,0,0,1,1,1,0,2,0,0,0,,0,0,0.252399,0.0908365,0.210067,0.432417,0.328905,0.322027,0.295314,0.650932,0.0696283,3.8444,0.318047,-0.0017341,-0.00348384,1.12009,-0.168032,85.3782,-0.00521794,0.00961373,-0.1957407034933567,0.1025149691849947,0.0279965,742.6799926757812,,,,,,,9.8,3.266666666,9.8,3.266666666,,,,,,,,,,,,,,,,,,,"Nacho Alvarez Jr.","31765",805373
"Brett Wisely","SFG",4,18,17,4,3,1,0,0,2,2,1,0,4,0,0,0,,0,0,0.232693,0.0728692,0.238847,0.305087,0.29144,0.346965,0.283828,0.638405,0.114272,4.0821,0.293838,-0.0223629,-0.0296903,1.65676,-0.440185,80.7153,-0.0520533,0.0662038,-0.4611150100827217,0.13101861625909805,0.0270446,749.219970703125,,,,,,,11.3,2.825,11.3,2.825,,,,,,,,,,,,,,,,,,,"Brett Wisely","27735",689172
"Will Robertson","TOR",4,18,16,4,3,1,0,0,2,2,2,0,4,0,0,0,,0,0,0.235253,0.0825439,0.229389,0.359842,0.305039,0.374036,0.300329,0.679076,0.138783,4.51441,0.285452,0,-0.00291232,1.91875,-0.203163,92.5481,-0.00291232,0,-0.15923027996905148,-0.19675925374031067,0.0264457,999,,,,,,,15.3,3.825,15.3,3.825,,,,,,,,,,,,,,,,,,,"Will Robertson","25467",683770
"Vidal Bruján","CHC",9,40,36,8,6,2,0,0,5,3,3,0,8,1,0,0,,1,1,0.22578,0.0799196,0.204167,0.391443,0.297102,0.31677,0.27615,0.613872,0.0909899,5.46622,0.278287,0.0196899,-0.0414671,3.44029,-1.22791,76.0486,-0.0217773,0.0488706,-1.1527902912348509,0.0882224440574646,0.0259456,693.4500122070312,,,,,,,25.7,2.855555555,25.7,2.855555555,,,,,,,,,,,,,,,,,,,"Vidal Brujan","20536",660644
"Harry Ford","SEA",4,18,16,4,3,1,0,0,2,2,2,0,4,0,0,0,,0,0,0.235253,0.0825439,0.229389,0.359842,0.305039,0.374036,0.300329,0.679076,0.138783,4.51441,0.285452,0,-0.00289607,1.90804,-0.202029,97.5264,-0.00289607,0,-0.05449549690820277,-0.30524691939353943,0.0257017,999,,,,,,,15.3,3.825,15.3,3.825,,,,,,,,,,,,,,,,,,,"Harry Ford","sa3017627",695670
"José Fermín","STL",2,7,6,2,1,0,0,0,1,1,1,0,1,0,0,0,,0,0,0.24841,0.0957908,0.123729,0.774197,0.332478,0.367283,0.313165,0.699762,0.118874,4.90602,0.268637,0.00219259,0.0188794,0.832959,-0.00581937,100.277,0.021072,-0.0408037,0.023421815829351544,-0.014877749606966972,0.0254261,750.719970703125,,,,,,,8.2,4.1,8.2,4.1,,,,,,,,,,,,,,,,,,,"Jose Fermin","21746",665877
"Leo Jiménez","TOR",2,7,7,2,1,0,0,0,1,1,1,0,2,0,0,0,,0,0,0.245819,0.0778205,0.223847,0.347651,0.326651,0.395147,0.320896,0.721798,0.149328,2.8658,0.296661,-0.0160401,-0.0103386,0.888271,0.039507,106.942,-0.0263787,-0.065771,0.03186642937362194,-0.03953642398118973,0.0245779,750.8099975585938,,,,,,,7.2,3.6,7.2,3.6,,,,,,,,,,,,,,,,,,,"Leo Jimenez","23782",677870
"Coco Montes","TBR",3,11,10,2,2,0,0,0,1,1,1,0,3,0,0,0,,0,0,0.228374,0.0737462,0.277256,0.265986,0.289114,0.363209,0.289164,0.652323,0.134835,2.88911,0.296841,-0.0150051,-0.0161435,1.04051,-0.217655,87.4077,-0.0311485,-0.0110794,-0.18777284398674965,0.05373537074774504,0.0236865,999,,,,,,,4.2,1.4,4.2,1.4,,,,,,,,,,,,,,,,,,,"Coco Montes","21547",663796
"Ji Hwan Bae","PIT",2,11,10,2,2,1,0,0,1,1,1,0,3,0,0,0,,1,0,0.249109,0.0835439,0.243661,0.342869,0.313617,0.332949,0.289772,0.646566,0.0838401,6.23303,0.331547,0.0213046,0.0596337,1.03335,-0.209839,80.179,0.0809384,-0.036126,-0.1683206483721733,0.02791725844144821,0.0217796,739.989990234375,,,,,,,9,4.5,9,4.5,,,,,,,,,,,,,,,,,,,"Ji Hwan Bae","23818",678225
"Michael Siani","STL",10,44,39,8,7,1,0,0,5,3,3,0,11,0,0,1,,2,0,0.217771,0.0803187,0.257163,0.312326,0.287426,0.294026,0.263984,0.581453,0.0762558,6.0453,0.292735,0.0723084,0.162006,3.28528,-1.74739,66.6383,0.234314,0.356378,-1.4640629142522812,0.25267401337623596,0.0213515,674.9600219726562,,,,,,,21.5,2.15,21.5,2.15,,,,,,,,,,,,,,,,,,,"Michael Siani","22557",672279
"Colby Thomas","ATH",2,11,10,2,1,1,0,0,1,1,1,0,3,0,0,0,,0,0,0.231654,0.0536917,0.282594,0.189996,0.279999,0.395384,0.295342,0.675382,0.16373,5.34492,0.297576,-0.00153019,0.0244473,1.06824,-0.159975,87.9792,0.0229171,0.0889187,-0.12303904630243778,-0.024970218539237976,0.021339,999,,,,,,,7.1,3.55,7.1,3.55,,,,,,,,,,,,,,,,,,,"Colby Thomas","sa3020713",687515
"Jose Herrera","ARI",10,40,36,8,6,1,0,0,4,3,3,0,9,0,0,1,,0,0,0.217436,0.0861478,0.228024,0.377801,0.286901,0.292385,0.262448,0.579287,0.0749495,2.76087,0.279005,-0.0894307,-0.0632924,2.98997,-1.66611,62.4525,-0.152723,0.0256509,-1.9211587607860565,0.8126878757029772,0.0210288,750.510009765625,,,,,,,20.7,2.07,20.7,2.07,,,,,,,,,,,,,,,,,,,"Jose Herrera","17040",645444
"Alexander Canario","PIT",44,190,173,37,22,8,0,7,21,23,15,0,61,1,1,0,,3,1,0.215848,0.0774141,0.32096,0.241195,0.281269,0.387589,0.293871,0.668858,0.171741,4.29671,0.285602,-0.244416,0.040397,18.8787,-3.08431,82.9825,-0.204019,-0.0688406,-3.9847485423088074,-2.002945564687252,0.0203283,747.030029296875,,,,,,,174.1,3.956818181,174.1,3.956818181,,,,,,,,,,,,,,,,,,,"Alexander Canario","22842",672744
"Grant McCray","SFG",4,18,16,4,2,1,0,0,2,2,1,0,6,0,0,0,,1,0,0.220991,0.0726164,0.330971,0.219404,0.283795,0.353627,0.282357,0.637422,0.132636,6.03305,0.316625,0.0173138,0.0359042,1.63542,-0.461523,79.7093,0.053218,0.0690529,-0.37718160077929497,-0.021687820553779602,0.0198983,731.6599731445312,,,,,,,14.2,3.55,14.2,3.55,,,,,,,,,,,,,,,,,,,"Grant McCray","25690",687529
"Ryan Bliss","SEA",2,7,7,1,1,0,0,0,1,1,1,0,2,0,0,0,,0,0,0.219328,0.0766622,0.266156,0.288035,0.288057,0.343524,0.282107,0.631581,0.124196,6.21675,0.285519,0.0136705,0.0215088,0.668261,-0.190488,84.7733,0.0351793,0.0109864,-0.09408757835626602,0.03752960916608572,0.0197964,491.4100036621094,,,,,,,1.6,0.8,1.6,0.8,,,,,,,,,,,,,,,,,,,"Ryan Bliss","29547",669208
"Alex Freeland","LAD",2,7,6,2,1,0,0,0,1,1,1,0,2,0,0,0,,0,0,0.235253,0.0825439,0.229389,0.359842,0.305039,0.374036,0.300329,0.679076,0.138783,4.51441,0.285452,0,-0.00113752,0.74944,-0.0793531,91.7306,-0.00113752,0,-0.07046518416609615,0.025617284700274467,0.0195859,999,,,,,,,8.2,4.1,8.2,4.1,,,,,,,,,,,,,,,,,,,"Alex Freeland","sa3020653",690976
"Maximo Acosta","MIA",4,19,17,4,3,1,0,0,2,2,1,0,4,0,0,0,,1,0,0.233121,0.0639075,0.215806,0.296134,0.287237,0.328554,0.274347,0.615791,0.0954326,5.02066,0.287659,0.0204625,0.0416044,1.55539,-0.591483,69.5934,0.0620669,0.00864532,-0.598263818770647,0.181176183745265,0.0194658,999,,,,,,,13.2,3.3,13.2,3.3,,,,,,,,,,,,,,,,,,,"Maximo Acosta","sa3014711",691185
"Jakob Marsee","MIA",4,19,16,3,2,1,0,0,2,1,2,0,4,0,0,0,,1,0,0.206081,0.113898,0.241131,0.472349,0.308387,0.316902,0.285041,0.625289,0.110821,6.88129,0.264125,0.0579133,0.106391,1.71423,-0.432644,76.9076,0.164305,-0.0498642,-0.3371872305870056,-0.08967897668480873,0.0184497,999,,,,,,,11.6,2.9,11.6,2.9,,,,,,,,,,,,,,,,,,,"Jakob Marsee","sa3019868",805300
"Kyren Paris","LAA",4,18,16,3,2,1,0,0,2,2,2,0,6,0,0,0,,1,0,0.196474,0.0908456,0.332861,0.272923,0.277872,0.333303,0.274023,0.611175,0.13683,6.58764,0.278674,0.0444213,0.067589,1.53254,-0.589367,71.0502,0.11201,-0.00430216,-0.4952676147222519,0.061284259893000126,0.0183412,740.1099853515625,,,,,,,11.6,2.9,11.6,2.9,,,,,,,,,,,,,,,,,,,"Kyren Paris","26420",677347
"Aledmys Díaz",,7,29,27,6,4,1,0,1,3,3,2,0,6,0,0,0,,0,0,0.237295,0.0548318,0.198029,0.276887,0.285603,0.360298,0.285065,0.645902,0.123004,2.39788,0.278479,-0.0881278,-0.0437884,2.67955,-0.675566,79.8136,-0.131916,-0.128623,-0.8092398792505264,0.026932254433631897,0.017938,999,,,,,,,24.9,3.557142857,24.9,3.557142857,,,,,,,,,,,,,,,,,,,"Aledmys Diaz","15937",649557
"Vaughn Grissom","BOS",1,4,3,1,1,0,0,0,0,0,0,0,1,0,0,0,,0,0,0.2624,0.0783894,0.193737,0.404618,0.329091,0.373771,0.312506,0.702863,0.111371,4.17319,0.313722,-0.000356865,0.00116941,0.409633,-0.00476407,94.0022,0.000812545,0.0605471,-0.023758557508699596,0.07335569243878126,0.0175427,640.8599853515625,,,,,,,2.6,2.6,2.6,2.6,,,,,,,,,,,,,,,,,,,"Vaughn Grissom","26031",687093
"Weston Wilson","PHI",4,18,16,4,2,1,0,1,2,2,2,0,5,0,0,0,,1,0,0.222009,0.0879192,0.290684,0.302457,0.29385,0.385158,0.298551,0.679008,0.163149,4.94987,0.283836,0.0040112,0.023128,1.87037,-0.226575,88.2021,0.0271392,-0.0616504,-0.22311445325613022,-0.20424296706914902,0.016938,750.510009765625,,,,,,,26.6,6.65,26.6,6.65,,,,,,,,,,,,,,,,,,,"Weston Wilson","19358",642215
"Blake Dunn","CIN",3,15,13,3,2,1,0,0,2,1,1,0,4,0,0,0,,1,0,0.220919,0.082306,0.30989,0.265597,0.306155,0.339122,0.291028,0.645276,0.118202,6.25129,0.314427,0.013605,0.0470393,1.40898,-0.268574,77.1095,0.0606443,0.0679726,-0.3277928754687309,0.01612076908349991,0.01669,743.5,,,,,,,11.6,3.866666666,11.6,3.866666666,,,,,,,,,,,,,,,,,,,"Blake Dunn","29487",694362
"Andrew Pintar","MIA",2,7,7,2,1,0,0,0,1,1,1,0,2,0,0,0,,0,0,0.235253,0.0825439,0.229389,0.359842,0.305039,0.374036,0.300329,0.679076,0.138783,4.51441,0.285452,0,-0.00117863,0.776528,-0.0822213,87.3645,-0.00117863,0,-0.11093904974404722,0.026543209329247475,0.0163528,999,,,,,,,7.2,3.6,7.2,3.6,,,,,,,,,,,,,,,,,,,"Andrew Pintar","sa3020715",801464
"Blaze Alexander","ARI",9,40,36,9,6,2,0,1,4,4,3,0,12,1,0,0,,1,0,0.234759,0.0756126,0.301975,0.250393,0.304004,0.345851,0.291257,0.649855,0.111092,4.176,0.331681,-0.0306493,-0.00612005,3.92822,-0.739982,82.1569,-0.0367694,-0.0304382,-0.8793417066335678,-0.27966658771038055,0.016132,746.6199951171875,,,,,,,43.5,4.833333333,43.5,4.833333333,,,,,,,,,,,,,,,,,,,"Blaze Alexander","23789",677942
"Luke Maile","KCR",1,3,3,1,0,0,0,0,0,0,0,0,1,0,0,0,,0,0,0.223292,0.0865138,0.275511,0.314013,0.306686,0.343148,0.292912,0.649835,0.119857,2.69057,0.297444,-0.00589181,-0.00446204,0.32705,-0.0563917,81.6015,-0.0103538,0.0556774,-0.08009631093591452,0.12049216404557228,0.0156611,999,,,,,,,2.6,2.6,2.6,2.6,,,,,,,,,,,,,,,,,,,"Luke Maile","13355",571912
"Esteury Ruiz","LAD",1,4,3,1,1,0,0,0,1,0,0,0,1,0,0,0,,0,0,0.251935,0.0658781,0.23266,0.283152,0.310067,0.344294,0.292453,0.654362,0.0923593,7.69792,0.32194,0.0340179,0.0548374,0.352138,-0.0622588,86.3434,0.0888553,-0.011501,0.03160923719406128,0.0013076215982437134,0.0155435,595.2899780273438,,,,,,,2.6,2.6,2.6,2.6,,,,,,,,,,,,,,,,,,,"Esteury Ruiz","21780",665923
"Dom Nuñez","CLE",1,3,3,1,0,0,0,0,0,0,0,0,1,0,0,0,,0,0,0.235253,0.0825439,0.229389,0.359842,0.305039,0.374036,0.300329,0.679076,0.138783,4.51441,0.285452,0,-0.000538803,0.354984,-0.0375869,92.4445,-0.000538803,0,-0.02986094815423712,0.06635802239179611,0.0155289,999,,,,,,,2.6,2.6,2.6,2.6,,,,,,,,,,,,,,,,,,,"Dom Nunez","15055",624513
"Robbie Grossman",,8,33,28,6,4,1,0,1,4,3,4,0,8,0,0,0,,0,0,0.226026,0.12512,0.243334,0.514191,0.324918,0.350808,0.304571,0.675726,0.124782,3.48834,0.286798,-0.0606343,-0.0244497,3.52388,-0.250621,93.3082,-0.085084,-0.0310449,-0.33768270164728165,-0.5884523000568151,0.0153963,999,,,,,,,29.9,3.7375,29.9,3.7375,,,,,,,,,,,,,,,,,,,"Robbie Grossman","5254",543257
"Jared Young","NYM",14,62,55,13,9,2,0,2,7,6,5,0,14,1,0,0,,1,0,0.235253,0.0825439,0.229389,0.359842,0.305039,0.374036,0.300329,0.679076,0.138783,4.51441,0.285452,0,-0.00978538,6.44699,-0.682629,93.5651,-0.00978538,0,-0.47387051302939653,-1.3870370388031006,0.0152043,750.719970703125,,,,,,,62.3,4.45,62.3,4.45,,,,,,,,,,,,,,,,,,,"Jared Young","20404",676724
"Korey Lee","CHW",3,13,12,3,2,1,0,0,1,1,1,0,4,0,0,0,,0,0,0.218176,0.0514635,0.289564,0.177728,0.261353,0.345373,0.267015,0.606726,0.127197,4.00348,0.285388,-0.000430526,-0.00864441,1.03339,-0.500373,67.3931,-0.00907494,-0.0510654,-0.5034798821434379,0.20819387212395668,0.0151702,520.260009765625,,,,,,,10.7,3.566666666,10.7,3.566666666,,,,,,,,,,,,,,,,,,,"Korey Lee","25543",686676
"Rhylan Thomas","SEA",2,7,7,2,1,0,0,0,1,1,1,0,2,0,0,0,,0,0,0.235253,0.0825439,0.229389,0.359842,0.305039,0.374036,0.300329,0.679076,0.138783,4.51441,0.285452,0,-0.00117863,0.776528,-0.0822213,97.5264,-0.00117863,0,-0.02217839437071234,-0.07962962985038757,0.0150944,999,,,,,,,7.2,3.6,7.2,3.6,,,,,,,,,,,,,,,,,,,"Rhylan Thomas","31793",689041
"Jacob Hurtubise","SEA",2,7,6,1,1,0,0,0,1,0,1,0,2,0,0,0,,0,0,0.236005,0.101612,0.228304,0.445074,0.336793,0.299497,0.293911,0.63629,0.0634918,5.89105,0.314952,0.0111483,0.0204229,0.738393,-0.120356,93.0344,0.0315712,0.00237991,-0.02756340056657791,-0.07724972232244909,0.0147821,749.75,,,,,,,2.6,1.3,2.6,1.3,,,,,,,,,,,,,,,,,,,"Jacob Hurtubise","27599",674441
"Cavan Biggio","KCR",3,15,12,3,2,1,0,0,2,1,2,0,4,0,0,0,,0,0,0.215693,0.121592,0.271657,0.447595,0.324714,0.332304,0.299577,0.657018,0.116611,4.00609,0.289456,-0.0118296,-0.00731523,1.5082,-0.169355,86.2661,-0.0191448,-0.0682368,-0.2469096202403307,-0.09416268020868301,0.0147112,749.8599853515625,,,,,,,13.7,4.566666666,13.7,4.566666666,,,,,,,,,,,,,,,,,,,"Cavan Biggio","19252",624415
"Connor Joe","CIN",7,29,25,6,4,1,0,1,3,3,3,0,7,0,0,0,,0,0,0.226129,0.108609,0.232675,0.466783,0.321972,0.356283,0.305601,0.678256,0.130154,3.47265,0.282735,-0.0343546,-0.034511,3.15626,-0.198857,87.0772,-0.0688656,0.0885062,-0.5074494108557701,-0.30038270354270935,0.0142095,650.75,,,,,,,29.9,4.271428571,29.9,4.271428571,,,,,,,,,,,,,,,,,,,"Connor Joe","16572",656582
"Taylor Trammell","HOU",2,7,6,1,1,0,0,0,1,1,1,0,2,0,0,0,,0,0,0.207328,0.105215,0.31832,0.330532,0.294776,0.396717,0.304971,0.691493,0.189389,4.27794,0.270151,-0.000325308,-0.00413956,0.785407,-0.0533714,95.9918,-0.00446487,0.0106853,-0.037701030261814594,-0.0670924810692668,0.0141871,999,,,,,,,2.6,1.3,2.6,1.3,,,,,,,,,,,,,,,,,,,"Taylor Trammell","19960",666211
"Jorge Barrosa","ARI",4,18,17,4,3,1,0,0,2,2,1,0,4,0,0,0,,1,0,0.233168,0.0762695,0.197443,0.386287,0.295713,0.323154,0.277751,0.618866,0.089986,5.36447,0.286607,-0.00852825,0.0517974,1.58727,-0.534639,72.919,0.0432691,0.116468,-0.5380021072924137,0.07711587846279144,0.0141843,999,,,,,,,13.2,3.3,13.2,3.3,,,,,,,,,,,,,,,,,,,"Jorge Barrosa","23968",678489
"Sebastián  Rivero","LAA",1,3,3,1,0,0,0,0,0,0,0,0,1,0,0,0,,0,0,0.235253,0.0825439,0.229389,0.359842,0.305039,0.374036,0.300329,0.679076,0.138783,4.51441,0.285452,0,-0.000532538,0.350857,-0.0371499,89.4611,-0.000532538,0,-0.04095743229845539,0.06558641791343689,0.0141592,999,,,,,,,2.6,2.6,2.6,2.6,,,,,,,,,,,,,,,,,,,"Sebastian  Rivero","21735",665861
"Sean Bouchard","COL",4,18,16,4,2,1,0,1,2,2,2,0,5,0,0,0,,0,0,0.234139,0.0995638,0.290681,0.342519,0.316834,0.40084,0.316087,0.717674,0.166701,5.82648,0.31253,-0.0179524,0.00892194,2.12479,0.0278396,87.5483,-0.00903044,0.0120181,-0.27315200585871935,-0.18242634274065495,0.0140055,630.52001953125,,,,,,,24.7,6.175,24.7,6.175,,,,,,,,,,,,,,,,,,,"Sean Bouchard","21270",656248
"Garrett Stubbs","PHI",3,10,9,2,1,0,0,0,1,1,1,0,3,0,0,0,,0,0,0.216733,0.0941197,0.256367,0.367128,0.296911,0.300924,0.271484,0.597835,0.084191,4.22487,0.293007,-0.00260373,-0.00520244,0.810608,-0.339717,69.6887,-0.00780617,-0.0242555,-0.3605122738517821,0.17018897086381912,0.0138756,999,,,,,,,5.2,1.733333333,5.2,1.733333333,,,,,,,,,,,,,,,,,,,"Garrett Stubbs","18067",596117
"Jeferson Quero","MIL",2,7,6,1,1,0,0,0,1,1,0,0,1,0,0,0,,0,0,0.233599,0.0681515,0.2193,0.310769,0.287429,0.333788,0.276836,0.621216,0.100189,2.93467,0.284345,-0.00448946,-0.00957346,0.568806,-0.198078,73.5695,-0.0140629,0.00256555,-0.2190955663099885,0.13219518004916608,0.013405,745.1900024414062,,,,,,,-0.4,-0.2,-0.4,-0.2,,,,,,,,,,,,,,,,,,,"Jeferson Quero","sa3015407",691620
"Mason McCoy","SDP",1,4,3,1,1,0,0,0,0,0,0,0,1,0,0,0,,0,0,0.202689,0.0731218,0.319659,0.228749,0.263682,0.269652,0.242042,0.533334,0.0669629,4.2652,0.301655,0.00284194,-0.00281332,0.212605,-0.211777,53.8625,0.000028625,0.167083,-0.19803239422253682,0.20643486082553864,0.0132883,999,,,,,,,2.6,2.6,2.6,2.6,,,,,,,,,,,,,,,,,,,"Mason McCoy","22232",669200
"Ryan Fitzgerald","MIN",1,4,3,1,1,0,0,0,0,0,0,0,1,0,0,0,,0,0,0.235253,0.0825439,0.229389,0.359842,0.305039,0.374036,0.300329,0.679076,0.138783,4.51441,0.285452,0,-0.000582464,0.383749,-0.0406326,91.8831,-0.000582464,0,-0.034635886433534324,0.039351850748062134,0.0131775,999,,,,,,,2.6,2.6,2.6,2.6,,,,,,,,,,,,,,,,,,,"Ryan Fitzgerald","24622",680837
"Ronny Simon","PIT",2,11,10,2,2,0,0,0,1,1,1,0,2,0,0,0,,0,0,0.235253,0.0825439,0.229389,0.359842,0.305039,0.374036,0.300329,0.679076,0.138783,4.51441,0.285452,0,-0.00170628,1.12416,-0.11903,87.4001,-0.00170628,0,-0.16015576105564833,-0.06404320895671844,0.0130722,999,,,,,,,4.2,2.1,4.2,2.1,,,,,,,,,,,,,,,,,,,"Ronny Simon","25346",682927
"C.J. Kayfus","CLE",3,15,13,3,2,1,0,0,2,2,1,0,3,0,0,0,,0,0,0.235253,0.0825439,0.229389,0.359842,0.305039,0.374036,0.300329,0.679076,0.138783,4.51441,0.285452,0,-0.00235726,1.55306,-0.164443,92.4445,-0.00235726,0,-0.1306415826547891,-0.23888888955116272,0.0129482,999,,,,,,,9.7,3.233333333,9.7,3.233333333,,,,,,,,,,,,,,,,,,,"C.J. Kayfus","sa3023068",692216
"Jake Bauers","MIL",24,102,89,18,11,3,0,4,12,12,11,0,34,1,1,0,,3,1,0.205078,0.110877,0.335848,0.33014,0.297997,0.377915,0.299917,0.675912,0.172837,4.66925,0.278419,-0.070223,0.13491,10.585,-1.15785,89.356,0.0646873,-0.375331,-1.1996657028794289,-1.9827382564544678,0.0128451,706.9299926757812,,,,,,,97,4.041666666,97,4.041666666,,,,,,,,,,,,,,,,,,,"Jake Bauers","15194",641343
"Orelvis Martinez","TOR",4,18,17,4,2,1,0,1,2,2,1,0,5,0,0,0,,0,0,0.214835,0.0712867,0.28336,0.251577,0.278937,0.3902,0.291953,0.669138,0.175365,2.3577,0.26399,-0.0211054,-0.020347,1.79577,-0.326138,86.6857,-0.0414524,-0.126991,-0.32074473053216934,-0.16634292900562286,0.012823,632.260009765625,,,,,,,20.7,5.175,20.7,5.175,,,,,,,,,,,,,,,,,,,"Orelvis Martinez","25967",682619
"Darren Baker","WSN",2,7,7,2,1,0,0,0,1,0,0,0,2,0,0,0,,0,0,0.237516,0.0616315,0.215154,0.286453,0.285139,0.294533,0.260396,0.579671,0.0570161,5.3902,0.306248,0.00675631,0.037944,0.526725,-0.312054,63.0685,0.0447003,0.126285,-0.26865092292428017,0.15221117995679379,0.0124388,999,,,,,,,4.2,2.1,4.2,2.1,,,,,,,,,,,,,,,,,,,"Darren Baker","29912",671117
"Joey Loperfido","TOR",1,4,3,1,0,0,0,0,0,0,0,0,1,0,0,0,,0,0,0.221912,0.0720186,0.326758,0.220403,0.28191,0.364036,0.284285,0.645946,0.142123,4.49425,0.310805,-0.00376883,-0.000413814,0.336639,-0.0877431,81.319,-0.00418264,0.116384,-0.08255667798221111,0.07703185081481934,0.0121134,597.6300048828125,,,,,,,2.6,2.6,2.6,2.6,,,,,,,,,,,,,,,,,,,"Joey Loperfido","29630",694388
"Logan Driscoll","TBR",1,3,3,1,0,0,0,0,0,0,0,0,1,0,0,0,,0,0,0.22704,0.0639457,0.238677,0.267918,0.280953,0.328581,0.271059,0.609534,0.101541,2.34244,0.289045,-0.00442351,-0.00504419,0.269076,-0.114365,74.7364,-0.0094677,0.0447555,-0.10523326229304075,0.10957028716802597,0.0119142,999,,,,,,,2.6,2.6,2.6,2.6,,,,,,,,,,,,,,,,,,,"Logan Driscoll","25475",686482
"Jarred Kelenic","ATL",3,11,10,2,1,1,0,0,1,1,1,0,3,0,0,0,,0,0,0.228449,0.0853379,0.289807,0.294464,0.295469,0.387438,0.299049,0.682906,0.158989,4.77724,0.298167,-0.00065667,0.000121836,1.15338,-0.134744,87.9329,-0.000534834,0.0264449,-0.15776918950723484,-0.09299950674176216,0.0116258,502.82000732421875,,,,,,,7.1,2.366666666,7.1,2.366666666,,,,,,,,,,,,,,,,,,,"Jarred Kelenic","22558",672284
"Adam Duvall",,9,40,36,8,4,2,0,2,4,5,3,0,12,1,0,0,,0,0,0.212244,0.0650599,0.299639,0.217128,0.271536,0.40682,0.295201,0.678355,0.194575,2.61273,0.256804,-0.0850247,-0.0505078,4.0079,-0.605386,86.8258,-0.135533,-0.0318706,-0.7433360666036606,-0.45964837819337845,0.0114356,999,,,,,,,45.4,5.044444444,45.4,5.044444444,,,,,,,,,,,,,,,,,,,"Adam Duvall","10950",594807
"Will Banfield","CIN",1,3,3,1,0,0,0,0,0,0,0,0,1,0,0,0,,0,0,0.235253,0.0825439,0.229389,0.359842,0.305039,0.374036,0.300329,0.679076,0.138783,4.51441,0.285452,0,-0.000526273,0.346729,-0.0367128,83.4713,-0.000526273,0,-0.0646363435080275,0.06481481343507767,0.011236,999,,,,,,,2.6,2.6,2.6,2.6,,,,,,,,,,,,,,,,,,,"Will Banfield","sa3007973",677943
"Seby Zavala","BOS",1,3,3,1,0,0,0,0,0,0,0,0,1,0,0,0,,0,0,0.202903,0.0827536,0.358262,0.230986,0.271416,0.411959,0.297469,0.683375,0.209056,1.01764,0.281883,0,-0.00339218,0.335104,-0.0437729,83.4784,-0.00339218,0,-0.06527432170696557,0.06404320895671844,0.0111991,999,,,,,,,2.6,2.6,2.6,2.6,,,,,,,,,,,,,,,,,,,"Seby Zavala","18887",664874
"Mickey Gasper","MIN",2,7,6,2,1,0,0,0,1,1,1,0,1,0,0,0,,0,0,0.242986,0.106285,0.202265,0.525472,0.338555,0.366866,0.317757,0.705421,0.123881,2.60437,0.29451,-0.0126171,-0.0124758,0.869842,0.0210776,104.08,-0.025093,0.00920594,0.009143037721514702,-0.14820145815610886,0.0109251,999,,,,,,,8.2,4.1,8.2,4.1,,,,,,,,,,,,,,,,,,,"Mickey Gasper","24759",681508
"CJ Alexander","NYY",1,4,3,1,1,0,0,0,0,0,0,0,1,0,0,0,,0,0,0.235253,0.0825439,0.229389,0.359842,0.305039,0.374036,0.300329,0.679076,0.138783,4.51441,0.285452,0,-0.000582464,0.383749,-0.0406326,91.2081,-0.000582464,0,-0.03746789682190865,0.013117283582687378,0.0101571,999,,,,,,,2.6,2.6,2.6,2.6,,,,,,,,,,,,,,,,,,,"CJ Alexander","20557",680769
"Jair Camargo","MIN",1,3,3,1,0,0,0,0,0,0,0,0,1,0,0,0,,0,0,0.197925,0.0560957,0.364093,0.15407,0.245774,0.298003,0.241861,0.543776,0.100077,1.79033,0.295305,-0.00281073,-0.00477847,0.193895,-0.194111,50.9628,-0.00758919,0.114221,-0.19568492658436298,0.17980729788541794,0.00995009,999,,,,,,,2.6,2.6,2.6,2.6,,,,,,,,,,,,,,,,,,,"Jair Camargo","21730",665856
"Nate Eaton","BOS",2,7,6,2,1,0,0,0,1,1,1,0,2,0,0,0,,0,0,0.235253,0.0825439,0.229389,0.359842,0.305039,0.374036,0.300329,0.679076,0.138783,4.51441,0.285452,0,-0.00113752,0.74944,-0.0793531,85.48,-0.00113752,0,-0.12010472209658474,-0.025617282837629318,0.00963558,999,,,,,,,8.2,4.1,8.2,4.1,,,,,,,,,,,,,,,,,,,"Nate Eaton","25055",681987
"Cal Stevenson","PHI",3,15,13,3,2,1,0,0,2,1,2,0,3,0,0,0,,1,0,0.223002,0.120019,0.224077,0.535613,0.317718,0.307961,0.285943,0.625679,0.084959,5.24385,0.286824,0.014636,0.031503,1.34996,-0.327602,79.5782,0.046139,0.0218633,-0.30040545389056206,-0.08184044621884823,0.00935652,999,,,,,,,14.6,4.866666666,14.6,4.866666666,,,,,,,,,,,,,,,,,,,"Cal Stevenson","22411",670276
"Justyn-Henry Malloy","DET",2,11,9,2,1,0,0,0,1,1,1,0,3,0,0,0,,0,0,0.226713,0.122092,0.296032,0.412427,0.330345,0.382466,0.318735,0.712811,0.155753,2.78148,0.306447,-0.0213872,-0.0164079,1.28248,0.0392864,105.274,-0.037795,-0.130496,0.027024921029806137,-0.29700785875320435,0.00911228,681.280029296875,,,,,,,5.2,2.6,5.2,2.6,,,,,,,,,,,,,,,,,,,"Justyn-Henry Malloy","29606",669234
"Carson McCusker","MIN",3,15,13,3,2,1,0,0,2,1,1,0,3,0,0,0,,0,0,0.235253,0.0825439,0.229389,0.359842,0.305039,0.374036,0.300329,0.679076,0.138783,4.51441,0.285452,0,-0.00232986,1.535,-0.162531,91.8831,-0.00232986,0,-0.1385435457341373,-0.26234567165374756,0.00909257,999,,,,,,,9.7,3.233333333,9.7,3.233333333,,,,,,,,,,,,,,,,,,,"Carson McCusker","33098",676812
"Adael Amador","COL",3,11,10,2,2,0,0,0,1,1,1,0,2,0,0,0,,0,0,0.24409,0.0885752,0.189021,0.4686,0.316675,0.37051,0.305563,0.687185,0.126421,4.88667,0.283739,0.000538711,0.00866001,1.18327,-0.0749026,80.3505,0.00919872,-0.0665668,-0.2408806150779128,-0.02767794206738472,0.00890089,698.22998046875,,,,,,,4.2,1.4,4.2,1.4,,,,,,,,,,,,,,,,,,,"Adael Amador","27962",691182
"Ronny Mauricio","NYM",13,58,55,13,9,3,0,2,7,7,3,0,13,0,0,0,,2,0,0.244484,0.0511103,0.223967,0.228205,0.284763,0.398227,0.297183,0.682989,0.153742,5.24748,0.288493,0.0469908,0.170685,5.92167,-0.788563,91.4128,0.217676,-1.39061,-0.36519867181777954,-1.4424608759582043,0.00846825,644,,,,,,,58.1,4.469230769,58.1,4.469230769,,,,,,,,,,,,,,,,,,,"Ronny Mauricio","23698",677595
"Trey Lipscomb","WSN",2,7,7,2,1,0,0,0,1,1,0,0,2,0,0,0,,0,0,0.238636,0.0568197,0.208198,0.272912,0.283879,0.319756,0.268308,0.603635,0.0811194,4.58826,0.296598,-0.000274362,0.00482851,0.572639,-0.266139,68.48,0.00455415,0.0817661,-0.26288241473957896,0.10769201628863811,0.00841209,750.1599731445312,,,,,,,4.2,2.1,4.2,2.1,,,,,,,,,,,,,,,,,,,"Trey Lipscomb","31567",702358
"Adam Frazier","PIT",31,133,120,28,20,6,1,2,14,12,10,0,22,2,1,1,,2,1,0.237919,0.0720236,0.163079,0.441648,0.302073,0.339696,0.28674,0.641769,0.101777,4.89534,0.275737,-0.036784,-0.0557197,12.423,-2.90969,78.105,-0.0925037,0.0338173,-3.4883753582835197,-0.7475098930299282,0.00839347,745.6599731445312,,,,,,,115.7,3.732258064,115.7,3.732258064,,,,,,,,,,,,,,,,,,,"Adam Frazier","15223",624428
"Bryan De La Cruz","NYY",3,11,10,2,2,0,0,0,1,1,1,0,3,0,0,0,,0,0,0.24199,0.059932,0.258935,0.231456,0.288228,0.405581,0.302675,0.693809,0.163591,2.70239,0.295695,-0.0188947,-0.0122098,1.17191,-0.10124,92.8494,-0.0311045,-0.0472494,-0.12110336311161518,-0.16530495136976242,0.00830107,490.9100036621094,,,,,,,4.2,1.4,4.2,1.4,,,,,,,,,,,,,,,,,,,"Bryan De La Cruz","19600",650559
"Hunter Renfroe",,15,65,59,13,8,3,0,2,7,8,5,0,14,0,0,0,,0,0,0.227381,0.0807317,0.206989,0.390028,0.293438,0.389272,0.300351,0.682709,0.161891,2.361,0.257745,-0.178735,-0.0787052,6.82736,-0.721646,90.3888,-0.25744,-0.38587,-0.9830414354801178,-1.0858701467514038,0.00828083,510.6400146484375,,,,,,,56.3,3.753333333,56.3,3.753333333,,,,,,,,,,,,,,,,,,,"Hunter Renfroe","15464",592669
"Jhonny Pereda","ATH",1,3,3,1,1,0,0,0,0,0,0,0,1,0,0,0,,0,0,0.233557,0.0874525,0.231297,0.378096,0.303411,0.319317,0.280706,0.622728,0.0857598,1.72486,0.298137,-0.00621883,-0.00511793,0.287652,-0.0866597,77.7355,-0.0113368,0.0013357,-0.09372411016374826,0.06460730684921145,0.00816497,747.52001953125,,,,,,,2.6,2.6,2.6,2.6,,,,,,,,,,,,,,,,,,,"Jhonny Pereda","19802",640902
"Victor Mesa Jr.","MIA",9,41,38,9,6,2,0,1,4,4,2,0,9,0,0,0,,0,0,0.226911,0.0608257,0.228951,0.265672,0.276305,0.356112,0.278865,0.632417,0.129201,3.25172,0.273655,-0.0231547,-0.0471025,3.5695,-1.15363,72.6836,-0.0702573,0.0278164,-1.3753479421138763,0.12071763351559639,0.00780241,999,,,,,,,33.6,3.733333333,33.6,3.733333333,,,,,,,,,,,,,,,,,,,"Victor Mesa Jr.","25999",683748
"Matt Duffy",,3,15,13,3,2,1,0,0,1,1,1,0,3,0,0,0,,0,0,0.240754,0.0704289,0.206055,0.341796,0.305392,0.331263,0.286507,0.636654,0.0905083,2.23296,0.296463,-0.0275499,-0.027101,1.35651,-0.321048,80.8111,-0.0546509,-0.0861323,-0.3765782415866852,-0.034280430525541306,0.00692143,999,,,,,,,9.7,3.233333333,9.7,3.233333333,,,,,,,,,,,,,,,,,,,"Matt Duffy","13836",622110
"Blaine Crim","TEX",4,18,16,4,3,1,0,0,2,2,1,0,4,0,0,0,,0,0,0.237539,0.0764286,0.21121,0.361861,0.303807,0.375695,0.29998,0.679502,0.138156,3.09472,0.278812,-0.0206088,-0.0150468,1.8911,-0.205849,90.9867,-0.0356557,0.00479513,-0.22250254452228546,-0.3192789265885949,0.00639329,999,,,,,,,12.3,3.075,12.3,3.075,,,,,,,,,,,,,,,,,,,"Blaine Crim","25714",688760
"Dustin Harris","TEX",4,18,16,4,2,1,0,0,2,2,1,0,5,0,0,0,,1,0,0.224285,0.0809854,0.257483,0.314528,0.293737,0.344545,0.283232,0.638282,0.12026,5.73032,0.290067,0.028609,0.0360792,1.64812,-0.448831,79.2655,0.0646882,-0.00822643,-0.3651411905884743,-0.17674496211111546,0.00638241,749.5800170898438,,,,,,,14.2,3.55,14.2,3.55,,,,,,,,,,,,,,,,,,,"Dustin Harris","25705",687957
"Eguy Rosario","SDP",2,7,7,1,1,0,0,0,1,1,1,0,2,0,0,0,,0,0,0.219989,0.0748957,0.274894,0.272454,0.282251,0.351459,0.280821,0.63371,0.13147,3.77233,0.291793,-0.00268605,-0.00783275,0.652936,-0.195828,80.3865,-0.0105188,-0.0359207,-0.1789140561595559,-0.009686153382062912,0.00523253,709.030029296875,,,,,,,1.6,0.8,1.6,0.8,,,,,,,,,,,,,,,,,,,"Eguy Rosario","19964",666703
"Steward Berroa","LAD",1,4,3,1,1,0,0,0,0,0,0,0,1,0,0,0,,0,0,0.212391,0.0890836,0.293919,0.303089,0.284505,0.284693,0.259565,0.569198,0.072302,6.81747,0.300306,0.0125621,0.0451578,0.257843,-0.156554,63.8485,0.0577198,0.00228067,-0.09382128342986107,0.015089314198121428,0.00394186,999,,,,,,,2.6,2.6,2.6,2.6,,,,,,,,,,,,,,,,,,,"Steward Berroa","22766",672642
"Matt Koperniak","STL",3,11,10,2,2,0,0,0,1,1,1,0,2,0,0,0,,0,0,0.236931,0.0619864,0.202142,0.306648,0.286327,0.354494,0.283502,0.640821,0.117563,2.72143,0.279182,-0.0146292,-0.0179904,0.991221,-0.266947,79.988,-0.0326195,0.0843497,-0.28731293231248856,-0.03231695294380188,0.00359396,999,,,,,,,4.2,1.4,4.2,1.4,,,,,,,,,,,,,,,,,,,"Matt Koperniak","sa3014834",689288
"Luken Baker","STL",3,15,13,3,2,1,0,1,2,2,2,0,4,0,0,0,,0,0,0.218933,0.105475,0.266539,0.395721,0.303335,0.390522,0.305518,0.693857,0.171589,2.42694,0.265353,-0.029812,-0.012622,1.57716,-0.100393,95.0467,-0.042434,-0.026351,-0.12648901343345642,-0.3115362301468849,0.00356037,724.469970703125,,,,,,,22.1,7.366666666,22.1,7.366666666,,,,,,,,,,,,,,,,,,,"Luken Baker","21497",663609
"Hao-Yu  Lee","DET",1,4,3,1,1,0,0,0,0,0,0,0,1,0,0,0,,0,0,0.240685,0.0681489,0.199703,0.341252,0.29555,0.317731,0.275094,0.613281,0.0770454,4.38037,0.29349,-0.00102507,-0.00497333,0.302368,-0.112029,74.7313,-0.0059984,0.000165834,-0.10951601760461926,0.012974476587260142,0.00235709,999,,,,,,,2.6,2.6,2.6,2.6,,,,,,,,,,,,,,,,,,,"Hao-Yu  Lee","sa3017863",701678
"Joey Wiemer","KCR",4,18,16,3,2,1,0,0,2,2,2,0,5,0,0,0,,0,0,0.208023,0.0903324,0.288593,0.31301,0.286729,0.320375,0.273569,0.607104,0.112352,4.58341,0.281821,0.00316651,0.0229199,1.50793,-0.589021,68.0642,0.0260864,0.145862,-0.6359461806714535,0.055121466517448425,0.00233621,749.469970703125,,,,,,,9.7,2.425,9.7,2.425,,,,,,,,,,,,,,,,,,,"Joey Wiemer","27690",686894
"Tomás Nido","DET",1,3,3,1,0,0,0,0,0,0,0,0,1,0,0,0,,0,0,0.227329,0.0411484,0.243567,0.168941,0.260946,0.333542,0.261377,0.594488,0.106213,2.04643,0.285718,-0.00977356,-0.00446717,0.240492,-0.138385,65.1308,-0.0142407,-0.015666,-0.14484406169503927,0.04837722331285477,0.00130294,999,,,,,,,2.6,2.6,2.6,2.6,,,,,,,,,,,,,,,,,,,"Tomas Nido","13755",621512
"Liover Peguero","PIT",2,11,10,2,2,0,0,0,1,1,1,0,3,0,0,0,,0,0,0.229721,0.0570988,0.255869,0.223156,0.275874,0.326466,0.267795,0.602339,0.0967444,4.25779,0.298907,0.00290912,0.00863494,0.844321,-0.398869,65.1474,0.0115441,-0.0120991,-0.42674494814127684,0.07756135612726212,0.0000847795,999,,,,,,,4.2,2.1,4.2,2.1,,,,,,,,,,,,,,,,,,,"Liover Peguero","24273",678894
"Tyler Callihan","CIN",2,7,7,1,1,0,0,0,1,1,1,0,2,0,0,0,,0,0,0.223121,0.0713484,0.280005,0.254811,0.285322,0.353725,0.28307,0.639047,0.130605,4.85113,0.292131,0.00612604,0.00793236,0.65831,-0.180468,71.6665,0.0140584,0.0167145,-0.2263416051864624,-0.009211409837007523,0.0000614329,999,,,,,,,1.6,0.8,1.6,0.8,,,,,,,,,,,,,,,,,,,"Tyler Callihan","27497",682997
"Ernesto Martinez Jr.","MIL",3,11,10,2,2,0,0,0,1,1,1,0,2,0,0,0,,0,0,0.235253,0.0825439,0.229389,0.359842,0.305039,0.374036,0.300329,0.679076,0.138783,4.51441,0.285452,0,-0.00172683,1.1377,-0.120464,89.6382,-0.00172683,0,-0.13360130321234465,-0.2203703671693802,0.0000254219,999,,,,,,,4.2,1.4,4.2,1.4,,,,,,,,,,,,,,,,,,,"Ernesto Martinez Jr.","sa3003173",667803
"Billy Cook","PIT",9,39,36,8,5,2,0,1,4,4,3,0,11,0,0,0,,1,0,0.220533,0.0701415,0.289785,0.242046,0.282191,0.358384,0.283569,0.640576,0.137851,5.10505,0.292486,0.0388488,0.0954501,3.59331,-0.965047,75.9362,0.134299,0.0890552,-0.9752878099679947,-0.3080126792192459,0.00000321324,720.0700073242188,,,,,,,34.9,3.877777777,34.9,3.877777777,,,,,,,,,,,,,,,,,,,"Billy Cook","29573",695257
"Ryan Kreidler","DET",1,4,3,1,0,0,0,0,0,0,0,0,1,0,0,0,,0,0,0.1896,0.090872,0.32643,0.278381,0.26741,0.262825,0.244127,0.530235,0.0732247,5.52997,0.279901,0.00443636,0.0141071,0.213582,-0.200814,53.0587,0.0185434,0.00402389,-0.1737595535814762,0.042449817061424255,-0.00125575,745.6799926757812,,,,,,,2.6,2.6,2.6,2.6,,,,,,,,,,,,,,,,,,,"Ryan Kreidler","25867",668952
"Jason Delay","ATL",1,3,3,1,1,0,0,0,0,0,0,0,1,0,0,0,,0,0,0.222647,0.0624519,0.199983,0.312286,0.275937,0.278782,0.251376,0.554719,0.0561354,1.89034,0.277308,-0.00601506,-0.00529675,0.22202,-0.170551,55.3255,-0.0113118,-0.00587668,-0.18871681205928326,0.060481340158730745,-0.00184066,999,,,,,,,2.6,2.6,2.6,2.6,,,,,,,,,,,,,,,,,,,"Jason Delay","19806",641511
"Blaze Jordan","BOS",3,14,13,3,2,1,0,0,2,1,1,0,3,0,0,0,,0,0,0.235253,0.0825439,0.229389,0.359842,0.305039,0.374036,0.300329,0.679076,0.138783,4.51441,0.285452,0,-0.00227503,1.49888,-0.158706,85.48,-0.00227503,0,-0.24020944419316947,-0.2561728358268738,-0.00202444,999,,,,,,,9.7,3.233333333,9.7,3.233333333,,,,,,,,,,,,,,,,,,,"Blaze Jordan","sa3014537",691458
"Trey Mancini","ARI",1,4,3,1,1,0,0,0,0,0,0,0,1,0,0,0,,0,0,0.235253,0.0825439,0.229389,0.359842,0.305039,0.374036,0.300329,0.679076,0.138783,4.51441,0.285452,0,-0.000582464,0.383749,-0.0406326,88.3622,-0.000582464,0,-0.05054153490345925,-0.09182098507881165,-0.00237801,750.7999877929688,,,,,,,2.6,2.6,2.6,2.6,,,,,,,,,,,,,,,,,,,"Trey Mancini","15149",641820
"Matthew Lugo","LAA",4,18,17,4,2,1,0,1,2,2,1,0,5,0,0,0,,1,0,0.2205,0.0621066,0.292279,0.212491,0.272984,0.366799,0.281304,0.639782,0.146299,5.30781,0.287019,0.000476863,0.0523014,1.63943,-0.482476,76.1459,0.0527782,-0.147626,-0.44760776311159134,-0.18697822093963623,-0.00250392,742.4299926757812,,,,,,,22.6,5.65,22.6,5.65,,,,,,,,,,,,,,,,,,,"Matthew Lugo","25980",683090
"Owen Caissie","CHC",2,7,7,2,1,0,0,0,1,1,1,0,2,0,0,0,,0,0,0.226719,0.0920829,0.329679,0.27931,0.299662,0.319107,0.278833,0.618769,0.0923885,3.11408,0.33592,-0.00629241,-0.0110278,0.641264,-0.2075,77.8838,-0.0173202,0.0117082,-0.20720279403030872,-0.06699546799063683,-0.00366216,741.4000244140625,,,,,,,7.2,3.6,7.2,3.6,,,,,,,,,,,,,,,,,,,"Owen Caissie","sa3014465",683357
"Braden Shewmake","NYY",1,4,3,1,1,0,0,0,1,0,0,0,1,0,0,0,,0,0,0.214171,0.0594288,0.216394,0.274632,0.262438,0.297547,0.250544,0.559985,0.0833758,5.35442,0.261238,0.00290556,0.00170688,0.237569,-0.186813,56.365,0.00461244,0.00142929,-0.1784530053846538,0.014546573627740145,-0.00434442,999,,,,,,,2.6,2.6,2.6,2.6,,,,,,,,,,,,,,,,,,,"Braden Shewmake","25817",669699
"Pedro León","HOU",2,7,7,1,1,0,0,0,1,1,1,0,2,0,0,0,,0,0,0.209803,0.0772757,0.343968,0.22466,0.277112,0.30044,0.261107,0.577552,0.0906371,5.67426,0.313036,0.000553228,0.0085069,0.530849,-0.30793,65.2927,0.00906012,-0.0484764,-0.2787345862016082,-0.022550439462065697,-0.0062308,749.3400268554688,,,,,,,1.6,0.8,1.6,0.8,,,,,,,,,,,,,,,,,,,"Pedro Leon","27781",694175
"Michael Helman","TEX",2,7,7,1,1,0,0,0,1,1,0,0,2,0,0,0,,0,0,0.216574,0.0630048,0.251117,0.250898,0.269166,0.30102,0.256045,0.570186,0.0844459,4.49196,0.278947,-0.000138678,-0.00370758,0.501474,-0.337304,60.2386,-0.00384626,-0.0196345,-0.333549652248621,0.03221733681857586,-0.00623571,999,,,,,,,-1.4,-0.7,-1.4,-0.7,,,,,,,,,,,,,,,,,,,"Michael Helman","24605",680737
"Kody Clemens","MIN",35,151,139,31,18,6,1,5,17,18,9,0,38,1,0,0,,1,0,0.219264,0.061869,0.250567,0.246916,0.273315,0.396058,0.292052,0.669372,0.176793,4.91775,0.261122,-0.124736,-0.102997,14.7373,-2.66236,86.0903,-0.227733,-0.36034,-2.62034147977829,-2.445987582206726,-0.00626746,744.4199829101562,,,,,,,136.6,3.902857142,136.6,3.902857142,,,,,,,,,,,,,,,,,,,"Kody Clemens","20572",665019
"Tucker Barnhart","TEX",1,3,3,1,0,0,0,0,0,0,0,0,1,0,0,0,,0,0,0.2059,0.0831592,0.279031,0.298028,0.274913,0.269171,0.248754,0.544083,0.0632714,2.28224,0.288499,-0.00553634,-0.00389694,0.209903,-0.173539,55.1359,-0.00943328,-0.0582502,-0.17949750367552042,0.006564650684595108,-0.00650634,999,,,,,,,2.6,2.6,2.6,2.6,,,,,,,,,,,,,,,,,,,"Tucker Barnhart","10200",571466
"Wade Meckler","SFG",1,4,3,1,1,0,0,0,0,0,0,0,1,0,0,0,,0,0,0.263966,0.0761879,0.195553,0.389603,0.321798,0.33415,0.294678,0.655948,0.070184,3.56408,0.325302,-0.00156968,-0.0071159,0.362836,-0.0565533,88.1366,-0.00868557,-0.140494,-0.0590140949934721,-0.1275314139202237,-0.00711522,999,,,,,,,2.6,2.6,2.6,2.6,,,,,,,,,,,,,,,,,,,"Wade Meckler","31490",685133
"Matt Gorski","PIT",2,11,10,2,1,0,0,0,1,1,1,0,3,0,0,0,,0,0,0.220511,0.060203,0.297902,0.20209,0.269872,0.38173,0.284166,0.651602,0.161219,5.91405,0.287116,0.00103868,0.00635187,0.98513,-0.258059,76.3445,0.00739055,-0.017025,-0.29008863447234035,-0.13230275735259056,-0.00752241,999,,,,,,,4.2,2.1,4.2,2.1,,,,,,,,,,,,,,,,,,,"Matt Gorski","25855",685301
"Ali Sánchez","TOR",1,3,3,1,0,0,0,0,0,0,0,0,1,0,0,0,,0,0,0.173913,0.08,0.24,0.333333,0.24,0.217391,0.21256,0.457391,0.0434783,1.60119,0.235294,-0.00164583,-0.00435057,0.115238,-0.272769,31.1215,-0.0059964,0.000458547,-0.27019914286211133,0.06604496529325843,-0.00961415,999,,,,,,,2.6,2.6,2.6,2.6,,,,,,,,,,,,,,,,,,,"Ali Sanchez","18551",645305
"Hunter Feduccia","LAD",1,3,3,1,0,0,0,0,0,0,0,0,1,0,0,0,,0,0,0.221369,0.106699,0.250448,0.426031,0.305573,0.310583,0.279857,0.616155,0.0892132,2.45294,0.293328,-0.00687281,-0.00553201,0.288936,-0.0899406,77.7282,-0.0124048,-0.17027,-0.0977623425424099,-0.10622663795948029,-0.010113,746.8300170898438,,,,,,,2.6,2.6,2.6,2.6,,,,,,,,,,,,,,,,,,,"Hunter Feduccia","23372",676439
"Everson Pereira","NYY",2,7,7,2,1,0,0,0,1,1,1,0,2,0,0,0,,0,0,0.227378,0.0695228,0.330642,0.210266,0.284325,0.397497,0.298759,0.681822,0.17012,4.4897,0.308757,-0.0025439,-0.000119381,0.758276,-0.0904876,90.109,-0.00266328,-0.182534,-0.08565651555545628,-0.2612377107143402,-0.0106716,748.030029296875,,,,,,,7.2,3.6,7.2,3.6,,,,,,,,,,,,,,,,,,,"Everson Pereira","23695",677592
"Drew Avans","MIL",3,11,10,2,2,1,0,0,1,1,1,0,3,0,0,0,,1,0,0.217204,0.0866737,0.266357,0.325404,0.28709,0.302614,0.266653,0.589704,0.08541,6.03844,0.29695,0.00830018,0.063601,0.844548,-0.41362,66.6041,0.0719012,0.00493211,-0.35312897711992264,-0.11173456907272339,-0.0114976,999,,,,,,,9,3,9,3,,,,,,,,,,,,,,,,,,,"Drew Avans","25183",682183
"Jonathan Ornelas","ATL",3,15,14,3,2,1,0,0,1,1,1,0,4,0,0,0,,0,0,0.221321,0.0715966,0.278944,0.256671,0.282583,0.285706,0.257344,0.56829,0.0643848,3.21686,0.310465,-0.00926168,-0.0185357,1.04226,-0.675239,59.4076,-0.0277974,0.00233569,-0.7330240476876497,0.1350517338141799,-0.0118916,999,,,,,,,8.7,2.9,8.7,2.9,,,,,,,,,,,,,,,,,,,"Jonathan Ornelas","24597",680716
"Austin Hedges","CLE",23,92,82,15,11,2,0,2,8,8,6,0,27,1,1,2,,1,0,0.180605,0.0669328,0.295753,0.226313,0.246496,0.277544,0.23746,0.524039,0.0969389,3.58691,0.24103,-0.0990058,0.0325108,4.97408,-5.62534,48.4447,-0.066495,0.506586,-5.468686148524284,2.298252761363983,-0.012563,747.97998046875,,,,,,,49.5,2.152173913,49.5,2.152173913,,,,,,,,,,,,,,,,,,,"Austin Hedges","12976",595978
"Troy Johnston","MIA",15,67,60,14,9,3,0,2,7,7,6,0,15,1,0,0,,1,0,0.235253,0.0825439,0.229389,0.359842,0.305039,0.374036,0.300329,0.679076,0.138783,4.51441,0.285452,0,-0.0106077,6.98875,-0.739992,87.3645,-0.0106077,0,-0.9984522750601172,-1.3006173372268677,-0.0127988,999,,,,,,,68.8,4.586666666,68.8,4.586666666,,,,,,,,,,,,,,,,,,,"Troy Johnston","sa3010899",687859
"Dominic Fletcher","CHW",4,18,17,4,3,1,0,0,2,1,1,0,4,0,0,0,,0,0,0.231916,0.0566773,0.229062,0.247432,0.284176,0.343207,0.276193,0.627383,0.111291,3.47559,0.292284,0,0.000424827,1.546,-0.550949,73.8164,0.000424827,0,-0.54236487072194,-0.1944444477558136,-0.0138725,999,,,,,,,11.3,2.825,11.3,2.825,,,,,,,,,,,,,,,,,,,"Dominic Fletcher","26149",666150
"Mitch Haniger",,18,76,68,15,10,3,0,2,8,8,7,0,21,1,1,0,,0,0,0.22634,0.0874776,0.271257,0.32249,0.300069,0.373501,0.298605,0.67357,0.147161,1.75193,0.285864,-0.195931,-0.122689,7.85887,-0.948304,89.1809,-0.318621,-0.111412,-1.2715398371219635,-1.3947449550032616,-0.0165826,703.6500244140625,,,,,,,67.5,3.75,67.5,3.75,,,,,,,,,,,,,,,,,,,"Mitch Haniger","14274",571745
"Hayden Senger","NYM",7,27,25,5,4,1,0,0,2,2,2,0,8,0,0,0,,0,0,0.20042,0.0584496,0.308853,0.189248,0.253765,0.267207,0.236231,0.520971,0.0667863,1.95315,0.287767,-0.0395561,-0.0332053,1.41344,-1.65409,49.7234,-0.0727614,0.0888059,-1.6328263357281685,0.607324443757534,-0.0168222,999,,,,,,,11.9,1.7,11.9,1.7,,,,,,,,,,,,,,,,,,,"Hayden Senger","21489",663584
"Marco Luciano","SFG",2,7,6,1,1,0,0,0,1,1,1,0,2,0,0,0,,0,0,0.218037,0.0998645,0.311929,0.320151,0.297884,0.292447,0.269785,0.590331,0.0744093,2.67283,0.320378,-0.00559806,-0.0133245,0.581209,-0.257569,71.1103,-0.0189225,-0.125496,-0.26404234394431114,-0.15142159909009933,-0.0186335,732.5900268554688,,,,,,,2.6,1.3,2.6,1.3,,,,,,,,,,,,,,,,,,,"Marco Luciano","25616",682617
"Tyler Gentry","KCR",3,11,10,2,1,1,0,0,1,1,1,0,3,0,0,0,,0,0,0.219824,0.0791972,0.296359,0.267234,0.285499,0.322848,0.273048,0.608347,0.103024,3.00311,0.308512,-0.00893824,-0.0160537,0.900224,-0.357944,67.6999,-0.0249919,-0.00583502,-0.42674282751977444,-0.12250169087201357,-0.0194586,999,,,,,,,7.1,2.366666666,7.1,2.366666666,,,,,,,,,,,,,,,,,,,"Tyler Gentry","27784",694355
"Eric Wagaman","MIA",59,256,238,59,39,13,1,6,28,27,16,0,50,1,1,0,,3,1,0.248594,0.0633506,0.194185,0.326239,0.297771,0.388852,0.301075,0.686623,0.140258,3.63004,0.288173,-0.370856,-0.28322,26.9431,-2.6838,87.8745,-0.654076,-0.186734,-4.287976264953613,-4.261116400361061,-0.0216284,743.5900268554688,,,,,,,246.1,4.17118644,246.1,4.17118644,,,,,,,,,,,,,,,,,,,"Eric Wagaman","23395",676572
"Donovan Solano","SEA",30,130,118,29,21,5,0,2,12,12,9,0,28,2,1,0,,0,0,0.244749,0.0677903,0.218216,0.310657,0.307435,0.341812,0.290364,0.649247,0.0970626,2.53922,0.304408,-0.428909,-0.145944,12.5531,-2.47499,90.5522,-0.574853,-0.103019,-1.9784694910049438,-2.5582661107182503,-0.0221368,634.3099975585938,,,,,,,110.7,3.69,110.7,3.69,,,,,,,,,,,,,,,,,,,"Donovan Solano","8623",456781
"Billy Hamilton",,2,7,7,1,1,0,0,0,1,1,1,0,2,0,0,0,,0,0,0.192937,0.0690634,0.325231,0.212351,0.250368,0.253005,0.229315,0.503373,0.0600682,5.90839,0.286583,-0.0082427,0.0114549,0.346353,-0.492426,41.2441,0.00321216,-0.0385803,-0.48965307231992483,-0.012654343619942665,-0.0273886,999,,,,,,,1.6,0.8,1.6,0.8,,,,,,,,,,,,,,,,,,,"Billy Hamilton","10199",571740
"MJ Melendez","KCR",22,94,85,18,10,4,0,3,11,11,9,0,25,1,1,0,,1,0,0.21802,0.0921428,0.260626,0.353544,0.293147,0.392749,0.300901,0.685896,0.174729,4.26665,0.266345,-0.182038,-0.121336,9.90319,-1.00093,87.1926,-0.303374,-0.712837,-1.6839646399021149,-1.723948061466217,-0.0281306,381.8999938964844,,,,,,,87.5,3.977272727,87.5,3.977272727,,,,,,,,,,,,,,,,,,,"MJ Melendez","22197",669004
"Robert Hassell III","WSN",11,47,43,10,7,2,0,1,5,4,4,0,12,0,0,0,,1,0,0.227334,0.0749035,0.257829,0.290516,0.288293,0.320264,0.271751,0.608557,0.0929297,4.49775,0.298171,0.0157675,0.0587614,3.85204,-1.60002,70.8351,0.0745289,-0.0775494,-1.5339257046580315,-0.27199383080005646,-0.0281584,714.8499755859375,,,,,,,42.1,3.827272727,42.1,3.827272727,,,,,,,,,,,,,,,,,,,"Robert Hassell III","27482",690987
"Graham Pauley","MIA",15,63,57,13,8,3,0,1,7,6,5,0,16,1,0,0,,1,0,0.222862,0.077268,0.256284,0.301494,0.288551,0.35342,0.284506,0.641971,0.130558,3.44114,0.281815,-0.0472351,-0.0735745,5.80134,-1.49803,76.5414,-0.12081,0.120187,-1.8529213219881058,-0.47703542560338974,-0.0285696,748.02001953125,,,,,,,53.8,3.586666666,53.8,3.586666666,,,,,,,,,,,,,,,,,,,"Graham Pauley","31363",688363
"Logan Davidson","ATH",3,14,13,3,2,0,0,0,2,2,1,0,5,0,0,0,,0,0,0.213597,0.0754444,0.31795,0.237284,0.275245,0.292818,0.256321,0.568063,0.0792212,3.56792,0.309394,-0.0182098,-0.0220619,0.982192,-0.655423,60.6694,-0.0402717,0.0137938,-0.6770037449896336,-0.08744072541594505,-0.0304764,999,,,,,,,6.8,2.266666666,6.8,2.266666666,,,,,,,,,,,,,,,,,,,"Logan Davidson","25844",669722
"Tirso Ornelas","SDP",28,121,110,25,17,5,0,2,12,12,9,0,25,1,1,0,,1,0,0.229858,0.0745722,0.209078,0.356672,0.290319,0.346282,0.282251,0.636601,0.116424,3.4222,0.274971,-0.160058,-0.104235,10.9121,-3.09253,81.3651,-0.264293,0.145938,-2.9041863083839417,-1.362549364566803,-0.0336645,522.2899780273438,,,,,,,95.2,3.4,95.2,3.4,,,,,,,,,,,,,,,,,,,"Tirso Ornelas","22566",672359
"Ryan Vilade","CIN",2,7,7,1,1,0,0,0,1,1,0,0,2,0,0,0,,0,0,0.210526,0.05,0.25,0.2,0.25,0.263158,0.231007,0.513158,0.0526316,2.01786,0.285714,0.00168184,-0.00940492,0.356169,-0.48261,36.0563,-0.00772308,-0.00422542,-0.5502642844803631,-0.08200320322066545,-0.0411621,999,,,,,,,-1.4,-0.7,-1.4,-0.7,,,,,,,,,,,,,,,,,,,"Ryan Vilade","22165",668723
"Luis Guillorme","HOU",12,51,45,10,9,1,0,0,6,3,6,0,10,0,0,0,,0,0,0.234048,0.111913,0.193976,0.576943,0.320654,0.280906,0.27673,0.601559,0.0468576,3.5252,0.294591,-0.0900066,-0.0878294,4.35059,-1.52086,76.2266,-0.177836,-0.753226,-1.5577486604452133,-0.5458185076713562,-0.0430516,999,,,,,,,31.9,2.658333333,31.9,2.658333333,,,,,,,,,,,,,,,,,,,"Luis Guillorme","16451",641645
"Yanquiel Fernández","COL",3,11,10,2,2,1,0,0,1,1,1,0,2,0,0,0,,0,0,0.226871,0.0474996,0.217431,0.218458,0.263594,0.317406,0.257658,0.581,0.0905351,1.06554,0.284588,0,-0.0138715,0.76625,-0.491918,47.5843,-0.0138715,0,-0.6809664592146873,-0.11666666716337204,-0.0460764,747.9000244140625,,,,,,,7.1,2.366666666,7.1,2.366666666,,,,,,,,,,,,,,,,,,,"Yanquiel Fernandez","sa3015648",692585
"Michael Toglia","COL",60,261,233,52,29,10,1,11,30,32,25,1,83,1,2,0,,4,1,0.221695,0.0972267,0.315749,0.307924,0.300308,0.420686,0.31422,0.720994,0.198991,4.84455,0.286209,-0.0386988,0.0585236,30.2069,0.0108289,86.2713,0.0198248,-0.127375,-4.173587966710329,-4.794041022658348,-0.0484685,182.07000732421875,,,,,,,279.1,4.651666666,279.1,4.651666666,,,,,,,,,,,,,,,,,,,"Michael Toglia","25845",669911
"Will Wilson","CLE",7,30,27,5,4,1,0,0,3,3,2,0,8,0,0,0,,0,0,0.202535,0.0720588,0.260039,0.277107,0.270637,0.282973,0.251991,0.55361,0.0804371,2.67984,0.26889,-0.0405222,-0.0286312,1.95731,-1.47769,58.6143,-0.0691534,-0.152561,-1.474526822566986,0.0066980719566345215,-0.0498315,999,,,,,,,9.9,1.414285714,9.9,1.414285714,,,,,,,,,,,,,,,,,,,"Will Wilson","25434",669717
"Petey Halpin","CLE",6,26,24,5,4,0,0,0,4,1,2,0,8,0,0,0,,0,0,0.212503,0.0835151,0.294198,0.283874,0.278848,0.249585,0.244158,0.528433,0.0370821,3.86258,0.306247,-0.00915074,-0.041322,1.54975,-1.45587,53.1321,-0.0504728,-0.00451958,-1.443067830055952,0.08838165877386928,-0.0509114,999,,,,,,,10,1.666666666,10,1.666666666,,,,,,,,,,,,,,,,,,,"Petey Halpin","sa3014461",690984
"Bryce Eldridge","SFG",9,40,36,8,6,2,0,1,4,4,3,0,12,0,0,0,,0,0,0.232353,0.079721,0.298471,0.267098,0.294455,0.375846,0.2943,0.670301,0.143492,2.758,0.309951,-0.0492608,-0.0472227,3.97912,-0.634163,87.8778,-0.0964834,-0.365085,-0.6621740236878395,-1.1558261811733246,-0.053952,999,,,,,,,33,3.666666666,33,3.666666666,,,,,,,,,,,,,,,,,,,"Bryce Eldridge","sa3022757",805811
"Tyler Wade","SDP",23,99,88,20,16,3,0,1,12,6,8,0,22,1,1,2,,5,1,0.226724,0.0797988,0.225212,0.354327,0.294706,0.28757,0.264856,0.582275,0.0608459,5.95544,0.29465,0.217177,0.327302,7.54898,-3.90933,69.4669,0.544479,-0.228323,-2.9945101737976074,-0.7661321014165878,-0.0555664,999,,,,,,,75.8,3.295652173,75.8,3.295652173,,,,,,,,,,,,,,,,,,,"Tyler Wade","15730",642180
"Deyvison De Los Santos","MIA",34,149,139,34,22,6,1,5,16,18,7,1,41,1,1,0,,1,0,0.245807,0.048952,0.274439,0.178371,0.287097,0.409389,0.301547,0.696485,0.163581,3.51336,0.308448,-0.164833,-0.132057,15.6753,-1.49973,88.1974,-0.29689,-0.056624,-2.34739950299263,-3.1090932339429855,-0.064546,493.6499938964844,,,,,,,147.4,4.335294117,147.4,4.335294117,,,,,,,,,,,,,,,,,,,"Deyvison De Los Santos","sa3015168",691277
"Miles Mastrobuoni","SEA",17,74,67,15,11,3,0,1,8,5,7,0,15,0,1,0,,3,1,0.226559,0.0891626,0.198015,0.450281,0.295221,0.30201,0.26987,0.597231,0.0754514,4.80195,0.278846,0.0727295,0.141239,5.95553,-2.63197,76.2088,0.213968,-1.14938,-1.8057831525802612,-1.335177794098854,-0.0696497,748.780029296875,,,,,,,59,3.470588235,59,3.470588235,,,,,,,,,,,,,,,,,,,"Miles Mastrobuoni","20017",670156
"Kris Bryant","COL",13,54,48,12,8,2,0,1,6,6,4,0,14,1,0,0,,0,0,0.241309,0.0822165,0.25102,0.32753,0.317566,0.373981,0.308133,0.691547,0.132671,2.32444,0.306476,-0.0949827,-0.0728777,6.02817,-0.26267,82.1081,-0.16786,-0.0125802,-1.3064144402742386,-1.2699876194819808,-0.0836827,539.75,,,,,,,49.4,3.8,49.4,3.8,,,,,,,,,,,,,,,,,,,"Kris Bryant","15429",592178
"Kyle Farmer","COL",25,109,99,25,17,5,0,2,11,12,7,0,22,2,1,0,,1,1,0.251202,0.0609937,0.203717,0.299405,0.309897,0.381514,0.305255,0.691411,0.130311,4.02921,0.300103,-0.230962,-0.197383,11.8058,-0.775891,80.1394,-0.428345,0.0726913,-2.9560026824474335,-1.4050864279270172,-0.0850964,610.9099731445312,,,,,,,100.4,4.016,100.4,4.016,,,,,,,,,,,,,,,,,,,"Kyle Farmer","14813",571657
"Rece Hinds","CIN",8,36,34,7,5,1,0,1,5,5,2,0,13,0,0,0,,1,0,0.214695,0.0592289,0.359999,0.164525,0.264823,0.332124,0.264082,0.596947,0.117429,5.50145,0.317815,0.0471437,0.00770724,2.74058,-1.45332,58.679,0.054851,0.0752722,-1.69812236353755,-0.3654685616493225,-0.091741,743.4600219726562,,,,,,,25.4,3.175,25.4,3.175,,,,,,,,,,,,,,,,,,,"Rece Hinds","27493",677956
"Martín Maldonado","SDP",39,154,140,26,17,5,0,4,14,15,10,0,50,1,1,3,,0,0,0.186108,0.0656932,0.324244,0.202604,0.247209,0.313003,0.250032,0.560213,0.126895,2.24799,0.251747,-0.633355,-0.156532,9.92822,-7.92008,59.3274,-0.789887,-0.846457,-8.133092999458313,2.170518219470978,-0.0974367,999,,,,,,,90.7,2.325641025,90.7,2.325641025,,,,,,,,,,,,,,,,,,,"Martin Maldonado","6887",455117
"Tim Elko","CHW",15,65,61,14,10,3,0,2,7,8,4,0,21,1,1,0,,0,0,0.237254,0.0550698,0.320945,0.171587,0.28396,0.382205,0.291624,0.666165,0.144951,1.9641,0.323671,-0.0950886,-0.092203,6.37156,-1.17745,84.6161,-0.187292,-0.423342,-1.3353693038225174,-1.797415941953659,-0.0998471,999,,,,,,,59.9,3.993333333,59.9,3.993333333,,,,,,,,,,,,,,,,,,,"Tim Elko","31522",671284
"Justin Foscue","TEX",7,29,26,6,4,1,0,0,4,4,3,0,7,0,0,0,,0,0,0.220239,0.0906072,0.228934,0.395778,0.294373,0.304707,0.272043,0.599081,0.0844686,3.39471,0.278178,-0.0347609,-0.0502368,2.37725,-0.977862,71.4347,-0.0849978,-0.441395,-1.0324565321207047,-1.0117652118206024,-0.112114,999,,,,,,,19.5,2.785714285,19.5,2.785714285,,,,,,,,,,,,,,,,,,,"Justin Foscue","27501",679822
"Buddy Kennedy","PHI",4,18,17,3,2,1,0,0,2,1,1,0,4,0,0,0,,0,0,0.173913,0.08,0.24,0.333333,0.24,0.217391,0.21256,0.457391,0.0434783,2.64286,0.235294,-0.0106035,-0.0235123,0.622792,-1.47415,29.3864,-0.0341158,-0.0181012,-1.5319489389657974,-0.2384715974330902,-0.122623,999,,,,,,,5.7,1.425,5.7,1.425,,,,,,,,,,,,,,,,,,,"Buddy Kennedy","22505",671083
"Luke Williams","ATL",9,41,38,8,7,1,0,0,5,4,3,0,12,0,0,0,,1,0,0.206897,0.0645161,0.290323,0.222222,0.258065,0.241379,0.228694,0.499444,0.0344828,6.091,0.3,0.00305241,0.203928,1.92998,-2.79314,39.8116,0.20698,-0.12693,-2.6686253398656845,0.09868697822093964,-0.128874,999,,,,,,,20.6,2.288888888,20.6,2.288888888,,,,,,,,,,,,,,,,,,,"Luke Williams","19931",663897
"Zac Veen","COL",24,105,95,21,14,4,1,3,12,10,8,0,28,1,1,1,,5,1,0.223494,0.0757196,0.264942,0.285796,0.287701,0.363328,0.287631,0.651029,0.139833,6.70322,0.286796,0.230921,0.437716,9.92929,-2.233,68.0854,0.668638,-0.0867112,-3.2577375173568726,-1.473748192191124,-0.135854,999,,,,,,,101.8,4.241666666,101.8,4.241666666,,,,,,,,,,,,,,,,,,,"Zac Veen","27770",691728
"Jahmai Jones","DET",8,36,32,6,5,1,0,0,5,4,4,0,10,0,0,0,,0,0,0.192308,0.103448,0.275862,0.375,0.275862,0.230769,0.23778,0.506631,0.0384615,2.64286,0.277778,0.0155459,-0.0560782,1.95384,-2.19013,48.6164,-0.0405323,0.0235892,-2.1455485224723816,-0.46313924714922905,-0.147185,750.5599975585938,,,,,,,16.5,2.0625,16.5,2.0625,,,,,,,,,,,,,,,,,,,"Jahmai Jones","18872",663330
"Orlando Arcia","COL",34,145,133,31,21,6,0,4,15,15,11,0,30,1,1,0,,0,0,0.230354,0.0731304,0.204544,0.357529,0.288778,0.365231,0.28875,0.654009,0.134878,2.25776,0.265239,-0.247457,-0.160501,13.8254,-2.95018,68.8505,-0.407958,-0.0287389,-5.693824380636215,-1.0657759178429842,-0.21164,462.8599853515625,,,,,,,131.6,3.870588235,131.6,3.870588235,,,,,,,,,,,,,,,,,,,"Orlando Arcia","13185",606115
"Jac Caglianone","KCR",66,283,259,61,41,13,1,6,31,30,19,2,71,3,2,0,,2,1,0.234279,0.0656713,0.249548,0.263161,0.290852,0.361472,0.286269,0.652324,0.127193,4.07248,0.296651,-0.252776,-0.136803,26.398,-6.31439,76.9524,-0.389578,-0.268963,-7.842956006526947,-5.1948888301849365,-0.376812,999,,,,,,,249.4,3.778787878,249.4,3.778787878,,,,,,,,,,,,,,,,,,,"Jac Caglianone","35041",695506