Name,Team,W,L,QS,ERA,G,GS,SV,HLD,BS,IP,TBF,H,R,ER,HR,BB,IBB,HBP,SO,K/9,BB/9,K/BB,HR/9,K%,BB%,K-BB%,AVG,WHIP,BABIP,LOB%,GB%,HR/FB,FIP,WAR,RA9-WAR,ADP,InterSD,InterSK,IntraSD,Vol,Skew,Dim,FPTS,FPTS/IP,SPTS,SPTS/IP,P10,P20,P30,P40,P50,P60,P70,P80,P90,TT10,TT20,TT30,TT40,TT50,TT60,TT70,TT80,TT90,NameASCII,PlayerId,MLBAMID
"Tarik Skubal","DET",8,4,10,2.8896,16,16,0,0,,98,386,78,34,31,9,20,,3,112,10.3726,1.88392,5.50587,0.846909,0.29114,0.0528781,0.23826152086257935,0.216425,1.01307,0.28764,0.753504,,,2.73679,2.8482,2.63477,13.8100004196167,,,,,,,566.7,5.78265306122449,528,5.387755102040816,,,,,,,,,,,,,,,,,,,"Tarik Skubal","22267",669373
"Paul Skenes","PIT",6,4,10,2.93104,15,15,0,0,,90,359,71,32,29,8,24,,3,105,10.5483,2.39362,4.40683,0.787719,0.292401,0.0663517,0.2260490208864212,0.214586,1.06101,0.289319,0.75337,,,2.78738,2.54934,2.56955,10.890000343322754,,,,,,,512,5.688888888888889,475,5.277777777777778,,,,,,,,,,,,,,,,,,,"Paul Skenes","33677",694973
"Zack Wheeler","PHI",7,4,10,3.2935,16,16,0,0,,101,408,84,40,37,11,25,,4,111,9.87181,2.25284,4.38193,1.01241,0.272358,0.0621548,0.21020327508449554,0.221015,1.07595,0.28229,0.738389,,,3.22749,2.41364,2.32937,21.649999618530273,,,,,,,528.7000000000002,5.234653465346536,497,4.920792079207921,,,,,,,,,,,,,,,,,,,"Zack Wheeler","10310",554430
"Logan Webb","SFG",7,5,10,3.35103,16,16,0,0,,102,421,97,41,38,7,24,,3,90,7.96584,2.12274,3.75261,0.647381,0.214782,0.0572353,0.15754671022295952,0.245719,1.18384,0.301986,0.719323,,,3.03752,2.24622,2.1605,98.33999633789062,,,,,,,515.5,5.053921568627451,518,5.078431372549019,,,,,,,,,,,,,,,,,,,"Logan Webb","17995",657277
"Garrett Crochet","BOS",6,4,9,3.22364,15,15,0,0,,80,325,64,31,29,8,25,,3,101,11.3501,2.78634,4.07349,0.934478,0.311792,0.0765418,0.23525014519691467,0.213329,1.09926,0.293509,0.744243,,,2.94079,2.09416,1.99333,23.670000076293945,,,,,,,445.20000000000005,5.565,414,5.175,,,,,,,,,,,,,,,,,,,"Garrett Crochet","27463",676979
"Yoshinobu Yamamoto","LAD",7,4,8,3.31778,14,14,0,0,,84,340,71,34,31,8,22,,2,91,9.70497,2.37843,4.08041,0.859195,0.266717,0.0653654,0.2013520672917366,0.224149,1.10499,0.289203,0.725074,,,3.04501,2.07763,1.76124,59.349998474121094,,,,,,,448.6,5.340476190476191,426,5.071428571428571,,,,,,,,,,,,,,,,,,,"Yoshinobu Yamamoto","33825",808967
"Spencer Strider","ATL",7,4,9,3.46327,15,15,0,0,,84,343,66,35,32,10,29,,3,112,11.981,3.06709,3.90631,1.03154,0.327598,0.083864,0.24373441189527512,0.210743,1.1178,0.295557,0.730704,,,3.04111,2.0529,1.76239,101.01000213623047,,,,,,,455,5.416666666666667,418,4.976190476190476,,,,,,,,,,,,,,,,,,,"Spencer Strider","27498",675911
"Max Fried","NYY",7,4,9,3.374,15,15,0,0,,95,391,84,39,36,9,27,,4,89,8.4,2.58566,3.24868,0.857761,0.226197,0.0696272,0.15656936168670654,0.234206,1.17727,0.286746,0.737451,,,3.43493,1.92402,1.89945,96.06999969482422,,,,,,,458.9,4.830526315789474,443,4.663157894736842,,,,,,,,,,,,,,,,,,,"Max Fried","13743",608331
"Logan Gilbert","SEA",6,4,9,3.31452,15,15,0,0,,94,371,76,37,34,12,20,,3,101,9.73501,1.95285,4.98503,1.12862,0.272549,0.0546735,0.21787527203559875,0.217471,1.02695,0.271932,0.736031,,,3.28344,1.87035,1.78164,26.360000610351562,,,,,,,483.4,5.142553191489362,447,4.75531914893617,,,,,,,,,,,,,,,,,,,"Logan Gilbert","22250",669302
"Jacob deGrom","TEX",5,3,8,3.24217,14,14,0,0,,75,298,61,29,27,9,17,,3,89,10.6474,1.98009,5.37724,1.11695,0.297976,0.0554144,0.24256179109215736,0.217629,1.02855,0.284225,0.745181,,,3.0963,1.86346,1.6969,49.810001373291016,,,,,,,403.69999999999993,5.382666666666665,376,5.013333333333334,,,,,,,,,,,,,,,,,,,"Jacob deGrom","10954",594798
"Framber Valdez","HOU",7,5,9,3.41111,15,15,0,0,,97,403,85,40,37,9,31,,4,94,8.72058,2.89049,3.01699,0.812713,0.232816,0.0771684,0.15564803779125214,0.232148,1.20225,0.289019,0.734579,,,3.41948,1.80927,1.85074,61.900001525878906,,,,,,,469.1,4.836082474226805,451,4.649484536082475,,,,,,,,,,,,,,,,,,,"Framber Valdez","17295",664285
"George Kirby","SEA",6,5,9,3.53103,15,15,0,0,,93,372,86,39,36,11,14,,3,86,8.32468,1.35711,6.13414,1.11849,0.229908,0.0374802,0.19242825359106064,0.24156,1.07761,0.2879,0.720607,,,3.40862,1.7977,1.48138,100.83999633789062,,,,,,,450.30000000000007,4.8419354838709685,443,4.763440860215054,,,,,,,,,,,,,,,,,,,"George Kirby","25436",669923
"Dylan Cease","SDP",6,5,9,3.61677,16,16,0,0,,94,389,77,41,38,11,36,,3,109,10.4148,3.41471,3.04997,1.02844,0.279633,0.0916838,0.18794917315244675,0.21931,1.19688,0.286319,0.733024,,,3.4874,1.79174,1.54427,47.27000045776367,,,,,,,461.09999999999997,4.90531914893617,428,4.553191489361702,,,,,,,,,,,,,,,,,,,"Dylan Cease","18525",656302
"Hunter Brown","HOU",7,5,8,3.63232,15,15,0,0,,89,372,79,39,36,10,31,,3,97,9.75174,3.08197,3.16413,0.96998,0.259868,0.0821295,0.17773890495300293,0.232991,1.22606,0.298263,0.732323,,,3.4489,1.73764,1.4394,98.58000183105469,,,,,,,422.20000000000005,4.7438202247191015,407,4.573033707865169,,,,,,,,,,,,,,,,,,,"Hunter Brown","25880",686613
"Sonny Gray","STL",6,5,8,3.68405,15,15,0,0,,89,368,80,40,37,10,25,,3,93,9.38845,2.55011,3.68159,1.01961,0.253212,0.0687778,0.18443384021520615,0.234783,1.17563,0.294626,0.718465,,,3.42813,1.69258,1.43343,122.05000305175781,,,,,,,429.6,4.8269662921348315,417,4.685393258426966,,,,,,,,,,,,,,,,,,,"Sonny Gray","12768",543243
"Spencer Schwellenbach","ATL",6,4,8,3.6772,15,15,0,0,,90,367,82,40,37,10,20,,4,87,8.67204,1.96165,4.42079,1.023,0.235763,0.0533306,0.18243252858519554,0.239809,1.13602,0.292394,0.708284,,,3.41054,1.69242,1.61769,78.30000305175781,,,,,,,431.8,4.797777777777778,422,4.688888888888889,,,,,,,,,,,,,,,,,,,"Spencer Schwellenbach","31846",680885
"Joe Ryan","MIN",5,5,8,3.79263,14,14,0,0,,85,341,73,39,36,13,18,,4,94,9.97341,1.92695,5.17575,1.38642,0.275094,0.0531505,0.22194334119558334,0.228127,1.07415,0.281517,0.717664,,,3.64486,1.65193,1.21934,93.91999816894531,,,,,,,401.3,4.721176470588236,378,4.447058823529412,,,,,,,,,,,,,,,,,,,"Joe Ryan","21390",657746
"Cristopher Sánchez","PHI",5,4,8,3.56304,18,14,0,0,,85,356,81,37,34,8,24,,3,77,8.12155,2.48121,3.27323,0.875412,0.216592,0.0661707,0.1504208818078041,0.246136,1.22528,0.298189,0.72992,,,3.46864,1.60503,1.60481,144.05999755859375,,,,,,,393,4.623529411764705,394,4.635294117647059,,,,,,,,,,,,,,,,,,,"Cristopher Sanchez","20778",650911
"Tyler Glasnow","LAD",5,3,7,3.53215,12,12,0,0,,68,275,53,29,27,8,22,,1,84,11.0407,2.83853,3.88957,1.09419,0.304563,0.0783025,0.22626039385795593,0.212191,1.09918,0.282336,0.724017,,,3.21312,1.56857,1.25869,91.72000122070312,,,,,,,366.00000000000006,5.382352941176471,335,4.926470588235294,,,,,,,,,,,,,,,,,,,"Tyler Glasnow","14374",607192
"Hunter Greene","CIN",5,4,7,3.85002,13,13,0,0,,77,316,61,36,33,11,27,,5,91,10.7218,3.1277,3.42802,1.29297,0.288405,0.0841316,0.20427318662405014,0.216271,1.1502,0.277309,0.721992,,,3.8266,1.56064,1.3899,94.69999694824219,,,,,,,361.9,4.699999999999999,328,4.259740259740259,,,,,,,,,,,,,,,,,,,"Hunter Greene","22182",668881
"Kevin Gausman","TOR",7,6,9,3.90042,16,16,0,0,,97,405,90,46,42,13,28,,2,97,8.96442,2.62715,3.41222,1.18725,0.239977,0.0703286,0.1696481630206108,0.241698,1.21943,0.29363,0.723234,,,3.7459,1.52293,1.19935,166.66000366210938,,,,,,,427.9000000000001,4.411340206185568,420,4.329896907216495,,,,,,,,,,,,,,,,,,,"Kevin Gausman","14107",592332
"Freddy Peralta","MIL",6,5,8,3.79188,15,15,0,0,,88,363,72,40,37,12,31,,4,99,10.1844,3.2309,3.1522,1.24399,0.273751,0.0868446,0.18690678477287292,0.219777,1.17869,0.277039,0.731575,,,3.82948,1.52041,1.45045,103.55999755859375,,,,,,,409.40000000000003,4.652272727272727,377,4.284090909090909,,,,,,,,,,,,,,,,,,,"Freddy Peralta","18679",642547
"MacKenzie Gore","WSN",5,5,8,3.75299,15,15,0,0,,86,358,75,39,36,10,31,,3,96,10.0844,3.28409,3.07068,1.08609,0.26735,0.0870653,0.18028434365987778,0.231594,1.24201,0.297094,0.735046,,,3.62313,1.50314,1.39535,200.7899932861328,,,,,,,408.4,4.748837209302326,390,4.534883720930233,,,,,,,,,,,,,,,,,,,"MacKenzie Gore","22201",669022
"Nathan Eovaldi","TEX",6,4,8,3.77837,14,14,0,0,,87,357,79,40,37,11,22,,4,84,8.73631,2.23262,3.91303,1.14049,0.236731,0.0604981,0.17623307183384895,0.238076,1.15562,0.28764,0.714871,,,3.65508,1.4804,1.26694,203.2899932861328,,,,,,,393.1,4.5183908045977015,382,4.390804597701149,,,,,,,,,,,,,,,,,,,"Nathan Eovaldi","9132",543135
"Bryan Woo","SEA",5,4,8,3.62423,15,15,0,0,,81,326,70,35,33,10,17,,3,77,8.58821,1.84957,4.64335,1.14591,0.23709,0.0510601,0.186029851436615,0.229547,1.07241,0.274426,0.709831,,,3.5753,1.43578,1.17115,130.55999755859375,,,,,,,388.4,4.795061728395061,369,4.555555555555555,,,,,,,,,,,,,,,,,,,"Bryan Woo","30279",693433
"Tanner Bibee","CLE",6,5,8,3.82477,16,16,0,0,,91,377,82,42,39,13,26,,4,92,9.04717,2.55984,3.53428,1.25456,0.243021,0.0687612,0.17425991594791412,0.234476,1.17811,0.282847,0.728599,,,3.8606,1.40628,1.25349,88.16000366210938,,,,,,,394.3,4.332967032967033,380,4.175824175824176,,,,,,,,,,,,,,,,,,,"Tanner Bibee","30134",676440
"Ranger Suárez","PHI",6,4,7,3.73175,21,14,0,0,,82,346,78,37,34,8,26,,3,75,8.18527,2.85975,2.86223,0.926548,0.216395,0.0756036,0.14079149812459946,0.244854,1.26131,0.29587,0.72559,,,3.65111,1.39689,1.33099,278.0299987792969,,,,,,,368.6000000000001,4.495121951219513,369,4.5,,,,,,,,,,,,,,,,,,,"Ranger Suarez","17277",624133
"Zac Gallen","ARI",7,5,9,3.8603,16,16,0,0,,96,400,87,45,41,11,31,,3,96,9.04774,2.94384,3.07345,1.06481,0.240421,0.0782251,0.16219614446163177,0.237994,1.23596,0.293315,0.719167,,,3.69899,1.36968,1.49829,119.88999938964844,,,,,,,438.90000000000015,4.571875000000001,427,4.447916666666667,,,,,,,,,,,,,,,,,,,"Zac Gallen","19291",668678
"Chris Sale","ATL",4,3,6,3.22887,10,10,0,0,,57,232,48,22,20,6,15,,3,68,10.7718,2.35851,4.56719,0.941683,0.294435,0.0644675,0.22996797412633896,0.223759,1.10107,0.299976,0.744941,,,2.99623,1.34182,1.3917,35.97999954223633,,,,,,,305.19999999999993,5.35438596491228,289,5.0701754385964914,,,,,,,,,,,,,,,,,,,"Chris Sale","10603",519242
"Drew Rasmussen","TBR",5,4,6,3.40682,20,12,0,0,,73,299,65,30,28,7,18,,2,72,8.85191,2.2443,3.94418,0.880265,0.241423,0.06121,0.18021316826343536,0.233559,1.13614,0.290549,0.72526,,,3.2198,1.34005,1.15929,241.27999877929688,,,,,,,369.1,5.0561643835616445,358,4.904109589041096,,,,,,,,,,,,,,,,,,,"Drew Rasmussen","25385",656876
"Sandy Alcantara","MIA",5,5,8,3.92675,15,15,0,0,,92,385,88,43,40,10,26,,3,77,7.57144,2.59764,2.91474,0.98069,0.200297,0.0687187,0.1315782219171524,0.249091,1.25393,0.292758,0.707917,,,3.79232,1.33734,1.49397,137.64999389648438,,,,,,,396.00000000000006,4.304347826086957,397,4.315217391304348,,,,,,,,,,,,,,,,,,,"Sandy Alcantara","18684",645261
"Jack Flaherty","DET",5,5,8,3.81155,14,14,0,0,,81,338,72,37,34,10,26,,4,88,9.72636,2.88006,3.37714,1.13756,0.259319,0.0767867,0.18253270536661148,0.234526,1.21157,0.294924,0.726103,,,3.6633,1.33671,1.15935,138.3800048828125,,,,,,,375.2,4.632098765432098,361,4.45679012345679,,,,,,,,,,,,,,,,,,,"Jack Flaherty","17479",656427
"Jesús Luzardo","PHI",6,5,7,3.89808,19,14,0,0,,85,353,75,40,37,11,27,,3,89,9.44325,2.89858,3.25789,1.18483,0.25289,0.0776237,0.17526614665985107,0.233171,1.20691,0.288146,0.719857,,,3.75936,1.32841,1.16707,235.11000061035156,,,,,,,386.70000000000005,4.549411764705883,370,4.352941176470588,,,,,,,,,,,,,,,,,,,"Jesus Luzardo","19959",666200
"Clay Holmes","NYM",5,4,7,3.62924,16,13,0,0,,75,319,68,33,30,6,29,,4,71,8.59865,3.49008,2.46374,0.674941,0.223657,0.0907793,0.13287755101919174,0.238941,1.30326,0.300066,0.72183,,,3.46905,1.32408,1.24654,205.64999389648438,,,,,,,347.40000000000003,4.632000000000001,340,4.533333333333333,,,,,,,,,,,,,,,,,,,"Clay Holmes","13649",605280
"Seth Lugo","KCR",6,5,8,4.04751,15,15,0,0,,92,387,90,45,41,11,26,,3,80,7.76994,2.49524,3.1139,1.11288,0.205329,0.0659395,0.13938958197832108,0.251859,1.25689,0.294898,0.70869,,,3.90957,1.31696,1.2528,179.72999572753906,,,,,,,384.5,4.179347826086956,390,4.239130434782608,,,,,,,,,,,,,,,,,,,"Seth Lugo","12447",607625
"Luis Castillo","SEA",6,5,8,3.7298,15,15,0,0,,93,382,82,42,38,12,28,,3,90,8.72603,2.69569,3.23703,1.18763,0.234686,0.0725003,0.16218554973602295,0.233743,1.1872,0.280295,0.734935,,,3.86108,1.30592,1.13972,100.88999938964844,,,,,,,414.40000000000003,4.455913978494624,396,4.258064516129032,,,,,,,,,,,,,,,,,,,"Luis Castillo","15689",622491
"Carlos Rodón","NYY",7,6,8,4.10082,15,15,0,0,,89,369,75,44,41,14,31,,4,101,10.2486,3.18318,3.21961,1.4078,0.274524,0.0852663,0.1892581656575203,0.225543,1.19982,0.280784,0.718323,,,4.02932,1.2986,0.972144,140.91000366210938,,,,,,,388.4000000000001,4.364044943820225,360,4.044943820224719,,,,,,,,,,,,,,,,,,,"Carlos Rodon","16137",607074
"Nick Pivetta","SDP",5,5,8,3.89223,15,15,0,0,,83,339,70,39,36,13,25,,2,94,10.2075,2.72078,3.75168,1.38524,0.277576,0.0739871,0.203588604927063,0.22536,1.14859,0.280633,0.727155,,,3.80856,1.29737,1.05607,173.72000122070312,,,,,,,379.30000000000007,4.56987951807229,353,4.253012048192771,,,,,,,,,,,,,,,,,,,"Nick Pivetta","15454",601713
"Cole Ragans","KCR",4,3,6,3.46137,10,10,0,0,,57,235,47,24,22,6,21,,2,68,10.6883,3.27054,3.26805,0.93253,0.287231,0.0878905,0.1993403062224388,0.220211,1.18694,0.294018,0.737993,,,3.24009,1.28885,1.18299,45.599998474121094,,,,,,,292.79999999999995,5.136842105263157,274,4.807017543859649,,,,,,,,,,,,,,,,,,,"Cole Ragans","21846",666142
"Zach Eflin","BAL",6,5,8,3.95871,15,15,0,0,,91,375,91,44,40,13,16,,3,74,7.31754,1.56405,4.67858,1.29378,0.197997,0.0423199,0.15567726641893387,0.254439,1.16688,0.288277,0.713296,,,3.93649,1.27143,0.976358,192.4199981689453,,,,,,,367.9,4.042857142857143,377,4.142857142857143,,,,,,,,,,,,,,,,,,,"Zach Eflin","13774",621107
"Bailey Ober","MIN",5,4,7,4.05237,14,14,0,0,,84,345,77,41,38,13,21,,3,83,8.85091,2.19214,4.03756,1.43229,0.240111,0.0594694,0.18064191937446594,0.23777,1.15132,0.279834,0.712858,,,4.01984,1.26238,0.943853,84.66999816894531,,,,,,,355.50000000000006,4.232142857142858,345,4.107142857142857,,,,,,,,,,,,,,,,,,,"Bailey Ober","21224",641927
"Kris Bubic","KCR",5,4,6,3.962,25,13,0,0,,82,344,78,39,36,9,27,,3,79,8.67739,2.93759,2.95391,0.967006,0.228336,0.0772995,0.15103653073310852,0.246355,1.27763,0.302473,0.708945,,,3.63621,1.24626,1.07704,319.5799865722656,,,,,,,361.3,4.40609756097561,361,4.402439024390244,,,,,,,,,,,,,,,,,,,"Kris Bubic","21455",663460
"Chris Bassitt","TOR",6,6,8,4.02527,15,15,0,0,,91,387,86,44,41,12,30,,6,86,8.51484,2.92401,2.91204,1.1627,0.223017,0.0765844,0.1464322805404663,0.245257,1.27051,0.293644,0.719834,,,4.03103,1.23718,1.03553,344.04998779296875,,,,,,,366.19999999999993,4.024175824175823,363,3.989010989010989,,,,,,,,,,,,,,,,,,,"Chris Bassitt","12304",605135
"Michael Wacha","KCR",5,5,7,4.09347,14,14,0,0,,83,352,81,41,38,11,25,,3,71,7.63638,2.68756,2.84138,1.16923,0.201415,0.0708861,0.13052858412265778,0.249237,1.26651,0.288458,0.711882,,,4.06345,1.22588,1.08934,278.1300048828125,,,,,,,326.30000000000007,3.93132530120482,330,3.9759036144578315,,,,,,,,,,,,,,,,,,,"Michael Wacha","14078",608379
"Shota Imanaga","CHC",6,4,8,3.78187,15,15,0,0,,92,374,84,42,38,15,21,,3,88,8.6433,2.10732,4.10155,1.43012,0.235104,0.0573207,0.17778314277529716,0.238757,1.14684,0.278829,0.746549,,,4.01535,1.21405,1.3596,78.08999633789062,,,,,,,381.9000000000001,4.15108695652174,369,4.010869565217392,,,,,,,,,,,,,,,,,,,"Shota Imanaga","33829",684007
"Brady Singer","CIN",5,5,7,4.36362,14,14,0,0,,84,358,83,44,41,12,26,,4,79,8.50223,2.76232,3.07793,1.28034,0.221757,0.0720473,0.1497092917561531,0.254372,1.29967,0.302042,0.702099,,,4.11573,1.19739,1.04481,331.239990234375,,,,,,,326.2,3.8833333333333333,332,3.9523809523809526,,,,,,,,,,,,,,,,,,,"Brady Singer","25377",663903
"Yusei Kikuchi","LAA",5,5,8,4.0673,15,15,0,0,,87,362,79,42,39,14,29,,3,92,9.55744,2.96957,3.21846,1.43708,0.253672,0.0788178,0.1748543679714203,0.239355,1.24581,0.290309,0.738156,,,4.1155,1.18716,1.13064,170.38999938964844,,,,,,,354.20000000000016,4.071264367816093,341,3.9195402298850577,,,,,,,,,,,,,,,,,,,"Yusei Kikuchi","20633",579328
"Nick Lodolo","CIN",5,5,7,4.09922,14,14,0,0,,78,330,72,39,35,11,24,,8,79,9.10224,2.72314,3.34256,1.25634,0.238471,0.071344,0.16712743043899536,0.240623,1.22531,0.291801,0.70905,,,4.09452,1.17945,1.1526,235.97999572753906,,,,,,,316.70000000000005,4.060256410256411,309,3.9615384615384617,,,,,,,,,,,,,,,,,,,"Nick Lodolo","26378",666157
"Mitch Keller","PIT",5,6,7,4.30251,15,15,0,0,,90,384,89,47,43,11,28,,6,79,7.88461,2.78022,2.83597,1.09206,0.205141,0.0723354,0.13280539214611053,0.253669,1.29799,0.299046,0.689968,,,4.02363,1.15569,0.956499,298.9200134277344,,,,,,,355.30000000000007,3.9477777777777785,363,4.033333333333333,,,,,,,,,,,,,,,,,,,"Mitch Keller","17594",656605
"Eduardo Rodriguez","ARI",5,5,7,4.0011,18,14,0,0,,78,330,75,38,35,10,25,,2,74,8.53945,2.88608,2.95884,1.14134,0.225096,0.0760756,0.149020217359066,0.247687,1.27874,0.297681,0.72241,,,3.87626,1.14705,1.01694,376.4800109863281,,,,,,,326.20000000000005,4.182051282051282,327,4.1923076923076925,,,,,,,,,,,,,,,,,,,"Eduardo Rodriguez","13164",593958
"Brandon Woodruff","MIL",4,3,6,3.81351,12,12,0,0,,71,293,63,33,30,10,20,,3,73,9.28224,2.55233,3.63677,1.24604,0.250427,0.0688598,0.18156754970550537,0.233243,1.1688,0.284436,0.726412,,,3.79056,1.14338,1.09277,254.5399932861328,,,,,,,315.59999999999997,4.445070422535211,302,4.253521126760563,,,,,,,,,,,,,,,,,,,"Brandon Woodruff","16162",605540
"Reese Olson","DET",4,4,7,3.85497,13,13,0,0,,69,288,63,32,29,7,23,,3,64,8.41091,3.01102,2.79337,0.918118,0.222622,0.0796964,0.14292524009943008,0.239442,1.25069,0.291845,0.70867,,,3.65626,1.14078,0.935636,246.61000061035156,,,,,,,310.7,4.5028985507246375,304,4.405797101449275,,,,,,,,,,,,,,,,,,,"Reese Olson","24968",681857
"José Soriano","LAA",5,5,8,3.88864,15,15,0,0,,81,349,74,38,35,8,34,,5,73,8.09604,3.79871,2.13126,0.843644,0.209058,0.0980911,0.11096664518117905,0.237704,1.32949,0.288117,0.717583,,,3.95987,1.1302,1.16783,324.3900146484375,,,,,,,337.6,4.167901234567902,330,4.074074074074074,,,,,,,,,,,,,,,,,,,"Jose Soriano","22100",667755
"Matthew Boyd","CHC",5,4,7,3.94745,14,14,0,0,,73,308,67,35,32,10,24,,3,74,9.03922,2.92535,3.08996,1.17762,0.239258,0.0774308,0.1618269756436348,0.239842,1.24319,0.292359,0.723059,,,3.8851,1.11753,0.898559,323.04998779296875,,,,,,,310.00000000000006,4.246575342465754,302,4.136986301369863,,,,,,,,,,,,,,,,,,,"Matthew Boyd","15440",571510
"Brandon Pfaadt","ARI",5,5,7,4.06187,15,15,0,0,,82,340,80,40,37,12,19,,3,80,8.82029,2.12945,4.14206,1.3009,0.235797,0.0569274,0.17886926978826523,0.25051,1.20903,0.300261,0.713707,,,3.82637,1.08968,1.11707,178.5399932861328,,,,,,,345.20000000000005,4.209756097560976,348,4.2439024390243905,,,,,,,,,,,,,,,,,,,"Brandon Pfaadt","27782",694297
"Brayan Bello","BOS",6,5,7,4.13984,14,14,0,0,,81,346,79,40,37,9,29,,4,73,8.11018,3.1897,2.54262,1.03939,0.20988,0.0825448,0.1273350864648819,0.251905,1.33485,0.300802,0.711637,,,3.98726,1.07057,1.11412,372.8999938964844,,,,,,,330.29999999999995,4.0777777777777775,335,4.135802469135802,,,,,,,,,,,,,,,,,,,"Brayan Bello","23920",678394
"Mason Miller","ATH",1,1,0,2.76633,32,0,15,1,,32,126,21,11,10,3,11,,1,47,13.3861,3.08012,4.34597,0.847201,0.375014,0.0862901,0.28872355818748474,0.187714,1.01472,0.289029,0.770864,,,2.48378,1.03905,0.827092,45.09000015258789,,,,,,,282.3,8.821875,258,8.0625,,,,,,,,,,,,,,,,,,,"Mason Miller","31757",695243
"Clarke Schmidt","NYY",4,4,6,4.04894,16,13,0,0,,72,306,66,35,33,10,25,,4,71,8.87581,3.11795,2.84668,1.24894,0.232919,0.0818211,0.15109755843877792,0.240118,1.26608,0.288678,0.725021,,,4.12787,1.03244,0.778491,249.11000061035156,,,,,,,293.20000000000005,4.072222222222223,285,3.9583333333333335,,,,,,,,,,,,,,,,,,,"Clarke Schmidt","19899",657376
"Blake Snell","LAD",4,2,5,3.51908,9,9,0,0,,52,218,40,22,20,6,24,,1,65,11.1417,4.08501,2.72747,1.00443,0.298125,0.109305,0.1888202428817749,0.20777,1.21707,0.280415,0.746645,,,3.49678,1.0235,0.982376,44.5099983215332,,,,,,,261.99999999999994,5.038461538461537,237,4.5576923076923075,,,,,,,,,,,,,,,,,,,"Blake Snell","13543",605483
"David Peterson","NYM",5,4,7,3.83479,13,13,0,0,,76,325,72,35,32,8,29,,4,70,8.33422,3.46316,2.40654,0.922318,0.215504,0.0895494,0.1259545534849167,0.247418,1.3412,0.300992,0.733106,,,3.85844,1.02295,1.05087,326.9200134277344,,,,,,,317.8,4.181578947368421,317,4.171052631578948,,,,,,,,,,,,,,,,,,,"David Peterson","20302",656849
"Gavin Williams","CLE",4,4,7,4.05881,15,15,0,0,,78,330,68,38,35,10,32,,3,81,9.33185,3.70425,2.51923,1.10477,0.244479,0.0970452,0.14743353426456451,0.23194,1.29035,0.287552,0.715385,,,3.96306,1.01923,0.861593,195.02999877929688,,,,,,,334.40000000000003,4.287179487179488,317,4.064102564102564,,,,,,,,,,,,,,,,,,,"Gavin Williams","30122",668909
"Shohei Ohtani","LAD",3,2,5,3.55373,8,8,0,0,,46,189,38,20,18,6,16,,2,53,10.4287,3.10313,3.36069,1.10271,0.281067,0.0836337,0.19743284583091736,0.220023,1.16567,0.285088,0.74082,,,3.53452,1.00896,0.809231,1.5499999523162842,,,,,,,219.8,4.778260869565218,204,4.434782608695652,,,,,,,,,,,,,,,,,,,"Shohei Ohtani","19755",660271
"Eury Pérez","MIA",4,4,6,3.90383,12,12,0,0,,63,262,55,30,27,9,21,,2,70,10.0359,2.98153,3.36602,1.32094,0.269088,0.0799425,0.18914533406496048,0.22948,1.19795,0.286264,0.731984,,,3.86367,0.973796,0.964796,503.1199951171875,,,,,,,283.50000000000006,4.500000000000001,269,4.26984126984127,,,,,,,,,,,,,,,,,,,"Eury Perez","27768",691587
"Max Scherzer","TOR",5,4,6,3.93654,17,13,0,0,,74,304,65,35,33,12,19,,3,76,9.18778,2.35595,3.89982,1.50766,0.249653,0.0640165,0.1856365203857422,0.231774,1.13972,0.273289,0.733867,,,4.12341,0.96211,0.881935,273.1400146484375,,,,,,,317,4.283783783783784,300,4.054054054054054,,,,,,,,,,,,,,,,,,,"Max Scherzer","3137",453286
"Kodai Senga","NYM",5,3,6,3.70481,11,11,0,0,,64,272,54,29,26,7,28,,3,69,9.71121,3.91361,2.48139,1.03415,0.254976,0.102755,0.1522207334637642,0.224043,1.27408,0.283835,0.742572,,,3.87758,0.943247,0.936743,155.4199981689453,,,,,,,292.1,4.5640625,274,4.28125,,,,,,,,,,,,,,,,,,,"Kodai Senga","31838",673540
"Michael King","SDP",3,2,5,3.50534,8,8,0,0,,47,195,40,20,18,5,17,,2,52,9.9141,3.17683,3.12075,1.00785,0.265211,0.0849832,0.18022800236940384,0.225873,1.20206,0.289564,0.744973,,,3.51992,0.923493,0.828262,62.720001220703125,,,,,,,229.3,4.87872340425532,217,4.617021276595745,,,,,,,,,,,,,,,,,,,"Michael King","19853",650633
"Landen Roupp","SFG",3,4,6,3.9817,18,13,0,0,,73,313,67,35,32,7,31,,2,72,8.86875,3.83536,2.31236,0.903273,0.230147,0.0995288,0.13061796873807907,0.238918,1.33965,0.297013,0.716154,,,3.79231,0.912035,0.827671,431.4800109863281,,,,,,,324.90000000000003,4.45068493150685,319,4.36986301369863,,,,,,,,,,,,,,,,,,,"Landen Roupp","30076",694738
"Aaron Civale","CHW",4,5,6,4.4077,14,14,0,0,,76,319,73,40,37,12,23,,3,70,8.31395,2.72361,3.05255,1.46088,0.218772,0.0716687,0.1471034586429596,0.249587,1.27049,0.288542,0.707562,,,4.38049,0.90773,0.601349,368.0899963378906,,,,,,,286.99999999999994,3.7763157894736836,286,3.763157894736842,,,,,,,,,,,,,,,,,,,"Aaron Civale","19479",650644
"Matthew Liberatore","STL",4,4,6,4.104,20,13,0,0,,75,320,73,37,34,9,24,,3,67,7.94857,2.91713,2.7248,1.01901,0.208381,0.076476,0.1319054812192917,0.248747,1.28765,0.295539,0.70142,,,3.88361,0.902715,0.72345,653.6400146484375,,,,,,,307.5,4.1,311,4.1466666666666665,,,,,,,,,,,,,,,,,,,"Matthew Liberatore","22294",669461
"Lance McCullers Jr.","HOU",5,4,7,3.97073,20,14,0,0,,79,341,71,38,35,9,35,,4,76,8.59266,4.01909,2.13796,1.01031,0.221638,0.103668,0.11797024309635162,0.235965,1.34529,0.286851,0.728652,,,4.1305,0.8972,0.847984,587.7899780273438,,,,,,,324.30000000000007,4.105063291139241,313,3.962025316455696,,,,,,,,,,,,,,,,,,,"Lance McCullers Jr.","14120",621121
"José Berríos","TOR",6,6,8,4.26585,16,16,0,0,,98,413,95,50,46,15,29,,5,83,7.68377,2.6868,2.85982,1.38246,0.201742,0.0705434,0.1311982497572899,0.250364,1.27042,0.284665,0.715597,,,4.42332,0.896257,0.842675,242.77000427246094,,,,,,,357.70000000000005,3.6500000000000004,359,3.663265306122449,,,,,,,,,,,,,,,,,,,"Jose Berrios","14168",621244
"Jameson Taillon","CHC",5,5,7,4.30007,14,14,0,0,,85,353,84,44,40,13,20,,2,68,7.1893,2.10321,3.41825,1.34328,0.191644,0.0560649,0.13557913526892662,0.255384,1.23174,0.286758,0.696538,,,4.20698,0.892009,0.706895,341.82000732421875,,,,,,,320.70000000000005,3.7729411764705887,326,3.835294117647059,,,,,,,,,,,,,,,,,,,"Jameson Taillon","11674",592791
"Casey Mize","DET",4,5,7,4.2586,14,14,0,0,,77,328,78,40,37,10,22,,3,60,7.008,2.54835,2.75001,1.1424,0.183579,0.0667557,0.11682341247797012,0.257439,1.29202,0.292684,0.697915,,,4.14482,0.890622,0.594657,357.7300109863281,,,,,,,289.00000000000006,3.753246753246754,300,3.896103896103896,,,,,,,,,,,,,,,,,,,"Casey Mize","20492",663554
"Merrill Kelly","ARI",6,4,8,4.16111,15,15,0,0,,90,380,86,45,42,12,29,,3,79,7.85183,2.86567,2.73996,1.21539,0.207318,0.0756647,0.13165352493524551,0.246326,1.26949,0.285968,0.709849,,,4.13576,0.887582,1.11355,300.7300109863281,,,,,,,356.79999999999995,3.9644444444444438,356,3.9555555555555557,,,,,,,,,,,,,,,,,,,"Merrill Kelly","11156",518876
"Justin Verlander","SFG",4,5,6,4.2426,13,13,0,0,,74,313,73,38,35,10,22,,3,62,7.51352,2.61946,2.86834,1.2049,0.197311,0.0687891,0.12852177023887634,0.254057,1.28215,0.29233,0.703156,,,4.14449,0.879561,0.670522,334.260009765625,,,,,,,283.8,3.8351351351351353,289,3.9054054054054053,,,,,,,,,,,,,,,,,,,"Justin Verlander","8700",434378
"Cade Smith","CLE",2,1,0,2.92649,34,0,2,7,,34,140,26,12,11,3,12,,2,44,11.6157,3.01883,3.84774,0.666034,0.31784,0.0826045,0.23523570597171783,0.208448,1.10175,0.299487,0.7497,,,2.61756,0.872542,0.752544,368.2799987792969,,,,,,,231.10000000000005,6.797058823529413,215,6.323529411764706,,,,,,,,,,,,,,,,,,,"Cade Smith","27867",671922
"David Festa","MIN",3,3,4,3.98338,19,10,0,0,,61,256,55,29,27,7,22,,3,63,9.37782,3.25812,2.8783,1.10501,0.246651,0.0856935,0.1609577164053917,0.238875,1.2747,0.297404,0.71963,,,3.80724,0.86999,0.631087,365.7699890136719,,,,,,,273.30000000000007,4.48032786885246,265,4.344262295081967,,,,,,,,,,,,,,,,,,,"David Festa","30056",701581
"Shane Bieber","CLE",3,2,4,3.64598,11,8,0,0,,51,209,48,22,20,6,13,,1,49,8.75347,2.28346,3.83343,1.00248,0.235239,0.0613652,0.1738736405968666,0.244558,1.19577,0.300089,0.726497,,,3.43418,0.866076,0.735282,448.3999938964844,,,,,,,234.8,4.6039215686274515,233,4.568627450980392,,,,,,,,,,,,,,,,,,,"Shane Bieber","19427",669456
"Erick Fedde","STL",5,5,7,4.34337,14,14,0,0,,82,347,80,43,39,11,27,,2,66,7.24424,3.02932,2.39137,1.19538,0.189155,0.079099,0.11005605012178421,0.251903,1.31646,0.286928,0.700478,,,4.29705,0.854498,0.674699,335.6700134277344,,,,,,,308.5,3.7621951219512195,312,3.8048780487804876,,,,,,,,,,,,,,,,,,,"Erick Fedde","17425",607200
"Miles Mikolas","STL",4,5,6,4.58777,14,14,0,0,,81,344,88,45,42,11,16,,3,55,6.0799,1.7885,3.39943,1.26204,0.159971,0.0470581,0.11291269212961197,0.270288,1.27663,0.295592,0.668835,,,4.26057,0.852537,0.41356,584.2000122070312,,,,,,,288.2999999999999,3.559259259259258,315,3.888888888888889,,,,,,,,,,,,,,,,,,,"Miles Mikolas","9803",571945
"Ryne Nelson","ARI",5,4,5,4.22539,18,12,0,0,,80,336,81,41,37,10,21,,3,66,7.45686,2.36505,3.15294,1.18073,0.19651,0.0623258,0.13418389111757278,0.258042,1.27484,0.297356,0.700648,,,4.01495,0.837355,0.812463,469.8399963378906,,,,,,,318.4,3.9799999999999995,330,4.125,,,,,,,,,,,,,,,,,,,"Ryne Nelson","26253",669194
"Shane Smith","CHW",4,4,6,4.28509,19,14,0,0,,79,336,73,41,37,10,29,,5,67,7.64063,3.32396,2.29865,1.13973,0.198782,0.0864777,0.11230459064245224,0.242197,1.29938,0.280476,0.696787,,,4.32448,0.835751,0.600417,558.8499755859375,,,,,,,303.8,3.8455696202531646,297,3.759493670886076,,,,,,,,,,,,,,,,,,,"Shane Smith","31687",681343
"Sean Manaea","NYM",4,3,6,4.12763,12,12,0,0,,67,282,60,34,31,9,23,,3,67,8.99629,3.12191,2.88166,1.2602,0.238583,0.0827937,0.15578950196504593,0.233552,1.23431,0.280969,0.708679,,,4.0748,0.834563,0.591025,251.00999450683594,,,,,,,285.09999999999997,4.255223880597015,274,4.08955223880597,,,,,,,,,,,,,,,,,,,"Sean Manaea","15873",640455
"Emmanuel Clase","CLE",2,2,0,2.74751,33,0,15,2,,33,134,29,11,10,2,7,,1,32,8.4876,1.80564,4.70061,0.583618,0.234804,0.0499518,0.1848517619073391,0.231303,1.07625,0.291888,0.755406,,,2.73307,0.830003,0.891047,35.18000030517578,,,,,,,267.20000000000005,8.096969696969698,262,7.9393939393939394,,,,,,,,,,,,,,,,,,,"Emmanuel Clase","21032",661403
"Pablo López","MIN",3,2,4,3.76637,7,7,0,0,,44,179,40,20,18,5,11,,2,45,9.28171,2.19285,4.23272,1.12488,0.251052,0.0593122,0.19173986464738846,0.238793,1.15652,0.295467,0.714842,,,3.50122,0.829668,0.651568,73.29000091552734,,,,,,,211.10000000000002,4.797727272727273,206,4.681818181818182,,,,,,,,,,,,,,,,,,,"Pablo Lopez","17085",641154
"Jacob Misiorowski","MIL",3,5,6,4.10746,15,12,0,0,,72,314,59,36,33,8,41,,5,81,10.1567,5.10788,1.98844,0.97896,0.25859,0.130047,0.12854322791099548,0.219253,1.38474,0.28452,0.721056,,,4.15166,0.823767,0.874019,999,,,,,,,305.0000000000001,4.2361111111111125,280,3.888888888888889,,,,,,,,,,,,,,,,,,,"Jacob Misiorowski","31623",694819
"Taj Bradley","TBR",5,5,7,4.08693,14,14,0,0,,82,342,74,40,37,13,27,,3,84,9.26806,3.02525,3.06357,1.41926,0.245746,0.0802156,0.16553054749965668,0.238155,1.24668,0.285619,0.734073,,,4.1757,0.823445,0.781326,198.11000061035156,,,,,,,332.5000000000001,4.054878048780489,319,3.8902439024390243,,,,,,,,,,,,,,,,,,,"Taj Bradley","22543",671737
"Jeffrey Springs","ATH",4,5,7,4.15925,14,14,0,0,,72,303,68,36,33,11,23,,2,67,8.30355,2.91929,2.84437,1.37648,0.219669,0.0772294,0.14243952184915543,0.244245,1.26482,0.283798,0.725702,,,4.27562,0.821591,0.73488,268.7900085449219,,,,,,,279.70000000000005,3.884722222222223,276,3.8333333333333335,,,,,,,,,,,,,,,,,,,"Jeffrey Springs","17677",605488
"Nick Martinez","CIN",4,4,4,4.22409,22,9,0,0,,62,264,63,32,29,9,17,,2,52,7.48894,2.4203,3.09422,1.25644,0.196929,0.0636443,0.13328517973423004,0.257823,1.27982,0.295434,0.709777,,,4.14801,0.820907,0.729787,315.4200134277344,,,,,,,231.29999999999995,3.730645161290322,240,3.870967741935484,,,,,,,,,,,,,,,,,,,"Nick Martinez","12730",607259
"Luis Severino","ATH",4,6,7,4.3831,15,15,0,0,,88,375,84,47,43,13,29,,4,74,7.55988,2.93578,2.57509,1.31885,0.198139,0.0769444,0.12119416892528534,0.247095,1.28123,0.280871,0.698713,,,4.43198,0.814871,0.592987,302.3599853515625,,,,,,,321.9000000000001,3.6579545454545466,320,3.6363636363636362,,,,,,,,,,,,,,,,,,,"Luis Severino","15890",622663
"Chris Paddack","MIN",4,4,5,4.57952,19,13,0,0,,76,322,78,42,39,11,21,,2,66,7.87561,2.5414,3.09892,1.34786,0.206011,0.0664783,0.13953284919261932,0.261186,1.31112,0.30165,0.688216,,,4.20742,0.812982,0.296818,524.5900268554688,,,,,,,287.29999999999995,3.780263157894736,300,3.9473684210526314,,,,,,,,,,,,,,,,,,,"Chris Paddack","20099",663978
"Grant Holmes","ATL",5,4,6,4.29639,18,14,0,0,,80,343,77,42,38,10,29,,3,78,8.7182,3.26598,2.6694,1.17233,0.226871,0.0849897,0.14188164472579956,0.2483,1.32334,0.2998,0.705057,,,4.04478,0.809883,0.719231,271.4800109863281,,,,,,,328.8,4.11,330,4.125,,,,,,,,,,,,,,,,,,,"Grant Holmes","16944",656550
"Aaron Nola","PHI",3,3,4,3.93594,8,8,0,0,,50,206,47,24,22,7,13,,1,50,8.91879,2.28238,3.90768,1.29505,0.2401,0.061443,0.17865652590990067,0.243017,1.1878,0.2917,0.722307,,,3.82199,0.805547,0.69505,88.30000305175781,,,,,,,219.7,4.394,217,4.34,,,,,,,,,,,,,,,,,,,"Aaron Nola","16149",605400
"Clayton Kershaw","LAD",4,2,5,3.78064,10,10,0,0,,53,222,50,24,22,7,15,,2,48,8.17054,2.55059,3.20339,1.17818,0.217708,0.0679618,0.14974617958068848,0.245784,1.23029,0.289994,0.738947,,,3.92239,0.794445,0.827448,559.469970703125,,,,,,,221.10000000000002,4.1716981132075475,219,4.132075471698113,,,,,,,,,,,,,,,,,,,"Clayton Kershaw","2036",477132
"Edwin Díaz","NYM",3,1,0,3.08273,32,0,17,1,,32,129,22,12,11,3,12,,2,46,13.0782,3.47943,3.75873,0.905347,0.357773,0.0951845,0.26258835941553116,0.19593,1.09569,0.29462,0.757579,,,2.81289,0.784935,0.650251,43.040000915527344,,,,,,,281.7,8.803125,260,8.125,,,,,,,,,,,,,,,,,,,"Edwin Diaz","14710",621242
"Zebby Matthews","MIN",3,3,4,4.12451,16,10,0,0,,54,222,53,27,25,8,11,,2,51,8.49721,1.87518,4.53141,1.37388,0.228252,0.0503709,0.17788056656718254,0.252551,1.1916,0.297015,0.709152,,,3.90949,0.784151,0.473635,406.510009765625,,,,,,,226.40000000000003,4.192592592592593,229,4.2407407407407405,,,,,,,,,,,,,,,,,,,"Zebby Matthews","31827",805673
"Jacob Lopez","ATH",3,3,5,4.1422,14,10,0,0,,65,280,58,32,30,8,29,,5,65,9.01377,4.06846,2.21553,1.04527,0.231719,0.104589,0.12713024765253067,0.234054,1.34127,0.288296,0.713519,,,4.1595,0.777247,0.670818,999,,,,,,,259.8,3.996923076923077,249,3.830769230769231,,,,,,,,,,,,,,,,,,,"Jacob Lopez","25098",682052
"Andrew Heaney","PIT",4,5,6,4.36776,19,13,0,0,,77,325,74,40,37,11,24,,4,70,8.29101,2.84528,2.91395,1.28743,0.216572,0.0743224,0.1422496661543846,0.25,1.28614,0.29369,0.698637,,,4.222,0.775463,0.761403,451.3800048828125,,,,,,,298.1,3.871428571428572,298,3.8701298701298703,,,,,,,,,,,,,,,,,,,"Andrew Heaney","15423",571760
"Jhoan Duran","MIN",2,2,0,2.81675,32,0,13,2,,32,132,26,11,10,2,11,,2,39,10.8535,3.04077,3.56932,0.657724,0.293303,0.0821735,0.21112985908985138,0.216759,1.1432,0.300557,0.771468,,,2.81078,0.773989,0.819825,68.86000061035156,,,,,,,256.6,8.01875,246,7.6875,,,,,,,,,,,,,,,,,,,"Jhoan Duran","21029",661395
"Félix Bautista","BAL",2,1,0,2.72606,30,0,13,2,,30,124,21,10,9,3,13,,1,43,12.7207,3.85383,3.30079,0.839999,0.3487,0.105641,0.24305839091539383,0.188606,1.10462,0.280373,0.796122,,,2.87122,0.773209,0.787558,64.93000030517578,,,,,,,247.50000000000003,8.250000000000002,228,7.6,,,,,,,,,,,,,,,,,,,"Felix Bautista","20666",642585
"Mitchell Parker","WSN",4,5,6,4.35647,20,14,0,0,,79,337,76,42,38,10,29,,2,64,7.3279,3.32782,2.20201,1.14314,0.190769,0.086634,0.10413526743650436,0.248184,1.33039,0.284568,0.697785,,,4.29888,0.754735,0.669543,502.9800109863281,,,,,,,299,3.7848101265822787,300,3.7974683544303796,,,,,,,,,,,,,,,,,,,"Mitchell Parker","27636",680730
"Tanner Houck","BOS",3,3,4,4.05882,16,9,0,0,,57,244,56,28,26,6,18,,4,50,7.79206,2.80393,2.77898,0.916391,0.203362,0.0731787,0.13018327206373215,0.249984,1.28147,0.298079,0.694757,,,3.80828,0.751703,0.757141,225.72999572753906,,,,,,,236.39999999999995,4.14736842105263,241,4.228070175438597,,,,,,,,,,,,,,,,,,,"Tanner Houck","19879",656557
"Andrew Abbott","CIN",5,5,6,4.55252,14,14,0,0,,79,341,76,44,40,14,31,,2,74,8.38294,3.55936,2.35518,1.59655,0.21689,0.0920906,0.12479965388774872,0.24749,1.35406,0.28259,0.727352,,,4.79106,0.745938,0.731242,505.7099914550781,,,,,,,263.80000000000007,3.339240506329115,262,3.3164556962025316,,,,,,,,,,,,,,,,,,,"Andrew Abbott","29911",671096
"Roki Sasaki","LAD",3,2,4,3.68664,7,7,0,0,,40,165,33,18,16,5,14,,2,44,9.97766,3.14389,3.17367,1.07572,0.267458,0.0842741,0.18318410962820053,0.222203,1.18185,0.283102,0.726063,,,3.61549,0.741358,0.63696,999,,,,,,,188.7,4.717499999999999,175,4.375,,,,,,,,,,,,,,,,,,,"Roki Sasaki","35323",808963
"Jeff Hoffman","TOR",2,1,0,2.99903,32,0,13,2,,32,131,25,12,11,4,11,,1,41,11.3728,2.95679,3.84634,0.972674,0.312672,0.0812907,0.23138102889060974,0.208119,1.09188,0.285382,0.775778,,,3.08236,0.73868,0.645872,94.0199966430664,,,,,,,241.60000000000002,7.550000000000001,227,7.09375,,,,,,,,,,,,,,,,,,,"Jeff Hoffman","17432",656546
"Dustin May","LAD",4,3,4,3.89389,18,9,0,0,,56,237,50,26,24,6,21,,3,50,8.0619,3.32219,2.42668,0.938659,0.2127,0.0876506,0.12504942715168,0.232535,1.25084,0.278477,0.706502,,,3.90728,0.732813,0.648425,321.8900146484375,,,,,,,238.60000000000008,4.260714285714287,230,4.107142857142857,,,,,,,,,,,,,,,,,,,"Dustin May","19716",669160
"Hayden Birdsong","SFG",5,4,6,4.05604,18,13,0,0,,73,311,63,36,33,9,33,,4,76,9.43058,4.09137,2.30499,1.07641,0.244636,0.106133,0.1385030820965767,0.229355,1.32066,0.286151,0.720418,,,4.06462,0.73034,0.733055,378.8699951171875,,,,,,,306.70000000000005,4.201369863013699,289,3.958904109589041,,,,,,,,,,,,,,,,,,,"Hayden Birdsong","31635",806185
"Matt Strahm","PHI",3,2,0,3.24766,32,0,4,5,,32,129,26,13,12,4,8,,2,38,10.6652,2.35514,4.52847,1.03687,0.294581,0.0650508,0.22952988743782043,0.215488,1.0606,0.28402,0.743206,,,3.15722,0.726739,0.534576,566.0499877929688,,,,,,,206.00000000000003,6.437500000000001,194,6.0625,,,,,,,,,,,,,,,,,,,"Matt Strahm","13799",621381
"Griffin Jax","MIN",2,2,0,3.21956,33,0,1,7,,33,132,27,13,12,3,9,,1,40,10.917,2.43499,4.4834,0.876082,0.299285,0.066754,0.2325308546423912,0.22231,1.10241,0.30208,0.738588,,,2.85677,0.726056,0.537215,286.989990234375,,,,,,,220.10000000000008,6.669696969696972,209,6.333333333333333,,,,,,,,,,,,,,,,,,,"Griffin Jax","20253",643377
"Stephen Kolek","SDP",5,3,5,4.45948,19,11,0,0,,73,320,78,40,36,8,24,,4,57,7.00332,2.94565,2.37751,0.953061,0.178399,0.0750359,0.10336273908615112,0.268074,1.39311,0.310475,0.686444,,,4.06229,0.719872,0.319263,694.02001953125,,,,,,,269.00000000000006,3.684931506849316,291,3.9863013698630136,,,,,,,,,,,,,,,,,,,"Stephen Kolek","21487",663568
"Kyle Freeland","COL",3,6,6,5.04351,14,14,0,0,,77,335,88,47,43,12,20,,2,55,6.46991,2.36709,2.73328,1.42567,0.165341,0.0604919,0.10484902933239937,0.281927,1.40552,0.309932,0.67278,,,4.59146,0.719762,0.591357,724.9400024414062,,,,,,,237.40000000000003,3.0831168831168836,273,3.5454545454545454,,,,,,,,,,,,,,,,,,,"Kyle Freeland","16256",607536
"Ryan Helsley","STL",2,2,0,2.96759,32,0,16,1,,32,132,25,12,11,3,13,,1,38,10.7268,3.518,3.04913,0.767415,0.290993,0.0954347,0.19555791467428207,0.208152,1.15584,0.283459,0.769381,,,3.0714,0.718098,0.692193,53.880001068115234,,,,,,,252.89999999999998,7.903124999999999,239,7.46875,,,,,,,,,,,,,,,,,,,"Ryan Helsley","18138",664854
"Jose Quintana","MIL",4,4,7,4.28702,14,14,0,0,,75,325,75,39,36,10,28,,3,60,7.20184,3.30236,2.18082,1.13408,0.185814,0.085204,0.1006104052066803,0.25545,1.36378,0.292609,0.712521,,,4.33395,0.711322,0.725746,476.9200134277344,,,,,,,264,3.52,272,3.6266666666666665,,,,,,,,,,,,,,,,,,,"Jose Quintana","11423",500779
"Edward Cabrera","MIA",4,5,6,4.38689,19,14,0,0,,76,329,67,40,37,9,37,,4,79,9.40263,4.35354,2.15977,1.12288,0.241575,0.111852,0.1297227293252945,0.231974,1.36266,0.287913,0.701052,,,4.22359,0.70911,0.648679,455.3800048828125,,,,,,,312.5,4.1118421052631575,298,3.9210526315789473,,,,,,,,,,,,,,,,,,,"Edward Cabrera","21690",665795
"Mitch Spence","ATH",3,4,5,4.32945,15,11,0,0,,67,288,69,35,32,9,21,,3,56,7.49839,2.75553,2.72121,1.18951,0.194654,0.071532,0.12312174588441849,0.259647,1.32673,0.299601,0.704083,,,4.18462,0.706912,0.485855,585.27001953125,,,,,,,245.69999999999996,3.667164179104477,258,3.8507462686567164,,,,,,,,,,,,,,,,,,,"Mitch Spence","27707",687765
"Tyler Mahle","TEX",3,3,5,4.07371,10,10,0,0,,53,220,47,26,24,7,17,,2,48,8.19429,2.98827,2.74216,1.1641,0.218025,0.0795086,0.13851629197597504,0.235536,1.22862,0.277308,0.703197,,,4.05268,0.706406,0.599302,452.010009765625,,,,,,,222.90000000000003,4.205660377358491,213,4.018867924528302,,,,,,,,,,,,,,,,,,,"Tyler Mahle","16358",641816
"Robbie Ray","SFG",5,5,7,4.10655,14,14,0,0,,80,338,70,40,36,12,31,,4,88,9.85881,3.48881,2.82584,1.36005,0.259208,0.0917279,0.16748052090406418,0.231759,1.26552,0.285975,0.730162,,,4.17201,0.706174,0.836793,132.1699981689453,,,,,,,333.4,4.1674999999999995,315,3.9375,,,,,,,,,,,,,,,,,,,"Robbie Ray","11486",592662
"Ryan Pepiot","TBR",5,5,7,4.17919,14,14,0,0,,79,333,71,40,37,13,29,,4,79,9.0607,3.28556,2.75773,1.43687,0.238161,0.0863612,0.1517999917268753,0.236396,1.26594,0.280291,0.730225,,,4.39468,0.705016,0.597702,166.35000610351562,,,,,,,299.1,3.786075949367089,285,3.607594936708861,,,,,,,,,,,,,,,,,,,"Ryan Pepiot","26221",686752
"Lucas Giolito","BOS",4,5,6,4.56415,14,14,0,0,,76,326,73,42,39,12,28,,3,76,8.93811,3.33887,2.67699,1.43728,0.232163,0.0867252,0.1454373598098755,0.248467,1.33307,0.295075,0.704686,,,4.39055,0.700762,0.606344,412.3500061035156,,,,,,,283.99999999999994,3.736842105263157,283,3.723684210526316,,,,,,,,,,,,,,,,,,,"Lucas Giolito","15474",608337
"Andrés Muñoz","SEA",2,2,0,2.66298,32,0,15,1,,32,130,23,10,9,2,13,,2,41,11.4992,3.5559,3.23383,0.663424,0.313719,0.0970117,0.21670755743980408,0.197802,1.11211,0.282956,0.783511,,,2.83026,0.698603,0.885571,60.88999938964844,,,,,,,268.40000000000003,8.387500000000001,250,7.8125,,,,,,,,,,,,,,,,,,,"Andres Munoz","20373",662253
"Josh Hader","HOU",3,2,0,3.20871,34,0,16,1,,34,136,24,13,12,4,13,,1,47,12.5896,3.48911,3.60826,1.15221,0.346423,0.0960084,0.2504146471619606,0.194257,1.08925,0.275124,0.771113,,,3.22966,0.697881,0.641726,40.11000061035156,,,,,,,276.00000000000006,8.11764705882353,254,7.470588235294118,,,,,,,,,,,,,,,,,,,"Josh Hader","14212",623352
"Frankie Montas","NYM",4,4,6,4.33587,13,13,0,0,,67,285,63,35,32,9,26,,2,62,8.43957,3.5087,2.40533,1.24025,0.219075,0.0910792,0.12799624353647232,0.244632,1.33256,0.289738,0.709794,,,4.28038,0.696383,0.486825,515.3300170898438,,,,,,,261.29999999999995,3.8999999999999995,258,3.8507462686567164,,,,,,,,,,,,,,,,,,,"Frankie Montas","14309",593423
"Shane Baz","TBR",4,4,6,4.04759,18,12,0,0,,71,300,63,35,32,10,25,,3,69,8.77017,3.20776,2.73405,1.27723,0.231835,0.0847953,0.1470392867922783,0.233244,1.24271,0.277393,0.722079,,,4.19001,0.693402,0.578724,198.6699981689453,,,,,,,292.59999999999997,4.12112676056338,279,3.9295774647887325,,,,,,,,,,,,,,,,,,,"Shane Baz","22264",669358
"Adrian Houser","CHW",4,6,5,4.66282,19,13,0,0,,79,344,82,44,41,10,29,,4,56,6.41492,3.34706,1.91658,1.10263,0.162917,0.0850039,0.07791323214769363,0.264783,1.41991,0.296376,0.686299,,,4.50208,0.684133,0.317082,745.6300048828125,,,,,,,261.40000000000003,3.308860759493671,278,3.518987341772152,,,,,,,,,,,,,,,,,,,"Adrian Houser","12718",605288
"Tanner Scott","LAD",3,2,0,3.04042,32,0,16,2,,32,134,25,12,11,3,14,,1,38,10.7409,3.92477,2.7367,0.715608,0.286155,0.104562,0.18159300833940506,0.211498,1.21687,0.289933,0.768546,,,3.16738,0.67815,0.687553,102.88999938964844,,,,,,,253.89999999999998,7.934374999999999,240,7.5,,,,,,,,,,,,,,,,,,,"Tanner Scott","17586",656945
"Grayson Rodriguez","BAL",3,2,4,3.74895,7,7,0,0,,43,177,38,19,18,6,14,,1,46,9.67253,2.92429,3.30765,1.17618,0.258413,0.078126,0.18028724938631058,0.23413,1.21459,0.292537,0.738462,,,3.71046,0.673373,0.655669,218.6699981689453,,,,,,,192.59999999999997,4.479069767441859,184,4.27906976744186,,,,,,,,,,,,,,,,,,,"Grayson Rodriguez","24492",680570
"Sawyer Gipson-Long","DET",3,3,4,4.02399,19,9,0,0,,55,230,52,27,25,7,16,,2,51,8.4158,2.62637,3.20435,1.17064,0.223416,0.0697227,0.15369302034378052,0.2449,1.23562,0.2918,0.711547,,,3.89948,0.670457,0.479303,724.25,,,,,,,233.7,4.249090909090909,232,4.218181818181818,,,,,,,,,,,,,,,,,,,"Sawyer Gipson-Long","26048",687830
"Orion Kerkering","PHI",2,2,0,3.25705,31,0,7,4,,31,127,26,12,11,3,10,,2,35,10.1414,2.99447,3.38671,0.802557,0.27145,0.0801516,0.19129838794469833,0.225114,1.17811,0.297794,0.745059,,,3.17666,0.665783,0.650937,321.30999755859375,,,,,,,209.9,6.770967741935484,201,6.483870967741935,,,,,,,,,,,,,,,,,,,"Orion Kerkering","31776",689147
"Andre Pallante","STL",4,4,5,4.14679,22,12,0,0,,74,323,75,37,34,6,29,,2,52,6.28382,3.56892,1.76071,0.776862,0.160824,0.0913405,0.06948353350162506,0.256213,1.39896,0.292878,0.702706,,,4.09659,0.655669,0.741814,532.9000244140625,,,,,,,289.8,3.9162162162162164,303,4.094594594594595,,,,,,,,,,,,,,,,,,,"Andre Pallante","26108",669467
"Will Warren","NYY",4,5,5,4.59229,23,12,0,0,,71,305,68,39,36,10,27,,3,68,8.57334,3.386,2.532,1.25431,0.222006,0.0876803,0.13432610780000687,0.247843,1.3351,0.295114,0.684636,,,4.25634,0.648262,0.290501,382.8500061035156,,,,,,,271.59999999999997,3.8253521126760557,271,3.816901408450704,,,,,,,,,,,,,,,,,,,"Will Warren","30182",701542
"Bryce Miller","SEA",3,3,5,3.81205,9,9,0,0,,51,211,45,24,22,7,15,,2,49,8.51671,2.63148,3.23647,1.21484,0.230352,0.0711737,0.1591779589653015,0.23049,1.16402,0.272797,0.721636,,,3.92536,0.644707,0.517641,78.69999694824219,,,,,,,221.30000000000007,4.339215686274511,211,4.137254901960785,,,,,,,,,,,,,,,,,,,"Bryce Miller","29837",682243
"Noah Cameron","KCR",2,3,4,4.16512,22,9,0,0,,55,236,55,28,26,7,18,,2,51,8.22348,2.86377,2.87156,1.07473,0.214603,0.0747339,0.13986923545598984,0.253918,1.30857,0.303763,0.70575,,,3.88084,0.636137,0.5074,646.5800170898438,,,,,,,219.89999999999998,3.9981818181818176,226,4.109090909090909,,,,,,,,,,,,,,,,,,,"Noah Cameron","30184",702070
"Bailey Falter","PIT",4,5,6,4.61961,18,14,0,0,,77,329,80,43,40,11,23,,2,57,6.6993,2.70285,2.47861,1.33481,0.174323,0.0703308,0.10399170964956284,0.262034,1.33359,0.290094,0.688897,,,4.50355,0.62846,0.492858,694.25,,,,,,,265.50000000000006,3.448051948051949,281,3.6493506493506493,,,,,,,,,,,,,,,,,,,"Bailey Falter","20070",663559
"Robert Garcia","TEX",2,2,0,3.37989,31,0,9,3,,31,129,27,13,12,3,11,,1,35,10.0206,3.08904,3.24393,0.836229,0.268842,0.0828756,0.185966856777668,0.226492,1.19531,0.297042,0.738911,,,3.20311,0.624347,0.431204,461.9599914550781,,,,,,,213.3,6.880645161290323,207,6.67741935483871,,,,,,,,,,,,,,,,,,,"Robert Garcia","23363",676395
"Kumar Rocker","TEX",3,3,4,4.1668,15,9,0,0,,50,210,48,25,23,6,15,,2,46,8.37002,2.72469,3.07192,1.1206,0.219978,0.0716094,0.14836865663528442,0.250182,1.27368,0.29947,0.700809,,,3.88279,0.62347,0.387121,311.8500061035156,,,,,,,212.39999999999998,4.247999999999999,213,4.26,,,,,,,,,,,,,,,,,,,"Kumar Rocker","31843",677958
"Devin Williams","NYY",3,2,0,3.09272,32,0,12,3,,32,133,23,12,11,3,15,,2,42,11.7442,4.33487,2.70925,0.814868,0.314393,0.116044,0.19834893941879272,0.195244,1.18806,0.27709,0.767492,,,3.24862,0.621304,0.671528,40.70000076293945,,,,,,,245.09999999999997,7.659374999999999,226,7.0625,,,,,,,,,,,,,,,,,,,"Devin Williams","15816",642207
"Chase Burns","CIN",0,0,5,4.04766,10,10,0,0,,42,177,39,20,19,6,14,,2,38,8.21604,3.03812,2.70432,1.22437,0.215035,0.0795156,0.13551980257034302,0.24124,1.27085,0.282735,0.730682,,,4.15656,0.620275,0.719605,999,,,,,,,163.6,3.895238095238095,160,3.8095238095238093,,,,,,,,,,,,,,,,,,,"Chase Burns","35333",695505
"Aroldis Chapman","BOS",3,2,0,3.34375,31,0,14,2,,31,131,22,12,11,3,18,,1,46,13.3689,5.29779,2.52349,0.7961,0.349535,0.138513,0.2110225409269333,0.196154,1.29855,0.303853,0.761645,,,3.15482,0.616425,0.693146,257.5400085449219,,,,,,,248.3,8.009677419354839,229,7.387096774193548,,,,,,,,,,,,,,,,,,,"Aroldis Chapman","10233",547973
"Yu Darvish","SDP",3,3,4,4.13638,9,9,0,0,,51,213,47,26,24,8,14,,2,49,8.65917,2.53262,3.41905,1.33933,0.231979,0.0678488,0.16412973403930664,0.238276,1.19169,0.281054,0.703845,,,4.07582,0.613742,0.432742,285.7200012207031,,,,,,,206.8,4.0549019607843135,201,3.9411764705882355,,,,,,,,,,,,,,,,,,,"Yu Darvish","13074",506433
"Germán Márquez","COL",4,6,5,5.20013,14,14,0,0,,79,349,88,50,46,12,29,,2,60,6.80834,3.23284,2.10599,1.41155,0.171808,0.0815803,0.09022735804319382,0.275347,1.46492,0.305853,0.67201,,,4.77188,0.608791,0.451969,623.6199951171875,,,,,,,235.2,2.9772151898734176,266,3.367088607594937,,,,,,,,,,,,,,,,,,,"German Marquez","15038",608566
"Luis L. Ortiz","CLE",4,5,6,4.32726,18,14,0,0,,84,363,81,44,41,11,33,,4,73,7.78597,3.5033,2.22247,1.20922,0.2011,0.0904849,0.11061501502990723,0.247968,1.34877,0.287507,0.711791,,,4.39738,0.607966,0.566464,395.9599914550781,,,,,,,310.69999999999993,3.698809523809523,312,3.7142857142857144,,,,,,,,,,,,,,,,,,,"Luis L. Ortiz","27646",682847
"Bryce Elder","ATL",5,5,6,4.53047,21,15,0,0,,86,372,88,47,43,10,31,,3,68,7.11824,3.28256,2.1685,1.09684,0.1822,0.0840214,0.09817902743816376,0.260994,1.39245,0.299462,0.691824,,,4.29592,0.604206,0.568587,746.8400268554688,,,,,,,318.59999999999997,3.704651162790697,334,3.883720930232558,,,,,,,,,,,,,,,,,,,"Bryce Elder","27779",693821
"JP Sears","ATH",5,6,7,4.59364,15,15,0,0,,87,367,85,48,44,15,24,,5,70,7.21713,2.49359,2.89428,1.54896,0.189537,0.0654866,0.12404990196228027,0.252729,1.26124,0.278089,0.692403,,,4.72752,0.6012,0.433518,463.79998779296875,,,,,,,291.30000000000007,3.348275862068966,293,3.367816091954023,,,,,,,,,,,,,,,,,,,"JP Sears","23429",676664
"Lucas Erceg","KCR",2,2,0,3.48062,31,0,3,6,,31,131,27,13,12,2,11,,2,34,9.89174,3.27004,3.02496,0.665069,0.261472,0.0864381,0.17503365874290466,0.227422,1.22083,0.301673,0.716379,,,3.14529,0.584217,0.480345,188.22999572753906,,,,,,,202.59999999999997,6.535483870967741,197,6.354838709677419,,,,,,,,,,,,,,,,,,,"Lucas Erceg","19360",668674
"Jake Irvin","WSN",4,5,7,4.48413,14,14,0,0,,83,352,81,45,41,13,26,,3,67,7.29861,2.83389,2.57548,1.39576,0.191421,0.0743245,0.11709659546613693,0.250314,1.2865,0.280061,0.696608,,,4.54268,0.5762,0.585817,444.760009765625,,,,,,,290.70000000000005,3.5024096385542176,293,3.5301204819277108,,,,,,,,,,,,,,,,,,,"Jake Irvin","21504",663623
"Luis Gil","NYY",3,3,4,4.14374,13,8,0,0,,48,204,39,24,22,7,23,,2,53,9.88097,4.3974,2.247,1.26989,0.258003,0.114821,0.14318224787712097,0.21794,1.29954,0.269885,0.725125,,,4.32551,0.57102,0.47652,472.3699951171875,,,,,,,198.70000000000002,4.139583333333333,180,3.75,,,,,,,,,,,,,,,,,,,"Luis Gil","21052",661563
"Shane McClanahan","TBR",3,2,3,3.51375,10,6,0,0,,38,158,33,16,15,5,12,,1,41,9.66023,2.80743,3.44096,1.15134,0.261417,0.075972,0.18544451147317886,0.227864,1.1707,0.284652,0.752655,,,3.6117,0.57035,0.490735,154.27000427246094,,,,,,,176.89999999999998,4.655263157894736,168,4.421052631578948,,,,,,,,,,,,,,,,,,,"Shane McClanahan","21483",663556
"Chase Dollander","COL",3,4,4,5.01883,15,11,0,0,,62,273,62,38,35,9,26,,3,59,8.46378,3.75489,2.25407,1.324,0.214879,0.0953293,0.11954979598522186,0.254836,1.41239,0.300985,0.668293,,,4.52945,0.566135,0.485987,999,,,,,,,217.89999999999998,3.5145161290322577,224,3.6129032258064515,,,,,,,,,,,,,,,,,,,"Chase Dollander","33482",801403
"Bryan Abreu","HOU",2,1,0,3.16749,36,0,1,8,,36,148,27,14,13,4,16,,2,46,11.7535,3.94045,2.98279,0.907389,0.312828,0.104878,0.2079504057765007,0.208465,1.20485,0.293144,0.77306,,,3.26843,0.559507,0.595217,442.7799987792969,,,,,,,222.00000000000006,6.166666666666668,203,5.638888888888889,,,,,,,,,,,,,,,,,,,"Bryan Abreu","16609",650556
"Tyler Anderson","LAA",5,6,7,4.68524,15,15,0,0,,91,393,89,52,47,15,35,,4,73,7.21717,3.44545,2.09469,1.44793,0.186147,0.0888659,0.09728080034255981,0.25123,1.3592,0.278936,0.699625,,,4.83617,0.553645,0.377769,491.44000244140625,,,,,,,286.5,3.1483516483516483,289,3.1758241758241756,,,,,,,,,,,,,,,,,,,"Tyler Anderson","12880",542881
"Chad Patrick","MIL",3,2,5,4.18161,17,11,0,0,,65,274,62,33,30,10,21,,3,56,7.8169,2.90375,2.692,1.33789,0.205287,0.0762583,0.12902911007404327,0.247269,1.27856,0.283379,0.722631,,,4.37413,0.553024,0.637049,999,,,,,,,236.8,3.643076923076923,235,3.6153846153846154,,,,,,,,,,,,,,,,,,,"Chad Patrick","30113",694477
"Ben Brown","CHC",3,2,3,3.85024,19,6,0,0,,44,185,38,21,19,5,17,,2,48,9.83456,3.45996,2.84239,1.00367,0.260071,0.0914972,0.16857338696718216,0.229781,1.25258,0.293961,0.718295,,,3.61871,0.552051,0.42873,428.55999755859375,,,,,,,204.3,4.6431818181818185,194,4.409090909090909,,,,,,,,,,,,,,,,,,,"Ben Brown","23590",676962
"Cade Cavalli","WSN",3,4,4,4.30224,18,10,0,0,,65,278,59,34,31,8,27,,4,58,8.08072,3.76734,2.14494,1.11305,0.208505,0.097208,0.11129716038703918,0.239481,1.33493,0.282608,0.701792,,,4.33538,0.551944,0.472861,679.1799926757812,,,,,,,252.20000000000002,3.8800000000000003,244,3.753846153846154,,,,,,,,,,,,,,,,,,,"Cade Cavalli","27473",676917
"Colin Rea","CHC",4,3,5,4.47482,14,11,0,0,,66,280,67,36,33,10,18,,3,53,7.28301,2.4962,2.91764,1.34583,0.190718,0.0653673,0.125350683927536,0.258079,1.2896,0.291114,0.69351,,,4.37175,0.545781,0.363822,582.760009765625,,,,,,,234.2000000000001,3.54848484848485,243,3.6818181818181817,,,,,,,,,,,,,,,,,,,"Colin Rea","12317",607067
"Ryan Feltner","COL",2,4,4,4.9797,10,10,0,0,,57,249,59,34,32,8,21,,2,48,7.49057,3.35198,2.23467,1.29225,0.190859,0.0854082,0.10545071214437485,0.263055,1.41118,0.301107,0.669138,,,4.52188,0.542277,0.507814,680.2999877929688,,,,,,,196.99999999999997,3.4561403508771926,208,3.6491228070175437,,,,,,,,,,,,,,,,,,,"Ryan Feltner","21446",663372
"Kyle Harrison","BOS",3,3,3,3.99271,21,7,0,0,,50,213,45,24,22,6,19,,3,52,9.3146,3.34638,2.78349,1.15504,0.244403,0.0878045,0.15659809857606888,0.236066,1.27122,0.291334,0.722836,,,3.95634,0.533658,0.535367,453.6499938964844,,,,,,,217.2,4.343999999999999,210,4.2,,,,,,,,,,,,,,,,,,,"Kyle Harrison","27758",690986
"Slade Cecconi","CLE",3,4,3,4.4542,19,9,0,0,,55,229,54,29,27,8,14,,2,49,8.05806,2.26062,3.56454,1.37371,0.213834,0.0599892,0.15384440496563911,0.253055,1.23705,0.292579,0.683144,,,4.15108,0.528569,0.271402,714.3599853515625,,,,,,,218.20000000000002,3.9672727272727277,221,4.0181818181818185,,,,,,,,,,,,,,,,,,,"Slade Cecconi","27500",677944
"Matt Brash","SEA",2,2,0,3.22339,31,0,1,6,,31,130,25,12,11,2,14,,1,39,11.2555,3.9243,2.86816,0.723034,0.297796,0.103828,0.19396771490573883,0.217019,1.2426,0.30442,0.755048,,,3.07601,0.518414,0.429971,680.780029296875,,,,,,,201.79999999999995,6.509677419354837,191,6.161290322580645,,,,,,,,,,,,,,,,,,,"Matt Brash","25756",666374
"Walker Buehler","BOS",4,4,4,4.40388,21,10,0,0,,65,280,66,35,32,9,21,,3,55,7.55555,2.83608,2.66408,1.2859,0.196143,0.0736249,0.12251809239387512,0.257869,1.32626,0.295452,0.705353,,,4.33904,0.510927,0.558422,242.38999938964844,,,,,,,236.70000000000002,3.641538461538462,246,3.7846153846153845,,,,,,,,,,,,,,,,,,,"Walker Buehler","19374",621111
"Marcus Stroman","NYY",4,4,5,4.61622,11,11,0,0,,61,265,62,34,31,8,23,,2,46,6.81629,3.45183,1.97469,1.19393,0.174019,0.0881246,0.08589424937963486,0.259156,1.40181,0.291401,0.694272,,,4.56273,0.504036,0.277994,493.20001220703125,,,,,,,208.80000000000013,3.422950819672133,218,3.5737704918032787,,,,,,,,,,,,,,,,,,,"Marcus Stroman","13431",573186
"Trevor Megill","MIL",2,1,0,3.56457,32,0,12,2,,32,132,27,14,13,4,12,,1,38,10.8383,3.44432,3.14671,1.04285,0.288102,0.0915565,0.1965455636382103,0.226124,1.233,0.300972,0.749451,,,3.44069,0.502538,0.415319,127.13999938964844,,,,,,,222.40000000000003,6.950000000000001,213,6.65625,,,,,,,,,,,,,,,,,,,"Trevor Megill","17722",656730
"Andrew Painter","PHI",3,2,3,4.3048,14,8,0,0,,46,195,43,24,22,6,16,,2,43,8.36977,3.05486,2.73982,1.25289,0.220124,0.0803425,0.1397816240787506,0.244487,1.27944,0.288511,0.700326,,,4.17352,0.50028,0.3688,999,,,,,,,186.8,4.060869565217391,184,4,,,,,,,,,,,,,,,,,,,"Andrew Painter","sa3017880",691725
"Jack Leiter","TEX",3,4,5,4.63592,16,12,0,0,,68,294,62,38,35,10,30,,4,66,8.67861,3.89569,2.22775,1.34327,0.223693,0.100412,0.12328079342842102,0.239211,1.34783,0.282405,0.691854,,,4.55295,0.492567,0.254417,403.1099853515625,,,,,,,249.00000000000006,3.6617647058823537,240,3.5294117647058822,,,,,,,,,,,,,,,,,,,"Jack Leiter","30146",683004
"Zack Littell","TBR",4,5,5,4.4565,18,13,0,0,,75,315,78,40,37,13,17,,3,60,7.23705,2.04465,3.53951,1.56182,0.190933,0.0539434,0.1369900070130825,0.262128,1.26255,0.289964,0.7104,,,4.51657,0.492373,0.240732,407.0299987792969,,,,,,,252.3,3.3640000000000003,266,3.546666666666667,,,,,,,,,,,,,,,,,,,"Zack Littell","15823",641793
"Quinn Priester","MIL",4,4,4,4.23856,21,10,0,0,,64,275,62,33,30,8,24,,3,52,7.23345,3.32687,2.17425,1.0775,0.187233,0.0861135,0.10111908614635468,0.249485,1.33699,0.286948,0.705577,,,4.27863,0.491066,0.548962,676.8200073242188,,,,,,,237.00000000000006,3.703125000000001,239,3.734375,,,,,,,,,,,,,,,,,,,"Quinn Priester","25977",682990
"Michael Soroka","WSN",3,6,5,4.58272,21,12,0,0,,75,322,69,41,38,11,32,,4,70,8.46016,3.8443,2.2007,1.28106,0.217832,0.0989828,0.118849016726017,0.241195,1.35212,0.284325,0.692768,,,4.49533,0.491031,0.422851,409.3599853515625,,,,,,,272.29999999999995,3.630666666666666,264,3.52,,,,,,,,,,,,,,,,,,,"Michael Soroka","18383",647336
"Dean Kremer","BAL",5,5,7,4.52484,15,15,0,0,,81,349,82,45,41,13,27,,3,67,7.42082,3.02797,2.45076,1.46398,0.192612,0.0785927,0.11401929706335068,0.255946,1.33745,0.286729,0.712766,,,4.65884,0.487044,0.266958,446.1499938964844,,,,,,,270.3,3.337037037037037,280,3.45679012345679,,,,,,,,,,,,,,,,,,,"Dean Kremer","19350",665152
"Pete Fairbanks","TBR",2,2,0,3.48536,31,0,14,2,,31,128,25,13,12,3,12,,1,34,9.86735,3.52738,2.79736,0.893115,0.26314,0.0940673,0.169072687625885,0.221351,1.21917,0.286433,0.738941,,,3.46894,0.483762,0.34683,151.47999572753906,,,,,,,234.5,7.564516129032258,223,7.193548387096774,,,,,,,,,,,,,,,,,,,"Pete Fairbanks","17998",664126
"Will Vest","DET",2,1,0,3.40062,31,0,8,4,,31,130,28,13,12,3,10,,1,31,8.88919,2.81574,3.15696,0.764761,0.237445,0.0752131,0.16223163157701492,0.23515,1.20753,0.296373,0.731995,,,3.2781,0.481501,0.407325,716.6500244140625,,,,,,,204.7,6.603225806451612,201,6.483870967741935,,,,,,,,,,,,,,,,,,,"Will Vest","19769",676684
"Carson Whisenhunt","SFG",2,3,3,3.99183,17,7,0,0,,45,192,42,22,20,5,17,,2,43,8.53891,3.29407,2.5922,0.994978,0.223176,0.0860951,0.13708097487688065,0.242337,1.29677,0.294886,0.713369,,,3.85486,0.473109,0.458461,999,,,,,,,191.3,4.251111111111111,189,4.2,,,,,,,,,,,,,,,,,,,"Carson Whisenhunt","sa3020529",687931
"Alex Cobb","DET",2,2,3,3.84924,6,6,0,0,,30,127,30,14,13,3,8,,1,24,7.30981,2.54397,2.87339,0.862146,0.192706,0.0670657,0.1256401389837265,0.253743,1.27213,0.298739,0.709342,,,3.65054,0.471184,0.397467,620.6199951171875,,,,,,,128.1,4.27,132,4.4,,,,,,,,,,,,,,,,,,,"Alex Cobb","6562",502171
"Raisel Iglesias","ATL",2,2,0,3.35183,32,0,9,4,,32,131,28,13,12,4,8,,1,35,9.71357,2.13601,4.54754,1.09875,0.267141,0.0587442,0.2083970494568348,0.227548,1.09456,0.286509,0.746769,,,3.3311,0.460577,0.588489,52.099998474121094,,,,,,,218.8,6.8375,212,6.625,,,,,,,,,,,,,,,,,,,"Raisel Iglesias","17130",628452
"Jon Gray","TEX",3,3,2,4.31255,19,6,0,0,,47,201,46,25,23,7,15,,2,42,7.95783,2.86356,2.779,1.26626,0.208877,0.0751626,0.13371451199054718,0.249547,1.28583,0.289882,0.702565,,,4.2109,0.447149,0.282849,584.6599731445312,,,,,,,175.10000000000005,3.725531914893618,177,3.765957446808511,,,,,,,,,,,,,,,,,,,"Jon Gray","14916",592351
"Aaron Bummer","ATL",2,1,0,3.45978,30,0,2,5,,30,128,27,13,12,2,12,,1,34,10.2775,3.62004,2.83905,0.481835,0.268359,0.0945241,0.17383445799350739,0.235489,1.29858,0.32281,0.719772,,,2.84276,0.442536,0.269522,744.719970703125,,,,,,,186.2,6.206666666666666,183,6.1,,,,,,,,,,,,,,,,,,,"Aaron Bummer","16258",607481
"Simeon Woods Richardson","MIN",2,2,4,4.58831,9,9,0,0,,45,195,44,25,23,6,17,,1,39,7.84113,3.36237,2.33202,1.2877,0.202547,0.0868546,0.11569245159626007,0.251783,1.35485,0.29074,0.693528,,,4.41394,0.442422,0.195622,476.45001220703125,,,,,,,168.79999999999998,3.751111111111111,171,3.8,,,,,,,,,,,,,,,,,,,"Simeon Woods Richardson","24494",680573
"Bubba Chandler","PIT",2,3,3,4.32352,7,7,0,0,,36,155,34,19,17,4,14,,2,34,8.39969,3.55963,2.35971,1.07019,0.21806,0.0924095,0.1256503313779831,0.241656,1.32282,0.290258,0.692401,,,4.0912,0.442407,0.362678,317.3299865722656,,,,,,,148.80000000000004,4.133333333333335,148,4.111111111111111,,,,,,,,,,,,,,,,,,,"Bubba Chandler","sa3017428",696149
"Yimi García","TOR",2,2,0,3.62987,32,0,2,7,,32,133,27,14,13,4,10,,2,37,10.3505,2.78265,3.71967,1.12525,0.280824,0.0754969,0.20532672852277756,0.221452,1.13652,0.285389,0.726099,,,3.48714,0.442306,0.29935,550.469970703125,,,,,,,193.40000000000003,6.043750000000001,184,5.75,,,,,,,,,,,,,,,,,,,"Yimi Garcia","12095",554340
"Michael Lorenzen","KCR",4,5,4,4.50124,27,11,0,0,,77,332,75,42,38,10,32,,3,59,6.99031,3.72715,1.87551,1.2012,0.179108,0.0954981,0.08360942453145981,0.250969,1.38915,0.282889,0.703255,,,4.61999,0.438397,0.481739,539.6599731445312,,,,,,,264.80000000000007,3.4389610389610397,268,3.4805194805194803,,,,,,,,,,,,,,,,,,,"Michael Lorenzen","14843",547179
"Chris Martin","TEX",2,2,0,3.24438,28,0,1,6,,28,112,26,11,10,3,5,,1,29,9.45393,1.50324,6.28904,0.907787,0.259327,0.0412347,0.21809212490916252,0.243317,1.10227,0.309898,0.739223,,,2.91496,0.437672,0.324926,262.17999267578125,,,,,,,171.70000000000005,6.132142857142859,170,6.071428571428571,,,,,,,,,,,,,,,,,,,"Chris Martin","11847",455119
"Davis Martin","CHW",2,3,4,4.6089,10,10,0,0,,51,219,51,28,26,7,18,,3,41,7.24254,3.24152,2.2343,1.31381,0.185559,0.0830502,0.10250888764858246,0.25755,1.36962,0.290855,0.697696,,,4.62406,0.433937,0.287437,601.75,,,,,,,177.70000000000007,3.4843137254901975,183,3.588235294117647,,,,,,,,,,,,,,,,,,,"Davis Martin","21448",663436
"Adrian Morejon","SDP",2,1,0,3.54798,32,0,2,6,,32,134,29,14,13,3,10,,1,32,9.09771,2.87017,3.16974,0.89595,0.242295,0.07644,0.1658550500869751,0.239124,1.23345,0.300277,0.735732,,,3.39869,0.432856,0.296574,667.3300170898438,,,,,,,189.49999999999997,5.921874999999999,186,5.8125,,,,,,,,,,,,,,,,,,,"Adrian Morejon","20039",670970
"Jason Adam","SDP",2,1,0,3.0956,33,0,1,8,,33,134,24,12,11,3,11,,2,38,10.4934,3.07988,3.40708,0.93058,0.286958,0.084224,0.2027335688471794,0.202488,1.08122,0.267029,0.755347,,,3.3365,0.432056,0.57335,341.82000732421875,,,,,,,218.90000000000006,6.6333333333333355,200,6.0606060606060606,,,,,,,,,,,,,,,,,,,"Jason Adam","11861",592094
"Michael McGreevy","STL",3,2,3,3.93507,21,6,0,0,,47,199,48,22,21,5,12,,2,35,6.70944,2.2898,2.93014,0.93814,0.176622,0.0602776,0.11634416878223419,0.260333,1.27863,0.298257,0.709262,,,3.80789,0.429757,0.403992,452.6199951171875,,,,,,,189.5,4.031914893617022,198,4.212765957446808,,,,,,,,,,,,,,,,,,,"Michael McGreevy","29869",700241
"Spencer Arrighetti","HOU",3,3,4,4.44095,8,8,0,0,,44,186,39,23,21,6,18,,2,45,9.37649,3.8102,2.46089,1.31031,0.244033,0.0991644,0.1448681876063347,0.233772,1.31118,0.284337,0.699715,,,4.3071,0.429635,0.316985,200.63999938964844,,,,,,,180.4,4.1000000000000005,172,3.909090909090909,,,,,,,,,,,,,,,,,,,"Spencer Arrighetti","29921",681293
"David Bednar","PIT",2,2,0,3.94364,31,0,13,2,,31,132,28,15,14,3,12,,1,33,9.44063,3.38715,2.78719,0.978454,0.248464,0.0891451,0.1593189463019371,0.234352,1.26723,0.295849,0.709351,,,3.66021,0.42914,0.230705,145.8800048828125,,,,,,,219.7,7.087096774193548,216,6.967741935483871,,,,,,,,,,,,,,,,,,,"David Bednar","19569",670280
"Abner Uribe","MIL",1,1,0,3.48016,31,0,3,5,,31,132,24,13,12,2,18,,1,36,10.6126,5.21749,2.03403,0.678103,0.272794,0.134115,0.13867929577827454,0.215295,1.37812,0.294657,0.752619,,,3.54753,0.422547,0.454474,628.8300170898438,,,,,,,192.39999999999998,6.2064516129032254,179,5.774193548387097,,,,,,,,,,,,,,,,,,,"Abner Uribe","25327",682842
"Garrett Whitlock","BOS",2,2,0,3.68061,32,0,1,6,,32,131,30,14,13,4,8,,1,32,9.14642,2.22883,4.1037,1.03547,0.246082,0.0599659,0.1861160285770893,0.242395,1.17867,0.30114,0.721455,,,3.41367,0.422169,0.437699,541.22998046875,,,,,,,175.60000000000002,5.487500000000001,174,5.4375,,,,,,,,,,,,,,,,,,,"Garrett Whitlock","20191",676477
"Dylan Lee","ATL",2,1,0,3.3007,32,0,3,5,,32,129,27,13,12,4,9,,1,36,10.1448,2.62227,3.8687,1.11903,0.275256,0.0711495,0.2041066586971283,0.229203,1.15792,0.293459,0.771751,,,3.38881,0.421996,0.546202,737.219970703125,,,,,,,194.40000000000003,6.075000000000001,185,5.78125,,,,,,,,,,,,,,,,,,,"Dylan Lee","19996",669276
"Kirby Yates","LAD",3,1,0,3.23819,30,0,3,7,,30,123,21,12,11,3,14,,2,39,11.6528,4.16867,2.79534,0.98133,0.312505,0.111795,0.2007097229361534,0.197919,1.18125,0.27381,0.768194,,,3.45714,0.418344,0.486593,235.38999938964844,,,,,,,203.50000000000003,6.783333333333334,184,6.133333333333334,,,,,,,,,,,,,,,,,,,"Kirby Yates","9073",489446
"Mike Burrows","PIT",3,2,2,4.32904,21,6,0,0,,49,211,47,26,23,6,20,,2,45,8.28533,3.65254,2.26838,1.17924,0.213337,0.0940483,0.11928876489400864,0.248327,1.3672,0.294472,0.713292,,,4.27754,0.417246,0.371677,750.719970703125,,,,,,,190.60000000000002,3.8897959183673474,191,3.8979591836734695,,,,,,,,,,,,,,,,,,,"Mike Burrows","24728",681347
"Jeremiah Estrada","SDP",2,2,0,3.25028,31,0,1,6,,31,127,23,12,11,3,13,,1,43,12.4839,3.64399,3.42588,1.01041,0.338642,0.0988483,0.23979374021291733,0.205112,1.15578,0.29545,0.764301,,,3.07463,0.414356,0.362061,417.7699890136719,,,,,,,205.7,6.635483870967741,189,6.096774193548387,,,,,,,,,,,,,,,,,,,"Jeremiah Estrada","22210",669093
"Eric Lauer","TOR",3,4,3,4.3794,29,8,0,0,,67,288,65,36,33,10,25,,3,63,8.40613,3.31386,2.53666,1.36955,0.218622,0.0861852,0.13243702054023743,0.247466,1.32514,0.289405,0.715968,,,4.41009,0.414022,0.200821,999,,,,,,,245.79999999999995,3.66865671641791,247,3.6865671641791047,,,,,,,,,,,,,,,,,,,"Eric Lauer","19316",641778
"Camilo Doval","SFG",2,2,0,3.5256,31,0,14,2,,31,132,25,13,12,2,14,,2,35,10.1627,4.14827,2.44986,0.637092,0.26617,0.108647,0.15752273052930832,0.219227,1.27816,0.295292,0.722919,,,3.28934,0.407476,0.44026,381.8999938964844,,,,,,,239.79999999999995,7.73548387096774,229,7.387096774193548,,,,,,,,,,,,,,,,,,,"Camilo Doval","21992",666808
"Kyle Hendricks","LAA",3,5,5,5.05053,13,13,0,0,,69,299,74,42,39,12,21,,3,46,5.96604,2.69973,2.20987,1.51665,0.153572,0.0694937,0.08407807350158691,0.268616,1.36873,0.286032,0.669807,,,4.96204,0.406556,0.0392754,666.8300170898438,,,,,,,190.6,2.76231884057971,209,3.028985507246377,,,,,,,,,,,,,,,,,,,"Kyle Hendricks","12049",543294
"Ryan Walker","SFG",2,2,0,3.08837,30,0,2,6,,30,123,25,11,10,2,9,,2,35,10.4976,2.77336,3.78515,0.710456,0.284561,0.0751784,0.20938287675380707,0.219479,1.12638,0.297774,0.741623,,,2.88988,0.403775,0.438855,75.5999984741211,,,,,,,203.39999999999998,6.779999999999999,195,6.5,,,,,,,,,,,,,,,,,,,"Ryan Walker","20423",676254
"Trevor Rogers","BAL",2,4,2,4.24504,19,6,0,0,,50,215,49,25,23,6,19,,2,45,8.15423,3.46962,2.35018,1.06193,0.208968,0.0889159,0.12005254626274109,0.254349,1.37814,0.303841,0.713512,,,4.10493,0.400299,0.247702,726.5700073242188,,,,,,,195.79999999999998,3.9159999999999995,199,3.98,,,,,,,,,,,,,,,,,,,"Trevor Rogers","22286",669432
"Cade Horton","CHC",3,3,4,4.44709,10,10,0,0,,49,210,46,26,24,7,19,,2,45,8.21573,3.39937,2.41684,1.29138,0.214165,0.0886139,0.12555141746997833,0.244039,1.31711,0.284963,0.698802,,,4.36247,0.389142,0.341656,999,,,,,,,183.9,3.753061224489796,181,3.693877551020408,,,,,,,,,,,,,,,,,,,"Cade Horton","31872",690990
"Fernando Cruz","NYY",2,2,0,3.5548,30,0,1,7,,30,127,23,13,12,4,14,,1,43,12.6575,4.02008,3.14856,1.07086,0.338518,0.107515,0.23100287467241287,0.206194,1.20256,0.297545,0.74638,,,3.28385,0.387224,0.219895,728.9600219726562,,,,,,,187,6.233333333333333,172,5.733333333333333,,,,,,,,,,,,,,,,,,,"Fernando Cruz","7048",518585
"Patrick Corbin","TEX",3,5,4,5.00887,11,11,0,0,,60,263,67,37,34,10,19,,2,46,6.82493,2.85314,2.39207,1.45057,0.173843,0.0726746,0.10116836428642273,0.275811,1.4253,0.30564,0.683834,,,4.69402,0.382237,-0.0694254,739.8800048828125,,,,,,,175.8,2.93,199,3.316666666666667,,,,,,,,,,,,,,,,,,,"Patrick Corbin","9323",571578
"Colton Gordon","HOU",2,3,4,4.2076,22,10,0,0,,51,217,49,26,24,7,17,,2,46,8.08285,2.94794,2.74186,1.28298,0.211817,0.0772531,0.1345640793442726,0.248159,1.28805,0.289042,0.716493,,,4.24921,0.377014,0.227905,999,,,,,,,198.90000000000006,3.9000000000000012,199,3.9019607843137254,,,,,,,,,,,,,,,,,,,"Colton Gordon","31312",676467
"Antonio Senzatela","COL",3,5,4,5.33751,18,13,0,0,,70,312,86,45,42,11,20,,2,41,5.28752,2.56922,2.05803,1.39206,0.131955,0.0641171,0.06783770769834518,0.295902,1.50841,0.315053,0.668633,,,4.87767,0.375393,0.262274,735.7000122070312,,,,,,,175.1,2.5014285714285713,223,3.1857142857142855,,,,,,,,,,,,,,,,,,,"Antonio Senzatela","15488",622608
"Mark Leiter Jr.","NYY",2,2,0,3.8155,31,0,1,8,,31,130,26,14,13,4,12,,2,38,11.1407,3.41176,3.26539,1.16608,0.294881,0.090305,0.20457572489976883,0.224219,1.22014,0.298491,0.731007,,,3.63278,0.372632,0.209901,749.6300048828125,,,,,,,183.6,5.922580645161291,174,5.612903225806452,,,,,,,,,,,,,,,,,,,"Mark Leiter Jr.","15551",643410
"Robert Suarez","SDP",2,2,0,3.59813,32,0,15,1,,32,134,28,14,13,4,11,,1,32,8.94866,2.95598,3.02731,1.07125,0.240853,0.07956,0.1612928956747055,0.227246,1.18426,0.277749,0.736722,,,3.72917,0.370934,0.32103,103.19000244140625,,,,,,,221.8,6.93125,215,6.71875,,,,,,,,,,,,,,,,,,,"Robert Suarez","30115",663158
"Cole Sands","MIN",2,1,0,3.75688,31,0,1,7,,31,130,28,14,13,3,10,,2,33,9.55001,2.83637,3.36698,1.0021,0.254636,0.0756274,0.1790086328983307,0.233357,1.20128,0.295172,0.715088,,,3.51865,0.369145,0.19806,677.9600219726562,,,,,,,182.7,5.893548387096774,179,5.774193548387097,,,,,,,,,,,,,,,,,,,"Cole Sands","21461",663485
"Jose A. Ferrer","WSN",2,1,0,3.79716,31,0,1,6,,31,130,29,14,13,3,10,,1,27,7.8249,2.83582,2.7593,0.754141,0.205405,0.074441,0.13096432387828827,0.248505,1.27673,0.300995,0.705643,,,3.52351,0.365315,0.293575,651.9000244140625,,,,,,,167.09999999999997,5.39032258064516,166,5.354838709677419,,,,,,,,,,,,,,,,,,,"Jose A. Ferrer","24017",678606
"Ryan Weathers","MIA",2,3,3,4.23466,10,7,0,0,,43,183,41,22,20,6,15,,2,38,8.01396,3.18322,2.51756,1.25525,0.20796,0.0826038,0.1253562495112419,0.249311,1.32161,0.290432,0.719296,,,4.31436,0.361446,0.499788,367.19000244140625,,,,,,,162.79999999999998,3.7860465116279065,162,3.7674418604651163,,,,,,,,,,,,,,,,,,,"Ryan Weathers","23796",677960
"Charlie Morton","BAL",4,5,4,4.5156,17,11,0,0,,65,286,62,36,33,9,29,,5,66,9.08894,3.97322,2.28755,1.28985,0.230911,0.100943,0.12996861338615417,0.24538,1.38771,0.297046,0.709606,,,4.47888,0.361223,0.264734,387.1400146484375,,,,,,,239.10000000000002,3.678461538461539,238,3.6615384615384614,,,,,,,,,,,,,,,,,,,"Charlie Morton","4676",450203
"Reid Detmers","LAA",2,3,1,4.18161,32,2,2,7,,39,166,35,20,18,6,14,,2,45,10.1718,3.27675,3.10424,1.26749,0.268264,0.0864186,0.18184565752744675,0.234868,1.25735,0.297143,0.709617,,,3.88356,0.350832,0.103136,391.6099853515625,,,,,,,203.8,5.225641025641026,197,5.051282051282051,,,,,,,,,,,,,,,,,,,"Reid Detmers","27468",672282
"Paul Blackburn","NYM",3,3,2,4.29276,28,6,0,0,,52,221,52,27,25,7,16,,2,44,7.74483,2.86753,2.70087,1.18285,0.201374,0.0745589,0.1268150582909584,0.256443,1.32223,0.298526,0.706168,,,4.15048,0.350745,0.16935,672.1300048828125,,,,,,,197.50000000000006,3.7980769230769242,203,3.9038461538461537,,,,,,,,,,,,,,,,,,,"Paul Blackburn","14739",621112
"Alex Vesia","LAD",2,2,0,3.41185,32,0,1,8,,32,132,24,13,12,4,14,,1,41,11.5455,3.93625,2.93312,1.14165,0.308861,0.105301,0.203559510409832,0.208731,1.205,0.282539,0.771785,,,3.59465,0.350664,0.33634,586.8200073242188,,,,,,,199.20000000000002,6.2250000000000005,182,5.6875,,,,,,,,,,,,,,,,,,,"Alex Vesia","25007",681911
"Jonathan Cannon","CHW",2,4,3,4.80997,14,9,0,0,,54,234,56,31,29,8,20,,2,40,6.70989,3.27724,2.04742,1.36296,0.17162,0.0838224,0.08779717236757278,0.261364,1.39383,0.288641,0.687855,,,4.77491,0.345675,0.149477,688.1699829101562,,,,,,,169.60000000000005,3.1407407407407417,180,3.3333333333333335,,,,,,,,,,,,,,,,,,,"Jonathan Cannon","31730",686563
"Reed Garrett","NYM",3,2,0,3.70771,32,0,1,7,,32,138,28,14,13,4,15,,1,38,10.539,4.17252,2.52581,0.99439,0.27364,0.108337,0.16530220210552216,0.229558,1.33066,0.303163,0.750754,,,3.68509,0.340495,0.300262,744.1500244140625,,,,,,,175.8,5.49375,169,5.28125,,,,,,,,,,,,,,,,,,,"Reed Garrett","16866",657585
"Carlos Estévez","KCR",2,2,0,3.86246,32,0,13,2,,32,133,28,15,14,4,11,,1,31,8.74694,3.25324,2.68869,1.06771,0.231011,0.0859197,0.1450916975736618,0.233836,1.25039,0.284139,0.722962,,,3.89924,0.338242,0.294508,182.1300048828125,,,,,,,213.8,6.68125,207,6.46875,,,,,,,,,,,,,,,,,,,"Carlos Estevez","14542",608032
"Cade Povich","BAL",3,3,4,4.52401,9,9,0,0,,46,199,44,25,23,7,18,,2,42,8.08362,3.45249,2.34139,1.3785,0.209748,0.0895828,0.120165154337883,0.246796,1.33711,0.284597,0.704327,,,4.53474,0.337819,0.20693,438.20001220703125,,,,,,,163.90000000000006,3.563043478260871,163,3.5434782608695654,,,,,,,,,,,,,,,,,,,"Cade Povich","30055",700249
"Jack Kochanowicz","LAA",3,5,4,4.77872,15,11,0,0,,64,278,70,37,34,9,18,,4,36,5.01436,2.49433,2.0103,1.2798,0.128112,0.0637277,0.064384326338768,0.273147,1.37071,0.287924,0.677321,,,4.85429,0.337625,0.176317,664.3900146484375,,,,,,,186.90000000000003,2.9203125000000005,209,3.265625,,,,,,,,,,,,,,,,,,,"Jack Kochanowicz","27688",686799
"Porter Hodge","CHC",2,2,0,3.68317,31,0,6,5,,31,130,25,14,13,3,15,,2,34,10.0357,4.32836,2.31859,0.767649,0.26178,0.112905,0.148874931037426,0.219401,1.29876,0.289861,0.724073,,,3.55857,0.33607,0.246462,281.7099914550781,,,,,,,194.5,6.274193548387097,183,5.903225806451613,,,,,,,,,,,,,,,,,,,"Porter Hodge","26413",687863
"Logan Allen","CLE",4,4,5,4.63402,12,12,0,0,,67,292,68,37,34,10,27,,2,54,7.32834,3.60797,2.03115,1.40708,0.186719,0.0919276,0.09479130804538727,0.258835,1.41714,0.290937,0.715599,,,4.7917,0.335768,0.294397,625.010009765625,,,,,,,216.99999999999994,3.238805970149253,226,3.373134328358209,,,,,,,,,,,,,,,,,,,"Logan Allen","27589",671106
"Trevor Williams","WSN",3,4,3,4.50705,26,9,0,0,,62,267,65,34,31,10,20,,2,50,7.20784,2.82765,2.54906,1.37852,0.186622,0.0732122,0.11340980976819992,0.262672,1.35087,0.295229,0.709711,,,4.50749,0.330436,0.330957,505.3800048828125,,,,,,,200.79999999999995,3.238709677419354,214,3.4516129032258065,,,,,,,,,,,,,,,,,,,"Trevor Williams","16977",592866
"Randy Vásquez","SDP",3,5,5,4.75239,16,12,0,0,,66,292,70,38,35,9,26,,4,45,6.15143,3.49664,1.75924,1.24956,0.154865,0.0880295,0.06683527678251266,0.265964,1.4429,0.291384,0.695973,,,4.86906,0.327723,0.0750544,695.4099731445312,,,,,,,195.7000000000001,2.9651515151515166,213,3.227272727272727,,,,,,,,,,,,,,,,,,,"Randy Vasquez","24719",681190
"Keegan Akin","BAL",2,1,0,3.55115,31,0,1,7,,31,127,27,13,12,4,10,,1,35,10.0611,2.77394,3.62701,1.11783,0.272132,0.0750291,0.19710250943899155,0.228322,1.16922,0.291351,0.743806,,,3.47352,0.326367,0.236818,690.469970703125,,,,,,,180,5.806451612903226,173,5.580645161290323,,,,,,,,,,,,,,,,,,,"Keegan Akin","19362",669211
"Bryan King","HOU",1,1,0,3.46534,31,0,1,8,,31,131,27,13,12,3,12,,2,33,9.53024,3.44837,2.76369,0.89593,0.250834,0.0907605,0.16007379442453384,0.229608,1.25045,0.293165,0.748757,,,3.59297,0.316595,0.31113,999,,,,,,,183.29999999999995,5.91290322580645,177,5.709677419354839,,,,,,,,,,,,,,,,,,,"Bryan King","25890",687911
"Hoby Milner","TEX",2,1,0,3.74022,30,0,1,7,,30,125,28,14,13,3,8,,1,28,8.35755,2.36153,3.53904,0.943254,0.223189,0.0630649,0.16012415289878845,0.244723,1.20528,0.297249,0.711882,,,3.51245,0.311662,0.145774,999,,,,,,,174.3,5.8100000000000005,173,5.766666666666667,,,,,,,,,,,,,,,,,,,"Hoby Milner","13346",571948
"Gabe Speier","SEA",1,2,0,3.66049,30,0,1,8,,30,127,26,13,12,3,10,,2,34,9.96082,2.98324,3.33892,0.959168,0.266646,0.0798597,0.18678592890501022,0.227673,1.18931,0.294093,0.718409,,,3.40431,0.310843,0.163352,999,,,,,,,186.5,6.216666666666667,180,6,,,,,,,,,,,,,,,,,,,"Gabe Speier","17170",642100
"Tyler Holton","DET",2,1,0,3.37065,32,0,1,7,,32,129,28,13,12,3,8,,1,28,7.85071,2.2467,3.49434,0.938126,0.214193,0.0612972,0.1528957448899746,0.231162,1.12456,0.274426,0.733146,,,3.55704,0.307506,0.381066,448.07000732421875,,,,,,,189.09999999999997,5.909374999999999,183,5.71875,,,,,,,,,,,,,,,,,,,"Tyler Holton","26231",663947
"Austin Gomber","COL",3,5,5,5.27249,12,12,0,0,,67,292,76,43,39,12,19,,2,47,6.26197,2.60399,2.40476,1.65167,0.159777,0.0664422,0.09333526343107224,0.279921,1.42055,0.299723,0.673565,,,5.01834,0.305118,0.331984,746.3800048828125,,,,,,,181.59999999999994,2.710447761194029,210,3.1343283582089554,,,,,,,,,,,,,,,,,,,"Austin Gomber","16561",596295
"Kenley Jansen","LAA",2,2,0,3.9759,30,0,15,1,,30,125,25,14,13,4,11,,1,34,10.1695,3.30383,3.07811,1.30814,0.272099,0.0883983,0.18370120227336884,0.22412,1.20767,0.28087,0.724461,,,3.91986,0.303891,0.230811,142.47000122070312,,,,,,,218.8,7.293333333333334,209,6.966666666666667,,,,,,,,,,,,,,,,,,,"Kenley Jansen","3096",445276
"Joe Boyle","TBR",2,3,2,4.23533,19,5,0,0,,40,177,31,21,19,4,26,,2,48,10.7293,5.88701,1.82255,0.929359,0.270927,0.148653,0.12227420508861542,0.211329,1.43387,0.282538,0.715391,,,4.17347,0.303407,0.192273,572.7999877929688,,,,,,,178.20000000000002,4.455,160,4,,,,,,,,,,,,,,,,,,,"Joe Boyle","29608",671212
"Brandon Walter","HOU",0,0,2,4.10763,18,6,0,0,,37,162,35,19,17,5,14,,2,35,8.45843,3.28499,2.57487,1.15864,0.217474,0.0844602,0.1330140233039856,0.238159,1.29693,0.282368,0.718082,,,4.10331,0.30143,0.340489,999,,,,,,,143.3,3.872972972972973,142,3.8378378378378377,,,,,,,,,,,,,,,,,,,"Brandon Walter","26056",687888
"Grant Taylor","CHW",0,0,0,4.21924,31,1,9,3,,34,151,31,18,16,4,14,,2,33,8.90951,3.74441,2.37941,1.0363,0.221791,0.0932125,0.12857867032289505,0.232608,1.34546,0.281702,0.69669,,,4.00423,0.300412,-0.0463532,999,,,,,,,196.80000000000004,5.788235294117648,193,5.676470588235294,,,,,,,,,,,,,,,,,,,"Grant Taylor","33927",691799
"Adam Mazur","MIA",2,3,3,4.76096,7,7,0,0,,34,145,36,19,18,5,9,,1,25,6.62713,2.51241,2.63776,1.34156,0.17136,0.0649641,0.10639557242393494,0.268529,1.34744,0.297206,0.678325,,,4.50537,0.299553,0.23953,748.7999877929688,,,,,,,116.50000000000003,3.426470588235295,125,3.676470588235294,,,,,,,,,,,,,,,,,,,"Adam Mazur","31900",800049
"Luke Weaver","NYY",2,1,0,3.87106,32,0,5,5,,32,134,28,15,14,5,10,,1,35,9.72274,2.85162,3.40956,1.26303,0.261071,0.0765703,0.18450039625167847,0.230026,1.18611,0.284921,0.726115,,,3.82455,0.298381,0.179755,374.45001220703125,,,,,,,184.5,5.765625,177,5.53125,,,,,,,,,,,,,,,,,,,"Luke Weaver","16918",596133
"Brandon Eisert","CHW",1,2,0,4.03526,30,0,2,7,,30,128,29,15,14,4,10,,1,29,8.80263,3.04082,2.89482,1.05438,0.230032,0.0794632,0.1505686417222023,0.249796,1.30682,0.305991,0.717068,,,3.76954,0.297026,0.0297757,999,,,,,,,160.4,5.346666666666667,161,5.366666666666666,,,,,,,,,,,,,,,,,,,"Brandon Eisert","27668",685126
"Tylor Megill","NYM",2,1,1,3.96817,9,3,0,0,,23,98,21,11,10,3,9,,1,25,9.57632,3.48705,2.74625,1.0381,0.250659,0.0912732,0.15938586741685867,0.237083,1.29176,0.299425,0.718861,,,3.7472,0.292927,0.209749,373.1199951171875,,,,,,,98.70000000000002,4.291304347826087,96,4.173913043478261,,,,,,,,,,,,,,,,,,,"Tylor Megill","21318",656731
"Tomoyuki Sugano","BAL",4,5,6,4.45357,14,14,0,0,,78,330,81,42,39,13,18,,4,53,6.04345,2.0926,2.88801,1.52897,0.159095,0.0550881,0.1040068231523037,0.261659,1.26378,0.277875,0.707554,,,4.78773,0.288835,0.391918,322.70001220703125,,,,,,,246.70000000000007,3.1628205128205136,261,3.3461538461538463,,,,,,,,,,,,,,,,,,,"Tomoyuki Sugano","35321",608372
"Braxton Ashcraft","PIT",2,2,2,4.15454,28,4,0,2,,42,178,43,21,19,5,12,,2,34,7.35456,2.55864,2.87441,1.0712,0.192149,0.0668482,0.12530069798231125,0.259146,1.30219,0.300457,0.704882,,,3.97154,0.284462,0.248578,736.3599853515625,,,,,,,171.5,4.083333333333333,179,4.261904761904762,,,,,,,,,,,,,,,,,,,"Braxton Ashcraft","23793",677952
"Kevin Ginkel","ARI",2,1,0,3.46076,30,0,1,6,,30,125,27,13,12,3,10,,1,33,9.78982,2.9913,3.27276,0.840218,0.260244,0.079518,0.18072552978992462,0.23544,1.22848,0.305812,0.738321,,,3.24296,0.283784,0.275516,582.1400146484375,,,,,,,176.89999999999998,5.896666666666666,173,5.766666666666667,,,,,,,,,,,,,,,,,,,"Kevin Ginkel","19876",656464
"Ryan Pressly","CHC",2,2,0,3.60015,30,0,3,7,,30,124,28,13,12,3,10,,1,29,8.82495,2.88807,3.05566,0.859931,0.233656,0.0764666,0.15718942135572433,0.241871,1.2502,0.301426,0.73036,,,3.42818,0.280417,0.268563,169.14999389648438,,,,,,,180.3,6.010000000000001,179,5.966666666666667,,,,,,,,,,,,,,,,,,,"Ryan Pressly","7005",519151
"Tim Herrin","CLE",2,2,0,3.41867,31,0,1,7,,31,132,26,13,12,3,13,,2,34,9.6278,3.61365,2.66429,0.750525,0.254993,0.0957077,0.1592850387096405,0.221789,1.23086,0.288437,0.734197,,,3.39612,0.279168,0.256037,750.2999877929688,,,,,,,180.89999999999998,5.8354838709677415,172,5.548387096774194,,,,,,,,,,,,,,,,,,,"Tim Herrin","25139",682120
"Tyler Rogers","SFG",2,2,0,3.64303,35,0,1,9,,35,145,35,15,14,3,7,,2,25,6.54005,1.87586,3.48643,0.803669,0.173836,0.0498608,0.12397517263889313,0.257033,1.21516,0.295873,0.71108,,,3.58184,0.278172,0.346418,740.75,,,,,,,195.10000000000002,5.574285714285715,200,5.714285714285714,,,,,,,,,,,,,,,,,,,"Tyler Rogers","15541",643511
"Pierce Johnson","ATL",2,2,0,3.66275,30,0,1,7,,30,129,27,13,12,3,13,,1,37,10.8147,3.8124,2.8367,1.00892,0.283414,0.0999094,0.1835041046142578,0.230614,1.29584,0.307933,0.74939,,,3.51073,0.275362,0.332016,692.2999877929688,,,,,,,179.89999999999998,5.996666666666666,176,5.866666666666666,,,,,,,,,,,,,,,,,,,"Pierce Johnson","13435",572955
"Cal Quantrill","MIA",4,5,5,4.95719,13,13,0,0,,71,315,77,43,39,10,28,,4,50,6.28497,3.51331,1.7889,1.2862,0.157401,0.0879872,0.0694134309887886,0.270483,1.46931,0.297369,0.685937,,,4.88814,0.273413,0.18576,685.75,,,,,,,206.2,2.9042253521126757,229,3.2253521126760565,,,,,,,,,,,,,,,,,,,"Cal Quantrill","19312",615698
"Tony Santillan","CIN",2,2,0,4.21099,31,0,2,6,,31,131,27,16,14,4,13,,2,34,9.92851,3.84995,2.57886,1.24089,0.257544,0.0998671,0.15767666697502136,0.23469,1.32035,0.294555,0.720092,,,4.11054,0.272865,0.155849,596.0999755859375,,,,,,,167,5.387096774193548,160,5.161290322580645,,,,,,,,,,,,,,,,,,,"Tony Santillan","19926",663574
"Randy Rodríguez","SFG",2,1,0,3.91091,32,0,2,6,,32,135,28,15,14,3,13,,2,33,9.3129,3.67808,2.532,0.874649,0.24254,0.0957897,0.14674998819828033,0.234991,1.30255,0.298173,0.711722,,,3.66521,0.269235,0.18624,999,,,,,,,182.10000000000002,5.690625000000001,176,5.5,,,,,,,,,,,,,,,,,,,"Randy Rodriguez","23974",678495
"Emilio Pagán","CIN",2,2,0,4.2667,32,0,13,2,,32,132,29,16,15,5,10,,1,34,9.54681,2.89165,3.30151,1.56089,0.254747,0.0771607,0.17758624255657196,0.237025,1.22531,0.283192,0.722651,,,4.26678,0.26839,0.250849,702.97998046875,,,,,,,207.9,6.496875,203,6.34375,,,,,,,,,,,,,,,,,,,"Emilio Pagan","14771",641941
"Ryan Gusto","HOU",3,2,2,4.4412,23,6,0,0,,49,210,48,26,24,7,17,,2,43,7.8953,3.14899,2.50725,1.27306,0.204831,0.0816956,0.12313563376665115,0.252172,1.33116,0.292358,0.701405,,,4.34287,0.2667,0.0903228,750.3699951171875,,,,,,,180.7,3.687755102040816,183,3.7346938775510203,,,,,,,,,,,,,,,,,,,"Ryan Gusto","26440",687473
"Kyle Wright","KCR",3,2,1,4.31861,21,4,0,0,,39,167,38,20,19,4,14,,2,33,7.80268,3.20222,2.43664,1.04276,0.200839,0.0824244,0.11841445416212082,0.254404,1.34872,0.300352,0.697125,,,4.09754,0.264369,0.193667,711.4000244140625,,,,,,,158.60000000000002,4.066666666666667,161,4.128205128205129,,,,,,,,,,,,,,,,,,,"Kyle Wright","19665",657140
"Caleb Ferguson","PIT",2,2,0,3.85713,31,0,1,8,,31,135,29,15,13,3,13,,2,31,9.06764,3.80021,2.38609,0.787974,0.232639,0.0974982,0.1351412981748581,0.244174,1.3605,0.309628,0.72271,,,3.67175,0.260355,0.175689,999,,,,,,,171.09999999999997,5.519354838709677,170,5.483870967741935,,,,,,,,,,,,,,,,,,,"Caleb Ferguson","19349",657571
"Tony Gonsolin","LAD",2,2,2,4.38305,12,5,0,0,,32,136,30,17,16,5,11,,1,29,8.01821,2.98931,2.6823,1.38788,0.212011,0.0790407,0.13297002762556076,0.239875,1.25046,0.274544,0.697014,,,4.42841,0.259793,0.151882,483.1099853515625,,,,,,,119.30000000000001,3.7281250000000004,117,3.65625,,,,,,,,,,,,,,,,,,,"Tony Gonsolin","19388",664062
"Sean Burke","CHW",3,5,5,4.85015,12,12,0,0,,64,278,61,37,34,11,29,,3,56,7.97609,4.17898,1.90862,1.57883,0.202712,0.106209,0.09650338441133499,0.247681,1.42237,0.27887,0.710929,,,5.10344,0.254368,0.178899,407.3900146484375,,,,,,,195.70000000000002,3.0578125000000003,193,3.015625,,,,,,,,,,,,,,,,,,,"Sean Burke","29878",680732
"Steven Matz","STL",2,2,1,3.98123,30,2,0,5,,40,168,39,19,18,5,11,,1,34,7.62418,2.5539,2.98531,1.08496,0.200844,0.0672775,0.13356662541627884,0.253427,1.27158,0.29598,0.717036,,,3.91689,0.253739,0.231239,635.280029296875,,,,,,,185.1,4.6274999999999995,187,4.675,,,,,,,,,,,,,,,,,,,"Steven Matz","13361",571927
"Seth Halvorsen","COL",2,2,0,4.47479,31,0,8,3,,31,134,31,17,15,4,13,,2,29,8.52907,3.75387,2.27208,1.04628,0.21614,0.0951291,0.12101131677627563,0.255411,1.41773,0.309895,0.699054,,,4.10022,0.252188,0.173324,376.1700134277344,,,,,,,164.6,5.309677419354839,168,5.419354838709677,,,,,,,,,,,,,,,,,,,"Seth Halvorsen","33294",678020
"Anthony Bender","MIA",2,2,0,3.87872,31,0,2,7,,31,132,29,14,13,3,11,,2,31,8.92554,3.34172,2.67095,0.845909,0.232316,0.086979,0.14533711969852448,0.241354,1.29708,0.302462,0.710974,,,3.62154,0.251725,0.297798,641.22998046875,,,,,,,178.09999999999997,5.74516129032258,177,5.709677419354839,,,,,,,,,,,,,,,,,,,"Anthony Bender","19742",669622
"Jared Koenig","MIL",2,1,0,3.61235,30,0,1,7,,30,127,27,13,12,3,11,,1,29,8.7402,3.28197,2.66309,0.892421,0.229707,0.0862559,0.14345157891511917,0.237414,1.27063,0.293846,0.737187,,,3.66585,0.250963,0.318487,733.3800048828125,,,,,,,169.89999999999998,5.663333333333332,166,5.533333333333333,,,,,,,,,,,,,,,,,,,"Jared Koenig","27517",657649
"Tanner Banks","PHI",2,1,0,3.83138,30,0,1,6,,30,124,28,14,13,3,9,,1,30,9.05086,2.87728,3.14563,1.05804,0.239546,0.0761518,0.1633940115571022,0.241819,1.24783,0.298563,0.724769,,,3.6809,0.248159,0.157795,999,,,,,,,171.3,5.71,170,5.666666666666667,,,,,,,,,,,,,,,,,,,"Tanner Banks","16990",621383
"J.T. Ginn","ATH",2,3,2,4.4838,21,5,0,0,,41,177,42,22,20,5,14,,2,33,7.35984,3.15115,2.3356,1.14987,0.188625,0.0807607,0.10786430537700653,0.259194,1.36828,0.298525,0.695098,,,4.33092,0.246737,0.0569981,747.030029296875,,,,,,,150.70000000000005,3.675609756097562,158,3.8536585365853657,,,,,,,,,,,,,,,,,,,"J.T. Ginn","27889",669372
"Dennis Santana","PIT",1,1,0,4.18014,31,0,3,5,,31,131,29,16,14,3,12,,2,28,8.19313,3.45201,2.37344,0.828043,0.213024,0.0897535,0.12327087670564651,0.241801,1.3116,0.294827,0.682074,,,3.76543,0.24416,0.0712985,549.3599853515625,,,,,,,166.09999999999997,5.358064516129031,165,5.32258064516129,,,,,,,,,,,,,,,,,,,"Dennis Santana","17878",642701
"Daniel Palencia","CHC",2,2,0,3.9479,31,0,9,4,,31,134,26,15,14,3,16,,2,35,10.1242,4.53329,2.23331,0.885516,0.260663,0.116716,0.14394677430391312,0.225221,1.34961,0.295158,0.720222,,,3.79215,0.237595,0.107731,999,,,,,,,201.9,6.512903225806451,193,6.225806451612903,,,,,,,,,,,,,,,,,,,"Daniel Palencia","27914",694037
"Reynaldo López","ATL",1,1,1,3.66355,12,2,0,0,,23,96,21,10,9,3,8,,1,24,9.32226,3.04864,3.05784,1.03386,0.24813,0.0811457,0.16698472201824188,0.235444,1.23487,0.294209,0.737781,,,3.61053,0.233354,0.237285,172.38999938964844,,,,,,,99.70000000000002,4.334782608695653,97,4.217391304347826,,,,,,,,,,,,,,,,,,,"Reynaldo Lopez","16400",625643
"Jalen Beeks","ARI",2,2,0,3.93513,31,0,2,6,,31,134,30,15,14,3,12,,1,29,8.28847,3.47089,2.388,0.895524,0.213684,0.0894827,0.12420166283845901,0.250562,1.35856,0.305124,0.724461,,,3.81625,0.231147,0.191943,999,,,,,,,167.49999999999997,5.403225806451612,169,5.451612903225806,,,,,,,,,,,,,,,,,,,"Jalen Beeks","17192",656222
"Danny Coulombe","MIN",2,1,0,3.30811,28,0,0,5,,28,112,24,11,10,3,8,,1,29,9.34513,2.44706,3.81892,0.954438,0.255499,0.0669033,0.18859519809484482,0.22698,1.12635,0.285645,0.743259,,,3.28445,0.231023,0.210135,750.77001953125,,,,,,,158.90000000000003,5.675000000000002,152,5.428571428571429,,,,,,,,,,,,,,,,,,,"Danny Coulombe","13293",543056
"Hunter Gaddis","CLE",2,2,0,3.6718,33,0,1,9,,33,136,29,15,13,4,10,,2,32,8.81028,2.67059,3.299,1.15425,0.236456,0.0716749,0.16478102654218674,0.231756,1.17459,0.279632,0.73478,,,3.84959,0.229011,0.187876,699.7000122070312,,,,,,,188.60000000000005,5.715151515151517,182,5.515151515151516,,,,,,,,,,,,,,,,,,,"Hunter Gaddis","25636",683769
"Ryan Zeferjahn","LAA",1,2,0,4.24839,32,0,1,7,,32,136,27,16,15,4,15,,2,36,10.3,4.16014,2.47589,1.16207,0.26531,0.107158,0.15815217792987823,0.230604,1.33442,0.296206,0.711939,,,4.06785,0.227927,0.0728536,744.52001953125,,,,,,,171.40000000000003,5.356250000000001,162,5.0625,,,,,,,,,,,,,,,,,,,"Ryan Zeferjahn","25420",666171
"Kyle Bradish","BAL",1,1,1,3.3711,8,2,0,0,,16,66,14,6,6,2,5,,1,17,9.77141,2.82853,3.45459,0.930995,0.262949,0.0761157,0.18683325499296188,0.22798,1.17361,0.29296,0.745025,,,3.33616,0.22247,0.126671,681.0800170898438,,,,,,,73.4,4.5875,70,4.375,,,,,,,,,,,,,,,,,,,"Kyle Bradish","24586",680694
"Garrett Cleavinger","TBR",2,2,0,3.73519,31,0,2,7,,31,132,25,14,13,4,14,,2,37,10.8458,3.98248,2.72338,1.10511,0.284859,0.104598,0.18026152998209,0.218814,1.2576,0.288799,0.742835,,,3.78607,0.221972,0.167434,729.8800048828125,,,,,,,179.2,5.780645161290322,167,5.387096774193548,,,,,,,,,,,,,,,,,,,"Garrett Cleavinger","17897",664076
"John Schreiber","KCR",2,2,0,3.87322,30,0,1,6,,30,129,28,14,13,3,12,,2,28,8.46573,3.57178,2.37017,0.845549,0.219113,0.0924461,0.12666700780391693,0.242529,1.3286,0.298447,0.719105,,,3.77752,0.221323,0.176058,999,,,,,,,155.3,5.176666666666667,154,5.133333333333334,,,,,,,,,,,,,,,,,,,"John Schreiber","20020",670167
"Janson Junk","MIA",2,3,2,4.52226,21,7,0,0,,41,176,44,22,21,6,12,,1,31,6.90132,2.54026,2.71678,1.26296,0.178247,0.0656095,0.11263703554868698,0.270478,1.36116,0.30456,0.699745,,,4.31371,0.221265,0.166359,749.0399780273438,,,,,,,138.20000000000002,3.3707317073170735,150,3.658536585365854,,,,,,,,,,,,,,,,,,,"Janson Junk","23301",676083
"Calvin Faucher","MIA",1,2,0,4.1519,32,0,11,3,,32,140,31,16,15,3,15,,1,33,9.24628,4.18632,2.20869,0.857821,0.234595,0.106214,0.1283802092075348,0.247734,1.42346,0.314317,0.714735,,,3.80122,0.219736,0.160896,299.3699951171875,,,,,,,204.29999999999998,6.3843749999999995,206,6.4375,,,,,,,,,,,,,,,,,,,"Calvin Faucher","20116",676534
"Luis Garcia","HOU",2,2,2,4.10935,8,4,0,0,,25,105,23,12,11,4,8,,1,25,9.00253,2.99545,3.0054,1.4067,0.239607,0.0797254,0.15988153964281082,0.236007,1.23176,0.279991,0.726067,,,4.21241,0.21887,0.248619,591.6799926757812,,,,,,,99.00000000000001,3.9600000000000004,96,3.84,,,,,,,,,,,,,,,,,,,"Luis Garcia","23735",677651
"Ryan Thompson","ARI",2,2,0,3.7636,30,0,2,7,,30,129,30,14,13,3,9,,1,25,7.31948,2.65243,2.75954,0.795433,0.192598,0.0697936,0.12280470877885818,0.250472,1.26742,0.296571,0.710754,,,3.62376,0.217152,0.216282,750.1900024414062,,,,,,,165.1,5.503333333333333,169,5.633333333333334,,,,,,,,,,,,,,,,,,,"Ryan Thompson","16647",657044
"Greg Weissert","BOS",2,1,0,3.88732,30,0,1,7,,30,129,29,14,13,3,11,,1,30,8.96613,3.28246,2.73152,1.01819,0.233101,0.0853374,0.14776384085416794,0.247202,1.3203,0.305654,0.732253,,,3.78688,0.216203,0.240635,999,,,,,,,166.7,5.556666666666667,168,5.6,,,,,,,,,,,,,,,,,,,"Greg Weissert","20375",669711
"Joey Cantillo","CLE",1,1,1,3.87387,16,2,0,0,,27,114,23,13,12,3,13,,1,30,9.96071,4.27629,2.32929,0.972118,0.258722,0.111074,0.14764855802059174,0.228078,1.33496,0.29424,0.732508,,,3.79832,0.215467,0.195622,510.5400085449219,,,,,,,121.10000000000001,4.485185185185186,114,4.222222222222222,,,,,,,,,,,,,,,,,,,"Joey Cantillo","23335",676282
"Nestor Cortes","MIL",2,2,1,3.95747,19,2,0,0,,30,124,27,14,13,5,8,,1,29,8.80073,2.50723,3.51014,1.38113,0.237068,0.0675381,0.16953031718730927,0.237039,1.18314,0.279765,0.728271,,,4.04933,0.214452,0.211835,261.0199890136719,,,,,,,121.3,4.043333333333333,116,3.8666666666666667,,,,,,,,,,,,,,,,,,,"Nestor Cortes","17874",641482
"Bowden Francis","TOR",3,3,2,4.47205,19,6,0,0,,49,206,47,27,25,9,14,,3,44,7.93697,2.49958,3.17533,1.70559,0.210846,0.0664015,0.1444448009133339,0.246048,1.22552,0.272698,0.713823,,,4.77537,0.21351,0.114721,257.2300109863281,,,,,,,166.70000000000005,3.4020408163265317,165,3.36734693877551,,,,,,,,,,,,,,,,,,,"Bowden Francis","20548",670102
"Brant Hurter","DET",2,1,0,3.6644,28,0,0,6,,28,118,27,13,12,2,7,,1,23,7.46077,2.26994,3.28677,0.757208,0.198819,0.0604907,0.13832851499319077,0.248473,1.21433,0.296715,0.703822,,,3.41178,0.21117,0.070298,682.25,,,,,,,158.40000000000003,5.657142857142858,160,5.714285714285714,,,,,,,,,,,,,,,,,,,"Brant Hurter","30133",676428
"Brock Stewart","MIN",1,1,0,3.70468,30,0,0,6,,30,125,24,13,12,4,13,,1,38,11.5798,4.06787,2.84665,1.12166,0.3045,0.106968,0.19753240048885345,0.218563,1.26589,0.29805,0.749917,,,3.63533,0.208887,0.159976,750.3300170898438,,,,,,,168.4,5.613333333333333,156,5.2,,,,,,,,,,,,,,,,,,,"Brock Stewart","16727",592779
"Nick Mears","MIL",1,1,0,3.93548,30,0,0,6,,30,126,25,14,13,3,13,,1,34,10.447,3.96608,2.63409,0.994836,0.273907,0.103985,0.16992153972387314,0.225554,1.28934,0.296287,0.717477,,,3.62515,0.208271,0.154577,745.6900024414062,,,,,,,170.1,5.67,161,5.366666666666666,,,,,,,,,,,,,,,,,,,"Nick Mears","25376",683232
"Javier Assad","CHC",2,2,2,4.28552,15,6,0,0,,39,169,38,20,19,5,16,,2,32,7.4043,3.59897,2.05734,1.17838,0.189986,0.0923456,0.0976405069231987,0.252027,1.3804,0.28928,0.720765,,,4.45998,0.205015,0.279752,649.3900146484375,,,,,,,138.3,3.5461538461538464,140,3.58974358974359,,,,,,,,,,,,,,,,,,,"Javier Assad","21741",665871
"Didier Fuentes","ATL",0,0,2,4.10042,12,5,0,0,,27,116,25,13,12,3,10,,1,25,8.42928,3.2553,2.5894,1.16654,0.217185,0.0838748,0.1333107054233551,0.238526,1.29379,0.282412,0.719554,,,4.10972,0.204088,0.27935,999,,,,,,,114.9,4.2555555555555555,113,4.185185185185185,,,,,,,,,,,,,,,,,,,"Didier Fuentes","30661",800311
"Taylor Rogers","CIN",1,2,0,4.11256,30,0,1,6,,30,127,27,15,14,4,12,,2,31,9.49717,3.57242,2.65847,1.18742,0.246729,0.0928086,0.15392004698514938,0.239262,1.31293,0.296854,0.723478,,,4.03416,0.203058,0.142466,493.0799865722656,,,,,,,151.60000000000002,5.053333333333334,147,4.9,,,,,,,,,,,,,,,,,,,"Taylor Rogers","13449",573124
"Phil Maton","STL",1,1,0,3.94753,32,0,2,7,,32,135,29,15,14,4,11,,3,31,8.69787,3.24783,2.67806,0.995198,0.226934,0.0847384,0.1421956792473793,0.236561,1.26257,0.289291,0.709372,,,3.92933,0.202198,0.197819,746.3599853515625,,,,,,,170.20000000000002,5.3187500000000005,166,5.1875,,,,,,,,,,,,,,,,,,,"Phil Maton","18064",664208
"Justin Wilson","BOS",1,2,0,4.16127,29,0,0,6,,29,125,29,15,14,4,10,,1,29,8.94247,3.19032,2.803,1.13691,0.23178,0.0826899,0.1490899845957756,0.252758,1.3388,0.309256,0.719681,,,3.91648,0.20155,0.0411941,999,,,,,,,139.00000000000003,4.793103448275863,142,4.896551724137931,,,,,,,,,,,,,,,,,,,"Justin Wilson","4301",458677
"Yuki Matsui","SDP",1,1,0,3.58781,30,0,0,6,,30,123,24,13,12,4,13,,1,35,10.6368,3.82486,2.78098,1.07287,0.282458,0.101568,0.18089011311531067,0.220611,1.24854,0.289618,0.753691,,,3.62331,0.194506,0.151283,725.6599731445312,,,,,,,162.4,5.413333333333333,150,5,,,,,,,,,,,,,,,,,,,"Yuki Matsui","33826",673513
"David Robertson",,1,1,0,3.35079,17,0,0,0,,17,70,14,7,6,2,6,,1,20,10.7871,3.47462,3.10453,0.905392,0.288458,0.0929152,0.19554263353347778,0.217979,1.1972,0.293369,0.750231,,,3.29635,0.193854,0.193851,528.8499755859375,,,,,,,83.80000000000001,4.929411764705883,78,4.588235294117647,,,,,,,,,,,,,,,,,,,"David Robertson","8241",502085
"Keider Montero","DET",2,2,2,4.52215,17,6,0,0,,39,169,39,21,20,6,14,,2,34,7.67816,3.23691,2.37206,1.33637,0.198468,0.0836692,0.11479927599430084,0.252638,1.34335,0.288792,0.702086,,,4.52251,0.191326,0.156429,719.6599731445312,,,,,,,133.4,3.420512820512821,137,3.5128205128205128,,,,,,,,,,,,,,,,,,,"Keider Montero","22630",672456
"Dedniel Núñez","NYM",2,1,0,3.57151,27,0,0,5,,27,115,24,12,11,3,10,,1,30,9.983,3.41148,2.92629,1.00442,0.264139,0.090264,0.17387498170137405,0.232035,1.25829,0.298875,0.750374,,,3.5467,0.190079,0.0931977,731.8699951171875,,,,,,,147.5,5.462962962962963,143,5.296296296296297,,,,,,,,,,,,,,,,,,,"Dedniel Nunez","23055",673380
"Richard Fitts","BOS",2,2,2,4.54747,19,5,0,0,,40,171,41,22,20,6,12,,1,31,7.04426,2.75314,2.55862,1.2929,0.183089,0.0715577,0.11153163015842438,0.260895,1.3331,0.293453,0.692493,,,4.39922,0.187661,0.165867,476.5799865722656,,,,,,,138.6,3.465,145,3.625,,,,,,,,,,,,,,,,,,,"Richard Fitts","30160",690916
"Ben Casparius","LAD",2,2,1,4.4239,22,2,0,0,,34,145,31,18,17,4,14,,1,36,9.50271,3.86716,2.45728,1.15651,0.245462,0.0998915,0.14557020366191864,0.240148,1.34938,0.29909,0.696971,,,4.05811,0.185578,0.0322739,745.760009765625,,,,,,,148.80000000000004,4.3764705882352954,145,4.264705882352941,,,,,,,,,,,,,,,,,,,"Ben Casparius","30085",676508
"Ryan Yarbrough","NYY",2,2,1,4.36013,22,3,0,0,,38,164,38,20,19,5,12,,3,29,6.86357,2.69824,2.54372,1.28351,0.17849,0.0701688,0.10832099616527557,0.25327,1.28679,0.282235,0.699275,,,4.53946,0.181531,0.112838,742.9099731445312,,,,,,,133.89999999999998,3.5236842105263153,138,3.6315789473684212,,,,,,,,,,,,,,,,,,,"Ryan Yarbrough","16502",642232
"Tommy Kahnle","DET",1,1,0,3.4463,31,0,7,4,,31,129,25,13,12,3,13,,1,31,9.13467,3.72022,2.45541,0.935355,0.241665,0.0984214,0.14324373751878738,0.221514,1.24138,0.276464,0.752966,,,3.79056,0.1813,0.377211,614.5700073242188,,,,,,,198.5,6.403225806451613,187,6.032258064516129,,,,,,,,,,,,,,,,,,,"Tommy Kahnle","11384",592454
"Hunter Dobbins","BOS",2,2,1,4.43002,16,3,0,0,,30,131,31,16,15,4,11,,2,23,6.87606,3.14016,2.18972,1.0771,0.176667,0.0806805,0.09598687291145325,0.25877,1.36481,0.294596,0.693069,,,4.3076,0.180074,0.220766,999,,,,,,,99.20000000000002,3.306666666666667,105,3.5,,,,,,,,,,,,,,,,,,,"Hunter Dobbins","30240",690928
"Logan Henderson","MIL",1,2,1,4.19661,19,2,0,0,,27,110,23,14,13,4,8,,1,29,9.73835,2.61177,3.72864,1.43475,0.26317,0.0705808,0.19258934259414673,0.230606,1.16239,0.28054,0.697987,,,3.98028,0.166241,0.173441,600.6900024414062,,,,,,,121.80000000000003,4.511111111111112,114,4.222222222222222,,,,,,,,,,,,,,,,,,,"Logan Henderson","31475",701656
"Ronny Henriquez","MIA",1,2,0,4.17516,31,0,5,5,,31,137,32,16,15,4,12,,2,29,8.25925,3.46184,2.3858,1.04024,0.210688,0.088309,0.12237871438264847,0.256489,1.38851,0.308367,0.720851,,,4.07659,0.164834,0.0720936,999,,,,,,,158,5.096774193548387,164,5.290322580645161,,,,,,,,,,,,,,,,,,,"Ronny Henriquez","24094",678692
"Johan Oviedo","PIT",1,2,1,4.46435,12,3,0,0,,26,115,25,14,13,3,12,,1,23,7.70639,3.93654,1.95766,1.00787,0.196138,0.10019,0.09594772011041641,0.248586,1.40009,0.2929,0.69244,,,4.30595,0.164077,0.152182,748.280029296875,,,,,,,97.5,3.75,98,3.769230769230769,,,,,,,,,,,,,,,,,,,"Johan Oviedo","22487",670912
"Matt Waldron","SDP",1,2,1,4.61216,9,3,0,0,,24,101,24,13,12,4,7,,1,20,7.44279,2.60801,2.85382,1.39135,0.19505,0.0683469,0.1267026737332344,0.254013,1.28065,0.286465,0.679961,,,4.4565,0.16205,0.0619678,657.5499877929688,,,,,,,82.00000000000003,3.416666666666668,84,3.5,,,,,,,,,,,,,,,,,,,"Matt Waldron","25550",663362
"Graham Ashcraft","CIN",1,2,0,4.32376,25,0,2,6,,25,107,25,13,12,3,8,,1,21,7.53025,3.00545,2.50553,1.00627,0.19365,0.077289,0.11636107414960861,0.258867,1.3508,0.303748,0.69382,,,4.04152,0.158966,0.0913521,631.1699829101562,,,,,,,132.1,5.284,135,5.4,,,,,,,,,,,,,,,,,,,"Graham Ashcraft","27552",668933
"Jake Bird","COL",1,2,0,4.43099,30,0,2,5,,30,134,30,16,15,3,14,,2,29,8.59812,4.22569,2.03473,0.93376,0.214924,0.105628,0.10929591953754425,0.254869,1.46487,0.313254,0.704542,,,4.14102,0.158257,0.211415,999,,,,,,,147.1,4.903333333333333,151,5.033333333333333,,,,,,,,,,,,,,,,,,,"Jake Bird","21267",656234
"Parker Messick","CLE",1,1,1,4.39159,3,3,0,0,,18,78,18,10,9,3,6,,1,16,7.89877,3.21636,2.45581,1.24324,0.204903,0.0834358,0.12146700173616409,0.249027,1.32234,0.289184,0.701499,,,4.34908,0.157199,0.0735112,999,,,,,,,60.500000000000014,3.361111111111112,62,3.4444444444444446,,,,,,,,,,,,,,,,,,,"Parker Messick","sa3020748",800048
"Brenan Hanifee","DET",1,1,0,3.7878,29,0,0,6,,29,124,30,13,12,3,8,,1,23,6.94806,2.58976,2.6829,0.852307,0.181525,0.0676603,0.11386516690254211,0.258891,1.3043,0.301273,0.72273,,,3.74997,0.156035,0.150734,999,,,,,,,142.70000000000002,4.920689655172414,149,5.137931034482759,,,,,,,,,,,,,,,,,,,"Brenan Hanifee","22304",669724
"Isaac Mattson","PIT",2,0,0,4.86156,29,0,1,6,,29,131,24,17,16,2,19,,3,30,9.28851,5.82221,1.59536,0.543041,0.2306,0.144544,0.08605591952800751,0.220952,1.47224,0.289448,0.637784,,,4.02472,0.155527,-0.167422,999,,,,,,,150.60000000000002,5.1931034482758625,142,4.896551724137931,,,,,,,,,,,,,,,,,,,"Isaac Mattson","20385",676755
"Jack Dreyer","LAD",2,1,0,3.96346,30,0,0,7,,30,128,27,14,13,3,12,,1,31,9.23169,3.59983,2.56448,1.01437,0.241635,0.094224,0.14741136878728867,0.23762,1.30697,0.296536,0.720769,,,3.7816,0.153733,0.0899859,999,,,,,,,165.89999999999998,5.529999999999999,162,5.4,,,,,,,,,,,,,,,,,,,"Jack Dreyer","30249",676263
"Brad Lord","WSN",2,2,1,4.4733,31,2,1,6,,38,166,39,21,19,4,13,,2,30,7.04461,3.15577,2.23229,0.989941,0.180482,0.0808505,0.09963152557611465,0.259753,1.37176,0.299872,0.682812,,,4.16568,0.152372,-0.0651109,999,,,,,,,174.6,4.594736842105263,182,4.7894736842105265,,,,,,,,,,,,,,,,,,,"Brad Lord","31972",695418
"Shawn Armstrong","TEX",1,1,0,4.17269,29,0,0,6,,29,122,27,14,13,3,10,,1,29,8.97857,3.25696,2.75674,1.08113,0.233748,0.0847914,0.14895612001419067,0.245813,1.31035,0.302233,0.706023,,,3.87867,0.152139,0.0409626,999,,,,,,,156.5,5.396551724137931,155,5.344827586206897,,,,,,,,,,,,,,,,,,,"Shawn Armstrong","12857",542888
"Gregory Soto","BAL",2,2,0,3.71898,30,0,1,6,,30,129,26,13,12,3,14,,2,33,9.90474,4.1291,2.39877,0.805063,0.255997,0.10672,0.14927653223276138,0.229335,1.32475,0.300276,0.729958,,,3.61476,0.152073,0.138449,740.4500122070312,,,,,,,164.5,5.483333333333333,158,5.266666666666667,,,,,,,,,,,,,,,,,,,"Gregory Soto","19677",642397
"Blade Tidwell","NYM",0,0,1,4.10042,8,3,0,0,,18,76,16,9,8,2,6,,1,16,8.42928,3.2553,2.5894,1.16654,0.217185,0.0838748,0.1333107054233551,0.238526,1.29379,0.282412,0.719554,,,4.10972,0.150779,0.156748,999,,,,,,,78.00000000000003,4.333333333333335,75,4.166666666666667,,,,,,,,,,,,,,,,,,,"Blade Tidwell","31701",694918
"Nolan McLean","NYM",0,0,1,4.04766,3,3,0,0,,13,54,12,6,6,2,4,,0,12,8.21604,3.03812,2.70432,1.22437,0.215035,0.0795156,0.1355198249220848,0.24124,1.27085,0.282735,0.730682,,,4.15656,0.147377,0.178273,999,,,,,,,52.39999999999999,4.03076923076923,51,3.923076923076923,,,,,,,,,,,,,,,,,,,"Nolan McLean","sa3023053",690997
"Ryan Bergert","SDP",2,3,2,4.59836,19,6,0,0,,47,203,48,26,24,7,18,,2,38,7.31778,3.44754,2.12261,1.36131,0.186371,0.0878029,0.09856855124235153,0.260684,1.40913,0.294379,0.71304,,,4.70397,0.146953,0.0874687,999,,,,,,,152.90000000000003,3.253191489361703,160,3.404255319148936,,,,,,,,,,,,,,,,,,,"Ryan Bergert","29863",686701
"Emerson Hancock","SEA",2,3,3,4.62288,12,7,0,0,,43,186,44,24,22,7,14,,2,32,6.56338,2.94999,2.22488,1.38164,0.16967,0.0762604,0.09340982139110565,0.257825,1.33869,0.282211,0.694423,,,4.7527,0.145153,0.0287259,609.4099731445312,,,,,,,133.7,3.109302325581395,140,3.255813953488372,,,,,,,,,,,,,,,,,,,"Emerson Hancock","27470",676106
"Luke Jackson","TEX",2,2,0,4.2111,32,0,4,5,,32,136,28,16,15,4,14,,1,33,9.28376,4.015,2.31227,1.05732,0.239813,0.103713,0.1360994353890419,0.236603,1.34784,0.294594,0.709206,,,4.01881,0.144531,0.0326808,684.6699829101562,,,,,,,175.8,5.49375,169,5.28125,,,,,,,,,,,,,,,,,,,"Luke Jackson","11752",592426
"Jordan Romano","PHI",2,2,0,4.13333,30,0,5,5,,30,128,27,15,14,4,11,,1,31,9.24236,3.33893,2.76806,1.31215,0.242281,0.0875276,0.1547539010643959,0.238121,1.2805,0.288543,0.725858,,,4.18254,0.143288,0.0744317,158.24000549316406,,,,,,,173.60000000000002,5.786666666666667,169,5.633333333333334,,,,,,,,,,,,,,,,,,,"Jordan Romano","16122",605447
"Kyle Finnegan","WSN",2,2,0,3.96291,31,0,16,1,,31,133,29,15,14,4,12,,1,30,8.70494,3.45918,2.51647,1.09497,0.227045,0.0902234,0.13682133704423904,0.244482,1.32537,0.296851,0.733097,,,3.96406,0.142813,0.161541,182.1999969482422,,,,,,,209.79999999999998,6.767741935483871,208,6.709677419354839,,,,,,,,,,,,,,,,,,,"Kyle Finnegan","15009",640448
"Ryan Brasier","CHC",1,1,0,3.68476,29,0,0,6,,29,119,26,13,12,3,8,,1,27,8.59383,2.64659,3.24713,0.974908,0.230744,0.0710609,0.15968327224254608,0.236553,1.19572,0.288646,0.719016,,,3.562,0.139998,0.122214,748.4099731445312,,,,,,,161.10000000000002,5.5551724137931044,157,5.413793103448276,,,,,,,,,,,,,,,,,,,"Ryan Brasier","5615",518489
"Robby Snelling","MIA",1,2,2,4.75378,4,4,0,0,,23,101,25,13,12,3,9,,1,17,6.80876,3.4297,1.98524,1.27187,0.172433,0.0868574,0.0855751633644104,0.267975,1.44635,0.300237,0.698615,,,4.64429,0.139277,0.148255,999,,,,,,,72.30000000000001,3.1434782608695655,80,3.4782608695652173,,,,,,,,,,,,,,,,,,,"Robby Snelling","sa3020707",702281
"Mick Abel","PHI",2,2,2,4.52198,14,5,0,0,,28,124,27,15,14,4,14,,2,26,8.24418,4.35388,1.89352,1.18534,0.207783,0.109733,0.0980493500828743,0.247135,1.439,0.29229,0.711666,,,4.59391,0.138707,0.154414,999,,,,,,,91.80000000000005,3.2785714285714307,92,3.2857142857142856,,,,,,,,,,,,,,,,,,,"Mick Abel","27756",690953
"Paul Sewald","CLE",1,1,0,3.9801,30,0,0,6,,30,125,26,15,13,5,9,,1,34,10.19,2.79643,3.64393,1.36349,0.274778,0.0754073,0.19937118887901306,0.226968,1.16511,0.28335,0.718169,,,3.85717,0.137366,-0.0194232,591.0800170898438,,,,,,,154.9,5.163333333333333,147,4.9,,,,,,,,,,,,,,,,,,,"Paul Sewald","13892",623149
"Tyler Alexander","CHW",2,2,1,4.52808,29,2,0,5,,37,155,37,20,18,6,9,,1,31,7.69731,2.30387,3.34104,1.47737,0.202642,0.0606523,0.14198942855000496,0.258485,1.27038,0.292684,0.695304,,,4.39574,0.135381,-0.00319888,746.9600219726562,,,,,,,155.8,4.210810810810811,159,4.297297297297297,,,,,,,,,,,,,,,,,,,"Tyler Alexander","17735",641302
"Erik Miller","SFG",2,2,0,3.59925,29,0,1,6,,29,126,23,13,12,2,16,,1,34,10.5916,5.0659,2.09076,0.769213,0.272798,0.130478,0.14231990277767181,0.216143,1.36529,0.292618,0.747087,,,3.64593,0.134515,0.128954,999,,,,,,,176.20000000000005,6.0758620689655185,165,5.689655172413793,,,,,,,,,,,,,,,,,,,"Erik Miller","26252",669062
"Carson Seymour","SFG",2,2,1,3.87253,28,2,0,4,,33,142,33,15,14,3,12,,2,29,7.82868,3.18654,2.4568,0.786002,0.201927,0.0821912,0.11973600834608078,0.253712,1.34336,0.30657,0.717114,,,3.70488,0.132635,0.135695,999,,,,,,,153.50000000000006,4.651515151515153,158,4.787878787878788,,,,,,,,,,,,,,,,,,,"Carson Seymour","sa3017868",693313
"Aaron Ashby","MIL",1,2,0,3.85303,29,0,0,6,,29,124,26,13,12,3,14,,1,30,9.29624,4.38051,2.12218,0.789649,0.238043,0.112169,0.1258741170167923,0.237329,1.39226,0.303464,0.730188,,,3.7296,0.127612,0.155419,635.030029296875,,,,,,,149.10000000000002,5.141379310344829,145,5,,,,,,,,,,,,,,,,,,,"Aaron Ashby","23550",676879
"Shelby Miller","ARI",2,2,0,3.991,32,0,14,2,,32,133,28,15,14,4,11,,2,32,9.00859,3.16795,2.84367,1.0967,0.237363,0.0834707,0.15389224886894226,0.236182,1.2518,0.289524,0.711981,,,3.88759,0.125756,0.289611,999,,,,,,,217.8,6.80625,211,6.59375,,,,,,,,,,,,,,,,,,,"Shelby Miller","10197",571946
"Caleb Thielbar","CHC",2,2,0,3.97558,28,0,0,5,,28,117,24,13,12,3,11,,1,30,9.70737,3.58848,2.70515,1.11157,0.255991,0.0946312,0.16136004775762558,0.231898,1.27728,0.291925,0.721803,,,3.80682,0.12525,0.0648113,999,,,,,,,151.90000000000003,5.425000000000002,145,5.178571428571429,,,,,,,,,,,,,,,,,,,"Caleb Thielbar","10078",573204
"Bryan Baker","BAL",2,2,0,4.06037,32,0,2,7,,32,136,28,16,14,4,14,,1,35,9.71189,3.94307,2.46303,1.1891,0.253244,0.102818,0.15042605996131897,0.231486,1.31465,0.289055,0.729646,,,4.06695,0.124857,-0.0283193,999,,,,,,,177.8,5.55625,171,5.34375,,,,,,,,,,,,,,,,,,,"Bryan Baker","19804",641329
"Louis Varland","MIN",2,2,0,4.08917,30,0,0,6,,30,127,29,15,14,4,9,,1,31,9.13579,2.66829,3.42383,1.27578,0.241067,0.0704085,0.17065855115652084,0.248626,1.25938,0.302332,0.721559,,,3.91019,0.124697,-0.000514399,740.0999755859375,,,,,,,153.4,5.113333333333333,154,5.133333333333334,,,,,,,,,,,,,,,,,,,"Louis Varland","27691",686973
"Jack Perkins","ATH",0,0,1,4.18254,25,2,0,0,,32,143,30,17,15,4,13,,2,32,8.7612,3.59336,2.43816,1.07653,0.220402,0.0903969,0.13000553101301193,0.234408,1.3295,0.281919,0.703449,,,4.03681,0.124502,0.0036239,999,,,,,,,128.60000000000002,4.018750000000001,127,3.96875,,,,,,,,,,,,,,,,,,,"Jack Perkins","31468",678022
"Edwin Uceta","TBR",1,1,0,3.86654,30,0,1,8,,30,127,25,14,13,4,11,,2,33,9.71818,3.43255,2.83118,1.21457,0.256433,0.0905746,0.1658586859703064,0.223853,1.22518,0.27747,0.731686,,,4.00296,0.123225,0.0736324,318.20001220703125,,,,,,,171.8,5.7266666666666675,162,5.4,,,,,,,,,,,,,,,,,,,"Edwin Uceta","20539",670955
"Bennett Sousa","HOU",2,1,0,3.82283,28,0,0,5,,28,117,25,13,12,3,11,,1,28,9.17843,3.5603,2.57799,0.949513,0.240376,0.0932415,0.1471341848373413,0.237597,1.30247,0.297739,0.72809,,,3.69298,0.123079,0.0531099,999,,,,,,,145.30000000000004,5.189285714285716,141,5.035714285714286,,,,,,,,,,,,,,,,,,,"Bennett Sousa","21345",656986
"Mike Vasil","CHW",2,3,1,4.69739,27,3,0,0,,46,200,47,26,24,7,18,,3,35,6.86264,3.4951,1.9635,1.28234,0.174024,0.0886296,0.08539479970932007,0.26069,1.41445,0.291517,0.697242,,,4.74776,0.120977,0.0821685,999,,,,,,,139.10000000000008,3.0239130434782626,146,3.1739130434782608,,,,,,,,,,,,,,,,,,,"Mike Vasil","30105",678024
"Michael Kopech","LAD",2,1,0,3.93212,29,0,2,8,,29,124,24,14,13,4,14,,2,36,10.9745,4.27464,2.56734,1.21495,0.286681,0.111665,0.17501678317785263,0.216996,1.28266,0.284105,0.738585,,,3.99378,0.119599,0.0922413,516.0499877929688,,,,,,,169.00000000000003,5.8275862068965525,159,5.482758620689655,,,,,,,,,,,,,,,,,,,"Michael Kopech","17282",656629
"Jason Alexander","HOU",2,2,1,4.32668,23,2,0,0,,31,132,32,16,15,4,9,,2,23,6.74917,2.61392,2.58201,1.13954,0.174531,0.067595,0.10693612694740295,0.263571,1.33194,0.297527,0.700969,,,4.26564,0.115554,0.0556226,999,,,,,,,109.99999999999999,3.548387096774193,116,3.7419354838709675,,,,,,,,,,,,,,,,,,,"Jason Alexander","19666",669920
"JoJo Romero","STL",2,2,0,3.77427,30,0,1,7,,30,128,28,14,13,3,11,,1,28,8.41805,3.21833,2.61566,0.938041,0.220635,0.0843519,0.13628358393907547,0.24133,1.28325,0.293779,0.72751,,,3.77904,0.114858,0.126775,718.2000122070312,,,,,,,165.3,5.510000000000001,164,5.466666666666667,,,,,,,,,,,,,,,,,,,"JoJo Romero","19574",668941
"Nathan Wiles","ATL",0,0,1,4.1719,21,2,0,0,,28,124,26,14,13,3,11,,1,27,8.71817,3.54953,2.45615,1.0882,0.219994,0.0895688,0.13042517006397247,0.234934,1.32487,0.281982,0.705459,,,4.04626,0.11369,0.0844853,999,,,,,,,120.70000000000005,4.310714285714288,119,4.25,,,,,,,,,,,,,,,,,,,"Nathan Wiles","25474",686249
"Carmen Mlodzinski","PIT",2,2,0,4.3928,28,1,0,5,,31,135,31,16,15,3,12,,1,26,7.63686,3.56253,2.14366,0.932006,0.195108,0.0910162,0.10409191995859146,0.256234,1.39836,0.303661,0.69239,,,4.04268,0.113678,0.0586226,724.4099731445312,,,,,,,144.89999999999998,4.674193548387096,149,4.806451612903226,,,,,,,,,,,,,,,,,,,"Carmen Mlodzinski","27572",669387
"Ryan Rolison","COL",0,0,0,4.23717,28,0,0,4,,28,124,26,15,13,3,12,,1,28,8.98199,3.81823,2.35239,1.01665,0.222459,0.0945672,0.1278921589255333,0.231737,1.35326,0.281597,0.693479,,,3.98831,0.113008,0.0743554,999,,,,,,,135.70000000000005,4.846428571428573,134,4.785714285714286,,,,,,,,,,,,,,,,,,,"Ryan Rolison","22200",669020
"Adam Macko","TOR",0,1,1,4.5,11,2,0,0,,22,93,21,12,11,3,8,,1,18,7.3125,3.375,2.16667,1.125,0.191176,0.0882353,0.10294116288423538,0.245902,1.3125,0.282609,0.659341,,,4.39636,0.112321,0.0488498,999,,,,,,,80.30000000000001,3.6500000000000004,80,3.6363636363636362,,,,,,,,,,,,,,,,,,,"Adam Macko","sa3011555",671936
"Alec Marsh","KCR",1,2,1,4.60137,12,2,0,0,,22,96,22,12,11,3,8,,1,21,8.64434,3.31973,2.60393,1.3388,0.222936,0.0856154,0.13732094317674637,0.249359,1.33555,0.295554,0.691771,,,4.39164,0.111923,0.0505283,672.5800170898438,,,,,,,83.7,3.8045454545454547,86,3.909090909090909,,,,,,,,,,,,,,,,,,,"Alec Marsh","27451",679525
"Tyler Ferguson","ATH",1,2,0,4.09684,29,0,0,8,,29,127,25,15,13,3,15,,2,31,9.51378,4.48987,2.11894,0.997708,0.243903,0.115106,0.12879689782857895,0.227811,1.35738,0.287496,0.717524,,,4.10745,0.111201,-0.0475283,748.760009765625,,,,,,,155.70000000000002,5.36896551724138,149,5.137931034482759,,,,,,,,,,,,,,,,,,,"Tyler Ferguson","19481",621053
"Omar Cruz","SDP",1,1,0,4.29455,21,1,0,0,,25,108,23,13,12,2,11,,2,26,9.33686,4.02383,2.32039,0.818538,0.238533,0.102799,0.13573414087295532,0.241692,1.37459,0.308789,0.686242,,,3.72648,0.111082,-0.026242,750.0900268554688,,,,,,,113.60000000000001,4.5440000000000005,112,4.48,,,,,,,,,,,,,,,,,,,"Omar Cruz","23875",678316
"Chase Lee","DET",1,2,0,3.78134,27,0,0,5,,27,115,26,12,11,2,10,,2,25,8.44453,3.38951,2.49137,0.837566,0.21789,0.0874576,0.13043197244405746,0.248256,1.33761,0.305649,0.729653,,,3.72277,0.109774,0.0943506,999,,,,,,,141.60000000000002,5.244444444444445,143,5.296296296296297,,,,,,,,,,,,,,,,,,,"Chase Lee","29574",695445
"Mason Fluharty","TOR",2,1,0,3.98436,29,0,0,6,,29,124,27,14,13,3,11,,2,27,8.44299,3.45826,2.4414,0.927387,0.218544,0.0895161,0.1290282905101776,0.244316,1.32507,0.298175,0.71465,,,3.87237,0.109552,0.0255413,999,,,,,,,146.5,5.051724137931035,145,5,,,,,,,,,,,,,,,,,,,"Mason Fluharty","31553",689254
"Brennan Bernardino","BOS",2,1,0,3.92949,29,0,0,6,,29,124,27,14,13,3,11,,2,29,9.04241,3.44376,2.62574,0.966714,0.233001,0.0887374,0.1442635878920555,0.244661,1.32522,0.304754,0.724048,,,3.84923,0.109185,0.104048,999,,,,,,,150.5,5.189655172413793,149,5.137931034482759,,,,,,,,,,,,,,,,,,,"Brennan Bernardino","16835",657514
"Jonathan Loáisiga","NYY",2,1,0,3.6255,29,0,0,6,,29,122,28,13,12,3,9,,1,23,7.19509,2.65605,2.70895,0.978076,0.189683,0.0700211,0.11966215819120407,0.249894,1.26457,0.289695,0.743158,,,3.90341,0.107707,0.125216,748.239990234375,,,,,,,144.90000000000003,4.996551724137932,146,5.0344827586206895,,,,,,,,,,,,,,,,,,,"Jonathan Loaisiga","19753",642528
"Shinnosuke Ogasawara","WSN",1,2,1,4.34493,21,2,0,0,,32,137,32,17,15,4,10,,1,24,6.86595,2.91656,2.35413,1.24303,0.178438,0.075798,0.10264000296592712,0.256394,1.32742,0.287232,0.707785,,,4.43953,0.106424,0.116723,733.9500122070312,,,,,,,119.40000000000002,3.7312500000000006,123,3.84375,,,,,,,,,,,,,,,,,,,"Shinnosuke Ogasawara","sa3058454",829272
"Kevin Kelly","TBR",2,1,0,3.71855,28,0,1,5,,28,117,26,13,12,3,7,,2,24,7.61842,2.13994,3.5601,0.89193,0.203793,0.0572437,0.14654961973428726,0.243124,1.17252,0.288239,0.699785,,,3.60598,0.105875,0.028474,750.8200073242188,,,,,,,148.70000000000002,5.310714285714286,147,5.25,,,,,,,,,,,,,,,,,,,"Kevin Kelly","25679",687330
"Scott Barlow","CIN",1,2,0,4.14313,29,0,0,6,,29,124,26,14,13,4,14,,2,30,9.51337,4.24475,2.24121,1.10618,0.243996,0.108868,0.13512811064720154,0.235144,1.36702,0.293957,0.725256,,,4.14084,0.102372,0.140824,581.469970703125,,,,,,,133.80000000000004,4.613793103448277,129,4.448275862068965,,,,,,,,,,,,,,,,,,,"Scott Barlow","14993",605130
"Brock Burke","LAA",2,1,0,4.17342,30,0,1,6,,30,128,29,15,14,4,11,,1,30,8.87928,3.30508,2.68655,1.27869,0.230668,0.08586,0.14480745792388916,0.247729,1.32552,0.297928,0.729162,,,4.18411,0.102363,0.0365163,999,,,,,,,150.4,5.013333333333334,151,5.033333333333333,,,,,,,,,,,,,,,,,,,"Brock Burke","17968",656271
"Jonah Tong","NYM",0,0,1,4.04766,2,2,0,0,,9,40,9,5,4,1,3,,0,9,8.21604,3.03812,2.70432,1.22437,0.215035,0.0795156,0.1355198323726654,0.24124,1.27085,0.282735,0.730682,,,4.15656,0.102033,0.0346657,999,,,,,,,39.90000000000001,4.4333333333333345,41,4.555555555555555,,,,,,,,,,,,,,,,,,,"Jonah Tong","sa3022324",804636
"Yilber Díaz","ARI",2,1,1,4.31961,16,2,0,0,,25,108,23,13,12,3,12,,1,25,9.03137,4.19027,2.15532,1.03489,0.231871,0.107581,0.1242903545498848,0.238945,1.37922,0.295232,0.703909,,,4.08413,0.10198,0.0819979,734.4600219726562,,,,,,,99.3,3.972,97,3.88,,,,,,,,,,,,,,,,,,,"Yilber Diaz","29271",700270
"DL Hall","MIL",1,1,0,3.92608,28,0,0,5,,28,119,24,13,12,3,13,,1,30,9.88272,4.27415,2.3122,1.04802,0.254626,0.110122,0.1445031464099884,0.232318,1.35554,0.296644,0.73909,,,3.9672,0.101022,0.0937923,725.72998046875,,,,,,,145.90000000000003,5.210714285714287,139,4.964285714285714,,,,,,,,,,,,,,,,,,,"DL Hall","22207",669084
"José Buttó","NYM",2,1,0,3.74058,30,0,1,7,,30,126,25,13,12,3,13,,1,30,8.96541,3.88462,2.30792,1.00458,0.235078,0.101857,0.13322120904922485,0.225701,1.27986,0.27792,0.737011,,,3.98056,0.0983222,0.202288,675.3699951171875,,,,,,,171.1,5.703333333333333,162,5.4,,,,,,,,,,,,,,,,,,,"Jose Butto","23313",676130
"Angel Zerpa","KCR",1,1,0,3.94928,30,0,0,6,,30,127,30,14,13,3,10,,1,25,7.65473,3.01563,2.53835,0.917149,0.197744,0.0779026,0.11984173953533173,0.258185,1.34788,0.306663,0.722623,,,3.84257,0.0951146,0.132257,750.5700073242188,,,,,,,148.1,4.9366666666666665,152,5.066666666666666,,,,,,,,,,,,,,,,,,,"Angel Zerpa","22717",672582
"Ian Gibaut","CIN",1,2,0,4.57728,31,0,0,6,,31,134,31,17,16,4,13,,1,29,8.43819,3.78765,2.22781,1.20568,0.214267,0.0961781,0.1180887296795845,0.256072,1.42252,0.305515,0.704234,,,4.34248,0.0944066,-0.0120264,999,,,,,,,139.6,4.503225806451613,143,4.612903225806452,,,,,,,,,,,,,,,,,,,"Ian Gibaut","17871",664139
"Matt Festa","CLE",2,1,0,4.43057,30,0,0,7,,30,128,28,16,15,4,12,,1,30,8.89998,3.57225,2.49142,1.14121,0.230173,0.0923863,0.13778696209192276,0.244398,1.33815,0.297722,0.691915,,,4.08961,0.0936369,-0.100318,999,,,,,,,149,4.966666666666667,147,4.9,,,,,,,,,,,,,,,,,,,"Matt Festa","19330",670036
"Bryan Hudson","MIL",2,1,0,3.3778,27,0,0,2,,27,111,21,11,10,3,11,,1,28,9.34033,3.68655,2.53363,0.966818,0.248652,0.0981408,0.15051137655973434,0.216796,1.21512,0.271599,0.758105,,,3.77951,0.0936068,0.133339,999,,,,,,,136.3,5.048148148148148,124,4.592592592592593,,,,,,,,,,,,,,,,,,,"Bryan Hudson","19924",663542
"Jacob Latz","TEX",2,2,1,4.46257,28,3,0,2,,37,165,34,20,19,5,21,,1,36,8.738,4.95676,1.76285,1.17836,0.220182,0.124901,0.09528052806854248,0.23874,1.46336,0.287299,0.722155,,,4.60478,0.0931611,0.0431532,999,,,,,,,137.9,3.7270270270270274,134,3.6216216216216215,,,,,,,,,,,,,,,,,,,"Jacob Latz","21306",656641
"Yennier Cano","BAL",1,1,0,3.4082,26,0,0,2,,26,109,24,11,10,2,9,,1,25,8.77496,3.01777,2.90776,0.839354,0.232339,0.079903,0.15243612229824066,0.238593,1.24718,0.297286,0.7483,,,3.46994,0.0929218,0.0754614,658.75,,,,,,,133.4,5.130769230769231,132,5.076923076923077,,,,,,,,,,,,,,,,,,,"Yennier Cano","25911",666974
"Seranthony Domínguez","BAL",2,2,0,4.03266,32,0,1,8,,32,134,27,15,14,5,13,,1,35,9.86142,3.82371,2.57902,1.29132,0.257972,0.100027,0.15794464200735092,0.229239,1.29035,0.284671,0.737337,,,4.17345,0.0925697,0.0978329,530.4600219726562,,,,,,,170.10000000000002,5.315625000000001,160,5,,,,,,,,,,,,,,,,,,,"Seranthony Dominguez","19249",622554
"Logan Evans","SEA",1,1,1,4.37244,10,2,0,0,,20,86,20,10,10,2,7,,1,15,6.95098,3.17861,2.1868,1.05636,0.178394,0.0815774,0.09681616723537445,0.258543,1.36788,0.295661,0.697772,,,4.27904,0.0925201,-0.0344386,999,,,,,,,77.4,3.87,80,4,,,,,,,,,,,,,,,,,,,"Logan Evans","33699",688138
"Anthony DeSclafani","ARI",1,3,1,4.63636,24,2,1,0,,35,148,38,20,18,5,8,,1,27,7.09091,2.18182,3.25,1.36364,0.185714,0.0571429,0.12857143208384514,0.274809,1.33333,0.31,0.675676,,,4.29598,0.0907041,-0.0207232,999,,,,,,,130.7,3.734285714285714,142,4.057142857142857,,,,,,,,,,,,,,,,,,,"Anthony DeSclafani","13050",543101
"Alex Wood",,1,1,1,4.70277,3,3,0,0,,17,76,18,10,9,2,7,,1,14,7.0318,3.43584,2.0466,1.26972,0.17742,0.0866902,0.09073009341955185,0.263045,1.42044,0.296601,0.697075,,,4.72043,0.0904239,0.0387853,999,,,,,,,58.40000000000002,3.43529411764706,63,3.7058823529411766,,,,,,,,,,,,,,,,,,,"Alex Wood","13781",622072
"Daniel Lynch IV","KCR",2,2,0,4.2707,31,1,1,7,,36,154,36,19,17,5,11,,2,28,7.07538,2.85677,2.47671,1.12732,0.183647,0.0741497,0.10949753224849701,0.257161,1.32482,0.293462,0.703839,,,4.23004,0.0864991,0.056273,689.6500244140625,,,,,,,161.30000000000004,4.480555555555557,165,4.583333333333333,,,,,,,,,,,,,,,,,,,"Daniel Lynch IV","21537",663738
"Keaton Winn","SFG",1,2,0,3.88981,24,1,0,0,,28,118,27,13,12,3,8,,2,25,8.11652,2.698,3.00835,0.938822,0.213527,0.0709782,0.14254918694496155,0.247516,1.25697,0.2981,0.708582,,,3.70523,0.0852932,0.102457,727.4099731445312,,,,,,,120.10000000000004,4.2892857142857155,121,4.321428571428571,,,,,,,,,,,,,,,,,,,"Keaton Winn","23499",676775
"Cade Gibson","MIA",0,0,0,4.23717,29,0,0,6,,29,132,27,15,14,3,12,,2,29,8.98199,3.81823,2.35239,1.01665,0.222459,0.0945672,0.1278921589255333,0.231737,1.35326,0.281597,0.693479,,,3.98831,0.0826194,0.0181547,999,,,,,,,147.5,5.086206896551724,146,5.0344827586206895,,,,,,,,,,,,,,,,,,,"Cade Gibson","31815",806188
"Cole Winn","TEX",0,0,0,4.23717,27,0,0,5,,27,122,25,14,13,3,12,,1,27,8.98199,3.81823,2.35239,1.01665,0.222459,0.0945672,0.1278921589255333,0.231737,1.35326,0.281597,0.693479,,,3.98831,0.0822316,-0.0420357,999,,,,,,,132.9,4.9222222222222225,131,4.851851851851852,,,,,,,,,,,,,,,,,,,"Cole Winn","22113",668390
"Dietrich Enns","DET",1,2,1,4.36484,22,2,0,0,,26,113,26,14,13,3,10,,1,23,7.78102,3.39753,2.2902,1.15284,0.200702,0.0876352,0.11306697875261307,0.254295,1.36985,0.297025,0.707838,,,4.23592,0.0816767,0.00505521,999,,,,,,,100.9,3.880769230769231,104,4,,,,,,,,,,,,,,,,,,,"Dietrich Enns","13932",608650
"Ian Hamilton","NYY",1,1,0,3.45791,26,0,0,4,,26,112,23,11,10,2,11,,1,29,9.88482,3.72871,2.651,0.775433,0.259144,0.0977532,0.16139081120491028,0.228043,1.27474,0.299102,0.742663,,,3.4025,0.0803532,0.0395678,748.9000244140625,,,,,,,146,5.615384615384615,142,5.461538461538462,,,,,,,,,,,,,,,,,,,"Ian Hamilton","19261",641656
"Steven Okert","HOU",2,1,0,4.11021,29,0,0,6,,29,121,25,14,13,4,11,,2,32,9.94202,3.50139,2.83944,1.33562,0.261277,0.0920169,0.16926001757383347,0.229994,1.25823,0.285334,0.725228,,,4.15006,0.0782101,0.023223,999,,,,,,,149.40000000000003,5.151724137931035,142,4.896551724137931,,,,,,,,,,,,,,,,,,,"Steven Okert","13580",595345
"Chase Silseth","LAA",1,2,1,4.45623,22,2,0,0,,33,142,31,18,16,5,15,,1,31,8.41216,3.98783,2.10946,1.29185,0.215929,0.102362,0.11356660723686218,0.242723,1.37581,0.285469,0.712953,,,4.53837,0.0769299,0.0829755,742.2000122070312,,,,,,,116.10000000000005,3.51818181818182,114,3.4545454545454546,,,,,,,,,,,,,,,,,,,"Chase Silseth","30074",681217
"Huascar Brazobán","NYM",1,1,0,3.88838,29,0,0,6,,29,124,25,14,12,3,13,,2,29,9.2033,4.18552,2.19884,0.936896,0.237987,0.108233,0.129753939807415,0.229311,1.3309,0.287542,0.726727,,,3.95496,0.0761429,0.0248435,999,,,,,,,149.70000000000002,5.162068965517242,143,4.931034482758621,,,,,,,,,,,,,,,,,,,"Huascar Brazoban","6107",623211
"Caden Dana","LAA",2,3,2,4.86133,21,5,0,0,,42,179,40,24,22,7,16,,2,36,7.78158,3.42406,2.27262,1.62096,0.200444,0.0881997,0.11224476993083954,0.249757,1.34919,0.278275,0.694663,,,5.00031,0.0757733,0.0522497,665.7100219726562,,,,,,,138.70000000000002,3.3023809523809526,137,3.261904761904762,,,,,,,,,,,,,,,,,,,"Caden Dana","31508",702674
"Alek Manoah","TOR",1,1,1,4.27746,8,2,0,0,,15,64,13,8,7,2,6,,1,15,8.78854,3.53843,2.48374,1.30711,0.227681,0.0916684,0.1360122486948967,0.236784,1.29597,0.281515,0.713288,,,4.44723,0.0753367,0.0289408,750.8499755859375,,,,,,,61.60000000000001,4.106666666666667,58,3.8666666666666667,,,,,,,,,,,,,,,,,,,"Alek Manoah","26410",666201
"Brady Basso","ATH",1,1,0,4.07334,11,1,0,0,,14,60,14,7,6,2,4,,0,13,8.25055,2.62329,3.14511,1.23209,0.218921,0.0696068,0.14931444078683853,0.246762,1.2448,0.290573,0.714861,,,4.00255,0.0745836,0.0462021,750.5599975585938,,,,,,,56.60000000000003,4.042857142857145,58,4.142857142857143,,,,,,,,,,,,,,,,,,,"Brady Basso","25582",669620
"Brendon Little","TOR",1,1,0,3.72319,30,0,1,7,,30,132,28,14,13,3,14,,2,29,8.54535,4.12285,2.07268,0.866394,0.219169,0.105742,0.11342721432447433,0.237925,1.36662,0.292941,0.744377,,,3.97737,0.0741895,0.0949952,999,,,,,,,155.3,5.176666666666667,154,5.133333333333334,,,,,,,,,,,,,,,,,,,"Brendon Little","21574",663893
"Cam Schlittler","NYY",0,0,1,4.58943,2,2,0,0,,10,43,10,5,5,1,4,,0,8,7.24225,3.5767,2.02484,1.31318,0.186396,0.0920547,0.09434159845113754,0.250612,1.37058,0.282094,0.699902,,,4.67313,0.0737182,0.103399,999,,,,,,,39.7,3.97,41,4.1,,,,,,,,,,,,,,,,,,,"Cam Schlittler","sa3021981",693645
"Andrew Chafin","WSN",1,1,0,3.97332,25,0,0,2,,25,107,22,12,11,3,12,,1,28,10.3375,4.37609,2.36228,0.921195,0.265945,0.11258,0.15336497873067856,0.234338,1.37687,0.30917,0.727156,,,3.67234,0.0712076,0.0245942,999,,,,,,,115.89999999999999,4.635999999999999,111,4.44,,,,,,,,,,,,,,,,,,,"Andrew Chafin","12988",605177
"Braydon Fisher","TOR",0,0,0,4.23717,28,0,0,5,,28,126,26,15,13,3,12,,1,28,8.98199,3.81823,2.35239,1.01665,0.222459,0.0945672,0.1278921514749527,0.231737,1.35326,0.281597,0.693479,,,3.98831,0.0697931,-0.0929782,999,,,,,,,139.70000000000005,4.989285714285716,138,4.928571428571429,,,,,,,,,,,,,,,,,,,"Braydon Fisher","24609",680755
"Tobias Myers","MIL",1,1,1,4.32962,14,2,0,0,,21,88,20,11,10,3,7,,1,18,7.99428,2.89071,2.76551,1.44989,0.209496,0.0757534,0.13374297320842743,0.24891,1.28678,0.28428,0.719798,,,4.48367,0.066783,0.0878659,355.45001220703125,,,,,,,78.5,3.738095238095238,78,3.7142857142857144,,,,,,,,,,,,,,,,,,,"Tobias Myers","22191",668964
"Landon Knack","LAD",1,1,0,4.30273,15,1,0,0,,19,81,18,10,9,3,7,,1,18,8.68326,3.11485,2.7877,1.39012,0.22844,0.0819458,0.1464942991733551,0.241989,1.27509,0.284785,0.713451,,,4.31558,0.0637381,-0.0085698,531.1900024414062,,,,,,,68.89999999999999,3.6263157894736837,68,3.5789473684210527,,,,,,,,,,,,,,,,,,,"Landon Knack","27487",689017
"Patrick Sandoval","BOS",1,1,0,3.9634,6,1,0,0,,10,41,9,5,4,1,4,,0,9,8.63276,3.78165,2.2828,0.918686,0.223597,0.0979487,0.12564874440431595,0.237028,1.33083,0.290783,0.717351,,,3.83616,0.0627258,0.0374385,749.510009765625,,,,,,,44.300000000000004,4.430000000000001,43,4.3,,,,,,,,,,,,,,,,,,,"Patrick Sandoval","19447",663776
"Jhonathan Díaz","SEA",1,1,0,4.1183,18,1,0,0,,22,95,21,11,10,2,8,,1,18,7.44052,3.4431,2.161,0.82467,0.190605,0.0882026,0.10240281373262405,0.251476,1.36022,0.298394,0.700392,,,3.97074,0.0626958,0.0744669,999,,,,,,,92.60000000000002,4.20909090909091,93,4.2272727272727275,,,,,,,,,,,,,,,,,,,"Jhonathan Diaz","20298",646242
"David Morgan","SDP",0,0,0,4.23717,28,0,0,5,,28,126,26,15,13,3,12,,1,28,8.98199,3.81823,2.35239,1.01665,0.222459,0.0945672,0.1278921514749527,0.231737,1.35326,0.281597,0.693479,,,3.98831,0.0616398,-0.0966513,999,,,,,,,139.70000000000005,4.989285714285716,138,4.928571428571429,,,,,,,,,,,,,,,,,,,"David Morgan","31616",688158
"Chase Shugart","PIT",1,1,0,4.36554,28,0,0,6,,28,123,29,15,14,3,11,,1,23,7.32973,3.45302,2.1227,1.03194,0.187288,0.088231,0.09905683249235153,0.258299,1.39708,0.300151,0.703439,,,4.22076,0.0614422,-0.0244112,999,,,,,,,128.9,4.603571428571429,135,4.821428571428571,,,,,,,,,,,,,,,,,,,"Chase Shugart","21544",663767
"Rhett Lowder","CIN",1,1,0,4.35737,6,1,0,0,,9,39,9,5,4,1,3,,0,7,7.32136,2.9861,2.45182,1.21597,0.189657,0.0773538,0.11230351030826569,0.256408,1.33663,0.292807,0.706223,,,4.32427,0.0613892,0.0466986,537.4199829101562,,,,,,,35.90000000000001,3.9888888888888903,37,4.111111111111111,,,,,,,,,,,,,,,,,,,"Rhett Lowder","33876",695076
"Steven Cruz","KCR",1,1,0,4.13847,29,0,0,5,,29,127,27,15,13,3,14,,1,27,8.37576,4.42827,1.89143,0.828558,0.212728,0.11247,0.100258469581604,0.241102,1.41654,0.296053,0.711933,,,4.04022,0.060545,0.00349421,999,,,,,,,136.5,4.706896551724138,135,4.655172413793103,,,,,,,,,,,,,,,,,,,"Steven Cruz","23165",674444
"John King","STL",2,2,0,3.81738,29,0,0,6,,29,126,32,13,12,3,8,,1,19,5.78076,2.61267,2.21258,0.773567,0.14891,0.0673012,0.08160846680402756,0.271048,1.37233,0.305192,0.727871,,,3.88073,0.0584272,0.134707,999,,,,,,,129.5,4.4655172413793105,141,4.862068965517241,,,,,,,,,,,,,,,,,,,"John King","22051",667463
"Tristan Beck","SFG",1,1,0,3.93853,25,0,0,2,,25,104,24,12,11,3,7,,1,21,7.7682,2.576,3.01561,1.03982,0.204764,0.0679016,0.13686290383338928,0.251921,1.26619,0.296923,0.715766,,,3.8354,0.058199,0.0141051,750.1099853515625,,,,,,,111.69999999999999,4.468,112,4.48,,,,,,,,,,,,,,,,,,,"Tristan Beck","21584",663941
"Hunter Harvey","KCR",1,1,0,3.5634,18,0,0,0,,18,73,16,8,7,2,5,,1,19,9.57203,2.55772,3.7424,0.896978,0.257689,0.0688566,0.188832588493824,0.232882,1.16761,0.297983,0.717111,,,3.254,0.0581038,0.0257809,709.6199951171875,,,,,,,87.00000000000003,4.833333333333335,84,4.666666666666667,,,,,,,,,,,,,,,,,,,"Hunter Harvey","15507",640451
"José Alvarado","PHI",1,1,0,3.34516,15,0,0,0,,15,62,12,6,6,1,6,,1,17,10.5156,3.87939,2.71064,0.749211,0.278105,0.102598,0.1755075827240944,0.220614,1.25475,0.298326,0.747445,,,3.23202,0.0579229,0.0397565,508.6300048828125,,,,,,,80.5,5.366666666666666,75,5,,,,,,,,,,,,,,,,,,,"Jose Alvarado","17780",621237
"Blake Treinen","LAD",1,1,0,3.3779,17,0,0,0,,17,69,14,7,6,2,5,,1,18,10.028,2.73589,3.66535,0.960752,0.269619,0.073559,0.19606048613786697,0.230819,1.17732,0.299136,0.748499,,,3.29006,0.0577534,0.0335761,483.94000244140625,,,,,,,82.80000000000001,4.870588235294118,77,4.529411764705882,,,,,,,,,,,,,,,,,,,"Blake Treinen","12572",595014
"Emmet Sheehan","LAD",1,1,1,4.31221,6,2,0,0,,15,63,11,8,7,3,7,,0,16,9.54491,4.17299,2.28731,1.50626,0.255738,0.111807,0.14393041282892227,0.206402,1.22051,0.241696,0.709501,,,4.57895,0.0575986,0.0863299,749.719970703125,,,,,,,56.49999999999999,3.766666666666666,47,3.1333333333333333,,,,,,,,,,,,,,,,,,,"Emmet Sheehan","29839",686218
"Brandon Young","BAL",1,1,0,4.17842,12,1,0,0,,16,69,15,8,8,2,6,,1,15,8.31555,3.07384,2.70527,1.21073,0.217612,0.0804399,0.13717161864042282,0.247381,1.29804,0.292724,0.714964,,,4.12288,0.0558094,0.0838688,740.260009765625,,,,,,,63.80000000000001,3.9875000000000007,63,3.9375,,,,,,,,,,,,,,,,,,,"Brandon Young","27819",687064
"Liam Hendriks","BOS",1,1,0,3.87544,20,0,0,0,,20,85,18,10,9,3,6,,1,23,10.1558,2.79756,3.63023,1.22843,0.272333,0.0750181,0.1973148137331009,0.232813,1.19569,0.295119,0.724309,,,3.62997,0.0550433,-0.00126396,267.6600036621094,,,,,,,89.3,4.465,86,4.3,,,,,,,,,,,,,,,,,,,"Liam Hendriks","3548",521230
"Chase Petty","CIN",1,1,1,4.8861,10,2,0,0,,16,70,17,9,9,2,6,,1,13,7.28374,3.55506,2.04884,1.32664,0.184647,0.0901229,0.0945243090391159,0.261948,1.42782,0.296509,0.685831,,,4.702,0.0544157,0.0443525,999,,,,,,,54.60000000000001,3.4125000000000005,59,3.6875,,,,,,,,,,,,,,,,,,,"Chase Petty","30170",695534
"Victor Vodnik","COL",2,2,0,4.58744,30,0,1,5,,30,132,30,16,15,3,15,,1,28,8.55802,4.63097,1.848,0.975058,0.212738,0.115118,0.09761963784694672,0.257484,1.52366,0.314967,0.706729,,,4.24252,0.0542888,0.138741,599.469970703125,,,,,,,140.1,4.67,144,4.8,,,,,,,,,,,,,,,,,,,"Victor Vodnik","24614",680767
"Tink Hence","STL",0,0,0,4.37752,1,1,0,0,,5,20,4,2,2,1,2,,0,4,7.77339,3.05313,2.54604,1.1522,0.20335,0.0798691,0.12348074465990067,0.249199,1.3051,0.290499,0.689612,,,4.13538,0.0541771,0.107753,999,,,,,,,16.299999999999997,3.2599999999999993,14,2.8,,,,,,,,,,,,,,,,,,,"Tink Hence","sa3014709",693311
"Thomas Harrington","PIT",1,0,0,4.2892,8,1,0,0,,11,46,11,6,5,1,3,,0,9,7.50287,2.40647,3.1178,1.19513,0.197615,0.0633829,0.13423195481300354,0.255226,1.26461,0.293947,0.692121,,,4.07689,0.0526853,0.0353889,581.8400268554688,,,,,,,49.50000000000001,4.500000000000001,51,4.636363636363637,,,,,,,,,,,,,,,,,,,"Thomas Harrington","31989",802419
"Albert Suárez","BAL",1,1,0,4.35579,16,1,0,0,,20,87,20,11,10,3,7,,1,18,7.96418,2.99012,2.6635,1.24686,0.206826,0.0776519,0.12917394936084747,0.2559,1.333,0.298625,0.708435,,,4.21833,0.0525849,-0.0413151,653.8599853515625,,,,,,,71.1,3.5549999999999997,73,3.65,,,,,,,,,,,,,,,,,,,"Albert Suarez","6175",544150
"Andrew Morris","MIN",1,1,0,4.03383,8,1,0,0,,11,45,11,5,5,1,3,,0,9,7.53636,2.48928,3.02752,1.10304,0.198659,0.0656177,0.13304119557142258,0.258084,1.28887,0.300343,0.717535,,,3.88095,0.0514071,-0.0430043,999,,,,,,,49.50000000000001,4.500000000000001,51,4.636363636363637,,,,,,,,,,,,,,,,,,,"Andrew Morris","sa3020569",702193
"Jordan Hicks","BOS",1,2,0,4.10619,27,0,0,5,,27,119,26,14,12,2,12,,2,24,7.96041,3.93512,2.02291,0.810258,0.202456,0.100081,0.1023745983839035,0.248021,1.39703,0.300408,0.708985,,,3.98229,0.0512938,0.0128633,465.57000732421875,,,,,,,133.60000000000002,4.948148148148149,135,5,,,,,,,,,,,,,,,,,,,"Jordan Hicks","19618",663855
"Hurston Waldrep","ATL",1,1,1,4.93684,2,2,0,0,,13,60,14,8,7,2,6,,1,11,7.21415,4.30285,1.6766,1.20981,0.179564,0.1071,0.07246378064155579,0.260154,1.50135,0.296548,0.689264,,,4.82042,0.0511462,0.0127832,716.9400024414062,,,,,,,36.199999999999996,2.7846153846153845,40,3.076923076923077,,,,,,,,,,,,,,,,,,,"Hurston Waldrep","33527",694462
"Dane Dunning","TEX",1,1,0,4.3351,22,1,0,0,,25,108,24,13,12,3,9,,2,23,8.30635,3.21892,2.58048,1.16621,0.213994,0.0829279,0.13106569647789001,0.251779,1.33688,0.299517,0.703885,,,4.19348,0.0510822,0.00664552,740.989990234375,,,,,,,98.69999999999999,3.9479999999999995,99,3.96,,,,,,,,,,,,,,,,,,,"Dane Dunning","19409",641540
"Kolby Allard","CLE",1,2,1,4.43697,25,2,0,0,,32,137,33,17,16,5,11,,1,26,7.37763,3.0354,2.43053,1.3484,0.189607,0.0780107,0.11159662157297134,0.265056,1.38675,0.300897,0.722928,,,4.48365,0.0506383,0.0365888,999,,,,,,,105.50000000000001,3.2968750000000004,111,3.46875,,,,,,,,,,,,,,,,,,,"Kolby Allard","18694",663465
"Freddy Tarnok","MIA",0,0,0,4.21017,21,1,0,0,,23,102,21,12,11,3,9,,1,23,8.87286,3.70708,2.39349,1.04625,0.221451,0.0925221,0.1289285272359848,0.23305,1.34152,0.281755,0.698337,,,4.01228,0.0505627,-0.0128347,999,,,,,,,94.70000000000002,4.1173913043478265,92,4,,,,,,,,,,,,,,,,,,,"Freddy Tarnok","23324",676206
"Robinson Piña","TOR",0,0,0,4.20757,18,1,0,0,,21,92,19,11,10,2,9,,1,20,8.86233,3.69636,2.39758,1.0491,0.221353,0.0923233,0.1290293186903,0.233178,1.34038,0.281771,0.698813,,,4.01459,0.0497061,-0.0415812,999,,,,,,,91.4,4.352380952380953,89,4.238095238095238,,,,,,,,,,,,,,,,,,,"Robinson Pina","23091",673820
"Joe La Sorsa","CIN",0,0,0,5.17456,14,0,0,0,,14,58,14,9,8,1,3,,1,11,7.0576,1.92273,3.67062,0.760605,0.1873,0.0510269,0.13627324625849724,0.257499,1.22282,0.303122,0.541305,,,3.41684,0.0490725,-0.0518382,999,,,,,,,64.9,4.635714285714286,67,4.785714285714286,,,,,,,,,,,,,,,,,,,"Joe La Sorsa","25481",686747
"Tim Hill","NYY",2,1,0,4.07044,28,0,0,5,,28,120,30,14,12,2,8,,1,16,5.20985,2.70934,1.92292,0.76051,0.133124,0.0692302,0.06389417499303818,0.271454,1.38529,0.300147,0.705368,,,4.08693,0.0490328,-0.00550581,999,,,,,,,129.60000000000002,4.628571428571429,139,4.964285714285714,,,,,,,,,,,,,,,,,,,"Tim Hill","16814",657612
"Jordan Wicks","CHC",1,1,1,4.43806,15,2,0,0,,24,101,24,13,12,3,8,,1,20,7.55858,3.23794,2.33438,1.27246,0.194697,0.0834041,0.11129297316074371,0.25771,1.37007,0.295643,0.711587,,,4.42201,0.0479373,0.0319656,701.489990234375,,,,,,,91.30000000000001,3.804166666666667,94,3.9166666666666665,,,,,,,,,,,,,,,,,,,"Jordan Wicks","30094",696136
"Ryne Stanek","NYM",2,2,0,4.01523,31,0,1,8,,31,132,26,15,14,4,15,,1,34,9.84154,4.28549,2.29648,1.18435,0.255291,0.111166,0.14412473887205124,0.226705,1.32928,0.284286,0.737391,,,4.16831,0.047362,0.0575916,745.4500122070312,,,,,,,169.6,5.470967741935484,160,5.161290322580645,,,,,,,,,,,,,,,,,,,"Ryne Stanek","15947",592773
"Wade Miley","CIN",1,1,1,4.52819,9,2,0,0,,18,80,19,10,9,3,7,,1,12,5.68184,3.21768,1.76581,1.33893,0.145563,0.0824339,0.06312912702560425,0.259212,1.37577,0.276186,0.709971,,,4.98167,0.0471171,0.0552185,999,,,,,,,46.90000000000001,2.605555555555556,51,2.8333333333333335,,,,,,,,,,,,,,,,,,,"Wade Miley","8779",489119
"Mason Black","SFG",1,1,0,4.17332,21,1,0,0,,25,105,23,12,11,3,9,,1,23,8.46439,3.40805,2.48364,1.10118,0.218934,0.0881503,0.1307835653424263,0.245871,1.32743,0.295575,0.712205,,,4.1045,0.046536,0.0892489,749.2000122070312,,,,,,,104.3,4.172,102,4.08,,,,,,,,,,,,,,,,,,,"Mason Black","30171",696131
"Robert Stephenson","LAA",1,1,0,3.87741,24,0,0,0,,24,99,20,11,10,4,8,,1,28,10.5267,2.93643,3.58486,1.47465,0.28378,0.0791607,0.20461951941251755,0.226177,1.17682,0.282935,0.747848,,,3.95785,0.0451625,0.0156485,738.4500122070312,,,,,,,105.40000000000003,4.391666666666668,97,4.041666666666667,,,,,,,,,,,,,,,,,,,"Robert Stephenson","13594",596112
"Lou Trivino","LAD",1,1,0,4.36372,23,0,0,2,,23,102,23,12,11,3,10,,1,21,8.22655,3.8288,2.1486,1.01631,0.208963,0.0972557,0.11170738935470581,0.252181,1.40674,0.303174,0.704539,,,4.17262,0.0445923,-0.0357432,999,,,,,,,90.50000000000001,3.9347826086956528,93,4.043478260869565,,,,,,,,,,,,,,,,,,,"Lou Trivino","15043",642152
"Kyle Leahy","STL",1,2,0,4.18292,31,0,1,8,,31,131,29,16,14,3,10,,2,25,7.31898,3.04673,2.40224,1.01564,0.190544,0.0793195,0.11122473329305649,0.247517,1.29572,0.287084,0.694836,,,4.1265,0.0445222,-0.0268238,999,,,,,,,168.09999999999997,5.422580645161289,167,5.387096774193548,,,,,,,,,,,,,,,,,,,"Kyle Leahy","24763",681517
"Jakob Junis","CLE",1,1,0,3.8786,25,0,0,2,,25,105,24,12,11,4,5,,1,23,8.0696,1.90365,4.23901,1.27001,0.217006,0.0511926,0.1658131554722786,0.24944,1.17862,0.290907,0.7239,,,3.88913,0.0438787,0.00465502,664.5499877929688,,,,,,,109.4,4.376,109,4.36,,,,,,,,,,,,,,,,,,,"Jakob Junis","13619",596001
"Kyle Backhus","ARI",0,0,0,4.23717,29,0,0,6,,29,130,27,15,14,3,12,,2,29,8.98199,3.81823,2.35239,1.01665,0.222459,0.0945672,0.1278921440243721,0.231737,1.35326,0.281597,0.693479,,,3.98831,0.0438018,0.00611739,999,,,,,,,147.5,5.086206896551724,146,5.0344827586206895,,,,,,,,,,,,,,,,,,,"Kyle Backhus","29615",679775
"Enyel De Los Santos","ATL",1,1,0,4.16247,29,0,1,5,,29,124,27,15,13,4,11,,2,30,9.22961,3.37154,2.7375,1.2445,0.240544,0.0878697,0.15267392992973328,0.240452,1.29584,0.29352,0.719552,,,4.12671,0.0432719,0.000655099,999,,,,,,,141.20000000000005,4.868965517241381,139,4.793103448275862,,,,,,,,,,,,,,,,,,,"Enyel De Los Santos","18403",660853
"Joe Rock","TBR",0,1,0,4.19566,8,1,0,0,,13,54,13,6,6,2,4,,1,10,7.42731,2.8162,2.63735,1.18934,0.193197,0.0732542,0.11994258314371109,0.256841,1.31863,0.295293,0.716206,,,4.21889,0.0431979,-0.0367967,999,,,,,,,42.8,3.292307692307692,44,3.3846153846153846,,,,,,,,,,,,,,,,,,,"Joe Rock","sa3017755",697812
"Ian Seymour","TBR",1,1,1,4.27637,19,2,0,0,,26,110,24,13,12,4,9,,1,24,8.33967,3.03004,2.75233,1.35318,0.218364,0.0793379,0.13902617245912552,0.244386,1.27785,0.285064,0.713332,,,4.3622,0.0431243,0.0378875,739.4400024414062,,,,,,,98.79999999999998,3.7999999999999994,96,3.6923076923076925,,,,,,,,,,,,,,,,,,,"Ian Seymour","27932",693855
"Andrew Kittredge","BAL",2,1,0,3.85586,28,0,0,5,,28,117,27,13,12,4,8,,1,26,8.23928,2.50795,3.28526,1.216,0.218577,0.0665327,0.15204455703496933,0.248132,1.23971,0.292622,0.736779,,,3.95494,0.0430551,0.0426431,731.8900146484375,,,,,,,132.80000000000007,4.7428571428571455,133,4.75,,,,,,,,,,,,,,,,,,,"Andrew Kittredge","12828",552640
"Kody Funderburk","MIN",1,1,0,3.85253,25,0,0,0,,25,106,23,11,11,2,10,,2,25,9.08315,3.77445,2.40648,0.75952,0.234217,0.0973274,0.13688920438289642,0.238546,1.33102,0.303242,0.713793,,,3.62455,0.0428745,0.0223204,999,,,,,,,114.60000000000001,4.5840000000000005,113,4.52,,,,,,,,,,,,,,,,,,,"Kody Funderburk","24993",681892
"Yariel Rodríguez","TOR",1,2,0,4.3363,28,0,2,7,,28,123,25,15,14,4,13,,1,30,9.31902,4.20069,2.21845,1.20719,0.240646,0.108475,0.13217104226350784,0.230975,1.34076,0.282999,0.708646,,,4.313,0.0407915,-0.130762,600.9400024414062,,,,,,,149.00000000000006,5.321428571428574,144,5.142857142857143,,,,,,,,,,,,,,,,,,,"Yariel Rodriguez","33838",684320
"Quinn Mathews","STL",1,1,0,4.08471,8,1,0,0,,11,47,10,5,5,1,5,,0,10,8.38842,3.96396,2.11617,1.03919,0.216422,0.102271,0.11415141075849533,0.23913,1.35501,0.287752,0.72207,,,4.16696,0.0405407,0.0532249,419.30999755859375,,,,,,,48.10000000000001,4.372727272727274,47,4.2727272727272725,,,,,,,,,,,,,,,,,,,"Quinn Mathews","sa3023407",687273
"Rob Zastryzny","MIL",2,0,0,4.09091,27,0,0,3,,27,114,25,15,12,2,10,,2,25,8.18182,3.27273,2.5,0.818182,0.217391,0.0869565,0.1304347887635231,0.243902,1.27273,0.3,0.634921,,,3.81113,0.0405318,-0.0592614,999,,,,,,,136.20000000000002,5.044444444444445,135,5,,,,,,,,,,,,,,,,,,,"Rob Zastryzny","15094",642239
"Justin Slaten","BOS",1,1,0,3.95897,21,0,2,0,,21,90,20,10,9,3,8,,1,22,9.22269,3.18295,2.89753,1.06901,0.243118,0.0839052,0.15921268612146378,0.23894,1.26753,0.296548,0.716823,,,3.7495,0.0404575,0.0135858,441.3500061035156,,,,,,,93.5,4.4523809523809526,93,4.428571428571429,,,,,,,,,,,,,,,,,,,"Justin Slaten","25648",686580
"Manuel Rodríguez","TBR",1,1,0,3.5253,23,0,0,0,,23,96,21,10,9,2,8,,2,22,8.84765,3.18139,2.78106,0.837018,0.231884,0.0833798,0.14850472658872604,0.238095,1.26286,0.297587,0.739058,,,3.5871,0.0402889,0.0134527,745.9099731445312,,,,,,,105.00000000000003,4.5652173913043494,103,4.478260869565218,,,,,,,,,,,,,,,,,,,"Manuel Rodriguez","20794",655889
"Sean Newcomb","ATH",1,2,0,4.24632,27,0,0,5,,27,119,25,14,13,3,14,,2,28,9.31514,4.71672,1.97492,0.99321,0.234002,0.118487,0.11551519483327866,0.242725,1.45681,0.30488,0.724841,,,4.18957,0.0392425,-0.0444358,713.280029296875,,,,,,,125.9,4.662962962962963,124,4.592592592592593,,,,,,,,,,,,,,,,,,,"Sean Newcomb","16943",656794
"Carson Palmquist","COL",2,2,1,5.33856,11,3,0,0,,24,106,24,15,14,4,11,,1,21,7.94262,4.03282,1.9695,1.62723,0.199507,0.101298,0.0982084646821022,0.259311,1.46687,0.292439,0.677338,,,5.15338,0.0388032,0.0450153,999,,,,,,,72.00000000000003,3.0000000000000013,74,3.0833333333333335,,,,,,,,,,,,,,,,,,,"Carson Palmquist","31612",687223
"Joe Jiménez","ATL",1,1,0,3.68422,18,0,0,0,,18,73,15,8,7,2,6,,1,20,10.3502,3.1118,3.3261,1.02938,0.276763,0.0832093,0.1935533732175827,0.22568,1.19389,0.29424,0.724475,,,3.46206,0.0387691,0.0242952,750.7999877929688,,,,,,,88.60000000000002,4.922222222222223,83,4.611111111111111,,,,,,,,,,,,,,,,,,,"Joe Jimenez","15761",641729
"Justin Topa","MIN",2,1,0,3.67241,26,0,0,3,,26,109,25,11,10,2,8,,1,23,7.89423,2.88211,2.73904,0.846456,0.20653,0.0754023,0.13112757354974747,0.249429,1.28728,0.300427,0.730137,,,3.66216,0.0384797,0.0372315,999,,,,,,,133.8,5.1461538461538465,135,5.1923076923076925,,,,,,,,,,,,,,,,,,,"Justin Topa","15145",623437
"Connor Prielipp","MIN",1,0,0,3.82346,21,0,0,0,,21,88,18,10,9,2,8,,1,22,9.53664,3.51631,2.71212,0.969766,0.250402,0.0923271,0.15807463973760605,0.234167,1.28048,0.297079,0.724761,,,3.66116,0.0384684,-0.00536252,999,,,,,,,101.00000000000001,4.80952380952381,96,4.571428571428571,,,,,,,,,,,,,,,,,,,"Connor Prielipp","sa3020808",687570
"Anthony Banda","LAD",2,1,0,4.16844,28,0,0,6,,28,122,27,14,13,4,11,,1,27,8.5571,3.45171,2.47909,1.17435,0.220572,0.0889732,0.13159925490617752,0.24934,1.35011,0.29911,0.725246,,,4.18044,0.0379033,-0.000254769,999,,,,,,,129.80000000000007,4.635714285714288,130,4.642857142857143,,,,,,,,,,,,,,,,,,,"Anthony Banda","14706",607455
"Eduard Bazardo","SEA",1,1,0,3.98478,29,0,0,5,,29,122,26,14,13,3,10,,1,27,8.49449,3.24236,2.61985,1.08421,0.224216,0.0855834,0.1386323794722557,0.23646,1.26146,0.284222,0.713948,,,3.95714,0.0377521,-0.037105,999,,,,,,,151.10000000000002,5.210344827586208,147,5.068965517241379,,,,,,,,,,,,,,,,,,,"Eduard Bazardo","20997",660825
"Justin Sterner","ATH",1,1,0,4.10453,26,0,0,2,,26,109,23,13,12,4,11,,1,27,9.35952,3.78501,2.47279,1.23759,0.243267,0.0983777,0.14488960057497025,0.235631,1.31762,0.288847,0.730512,,,4.19515,0.0365047,-0.0160389,999,,,,,,,109.39999999999999,4.207692307692307,104,4,,,,,,,,,,,,,,,,,,,"Justin Sterner","27694",686993
"Tyler Uberstine","BOS",0,0,0,4.04766,1,1,0,0,,3,13,3,2,1,0,1,,0,3,8.21604,3.03812,2.70432,1.22437,0.215035,0.0795156,0.1355198249220848,0.24124,1.27085,0.282735,0.730682,,,4.15656,0.0362672,-0.00862148,999,,,,,,,17.400000000000002,5.800000000000001,18,6,,,,,,,,,,,,,,,,,,,"Tyler Uberstine","sa3017643",700413
"Chris Flexen","CHC",1,2,0,4.47733,26,1,0,2,,30,132,32,16,15,4,11,,1,25,7.41003,3.11379,2.37975,1.23599,0.190345,0.0799854,0.1103595495223999,0.262535,1.38192,0.301016,0.70708,,,4.36115,0.0356891,-0.0692854,750.9099731445312,,,,,,,111.60000000000001,3.72,120,4,,,,,,,,,,,,,,,,,,,"Chris Flexen","13896",623167
"Drue Hackenberg","ATL",0,0,0,4.74781,1,1,0,0,,5,20,5,3,2,0,2,,0,4,6.98229,4.24921,1.64319,0.958538,0.175333,0.106703,0.06863047182559967,0.256891,1.47812,0.296499,0.680739,,,4.44318,0.0354559,0.0114909,999,,,,,,,26,5.2,27,5.4,,,,,,,,,,,,,,,,,,,"Drue Hackenberg","sa3023304",802357
"Rich Hill","KCR",0,0,0,4.04766,1,1,0,0,,3,14,3,2,1,0,1,,0,3,8.21604,3.03812,2.70432,1.22437,0.215035,0.0795156,0.1355198249220848,0.24124,1.27085,0.282735,0.730682,,,4.15656,0.0354221,-0.0109145,999,,,,,,,17.400000000000002,5.800000000000001,18,6,,,,,,,,,,,,,,,,,,,"Rich Hill","4806",448179
"Josh Sborz","TEX",1,2,0,4.0266,24,0,0,0,,24,100,21,12,11,3,10,,1,26,9.88118,3.65102,2.70642,1.08249,0.259635,0.0959329,0.1637018695473671,0.232412,1.28676,0.295704,0.715733,,,3.76436,0.0352431,-0.0217408,999,,,,,,,105.10000000000002,4.379166666666667,100,4.166666666666667,,,,,,,,,,,,,,,,,,,"Josh Sborz","18323",622250
"Randy Dobnak","MIN",1,1,0,4.38164,15,1,0,0,,19,82,19,10,9,2,8,,1,15,7.01898,3.8403,1.82772,0.932283,0.177218,0.0969614,0.08025652170181274,0.25945,1.44621,0.300694,0.704761,,,4.28435,0.0349954,-0.0140987,999,,,,,,,69.6,3.663157894736842,72,3.789473684210526,,,,,,,,,,,,,,,,,,,"Randy Dobnak","23798",677976
"Chayce McDermott","BAL",1,1,0,4.06726,11,1,0,0,,14,59,12,7,6,2,7,,1,16,10.3604,4.63558,2.23498,1.12261,0.267839,0.11984,0.14799969643354416,0.224101,1.35264,0.289586,0.731253,,,4.08452,0.0346891,-0.0371896,741.6199951171875,,,,,,,55.800000000000026,3.9857142857142875,52,3.7142857142857144,,,,,,,,,,,,,,,,,,,"Chayce McDermott","29866",694646
"Michel Otañez","ATH",1,1,0,3.94788,21,0,0,0,,21,93,17,10,9,2,13,,1,27,11.4243,5.34686,2.13664,0.839613,0.289101,0.135307,0.1537947654724121,0.219944,1.4146,0.307119,0.730379,,,3.73862,0.0338251,-0.00406867,745.4000244140625,,,,,,,98.60000000000001,4.695238095238095,91,4.333333333333333,,,,,,,,,,,,,,,,,,,"Michel Otanez","22533",671305
"Paxton Schultz","TOR",1,1,0,4.28464,24,1,0,0,,26,113,24,14,12,3,11,,1,26,8.94403,3.81227,2.34612,1.18708,0.230726,0.098344,0.13238249719142914,0.242678,1.35607,0.29468,0.715889,,,4.20506,0.0324669,-0.0629677,999,,,,,,,109.1,4.196153846153846,107,4.115384615384615,,,,,,,,,,,,,,,,,,,"Paxton Schultz","25501",687606
"Ryan Burr","TOR",1,1,0,3.78383,20,0,0,0,,20,82,17,9,8,2,7,,1,22,10.242,3.27188,3.13033,1.1372,0.271158,0.0866231,0.18453538417816162,0.232945,1.24727,0.299432,0.738328,,,3.65975,0.0320216,0.00959873,999,,,,,,,99.2,4.96,94,4.7,,,,,,,,,,,,,,,,,,,"Ryan Burr","17536",621114
"Jorge Alcala","BOS",1,1,0,4.29224,25,0,0,2,,25,107,22,13,12,4,10,,1,26,9.14306,3.5978,2.54129,1.29343,0.239922,0.0944095,0.14551285654306412,0.23169,1.27729,0.27924,0.705242,,,4.26055,0.03166,-0.0035498,999,,,,,,,105.60000000000001,4.224,100,4,,,,,,,,,,,,,,,,,,,"Jorge Alcala","19459",660896
"Connor Noland","CHC",0,0,0,4.04766,1,1,0,0,,3,14,3,2,1,0,1,,0,3,8.21604,3.03812,2.70432,1.22437,0.215035,0.0795156,0.1355198249220848,0.24124,1.27085,0.282735,0.730682,,,4.15656,0.0314643,-0.0202035,999,,,,,,,17.400000000000002,5.800000000000001,18,6,,,,,,,,,,,,,,,,,,,"Connor Noland","sa3020834",690939
"Declan Cronin","MIA",1,1,0,4.22203,24,0,0,0,,24,106,25,12,11,2,10,,1,21,7.94324,3.55319,2.23552,0.713393,0.201577,0.0901697,0.1114068254828453,0.258414,1.40882,0.315565,0.69262,,,3.71227,0.0314424,-0.00334944,999,,,,,,,97.00000000000003,4.041666666666668,103,4.291666666666667,,,,,,,,,,,,,,,,,,,"Declan Cronin","25645",686539
"Joe Ross","PHI",2,2,0,4.29131,29,0,0,5,,29,123,29,15,14,4,10,,1,24,7.54144,3.15335,2.39157,1.20087,0.194642,0.0813868,0.11325513571500778,0.255505,1.34906,0.294574,0.714804,,,4.33158,0.0310918,-0.00688065,739.3200073242188,,,,,,,125.00000000000003,4.310344827586208,128,4.413793103448276,,,,,,,,,,,,,,,,,,,"Joe Ross","12972",605452
"Logan Workman","TBR",0,0,0,4.04766,1,1,0,0,,3,14,3,2,1,0,1,,0,3,8.21604,3.03812,2.70432,1.22437,0.215035,0.0795156,0.1355198249220848,0.24124,1.27085,0.282735,0.730682,,,4.15656,0.030832,-0.0268787,999,,,,,,,17.400000000000002,5.800000000000001,18,6,,,,,,,,,,,,,,,,,,,"Logan Workman","sa3017313",694312
"Ryan Borucki","PIT",1,1,0,3.88887,22,0,0,0,,22,95,21,11,10,2,8,,1,22,8.68434,3.30455,2.62799,0.885674,0.226872,0.0863288,0.14054274559020996,0.240294,1.2876,0.297069,0.711349,,,3.70159,0.0308025,-0.00318774,999,,,,,,,100.60000000000002,4.572727272727274,101,4.590909090909091,,,,,,,,,,,,,,,,,,,"Ryan Borucki","16350",621366
"Spencer Giesting","ARI",0,0,0,4.04766,1,1,0,0,,3,14,3,2,1,0,1,,0,3,8.21604,3.03812,2.70432,1.22437,0.215035,0.0795156,0.13551980257034302,0.24124,1.27085,0.282735,0.730682,,,4.15656,0.0298356,-0.0119145,999,,,,,,,17.400000000000002,5.800000000000001,18,6,,,,,,,,,,,,,,,,,,,"Spencer Giesting","sa3020402",801517
"Casey Lawrence","SEA",0,0,0,4.04766,1,1,0,0,,3,14,3,2,1,0,1,,0,3,8.21604,3.03812,2.70432,1.22437,0.215035,0.0795156,0.13551980257034302,0.24124,1.27085,0.282735,0.730682,,,4.15656,0.0296104,-0.0316582,999,,,,,,,17.400000000000002,5.800000000000001,18,6,,,,,,,,,,,,,,,,,,,"Casey Lawrence","11121",596271
"Gordon Graceffo","STL",2,2,1,4.57246,20,2,0,0,,28,121,30,15,14,4,9,,1,21,6.59382,2.9751,2.21634,1.19717,0.169366,0.0764173,0.0929490476846695,0.266185,1.38615,0.297608,0.694977,,,4.42852,0.0295578,0.0149805,999,,,,,,,92,3.2857142857142856,100,3.5714285714285716,,,,,,,,,,,,,,,,,,,"Gordon Graceffo","29519",700669
"Trevor Stephan","CLE",1,1,0,3.9331,21,0,0,0,,21,89,19,10,9,2,8,,1,22,9.60103,3.45637,2.77778,1.02642,0.25011,0.0900396,0.1600705236196518,0.239387,1.2999,0.30314,0.723438,,,3.75106,0.0286925,-0.00713492,999,,,,,,,98.4,4.685714285714286,96,4.571428571428571,,,,,,,,,,,,,,,,,,,"Trevor Stephan","19932",663986
"Drey Jameson","ARI",2,1,0,4.2383,25,1,0,0,,29,126,29,15,14,3,11,,1,25,7.85099,3.40778,2.30384,1.05179,0.200981,0.0872374,0.1137438639998436,0.25663,1.38325,0.303458,0.714455,,,4.13573,0.0277637,0.00579368,747.8699951171875,,,,,,,116.30000000000001,4.0103448275862075,120,4.137931034482759,,,,,,,,,,,,,,,,,,,"Drey Jameson","26260",686753
"AJ Blubaugh","HOU",1,1,0,4.44399,10,1,0,0,,13,56,13,7,6,2,5,,1,12,8.33483,3.48141,2.3941,1.2883,0.215321,0.0899383,0.1253826692700386,0.248822,1.35074,0.292643,0.707641,,,4.37377,0.0276775,0.0120747,999,,,,,,,43.8,3.369230769230769,45,3.4615384615384617,,,,,,,,,,,,,,,,,,,"AJ Blubaugh","31764",805123
"Jayvien Sandridge","NYY",0,0,0,4.23717,22,0,0,0,,22,96,20,11,10,2,9,,1,21,8.98199,3.81823,2.35239,1.01665,0.222459,0.0945672,0.1278921589255333,0.231737,1.35326,0.281597,0.693479,,,3.98831,0.0270419,-0.0198494,999,,,,,,,98.20000000000002,4.463636363636365,96,4.363636363636363,,,,,,,,,,,,,,,,,,,"Jayvien Sandridge","sa3007621",682144
"Max Lazar","PHI",2,1,0,4.28257,27,0,0,3,,27,113,27,14,13,3,8,,1,22,7.54887,2.68171,2.81495,1.17099,0.198045,0.0703547,0.12769047170877457,0.255141,1.29475,0.294996,0.698845,,,4.08306,0.026943,-0.0276171,999,,,,,,,121.7,4.507407407407407,125,4.62962962962963,,,,,,,,,,,,,,,,,,,"Max Lazar","23426",676661
"Andrew Nardi","MIA",1,1,0,3.80442,12,0,0,0,,12,51,10,6,5,2,5,,1,15,11.1995,3.58894,3.12057,1.15972,0.29659,0.0950436,0.20154667645692825,0.225156,1.24437,0.300854,0.737707,,,3.59044,0.0268253,-0.00167472,748.8300170898438,,,,,,,50.20000000000002,4.1833333333333345,46,3.8333333333333335,,,,,,,,,,,,,,,,,,,"Andrew Nardi","25942",677053
"Clayton Beeter","NYY",1,1,0,3.92518,13,0,0,0,,13,55,11,6,6,2,6,,1,15,10.3108,4.26796,2.41586,1.10068,0.269147,0.111408,0.157738596200943,0.222348,1.30625,0.286867,0.733189,,,3.92608,0.0265033,0.0039797,999,,,,,,,51.99999999999999,3.9999999999999996,48,3.6923076923076925,,,,,,,,,,,,,,,,,,,"Clayton Beeter","27494",690925
"JT Brubaker","NYY",2,2,0,4.38274,26,1,0,2,,30,126,28,16,14,5,10,,1,28,8.36234,3.0944,2.70241,1.40212,0.218125,0.0807148,0.13740992546081543,0.247977,1.30339,0.288647,0.713245,,,4.42129,0.0263523,0.0657186,999,,,,,,,118.7,3.9566666666666666,116,3.8666666666666667,,,,,,,,,,,,,,,,,,,"JT Brubaker","17578",664141
"Jake Palisch","CHW",0,0,0,4.23717,20,0,0,0,,20,89,18,10,9,2,8,,1,20,8.98199,3.81823,2.35239,1.01665,0.222459,0.0945672,0.1278921440243721,0.231737,1.35326,0.281597,0.693479,,,3.98831,0.0261013,-0.0165092,999,,,,,,,89.60000000000001,4.48,87,4.35,,,,,,,,,,,,,,,,,,,"Jake Palisch","31598",669449
"José Fermin","LAA",0,0,0,4.23717,22,0,0,0,,22,99,20,12,10,2,9,,1,22,8.98199,3.81823,2.35239,1.01665,0.222459,0.0945672,0.1278921663761139,0.231737,1.35326,0.281597,0.693479,,,3.98831,0.0259043,-0.0447366,999,,,,,,,100.20000000000002,4.554545454545456,98,4.454545454545454,,,,,,,,,,,,,,,,,,,"Jose Fermin","33908",820862
"Evan Sisk","KCR",1,1,0,3.96595,20,0,0,0,,20,86,18,9,9,2,10,,1,19,8.75664,4.43353,1.97509,0.739706,0.22244,0.112622,0.10981729626655579,0.240461,1.41388,0.302249,0.719812,,,3.83472,0.0254364,0.0252727,999,,,,,,,81.60000000000001,4.08,79,3.95,,,,,,,,,,,,,,,,,,,"Evan Sisk","24995",681895
"Erik Sabrowski","CLE",2,2,0,3.71152,28,0,0,4,,28,123,24,13,12,3,15,,1,33,10.5642,4.89104,2.15992,0.954229,0.27091,0.125426,0.14548398554325104,0.225456,1.3905,0.299136,0.758615,,,3.84187,0.0245626,0.00109648,999,,,,,,,141.90000000000003,5.067857142857144,135,4.821428571428571,,,,,,,,,,,,,,,,,,,"Erik Sabrowski","24978",681870
"Paul Gervase","TBR",0,0,0,4.23717,26,0,0,3,,26,117,24,14,12,3,11,,1,26,8.98199,3.81823,2.35239,1.01665,0.222459,0.0945672,0.1278921440243721,0.231737,1.35326,0.281597,0.693479,,,3.98831,0.0242276,-0.0962175,999,,,,,,,121.1,4.657692307692307,119,4.576923076923077,,,,,,,,,,,,,,,,,,,"Paul Gervase","31571",801434
"Jesus Tinoco","MIA",1,1,0,3.92147,22,0,0,0,,22,95,20,11,10,3,8,,1,22,8.73451,3.33334,2.62035,1.0954,0.228507,0.0872047,0.14130207896232605,0.239087,1.28554,0.290055,0.728096,,,3.9833,0.0236674,-0.00307032,463.9800109863281,,,,,,,90.9,4.131818181818182,88,4,,,,,,,,,,,,,,,,,,,"Jesus Tinoco","16300",622786
"Luis García","LAD",1,1,0,4.0505,26,0,0,4,,26,111,25,13,12,3,9,,1,23,8.09092,3.10203,2.60826,0.98907,0.209963,0.0804991,0.12946362048387527,0.250706,1.31833,0.300462,0.712027,,,3.90858,0.023661,-0.0213687,750.5999755859375,,,,,,,122.5,4.711538461538462,123,4.730769230769231,,,,,,,,,,,,,,,,,,,"Luis Garcia","6984",472610
"Martín Pérez","CHW",0,0,0,4.59418,1,1,0,0,,4,19,5,2,2,1,2,,0,3,6.70642,3.46041,1.93804,1.3346,0.169438,0.0874272,0.08201050013303757,0.267981,1.4498,0.297554,0.720456,,,4.78886,0.0236209,0.0423696,663.3800048828125,,,,,,,4.300000000000001,1.0750000000000002,7,1.75,,,,,,,,,,,,,,,,,,,"Martin Perez","6902",527048
"Travis Adams","MIN",1,2,0,4.56601,25,1,0,0,,28,122,29,16,14,4,9,,1,21,6.65364,2.75238,2.41741,1.21805,0.171688,0.0710215,0.1006668359041214,0.264155,1.35045,0.295226,0.688216,,,4.41883,0.0234764,0.048432,999,,,,,,,94.6,3.3785714285714286,100,3.5714285714285716,,,,,,,,,,,,,,,,,,,"Travis Adams","sa3017991",701519
"Carson Spiers","CIN",1,1,0,5.16509,17,1,0,0,,21,92,23,13,12,4,8,,1,18,7.57965,3.23736,2.34131,1.64033,0.191204,0.0816655,0.10953857004642487,0.271818,1.44596,0.30419,0.690426,,,4.99399,0.0224577,-0.0249199,733.7100219726562,,,,,,,55.400000000000006,2.6380952380952385,62,2.9523809523809526,,,,,,,,,,,,,,,,,,,"Carson Spiers","27685",686730
"Daysbel Hernández","ATL",2,1,0,3.8585,23,0,0,0,,23,100,20,11,10,2,12,,1,25,9.61746,4.81911,1.99569,0.872306,0.24459,0.122559,0.1220308393239975,0.231566,1.41238,0.297552,0.741275,,,3.9528,0.0222256,0.00708342,749.97998046875,,,,,,,104.60000000000002,4.547826086956523,100,4.3478260869565215,,,,,,,,,,,,,,,,,,,"Daysbel Hernandez","20271",678226
"Sean Guenther","DET",1,1,0,3.67415,16,0,0,0,,16,66,16,7,6,1,4,,1,12,7.20475,2.50653,2.87439,0.840873,0.189113,0.0657922,0.12332043796777725,0.254868,1.27385,0.299502,0.726227,,,3.68059,0.0219863,0.0144259,999,,,,,,,73.5,4.59375,76,4.75,,,,,,,,,,,,,,,,,,,"Sean Guenther","20045",674944
"Alex Lange","DET",1,1,0,3.85123,19,0,0,0,,19,83,16,9,8,2,10,,1,21,9.75948,4.90483,1.98977,0.758895,0.248635,0.124957,0.12367837131023407,0.224731,1.38852,0.29372,0.726814,,,3.83471,0.0219082,-0.00479233,748.3300170898438,,,,,,,83.4,4.389473684210526,78,4.105263157894737,,,,,,,,,,,,,,,,,,,"Alex Lange","19883",656638
"Craig Yoho","MIL",1,1,0,3.86139,22,0,0,0,,22,96,19,10,10,2,11,,1,24,9.78848,4.31183,2.27015,0.970383,0.252654,0.111294,0.1413598656654358,0.226659,1.33199,0.290198,0.732944,,,3.93584,0.0218563,0.0202426,999,,,,,,,100.80000000000001,4.581818181818182,96,4.363636363636363,,,,,,,,,,,,,,,,,,,"Craig Yoho","33248",684974
"Matt Manning","DET",1,1,0,4.23645,14,1,0,0,,18,75,17,9,8,2,6,,1,14,7.29291,3.22339,2.2625,1.13919,0.190199,0.084066,0.10613290965557098,0.247827,1.31695,0.283849,0.706564,,,4.28353,0.0217752,0.0236854,747.9199829101562,,,,,,,71.40000000000002,3.9666666666666677,71,3.9444444444444446,,,,,,,,,,,,,,,,,,,"Matt Manning","20369",666159
"Sean Hjelle","SFG",1,1,0,3.97866,21,0,0,0,,21,89,21,10,9,2,6,,1,18,7.66221,2.56277,2.98981,0.840777,0.198697,0.0664581,0.1322392299771309,0.260891,1.31193,0.312043,0.703908,,,3.63815,0.0215276,-0.00238166,749.3499755859375,,,,,,,91.20000000000002,4.342857142857143,94,4.476190476190476,,,,,,,,,,,,,,,,,,,"Sean Hjelle","21481",663546
"Drew Pomeranz","CHC",1,1,0,3.75426,27,0,0,4,,27,117,24,12,11,3,12,,1,28,9.16676,3.97419,2.30657,1.05976,0.23697,0.102737,0.13423313945531845,0.236149,1.34122,0.292476,0.754702,,,4.04304,0.0212851,0.0218253,999,,,,,,,133.5,4.944444444444445,129,4.777777777777778,,,,,,,,,,,,,,,,,,,"Drew Pomeranz","11426",519141
"Gregory Santos","SEA",1,1,0,3.64701,13,0,0,0,,13,56,12,6,5,1,5,,1,12,7.96731,3.62502,2.19786,0.68108,0.205879,0.0936723,0.1122065857052803,0.242268,1.33325,0.296831,0.727439,,,3.67484,0.0207889,-0.00855233,723.1400146484375,,,,,,,58.7,4.515384615384615,58,4.461538461538462,,,,,,,,,,,,,,,,,,,"Gregory Santos","21894",666619
"Forrest Whitley","TBR",2,1,0,4.02926,27,0,0,4,,27,118,24,13,12,3,13,,2,29,9.54307,4.23471,2.25354,0.991148,0.24368,0.108132,0.1355476826429367,0.233943,1.3592,0.296227,0.724114,,,4.05291,0.0206522,-0.0254782,749.3400268554688,,,,,,,129.5,4.796296296296297,125,4.62962962962963,,,,,,,,,,,,,,,,,,,"Forrest Whitley","19586",666215
"Andrew Alvarez","WSN",0,1,0,4.49591,5,1,0,0,,8,37,9,5,4,1,3,,0,6,6.05753,3.58366,1.69032,1.11422,0.153904,0.0910501,0.06285363435745239,0.26272,1.43513,0.289878,0.707037,,,4.62608,0.0202843,0.0428791,999,,,,,,,26.500000000000007,3.312500000000001,30,3.75,,,,,,,,,,,,,,,,,,,"Andrew Alvarez","sa3017531",674841
"Tanner Gordon","COL",1,1,1,5.22912,12,2,0,0,,20,90,24,13,12,4,6,,1,15,6.51768,2.50248,2.60449,1.66899,0.165005,0.063354,0.10165111720561981,0.284954,1.43772,0.308295,0.684308,,,5.00388,0.0202737,0.0593063,999,,,,,,,45.4,2.27,57,2.85,,,,,,,,,,,,,,,,,,,"Tanner Gordon","27669",685299
"Codi Heuer","TEX",0,0,0,4.23717,19,0,0,0,,19,84,17,10,9,2,8,,1,19,8.98199,3.81823,2.35239,1.01665,0.222459,0.0945672,0.1278921663761139,0.231737,1.35326,0.281597,0.693479,,,3.98831,0.0197514,-0.0328441,999,,,,,,,82.8,4.3578947368421055,80,4.2105263157894735,,,,,,,,,,,,,,,,,,,"Codi Heuer","23293",676051
"Josh Walker","PHI",1,1,0,4.11174,12,0,0,0,,12,51,11,6,5,1,6,,0,13,9.52799,4.31732,2.20692,1.0109,0.244674,0.110867,0.13380708545446396,0.237266,1.38493,0.29986,0.723595,,,3.9616,0.0196653,-0.0054399,999,,,,,,,55.90000000000001,4.658333333333334,55,4.583333333333333,,,,,,,,,,,,,,,,,,,"Josh Walker","23617",677020
"Brusdar Graterol","LAD",0,0,0,3.49531,6,0,0,0,,6,24,5,2,2,0,2,,0,5,7.59823,2.57801,2.94732,0.716471,0.202543,0.068721,0.1338217779994011,0.243075,1.22095,0.292707,0.719974,,,3.4015,0.0193225,0.0269658,999,,,,,,,35.400000000000006,5.900000000000001,34,5.666666666666667,,,,,,,,,,,,,,,,,,,"Brusdar Graterol","20367",660813
"Brandon Waddell","NYM",0,0,0,4.23717,27,0,0,4,,27,120,25,14,13,3,11,,1,27,8.98199,3.81823,2.35239,1.01665,0.222459,0.0945672,0.1278921514749527,0.231737,1.35326,0.281597,0.693479,,,3.98831,0.0183708,-0.0464133,999,,,,,,,131.9,4.885185185185185,130,4.814814814814815,,,,,,,,,,,,,,,,,,,"Brandon Waddell","18347",663399
"Nic Enright","CLE",1,1,0,3.95768,20,0,0,0,,20,82,18,9,9,3,6,,1,20,9.22332,2.91256,3.16674,1.22088,0.245311,0.0774646,0.16784603148698807,0.237529,1.23015,0.290235,0.723077,,,3.88097,0.0182031,0.00989619,999,,,,,,,83.3,4.165,80,4,,,,,,,,,,,,,,,,,,,"Nic Enright","25553",663671
"Brooks Raley","NYM",1,1,0,3.87284,23,0,0,0,,23,100,21,11,10,3,10,,1,24,9.22617,3.65842,2.5219,1.12111,0.240642,0.0954209,0.14522111415863037,0.234957,1.3002,0.289802,0.739439,,,4.02181,0.0180249,-0.00986354,999,,,,,,,93.70000000000002,4.073913043478262,91,3.9565217391304346,,,,,,,,,,,,,,,,,,,"Brooks Raley","10061",548384
"Justin Bruihl","TOR",0,0,0,4.23717,22,0,0,0,,22,99,20,12,10,2,9,,1,22,8.98199,3.81823,2.35239,1.01665,0.222459,0.0945672,0.1278921663761139,0.231737,1.35326,0.281597,0.693479,,,3.98831,0.017656,-0.0560556,999,,,,,,,100.20000000000002,4.554545454545456,98,4.454545454545454,,,,,,,,,,,,,,,,,,,"Justin Bruihl","23779",677865
"Trent Thornton","SEA",1,2,0,3.93593,32,0,1,6,,32,134,29,15,14,5,10,,1,31,8.66735,2.71144,3.19658,1.26723,0.230538,0.0721201,0.1584179624915123,0.24036,1.22207,0.286019,0.728542,,,4.02753,0.0173115,-0.000363411,746.989990234375,,,,,,,157.9,4.934375,153,4.78125,,,,,,,,,,,,,,,,,,,"Trent Thornton","17948",663423
"Derek Law","WSN",2,1,0,3.82888,24,0,0,0,,24,101,23,11,10,3,8,,1,20,7.65077,3.11498,2.45612,0.985567,0.199371,0.0811729,0.11819788068532944,0.249847,1.31532,0.294457,0.733982,,,3.96119,0.0172174,0.0166627,733.030029296875,,,,,,,93.90000000000002,3.912500000000001,94,3.9166666666666665,,,,,,,,,,,,,,,,,,,"Derek Law","13133",571882
"Andrew Hoffmann","KCR",0,0,0,4.23717,21,0,0,0,,21,93,19,11,10,2,9,,1,21,8.98199,3.81823,2.35239,1.01665,0.222459,0.0945672,0.1278921440243721,0.231737,1.35326,0.281597,0.693479,,,3.98831,0.0171823,-0.020234,999,,,,,,,93.4,4.447619047619048,91,4.333333333333333,,,,,,,,,,,,,,,,,,,"Andrew Hoffmann","29633",694851
"Jimmy Herget","COL",1,2,0,4.73819,29,0,0,5,,29,126,30,17,15,5,10,,1,24,7.45487,2.95443,2.52328,1.42921,0.191545,0.075911,0.11563385277986526,0.26378,1.37089,0.298034,0.69534,,,4.60702,0.0165363,-0.0127186,750.4099731445312,,,,,,,110.10000000000002,3.796551724137932,115,3.9655172413793105,,,,,,,,,,,,,,,,,,,"Jimmy Herget","17556",623474
"Dauri Moreta","PIT",1,1,0,4.15165,14,0,0,0,,14,58,12,7,6,2,6,,1,14,9.53376,3.68759,2.58536,1.05404,0.248052,0.0959449,0.15210720896720886,0.236841,1.31283,0.298096,0.706281,,,3.85995,0.0162568,-0.00202856,999,,,,,,,54.800000000000026,3.914285714285716,51,3.642857142857143,,,,,,,,,,,,,,,,,,,"Dauri Moreta","21101",664294
"Nick Burdi","BOS",0,0,0,4.23717,18,0,0,0,,18,79,16,9,8,2,7,,1,18,8.98199,3.81823,2.35239,1.01665,0.222459,0.0945672,0.1278921514749527,0.231737,1.35326,0.281597,0.693479,,,3.98831,0.0161987,-0.00113756,999,,,,,,,79.00000000000003,4.38888888888889,76,4.222222222222222,,,,,,,,,,,,,,,,,,,"Nick Burdi","16074",595897
"Tyler Kinley","COL",2,2,0,4.94859,32,0,2,6,,32,139,31,19,17,5,15,,1,33,9.38171,4.33097,2.16619,1.33328,0.236661,0.109252,0.1274092122912407,0.249864,1.45052,0.305405,0.686067,,,4.50097,0.0159756,-0.0244178,477.2099914550781,,,,,,,146.70000000000002,4.5843750000000005,147,4.59375,,,,,,,,,,,,,,,,,,,"Tyler Kinley","18297",641755
"Tyler Gilbert","CHW",1,2,0,4.39254,26,0,0,3,,26,110,26,14,13,3,8,,1,23,8.19304,2.97624,2.75281,1.19153,0.211557,0.0768513,0.13470614701509476,0.258576,1.34557,0.306191,0.702513,,,4.11872,0.0155445,-0.0525501,999,,,,,,,118.9,4.573076923076924,122,4.6923076923076925,,,,,,,,,,,,,,,,,,,"Tyler Gilbert","17964",656457
"Osvaldo Bido","ATH",1,2,1,4.85958,20,2,0,0,,27,116,25,16,14,4,11,,2,22,7.43132,3.6552,2.03308,1.39258,0.190036,0.0934718,0.09656428545713425,0.246932,1.36033,0.277229,0.676243,,,4.88631,0.0149813,-0.0975348,440.82000732421875,,,,,,,90.60000000000002,3.3555555555555565,88,3.259259259259259,,,,,,,,,,,,,,,,,,,"Osvaldo Bido","23150",674370
"Troy Taylor","SEA",1,1,0,4.05309,18,0,0,0,,18,75,16,9,8,2,7,,1,17,8.6673,3.37986,2.5644,1.09531,0.226063,0.0881542,0.13790851086378098,0.241735,1.30325,0.292777,0.718305,,,4.00687,0.0145172,-0.0349217,748.3400268554688,,,,,,,77.00000000000003,4.2777777777777795,74,4.111111111111111,,,,,,,,,,,,,,,,,,,"Troy Taylor","31883",700187
"Dylan Smith","DET",0,0,0,4.23717,23,0,0,0,,23,105,22,12,11,3,10,,1,23,8.98199,3.81823,2.35239,1.01665,0.222459,0.0945672,0.1278921589255333,0.231737,1.35326,0.281597,0.693479,,,3.98831,0.0143667,-0.040811,999,,,,,,,89.10000000000001,3.8739130434782614,89,3.869565217391304,,,,,,,,,,,,,,,,,,,"Dylan Smith","30145",681916
"Matt Gage","DET",1,1,0,4.15385,7,0,0,0,,7,28,6,3,3,1,3,,1,6,8.30769,3.46154,2.4,0.692308,0.226415,0.0943396,0.1320754662156105,0.234043,1.23077,0.294118,0.684932,,,3.62232,0.0133676,0.00831149,999,,,,,,,23.9,3.414285714285714,22,3.142857142857143,,,,,,,,,,,,,,,,,,,"Matt Gage","17381",657424
"Craig Kimbrel","TEX",1,1,0,3.97563,12,0,0,0,,12,51,10,6,5,2,6,,1,14,10.9519,4.40666,2.4853,1.19185,0.284894,0.114632,0.1702621579170227,0.216933,1.29766,0.284405,0.734999,,,4.01124,0.013217,-0.0108704,702.8699951171875,,,,,,,45.20000000000002,3.766666666666668,41,3.4166666666666665,,,,,,,,,,,,,,,,,,,"Craig Kimbrel","6655",518886
"Colin Holderman","PIT",1,1,0,4.10484,15,0,0,0,,15,64,14,7,7,1,7,,1,14,8.76337,4.05257,2.16242,0.920763,0.223208,0.103221,0.11998684704303741,0.243053,1.38468,0.300568,0.716038,,,4.02025,0.0128448,0.0129791,604.5399780273438,,,,,,,66.30000000000001,4.420000000000001,66,4.4,,,,,,,,,,,,,,,,,,,"Colin Holderman","22361",670059
"Easton McGee","MIL",0,0,0,4.23717,14,0,0,0,,14,62,13,7,7,2,6,,1,14,8.98199,3.81823,2.35239,1.01665,0.222459,0.0945672,0.1278921589255333,0.231737,1.35326,0.281597,0.693479,,,3.98831,0.0124687,-0.00682688,999,,,,,,,52.20000000000003,3.728571428571431,51,3.642857142857143,,,,,,,,,,,,,,,,,,,"Easton McGee","22176",668834
"Héctor Neris","LAA",2,2,0,4.11728,26,0,0,2,,26,111,23,13,12,4,11,,1,28,9.57605,3.88535,2.46466,1.29452,0.248475,0.100815,0.1476600095629692,0.234059,1.32095,0.287648,0.735716,,,4.27437,0.0123496,-0.00278514,732.1400146484375,,,,,,,111.39999999999999,4.2846153846153845,106,4.076923076923077,,,,,,,,,,,,,,,,,,,"Hector Neris","11804",593576
"Brent Suter","CIN",1,1,0,4.13454,28,0,0,4,,28,118,28,14,13,4,8,,1,20,6.5517,2.51751,2.60246,1.18302,0.170981,0.0656996,0.10528086870908737,0.260734,1.30606,0.290839,0.71898,,,4.30053,0.0120896,0.011834,999,,,,,,,114.2,4.078571428571428,117,4.178571428571429,,,,,,,,,,,,,,,,,,,"Brent Suter","13942",608718
"Jack Little","LAD",0,0,0,4.23717,12,0,0,0,,12,53,11,6,6,1,5,,1,12,8.98199,3.81823,2.35239,1.01665,0.222459,0.0945672,0.1278921589255333,0.231737,1.35326,0.281597,0.693479,,,3.98831,0.0120101,-0.00986246,999,,,,,,,53.90000000000001,4.491666666666668,53,4.416666666666667,,,,,,,,,,,,,,,,,,,"Jack Little","26152",669193
"Justin Garza","NYM",0,0,0,4.23717,17,0,0,0,,17,74,15,9,8,2,7,,1,17,8.98199,3.81823,2.35239,1.01665,0.222459,0.0945672,0.1278921589255333,0.231737,1.35326,0.281597,0.693479,,,3.98831,0.0115668,-0.0351336,999,,,,,,,72.20000000000002,4.247058823529413,69,4.0588235294117645,,,,,,,,,,,,,,,,,,,"Justin Garza","19784",621057
"Jonathan Pintaro","NYM",0,0,0,4.23717,17,0,0,0,,17,77,16,9,8,2,7,,1,17,8.98199,3.81823,2.35239,1.01665,0.222459,0.0945672,0.1278921514749527,0.231737,1.35326,0.281597,0.693479,,,3.98831,0.0115668,-0.0351336,999,,,,,,,69.60000000000002,4.094117647058825,69,4.0588235294117645,,,,,,,,,,,,,,,,,,,"Jonathan Pintaro","33980",702752
"Colin Selby","BAL",1,1,0,3.97154,21,0,0,0,,21,90,18,10,9,2,9,,1,22,9.5139,3.83188,2.48283,1.00704,0.247551,0.0997053,0.14784561097621918,0.231868,1.30418,0.29263,0.718522,,,3.86973,0.0115308,-0.0115297,999,,,,,,,98.00000000000001,4.666666666666667,93,4.428571428571429,,,,,,,,,,,,,,,,,,,"Colin Selby","24986",681882
"Kyle Hart","SDP",1,1,0,4.5575,12,1,0,0,,15,66,15,8,8,2,5,,1,13,7.56267,3.05826,2.47287,1.35412,0.19617,0.0793288,0.11684076488018036,0.253514,1.32807,0.288153,0.695926,,,4.515,0.0113511,0.0093321,534.030029296875,,,,,,,55.400000000000006,3.693333333333334,57,3.8,,,,,,,,,,,,,,,,,,,"Kyle Hart","19646",606996
"Beau Brieske","DET",1,1,0,4.00665,26,0,0,3,,26,110,24,13,12,3,10,,1,24,8.2366,3.40816,2.41673,1.06741,0.21552,0.0891786,0.1263417825102806,0.239847,1.29721,0.28611,0.719006,,,4.04548,0.0111887,-0.028268,451.94000244140625,,,,,,,120.1,4.619230769230769,118,4.538461538461538,,,,,,,,,,,,,,,,,,,"Beau Brieske","26079",689225
"Cooper Criswell","BOS",1,1,0,4.31414,17,0,0,0,,17,73,18,9,8,2,5,,1,14,7.11984,2.49041,2.8589,1.00628,0.184291,0.0644622,0.11982908844947815,0.263182,1.31612,0.304481,0.685666,,,3.98482,0.0111421,-0.0159284,749.5700073242188,,,,,,,64.40000000000002,3.7882352941176483,69,4.0588235294117645,,,,,,,,,,,,,,,,,,,"Cooper Criswell","24975",681867
"Shawn Dubin","HOU",1,1,0,4.10643,16,0,0,0,,16,69,15,8,7,2,8,,1,16,9.25971,4.40888,2.10024,0.95883,0.234512,0.111659,0.12285225838422775,0.243237,1.4252,0.305834,0.728228,,,4.03684,0.0109336,-0.0182849,999,,,,,,,59.80000000000001,3.7375000000000007,59,3.6875,,,,,,,,,,,,,,,,,,,"Shawn Dubin","24977",681869
"Sam Moll","CIN",1,1,0,4.22821,16,0,0,0,,16,71,15,8,8,2,8,,1,16,8.74055,4.24278,2.0601,0.989587,0.222679,0.108091,0.11458762735128403,0.239854,1.38963,0.294224,0.711323,,,4.17023,0.0108451,0.00676227,999,,,,,,,59.80000000000001,3.7375000000000007,59,3.6875,,,,,,,,,,,,,,,,,,,"Sam Moll","14874",594580
"Eduarniel Núñez","SDP",0,0,0,4.23717,16,0,0,0,,16,74,15,9,8,2,7,,1,16,8.98199,3.81823,2.35239,1.01665,0.222459,0.0945672,0.1278921589255333,0.231737,1.35326,0.281597,0.693479,,,3.98831,0.010844,-0.0504025,999,,,,,,,62.80000000000001,3.9250000000000007,62,3.875,,,,,,,,,,,,,,,,,,,"Eduarniel Nunez","sa3005284",674384
"Davis Daniel","ATL",1,2,0,4.27005,20,0,0,0,,20,85,20,10,9,3,6,,1,17,7.80166,2.68145,2.90949,1.177,0.203755,0.0700313,0.13372398167848587,0.257075,1.30489,0.300129,0.703496,,,4.06253,0.0107808,-0.00717757,747.5900268554688,,,,,,,72.1,3.6049999999999995,74,3.7,,,,,,,,,,,,,,,,,,,"Davis Daniel","27582",669721
"Daniel Robert","PHI",1,1,0,4.2916,18,0,0,0,,18,77,16,9,8,2,7,,1,17,8.77691,3.6813,2.38419,1.17376,0.225653,0.0946457,0.13100754469633102,0.241039,1.33322,0.290912,0.708228,,,4.29149,0.010537,-0.00815985,999,,,,,,,77.00000000000003,4.2777777777777795,74,4.111111111111111,,,,,,,,,,,,,,,,,,,"Daniel Robert","21229",642016
"Sean Reynolds","SDP",1,1,0,4.28417,26,0,0,2,,26,115,24,13,12,3,13,,2,28,9.76079,4.6388,2.10416,0.986463,0.245164,0.116514,0.1286500319838524,0.24391,1.45417,0.31234,0.720184,,,4.06456,0.010528,-0.0252172,999,,,,,,,112.1,4.311538461538461,110,4.230769230769231,,,,,,,,,,,,,,,,,,,"Sean Reynolds","22253",669308
"Riley O'Brien","STL",1,1,0,4.10447,26,0,0,4,,26,116,24,13,12,3,14,,2,27,9.37494,4.72075,1.9859,0.944204,0.235662,0.118668,0.11699465662240982,0.239415,1.44053,0.30271,0.730351,,,4.14679,0.0104189,-0.020383,999,,,,,,,115.1,4.426923076923076,113,4.346153846153846,,,,,,,,,,,,,,,,,,,"Riley O'Brien","20348",676617
"Josiah Gray","WSN",1,1,0,4.8142,8,1,0,0,,10,45,10,6,6,2,4,,0,10,8.24246,3.71813,2.21683,1.48751,0.211763,0.0955251,0.11623771488666534,0.248354,1.37463,0.285344,0.693821,,,4.76069,0.0101033,0.0256112,999,,,,,,,31.4,3.1399999999999997,32,3.2,,,,,,,,,,,,,,,,,,,"Josiah Gray","24580",680686
"Sam Aldegheri","LAA",2,3,1,5.14796,20,2,0,0,,29,130,29,18,17,5,14,,2,25,7.659,4.36465,1.75478,1.48412,0.192326,0.109601,0.08272478729486465,0.251321,1.46181,0.282814,0.682462,,,5.1394,0.0100335,-0.0942847,999,,,,,,,79.70000000000002,2.748275862068966,82,2.8275862068965516,,,,,,,,,,,,,,,,,,,"Sam Aldegheri","26443",691951
"Joel Payamps","MIL",0,1,0,3.82851,9,0,0,0,,9,37,8,4,4,1,3,,0,9,8.64871,2.7512,3.14361,1.1794,0.229764,0.0730893,0.15667494386434555,0.240309,1.22671,0.288244,0.732645,,,3.91469,0.00982961,0.0111087,498.67999267578125,,,,,,,42.500000000000014,4.722222222222224,41,4.555555555555555,,,,,,,,,,,,,,,,,,,"Joel Payamps","14332",606303
"Fraser Ellard","CHW",1,1,0,4.18913,12,0,0,0,,12,54,11,6,6,1,7,,1,13,9.45157,4.84386,1.95125,0.975606,0.240172,0.123086,0.11708585172891617,0.229779,1.40634,0.290024,0.717696,,,4.17608,0.00981125,-0.0099055,750.6699829101562,,,,,,,49.90000000000001,4.158333333333334,49,4.083333333333333,,,,,,,,,,,,,,,,,,,"Fraser Ellard","29530",686642
"Edgardo Henriquez","LAD",0,0,0,4.30018,11,0,0,0,,11,47,9,6,5,1,6,,0,11,9.57279,4.90276,1.95253,1.06184,0.243973,0.124953,0.11902093142271042,0.232233,1.42496,0.2922,0.718865,,,4.19871,0.00976959,-0.0247236,999,,,,,,,49.70000000000001,4.518181818181819,46,4.181818181818182,,,,,,,,,,,,,,,,,,,"Edgardo Henriquez","26944",683618
"Trevor McDonald","SFG",1,1,0,3.92654,17,0,0,0,,17,72,17,8,7,1,6,,1,13,7.14856,3.12983,2.28401,0.73141,0.18418,0.0806387,0.10354107618331909,0.255987,1.34898,0.303049,0.708191,,,3.75575,0.0097038,0.00109038,999,,,,,,,74.30000000000001,4.370588235294118,77,4.529411764705882,,,,,,,,,,,,,,,,,,,"Trevor McDonald","26448",686790
"Yaramil Hiraldo","BAL",0,0,0,4.23717,17,0,0,0,,17,76,16,9,8,2,7,,1,17,8.98199,3.81823,2.35239,1.01665,0.222459,0.0945672,0.1278921440243721,0.231737,1.35326,0.281597,0.693479,,,3.98831,0.00957393,-0.038347,999,,,,,,,69.60000000000002,4.094117647058825,69,4.0588235294117645,,,,,,,,,,,,,,,,,,,"Yaramil Hiraldo","25215",682274
"Brent Headrick","NYY",1,1,0,4.17687,20,0,0,0,,20,84,18,10,9,3,7,,1,21,9.47309,3.22999,2.93285,1.32324,0.249677,0.0851312,0.16454613953828812,0.237277,1.26416,0.289886,0.717842,,,4.09137,0.00939791,-0.0180449,999,,,,,,,82.3,4.115,79,3.95,,,,,,,,,,,,,,,,,,,"Brent Headrick","27702",687396
"Robby Ahlstrom","TEX",0,0,0,4.23717,9,0,0,0,,9,40,8,5,4,1,4,,0,9,8.98199,3.81823,2.35239,1.01665,0.222459,0.0945672,0.1278921589255333,0.231737,1.35326,0.281597,0.693479,,,3.98831,0.00935593,-0.0237497,999,,,,,,,39.500000000000014,4.38888888888889,38,4.222222222222222,,,,,,,,,,,,,,,,,,,"Robby Ahlstrom","sa3018193",695239
"Patrick Murphy","TEX",0,0,0,4.1106,10,0,0,0,,10,45,10,5,5,1,5,,0,10,8.42895,3.93843,2.14018,0.924863,0.216453,0.101138,0.11531510949134827,0.242703,1.37022,0.296026,0.712495,,,3.99927,0.00925128,-0.00905868,999,,,,,,,40.7,4.07,42,4.2,,,,,,,,,,,,,,,,,,,"Patrick Murphy","19712",641907
"Yosver Zulueta","CIN",1,1,0,4.49272,20,0,0,0,,20,88,19,11,10,2,10,,1,19,8.61894,4.64545,1.85535,0.916325,0.214431,0.115574,0.098856620490551,0.250423,1.48835,0.308347,0.702738,,,4.2437,0.00877171,-0.0206192,999,,,,,,,79,3.95,79,3.95,,,,,,,,,,,,,,,,,,,"Yosver Zulueta","27765",691172
"Ryan Fernandez","STL",1,1,0,4.05028,20,0,0,0,,20,84,19,10,9,2,8,,1,19,8.72059,3.71622,2.34663,0.976193,0.224695,0.0957523,0.12894250452518463,0.247152,1.36823,0.303761,0.722692,,,3.89698,0.00868363,-0.0156793,666.4099731445312,,,,,,,85,4.25,85,4.25,,,,,,,,,,,,,,,,,,,"Ryan Fernandez","24862",681676
"Tim Mayza","PIT",1,1,0,4.12152,13,0,0,0,,13,55,13,6,6,1,4,,0,10,7.10588,2.88189,2.4657,0.933009,0.182933,0.0741913,0.10874195396900177,0.26519,1.37042,0.308621,0.712202,,,3.91987,0.00865884,0.0132748,999,,,,,,,58.10000000000001,4.46923076923077,60,4.615384615384615,,,,,,,,,,,,,,,,,,,"Tim Mayza","15042",641835
"Jacob Webb","TEX",1,2,0,4.29942,27,0,0,4,,27,114,24,14,13,4,11,,1,25,8.55139,3.81486,2.2416,1.2104,0.222573,0.0992921,0.12328130006790161,0.234206,1.31385,0.27823,0.705954,,,4.33882,0.00855954,-0.0401006,746.3400268554688,,,,,,,118.20000000000002,4.377777777777778,113,4.185185185185185,,,,,,,,,,,,,,,,,,,"Jacob Webb","19274",657097
"Jackson Rutledge","WSN",1,2,0,4.41983,28,0,0,6,,28,124,27,15,14,3,13,,2,27,8.55412,4.24406,2.01555,1.10069,0.215763,0.107049,0.10871363431215286,0.246293,1.42248,0.297192,0.710231,,,4.40541,0.00852413,-0.0610071,999,,,,,,,133.10000000000002,4.753571428571429,134,4.785714285714286,,,,,,,,,,,,,,,,,,,"Jackson Rutledge","26215",671131
"Brian Van Belle","CIN",0,0,0,4.23717,5,0,0,0,,5,24,5,3,3,1,2,,0,5,8.98199,3.81823,2.35239,1.01665,0.222459,0.0945672,0.1278921589255333,0.231737,1.35326,0.281597,0.693479,,,3.98831,0.00836195,-0.0123703,999,,,,,,,15.7,3.1399999999999997,16,3.2,,,,,,,,,,,,,,,,,,,"Brian Van Belle","sa3014925",687003
"Kendall Graveman","ARI",1,1,0,3.97438,25,0,0,2,,25,109,23,12,11,3,12,,1,24,8.48431,4.22712,2.00711,1.01034,0.215637,0.107437,0.10820084065198898,0.242796,1.40277,0.294401,0.740821,,,4.24366,0.00765096,0.0372103,749.8499755859375,,,,,,,105.3,4.212,103,4.12,,,,,,,,,,,,,,,,,,,"Kendall Graveman","15514",608665
"Eric Reyzelman","NYY",0,0,0,4.23717,6,0,0,0,,6,29,6,3,3,1,3,,0,6,8.98199,3.81823,2.35239,1.01665,0.222459,0.0945672,0.1278921589255333,0.231737,1.35326,0.281597,0.693479,,,3.98831,0.00737506,-0.00541347,999,,,,,,,19.500000000000007,3.2500000000000013,20,3.3333333333333335,,,,,,,,,,,,,,,,,,,"Eric Reyzelman","sa3020611",801432
"Juan Morillo","ARI",0,0,0,4.23717,26,0,0,4,,26,119,25,14,12,3,11,,1,26,8.98199,3.81823,2.35239,1.01665,0.222459,0.0945672,0.1278921589255333,0.231737,1.35326,0.281597,0.693479,,,3.98831,0.00717018,-0.0379595,999,,,,,,,122.5,4.711538461538462,123,4.730769230769231,,,,,,,,,,,,,,,,,,,"Juan Morillo","21924",666661
"Wikelman González","CHW",1,1,0,4.6694,25,0,0,2,,25,110,23,14,13,3,13,,2,24,8.91917,4.81884,1.8509,1.01321,0.223241,0.120612,0.10262858867645264,0.242308,1.46604,0.298878,0.689454,,,4.3612,0.00702277,-0.088127,999,,,,,,,99.3,3.972,97,3.88,,,,,,,,,,,,,,,,,,,"Wikelman Gonzalez","26641",682790
"Josh White","MIA",0,0,0,4.23717,9,0,0,0,,9,41,8,5,4,1,4,,0,9,8.98199,3.81823,2.35239,1.01665,0.222459,0.0945672,0.1278921589255333,0.231737,1.35326,0.281597,0.693479,,,3.98831,0.00699955,-0.0163024,999,,,,,,,39.500000000000014,4.38888888888889,38,4.222222222222222,,,,,,,,,,,,,,,,,,,"Josh White","sa3019953",687985
"Matt Krook","CLE",0,0,0,4.23717,11,0,0,0,,11,50,10,6,5,1,5,,1,11,8.98199,3.81823,2.35239,1.01665,0.222459,0.0945672,0.1278921514749527,0.231737,1.35326,0.281597,0.693479,,,3.98831,0.00674409,-0.0278325,999,,,,,,,47.10000000000001,4.281818181818182,46,4.181818181818182,,,,,,,,,,,,,,,,,,,"Matt Krook","19315",640454
"Grant Holman","ATH",1,1,0,4.04843,14,0,0,0,,14,62,13,7,6,2,6,,1,13,7.89956,3.61149,2.18734,0.96768,0.204795,0.0936274,0.11116758733987808,0.24183,1.32947,0.287658,0.712951,,,4.06926,0.00674354,-0.0131979,745.9000244140625,,,,,,,50.20000000000003,3.585714285714288,49,3.5,,,,,,,,,,,,,,,,,,,"Grant Holman","30002",680880
"Michael Fulmer","CHC",0,0,0,4.11669,7,0,0,0,,7,30,6,3,3,1,3,,0,7,9.16245,3.77937,2.42433,1.08044,0.237139,0.0978164,0.13932275027036667,0.238882,1.33325,0.295421,0.717542,,,4.01758,0.00671213,0.00922065,999,,,,,,,28.900000000000013,4.128571428571431,27,3.857142857142857,,,,,,,,,,,,,,,,,,,"Michael Fulmer","13218",605242
"Zak Kent","CLE",1,1,0,4.11076,18,0,0,0,,18,79,17,9,8,2,8,,1,17,8.57458,3.78978,2.26255,1.01574,0.219803,0.0971484,0.12265508621931076,0.248089,1.38122,0.302109,0.7233,,,4.03857,0.00644596,-0.019718,999,,,,,,,71.40000000000002,3.9666666666666677,71,3.9444444444444446,,,,,,,,,,,,,,,,,,,"Zak Kent","25703",687849
"Franco Aleman","CLE",1,1,0,3.94736,8,0,0,0,,8,35,8,4,4,1,3,,1,8,8.82658,3.34783,2.63651,1.03011,0.229366,0.086996,0.14236968755722046,0.242563,1.30388,0.297609,0.723258,,,3.91216,0.00640629,-0.00876357,999,,,,,,,30.100000000000005,3.7625000000000006,31,3.875,,,,,,,,,,,,,,,,,,,"Franco Aleman","sa3018178",680916
"Luis Contreras","HOU",1,1,0,4.40154,23,0,0,0,,23,99,21,12,11,3,10,,1,23,9.0617,3.96701,2.28426,1.19954,0.231909,0.101525,0.1303844228386879,0.244138,1.38069,0.297673,0.711084,,,4.27788,0.00632188,-0.0421402,999,,,,,,,91.70000000000002,3.986956521739131,89,3.869565217391304,,,,,,,,,,,,,,,,,,,"Luis Contreras","25839",664351
"Joey Lucchesi","SFG",1,1,0,4.32387,13,1,0,0,,16,71,17,8,8,2,6,,1,11,6.34231,3.56406,1.77952,0.975197,0.161401,0.0906994,0.07070182263851166,0.260666,1.42198,0.293834,0.708326,,,4.37358,0.00611451,0.0314339,999,,,,,,,50.60000000000001,3.1625000000000005,55,3.4375,,,,,,,,,,,,,,,,,,,"Joey Lucchesi","19320",664192
"Josh Winckowski","BOS",0,0,0,4.06086,6,0,0,0,,6,25,6,3,3,1,2,,0,5,7.34713,3.03796,2.41844,0.973749,0.18887,0.0780957,0.11077403277158737,0.262509,1.37336,0.307029,0.722586,,,3.98709,0.00603821,-0.000379187,999,,,,,,,20.500000000000007,3.416666666666668,21,3.5,,,,,,,,,,,,,,,,,,,"Josh Winckowski","22387",670174
"Samy Natera Jr.","LAA",0,0,0,4.23717,5,0,0,0,,5,22,5,3,2,1,2,,0,5,8.98199,3.81823,2.35239,1.01665,0.222459,0.0945672,0.1278921589255333,0.231737,1.35326,0.281597,0.693479,,,3.98831,0.00588735,-0.018483,999,,,,,,,15.7,3.1399999999999997,16,3.2,,,,,,,,,,,,,,,,,,,"Samy Natera Jr.","sa3020862",696519
"Tyler Owens","DET",1,1,0,4.5398,20,0,0,0,,20,88,21,11,10,2,7,,1,16,7.08801,3.0199,2.3471,0.966821,0.182439,0.0777294,0.10470915585756302,0.259794,1.35688,0.30099,0.670207,,,4.06176,0.005776,-0.0532834,999,,,,,,,76.80000000000001,3.8400000000000007,82,4.1,,,,,,,,,,,,,,,,,,,"Tyler Owens","26030",687074
"Kyle Nelson","ARI",1,1,0,4.15016,10,0,0,0,,10,43,10,5,5,1,4,,0,9,8.48142,3.41282,2.48517,1.11702,0.219568,0.0883514,0.13121651113033295,0.247881,1.33827,0.297925,0.718794,,,4.08129,0.00577536,-0.0029042,999,,,,,,,41.7,4.17,43,4.3,,,,,,,,,,,,,,,,,,,"Kyle Nelson","20515",669459
"Doug Nikhazy","CLE",1,1,0,4.51837,16,1,0,0,,20,89,19,11,10,3,10,,1,19,8.34196,4.56867,1.82591,1.18849,0.211424,0.115791,0.09563295543193817,0.240876,1.431,0.285216,0.710444,,,4.59872,0.0057612,-0.0338424,999,,,,,,,66.69999999999999,3.3349999999999995,66,3.3,,,,,,,,,,,,,,,,,,,"Doug Nikhazy","30142",680951
"Nate Pearson","CHC",1,1,0,4.24832,25,0,0,0,,25,106,23,13,12,3,10,,1,26,9.34884,3.58838,2.60531,1.27562,0.242581,0.0931102,0.1494705006480217,0.239616,1.31745,0.292798,0.718814,,,4.19266,0.00555157,-0.0399105,703.52001953125,,,,,,,107.3,4.292,105,4.2,,,,,,,,,,,,,,,,,,,"Nate Pearson","20160",663878
"Kyle Amendt","ARI",1,1,0,3.90177,13,0,0,0,,13,56,12,6,6,1,6,,0,14,9.50149,4.44565,2.13726,0.955996,0.244458,0.114379,0.1300787255167961,0.233242,1.37916,0.295823,0.737887,,,3.92356,0.00554329,0.0115182,999,,,,,,,62.7,4.823076923076924,62,4.769230769230769,,,,,,,,,,,,,,,,,,,"Kyle Amendt","sa3022904",694900
"Kevin Herget","ATL",1,1,0,4.21339,22,0,0,0,,22,91,21,11,10,3,6,,1,18,7.716,2.52886,3.05118,1.31729,0.203634,0.0667394,0.1368943229317665,0.252491,1.26391,0.289546,0.712983,,,4.22368,0.00543102,-0.00789533,999,,,,,,,86.30000000000001,3.9227272727272733,86,3.909090909090909,,,,,,,,,,,,,,,,,,,"Kevin Herget","15369",643361
"Ty Madden","DET",0,0,0,4.18031,6,0,0,0,,6,25,6,3,3,1,2,,0,5,8.41412,3.45352,2.43639,1.12726,0.218506,0.0896843,0.1288217380642891,0.245545,1.33081,0.293835,0.714817,,,4.10689,0.00498387,-0.00652338,999,,,,,,,20.500000000000007,3.416666666666668,21,3.5,,,,,,,,,,,,,,,,,,,"Ty Madden","30140",680744
"Zach McCambley","MIA",0,0,0,4.23717,6,0,0,0,,6,27,6,3,3,1,3,,0,6,8.98199,3.81823,2.35239,1.01665,0.222459,0.0945672,0.1278921738266945,0.231737,1.35326,0.281597,0.693479,,,3.98831,0.00466637,-0.00083736,999,,,,,,,19.500000000000007,3.2500000000000013,20,3.3333333333333335,,,,,,,,,,,,,,,,,,,"Zach McCambley","sa3014478",685112
"James McArthur","KCR",0,0,0,4.09085,5,0,0,0,,5,21,5,2,2,1,2,,0,4,7.99779,3.05339,2.61931,0.965405,0.206992,0.0790253,0.12796679139137268,0.253776,1.3289,0.303874,0.708252,,,3.88154,0.00454998,0.0139326,750.3800048828125,,,,,,,13.7,2.7399999999999998,14,2.8,,,,,,,,,,,,,,,,,,,"James McArthur","21527",663704
"Gavin Hollowell","CHC",1,1,0,4.20951,17,0,0,0,,17,75,15,9,8,2,8,,1,19,9.67715,4.29604,2.25257,0.958728,0.248116,0.110148,0.13796842843294144,0.23453,1.36892,0.299662,0.705474,,,3.91427,0.00446143,-0.0321973,999,,,,,,,73.20000000000002,4.305882352941177,70,4.117647058823529,,,,,,,,,,,,,,,,,,,"Gavin Hollowell","25427",668970
"Ryan Johnson","LAA",0,0,0,4.19039,8,0,0,0,,8,32,7,4,3,1,3,,0,7,8.76631,3.53894,2.4771,1.18805,0.225961,0.0912199,0.13474074006080627,0.249467,1.36046,0.301399,0.726723,,,4.15204,0.00438602,-0.00509482,999,,,,,,,33.7,4.2125,32,4,,,,,,,,,,,,,,,,,,,"Ryan Johnson","35325",696270
"Luis Guerrero","BOS",2,2,0,4.4926,27,0,0,3,,27,117,23,15,13,3,14,,1,27,9.05728,4.60776,1.96566,0.94091,0.231279,0.11766,0.11361900717020035,0.231221,1.3872,0.288178,0.680681,,,4.12848,0.00434319,-0.0461823,747.9099731445312,,,,,,,124.10000000000001,4.5962962962962965,117,4.333333333333333,,,,,,,,,,,,,,,,,,,"Luis Guerrero","31184",692285
"Zack Thompson","STL",1,1,0,4.22568,12,0,0,0,,12,51,11,6,5,1,6,,1,12,9.23467,4.36388,2.11616,1.09222,0.234605,0.110864,0.12374157458543777,0.242016,1.41401,0.300098,0.726351,,,4.21284,0.00422294,-0.00940756,999,,,,,,,50.90000000000001,4.241666666666668,50,4.166666666666667,,,,,,,,,,,,,,,,,,,"Zack Thompson","25918",668868
"Jaden Hill","COL",1,1,0,4.69058,17,0,0,0,,17,75,17,10,9,2,7,,1,17,8.91023,3.85967,2.30855,1.10168,0.222708,0.0964713,0.12623707950115204,0.259934,1.45093,0.319072,0.691204,,,4.23507,0.00411364,-0.0189436,999,,,,,,,67.00000000000001,3.941176470588236,69,4.0588235294117645,,,,,,,,,,,,,,,,,,,"Jaden Hill","30250",677955
"José Leclerc","ATH",1,1,0,4.18847,12,0,0,0,,12,52,10,6,6,2,6,,1,14,10.155,4.27407,2.37596,1.21857,0.262451,0.110461,0.1519896537065506,0.228606,1.33729,0.289794,0.724414,,,4.16782,0.00403837,-0.0113125,595.3599853515625,,,,,,,45.20000000000002,3.766666666666668,41,3.4166666666666665,,,,,,,,,,,,,,,,,,,"Jose Leclerc","14524",600917
"Yerry De los Santos","NYY",1,1,0,4.23219,14,0,0,0,,14,60,14,7,7,2,5,,1,11,7.28533,3.07606,2.3684,1.05273,0.188662,0.0796582,0.10900425165891647,0.254538,1.33541,0.294458,0.703515,,,4.14652,0.00398623,-0.0126314,999,,,,,,,46.6,3.3285714285714287,48,3.4285714285714284,,,,,,,,,,,,,,,,,,,"Yerry De los Santos","21420",660787
"Elvis Peguero","MIL",1,1,0,3.97967,17,0,0,0,,17,75,17,8,8,2,8,,1,15,7.8173,3.95208,1.97802,0.874736,0.199457,0.100836,0.09862041473388672,0.247917,1.39838,0.296907,0.727033,,,4.06674,0.00340211,0.00717628,750.5599975585938,,,,,,,60.000000000000014,3.529411764705883,62,3.6470588235294117,,,,,,,,,,,,,,,,,,,"Elvis Peguero","21652",665625
"Dom Hamel","NYM",0,0,0,4.23717,5,0,0,0,,5,24,5,3,3,1,2,,0,5,8.98199,3.81823,2.35239,1.01665,0.222459,0.0945672,0.1278921589255333,0.231737,1.35326,0.281597,0.693479,,,3.98831,0.003402,-0.021525,999,,,,,,,15.7,3.1399999999999997,16,3.2,,,,,,,,,,,,,,,,,,,"Dom Hamel","sa3017949",687589
"Trent Harris","SFG",0,0,0,4.23717,19,0,0,0,,19,84,17,10,9,2,8,,1,19,8.98199,3.81823,2.35239,1.01665,0.222459,0.0945672,0.1278921663761139,0.231737,1.35326,0.281597,0.693479,,,3.98831,0.00333147,-0.0322062,999,,,,,,,82.8,4.3578947368421055,80,4.2105263157894735,,,,,,,,,,,,,,,,,,,"Trent Harris","sa3022526",805345
"Anthony Gose","ARI",0,0,0,4.23717,12,0,0,0,,12,54,11,6,6,1,5,,1,12,8.98199,3.81823,2.35239,1.01665,0.222459,0.0945672,0.1278921514749527,0.231737,1.35326,0.281597,0.693479,,,3.98831,0.00330932,-0.00348504,999,,,,,,,53.90000000000001,4.491666666666668,53,4.416666666666667,,,,,,,,,,,,,,,,,,,"Anthony Gose","5097",543238
"Scott Effross","NYY",2,1,0,4.20619,20,0,0,0,,20,87,20,10,10,3,6,,1,17,7.49303,2.73022,2.74448,1.19491,0.19709,0.0718134,0.12527677416801453,0.249677,1.27169,0.286838,0.703338,,,4.18251,0.00328055,-0.0180449,999,,,,,,,72.1,3.6049999999999995,74,3.7,,,,,,,,,,,,,,,,,,,"Scott Effross","18384",664123
"Marc Church","TEX",1,1,0,4.48437,14,0,0,0,,14,60,13,7,7,2,7,,0,15,9.50487,4.28832,2.21646,1.13417,0.242643,0.109473,0.13316932320594788,0.244995,1.42076,0.306217,0.706539,,,4.10451,0.00317126,-0.0126821,597.5900268554688,,,,,,,54.20000000000003,3.8714285714285737,53,3.7857142857142856,,,,,,,,,,,,,,,,,,,"Marc Church","26353",687847
"Chad Green","TOR",2,1,0,4.11775,25,0,0,2,,25,104,23,12,11,4,7,,1,24,8.50971,2.61856,3.24976,1.49411,0.227256,0.0699299,0.15732577443122864,0.240971,1.21492,0.278372,0.730388,,,4.32973,0.00297767,0.00399714,488.30999755859375,,,,,,,108.00000000000001,4.32,105,4.2,,,,,,,,,,,,,,,,,,,"Chad Green","15552",643338
"Cionel Pérez","BAL",0,0,0,4.04401,8,0,0,0,,8,33,7,4,3,1,4,,0,7,8.01207,4.50999,1.77652,0.703607,0.201364,0.113348,0.0880163162946701,0.24731,1.45724,0.302981,0.718832,,,3.98431,0.00289573,-0.0105148,750.2000122070312,,,,,,,30.700000000000006,3.837500000000001,29,3.625,,,,,,,,,,,,,,,,,,,"Cionel Perez","19614",672335
"Chris Murphy","BOS",0,0,0,4.33119,6,0,0,0,,6,27,6,3,3,1,3,,0,6,8.14866,3.64677,2.23449,1.04741,0.209159,0.0936049,0.11555422097444534,0.252336,1.38732,0.301617,0.705845,,,4.09599,0.00271277,-0.000379187,999,,,,,,,19.500000000000007,3.2500000000000013,20,3.3333333333333335,,,,,,,,,,,,,,,,,,,"Chris Murphy","26214",669684
"Connor Thomas","MIL",0,0,0,4.23089,5,0,0,0,,5,21,5,3,2,1,2,,0,4,6.88274,2.77606,2.47932,1.01341,0.176648,0.0712484,0.10539927333593369,0.268226,1.37509,0.307824,0.709773,,,4.07597,0.00255811,-0.017751,750.489990234375,,,,,,,13.7,2.7399999999999998,14,2.8,,,,,,,,,,,,,,,,,,,"Connor Thomas","25873",671162
"Collin Snider","SEA",1,1,0,4.00246,20,0,0,0,,20,88,20,10,9,2,8,,1,18,7.86479,3.54351,2.2195,1.08627,0.202868,0.0914027,0.1114652156829834,0.248962,1.35836,0.293027,0.735649,,,4.20396,0.00234962,-0.0388018,735.75,,,,,,,80.4,4.0200000000000005,83,4.15,,,,,,,,,,,,,,,,,,,"Collin Snider","23307",676092
"Zack Kelly","BOS",2,1,0,4.1633,23,0,1,0,,23,102,21,12,11,3,11,,1,24,9.28784,4.22362,2.19902,1.10734,0.237846,0.10816,0.1296859085559845,0.236298,1.36968,0.292747,0.723941,,,4.20484,0.0023397,-0.0163161,999,,,,,,,95.70000000000002,4.160869565217392,93,4.043478260869565,,,,,,,,,,,,,,,,,,,"Zack Kelly","20349",677161
"Bryan Hoeing","SDP",1,1,0,4.11129,26,0,0,3,,26,112,26,13,12,3,8,,1,21,7.16238,2.75839,2.59658,1.05204,0.188126,0.0724513,0.11567442864179611,0.251647,1.28503,0.289548,0.703148,,,4.03699,0.00212046,-0.0300174,999,,,,,,,114.9,4.4192307692307695,118,4.538461538461538,,,,,,,,,,,,,,,,,,,"Bryan Hoeing","26304",663773
"Jacob Waguespack","TBR",1,1,0,4.15002,11,0,0,0,,11,47,10,5,5,1,5,,0,11,9.1024,3.74703,2.42923,1.10099,0.235365,0.0968887,0.13847610354423523,0.242409,1.34746,0.298731,0.719481,,,4.01926,0.00201233,-0.000697385,999,,,,,,,50.10000000000001,4.554545454545456,49,4.454545454545454,,,,,,,,,,,,,,,,,,,"Jacob Waguespack","18318",621097
"Tyson Miller","CHC",0,0,0,3.95679,5,0,0,0,,5,21,4,2,2,1,2,,0,4,8.12551,2.83384,2.86732,1.13924,0.215427,0.0751318,0.14029480516910553,0.238227,1.22491,0.280745,0.713028,,,4.0364,0.00194737,0.0111825,749.780029296875,,,,,,,16.299999999999997,3.2599999999999993,14,2.8,,,,,,,,,,,,,,,,,,,"Tyson Miller","19976",668338
"Allan Winans","NYY",1,1,0,4.1517,17,0,0,0,,17,72,17,9,8,2,5,,1,14,7.57519,2.52296,3.0025,1.25109,0.199044,0.0662927,0.13275153934955597,0.253584,1.26896,0.291172,0.714432,,,4.19765,0.00192548,-0.0309637,999,,,,,,,67.00000000000001,3.941176470588236,69,4.0588235294117645,,,,,,,,,,,,,,,,,,,"Allan Winans","21238",642216
"Emiliano Teodo","TEX",0,0,0,4.2357,5,0,0,0,,5,22,4,3,2,1,3,,0,5,9.37152,4.78152,1.95994,0.968864,0.237269,0.121059,0.11621014028787613,0.234764,1.42403,0.295836,0.716609,,,4.15832,0.00191761,-0.0200723,712.4400024414062,,,,,,,15.299999999999999,3.0599999999999996,13,2.6,,,,,,,,,,,,,,,,,,,"Emiliano Teodo","sa3015158",693713
"Justin Wrobleski","LAD",1,1,0,4.49457,15,0,0,0,,15,63,14,8,7,2,5,,1,13,7.90637,3.28091,2.40981,1.22243,0.204197,0.0847359,0.11946142464876175,0.25389,1.35478,0.29606,0.697184,,,4.29835,0.00188974,-0.028026,738.22998046875,,,,,,,58.00000000000001,3.866666666666667,57,3.8,,,,,,,,,,,,,,,,,,,"Justin Wrobleski","31204",680736
"Luinder Avila","KCR",1,1,0,4.42884,9,0,0,0,,9,39,9,5,4,1,4,,1,7,7.55545,3.89951,1.93754,0.872806,0.190308,0.0982212,0.09208644181489944,0.257473,1.44233,0.3058,0.69453,,,4.14219,0.00187897,-0.0172247,999,,,,,,,29.900000000000013,3.3222222222222237,31,3.4444444444444446,,,,,,,,,,,,,,,,,,,"Luinder Avila","sa3006507",679883
"Brooks Kriske","CHC",0,0,0,4.23717,4,0,0,0,,4,18,4,2,2,0,2,,0,4,8.98199,3.81823,2.35239,1.01665,0.222459,0.0945672,0.1278921440243721,0.231737,1.35326,0.281597,0.693479,,,3.98831,0.00173645,-0.0038507,999,,,,,,,21.200000000000003,5.300000000000001,22,5.5,,,,,,,,,,,,,,,,,,,"Brooks Kriske","21189",621139
"Brandyn Garcia","SEA",1,1,0,3.87252,9,0,0,0,,9,39,8,4,4,1,4,,1,8,8.17705,3.62088,2.25831,0.910334,0.211098,0.0934762,0.11762160807847977,0.241423,1.32845,0.291882,0.725248,,,3.98522,0.0016605,-0.000768087,999,,,,,,,34.500000000000014,3.833333333333335,33,3.6666666666666665,,,,,,,,,,,,,,,,,,,"Brandyn Garcia","sa3022951",805299
"Anthony Molina","COL",1,1,0,4.95328,21,0,0,0,,21,91,23,12,11,2,6,,1,14,6.13403,2.74994,2.2306,1.08346,0.155236,0.0695936,0.085642009973526,0.279913,1.43672,0.312046,0.661183,,,4.33365,0.00160449,-0.0137849,999,,,,,,,78.00000000000001,3.714285714285715,86,4.095238095238095,,,,,,,,,,,,,,,,,,,"Anthony Molina","26952",683627
"Cory Lewis","MIN",0,0,0,4.26311,5,0,0,0,,5,21,5,3,2,1,2,,0,5,8.59548,3.70567,2.31955,1.14552,0.222957,0.0961208,0.12683619558811188,0.245296,1.35756,0.29513,0.714528,,,4.11167,0.00133557,-0.0206706,999,,,,,,,15.7,3.1399999999999997,16,3.2,,,,,,,,,,,,,,,,,,,"Cory Lewis","sa3020702",675375
"Miguel Díaz","SFG",0,0,0,4.23717,7,0,0,0,,7,31,6,4,3,1,3,,0,7,8.98199,3.81823,2.35239,1.01665,0.222459,0.0945672,0.1278921589255333,0.231737,1.35326,0.281597,0.693479,,,3.98831,0.00122739,-0.0217553,999,,,,,,,28.900000000000013,4.128571428571431,27,3.857142857142857,,,,,,,,,,,,,,,,,,,"Miguel Diaz","18815",622766
"Justin Hagenman","NYM",0,1,0,4.44403,11,0,0,0,,11,46,11,6,5,2,3,,0,10,8.37531,2.86138,2.92702,1.2833,0.218784,0.0747465,0.14403777569532394,0.254149,1.30951,0.300167,0.696281,,,4.13197,0.00111956,-0.0283537,999,,,,,,,39.20000000000001,3.5636363636363644,40,3.6363636363636362,,,,,,,,,,,,,,,,,,,"Justin Hagenman","21546",663795
"Zach Agnos","COL",1,1,0,4.61547,24,0,1,0,,24,102,24,13,12,3,8,,1,20,7.5164,2.97268,2.5285,1.29165,0.194005,0.0767276,0.11727779358625412,0.260077,1.35314,0.297655,0.690596,,,4.39517,0.00105181,0.00376878,999,,,,,,,96.30000000000001,4.0125,99,4.125,,,,,,,,,,,,,,,,,,,"Zach Agnos","31552",688642
"Sauryn Lao","SEA",0,0,0,4.23717,4,0,0,0,,4,18,4,2,2,0,2,,0,4,8.98199,3.81823,2.35239,1.01665,0.222459,0.0945672,0.1278921365737915,0.231737,1.35326,0.281597,0.693479,,,3.98831,0.0010171,-0.00776037,999,,,,,,,21.200000000000003,5.300000000000001,22,5.5,,,,,,,,,,,,,,,,,,,"Sauryn Lao","21922",666659
"Colten Brewer","NYY",1,0,0,4.43598,12,0,0,0,,12,52,11,6,6,2,5,,1,11,8.33605,3.82805,2.17762,1.19884,0.213174,0.097893,0.11528115719556808,0.247066,1.38022,0.292885,0.707422,,,4.40324,0.00101484,-0.0108269,999,,,,,,,39.600000000000016,3.300000000000001,38,3.1666666666666665,,,,,,,,,,,,,,,,,,,"Colten Brewer","12997",605155
"Justin Lawrence","PIT",1,1,0,4.39725,12,0,0,0,,12,52,11,6,6,1,6,,1,11,8.57729,4.45013,1.92743,0.817592,0.214905,0.111498,0.10340651869773865,0.246719,1.44756,0.305849,0.694112,,,4.07347,0.000923689,-0.00173877,749.8900146484375,,,,,,,48.90000000000001,4.075000000000001,48,4,,,,,,,,,,,,,,,,,,,"Justin Lawrence","17639",664875
"Mason Montgomery","TBR",1,2,0,4.23302,29,0,1,6,,29,122,26,15,13,4,11,,1,31,9.76756,3.56584,2.73921,1.27445,0.254505,0.0929119,0.16159285604953766,0.240242,1.31637,0.29907,0.720079,,,4.05657,0.000877761,-0.0936977,588.3099975585938,,,,,,,152.80000000000004,5.268965517241381,148,5.103448275862069,,,,,,,,,,,,,,,,,,,"Mason Montgomery","29770",682254
"Tyler Wells","BAL",0,0,0,4.24283,4,0,0,0,,4,17,4,2,2,1,1,,0,4,8.48256,2.6349,3.21931,1.46718,0.225941,0.070183,0.15575795620679855,0.244907,1.23659,0.284106,0.718166,,,4.27104,0.000774183,-0.0052574,999,,,,,,,11.9,2.975,12,3,,,,,,,,,,,,,,,,,,,"Tyler Wells","20000",669330
"Ryan Webb","CLE",0,0,0,4.05428,6,0,0,0,,6,26,6,3,3,1,2,,0,6,8.2542,3.50234,2.35677,1.03303,0.211751,0.089848,0.12190309166908264,0.248981,1.35388,0.298983,0.724307,,,4.1111,0.000627455,-0.00657268,999,,,,,,,22.500000000000007,3.7500000000000013,23,3.8333333333333335,,,,,,,,,,,,,,,,,,,"Ryan Webb","sa3018280",669067
"Michael Tonkin","MIN",1,1,0,4.25803,19,0,0,0,,19,83,18,10,9,2,8,,1,19,8.98031,3.53839,2.53797,1.16712,0.232424,0.0915787,0.1408451423048973,0.242259,1.32352,0.295142,0.708658,,,4.13221,0.000553432,-0.0348616,750.9299926757812,,,,,,,80.2,4.221052631578948,80,4.2105263157894735,,,,,,,,,,,,,,,,,,,"Michael Tonkin","10315",543859
"Jack Neely","CHC",0,0,0,4.26451,12,0,0,0,,12,50,11,6,6,2,5,,0,12,9.14352,3.68961,2.47818,1.28565,0.238748,0.0963401,0.14240773767232895,0.238401,1.32086,0.288514,0.718927,,,4.21224,0.000409084,-0.0115521,999,,,,,,,44.600000000000016,3.716666666666668,43,3.5833333333333335,,,,,,,,,,,,,,,,,,,"Jack Neely","30106",680891
"Bryan Mata","BOS",0,0,0,4.44837,3,0,0,0,,3,13,3,2,1,0,2,,0,3,8.34584,4.67961,1.78345,0.835463,0.208013,0.116635,0.09137766808271408,0.248631,1.48289,0.305001,0.698962,,,4.19112,0.000377197,-0.0148939,999,,,,,,,14.400000000000002,4.800000000000001,15,5,,,,,,,,,,,,,,,,,,,"Bryan Mata","sa917784",667356
"Cristian Javier","HOU",0,0,0,4.18519,6,0,0,0,,6,25,5,3,3,1,2,,0,6,9.57728,3.79468,2.52387,1.39505,0.252467,0.100032,0.1524352878332138,0.225523,1.269,0.272776,0.725806,,,4.34346,0.000279106,-0.00685683,727.489990234375,,,,,,,25.10000000000001,4.1833333333333345,23,3.8333333333333335,,,,,,,,,,,,,,,,,,,"Cristian Javier","17606",664299
"Drew Smith","NYM",0,0,0,4.25987,4,0,0,0,,4,17,4,2,2,1,2,,0,4,9.14138,3.85857,2.36911,1.2832,0.237724,0.100343,0.13738062977790833,0.235746,1.32636,0.284997,0.720553,,,4.301,0.000126381,-0.00450629,999,,,,,,,8.9,2.225,9,2.25,,,,,,,,,,,,,,,,,,,"Drew Smith","17755",622098
"Eli Morgan","CHC",1,1,0,4.19005,11,0,0,0,,11,46,10,5,5,2,3,,0,10,8.18146,2.82336,2.89778,1.30278,0.216389,0.0746743,0.14171506464481354,0.245797,1.26208,0.28654,0.713628,,,4.17542,-0.0000670234,0.0053369,999,,,,,,,41.80000000000001,3.800000000000001,40,3.6363636363636362,,,,,,,,,,,,,,,,,,,"Eli Morgan","20203",669212
"Cristian Mena","ARI",0,0,0,4.43451,8,0,0,0,,8,35,8,4,4,1,3,,0,7,8.09562,3.64593,2.22045,1.14156,0.207946,0.0936504,0.11429601162672043,0.251217,1.38141,0.297021,0.702623,,,4.25193,-0.000255157,-0.00232336,999,,,,,,,31.100000000000005,3.8875000000000006,32,4,,,,,,,,,,,,,,,,,,,"Cristian Mena","27974",691441
"Grant Anderson","MIL",1,1,0,4.34322,25,0,0,0,,25,108,24,13,12,3,10,,1,25,9.03351,3.60055,2.50892,1.24469,0.23336,0.0930119,0.14034800231456757,0.244392,1.34238,0.296277,0.711928,,,4.21058,-0.000380754,-0.027598,999,,,,,,,102.69999999999999,4.108,103,4.12,,,,,,,,,,,,,,,,,,,"Grant Anderson","20546",681982
"Tyler Mattison","DET",0,0,0,4.23138,4,0,0,0,,4,17,4,2,2,0,2,,0,4,8.65954,4.2811,2.02274,1.06227,0.222264,0.109883,0.1123812273144722,0.239545,1.39234,0.290785,0.7182,,,4.20081,-0.000785797,-0.00434892,999,,,,,,,21.200000000000003,5.300000000000001,22,5.5,,,,,,,,,,,,,,,,,,,"Tyler Mattison","sa3018117",694331
"Zach Penrod","LAD",0,0,0,4.19524,3,0,0,0,,3,14,2,1,1,0,2,,0,3,9.65437,6.66997,1.44744,0.64726,0.230672,0.159365,0.0713062584400177,0.226066,1.59112,0.297505,0.727605,,,4.54445,-0.000867791,0.0134829,999,,,,,,,17.000000000000004,5.666666666666668,15,5,,,,,,,,,,,,,,,,,,,"Zach Penrod","25368",683068
"Zach Maxwell","CIN",1,1,0,4.64851,7,0,0,0,,7,31,6,4,4,1,4,,0,7,9.42643,4.88155,1.93103,1.20696,0.23632,0.12238,0.11393975466489792,0.241643,1.46964,0.298648,0.708505,,,4.51689,-0.000869357,-0.011555,999,,,,,,,25.900000000000013,3.700000000000002,24,3.4285714285714284,,,,,,,,,,,,,,,,,,,"Zach Maxwell","sa3020255",687209
"Anthony Misiewicz","MIN",1,1,0,4.27878,18,0,0,0,,18,76,18,9,8,2,6,,1,16,8.2616,3.20387,2.57863,1.17497,0.21374,0.0828888,0.13085073232650757,0.255419,1.35422,0.303415,0.714893,,,4.10464,-0.000976642,-0.0181289,999,,,,,,,72.80000000000003,4.044444444444446,75,4.166666666666667,,,,,,,,,,,,,,,,,,,"Anthony Misiewicz","18152",664948
"Erik Swanson",,1,1,0,4.11603,12,0,0,0,,12,52,11,6,6,2,4,,0,12,8.91085,3.08577,2.88772,1.45004,0.23528,0.081476,0.15380385518074036,0.240667,1.26509,0.283917,0.738783,,,4.32672,-0.00122796,0.0152938,750.8699951171875,,,,,,,47.600000000000016,3.966666666666668,46,3.8333333333333335,,,,,,,,,,,,,,,,,,,"Erik Swanson","16587",657024
"Dylan Dodd","ATL",1,1,0,4.38204,27,0,0,3,,27,116,29,14,13,3,8,,1,22,7.29064,2.66905,2.73155,1.15592,0.188502,0.069009,0.11949267983436584,0.267602,1.35981,0.308038,0.70388,,,4.10588,-0.00135324,-0.0249802,999,,,,,,,116.5,4.314814814814815,125,4.62962962962963,,,,,,,,,,,,,,,,,,,"Dylan Dodd","29928",689266
"Cam Booser","CHW",1,2,0,4.36989,22,0,0,0,,22,94,20,11,11,3,10,,1,23,9.36537,4.18196,2.23947,1.312,0.239651,0.107012,0.13263850659132004,0.241215,1.38974,0.29422,0.727006,,,4.41894,-0.00161406,-0.0181601,999,,,,,,,86.9,3.95,84,3.8181818181818183,,,,,,,,,,,,,,,,,,,"Cam Booser","16061",592155
"T.J. McFarland","ATH",0,0,0,4.37089,6,0,0,0,,6,27,7,3,3,1,2,,0,4,6.23017,3.06371,2.03354,0.898232,0.158011,0.0777026,0.08030851930379868,0.265966,1.39481,0.30091,0.690729,,,4.24653,-0.00163401,-0.00565626,999,,,,,,,15.90000000000001,2.6500000000000017,19,3.1666666666666665,,,,,,,,,,,,,,,,,,,"T.J. McFarland","3237",519008
"Matt Svanson","STL",1,2,0,4.51194,23,0,0,0,,23,104,25,13,12,2,9,,2,17,6.51676,3.48173,1.8717,0.788488,0.163378,0.0872882,0.07608942687511444,0.26864,1.45575,0.309826,0.683243,,,4.13387,-0.00168642,-0.0649036,999,,,,,,,81.60000000000002,3.5478260869565226,90,3.9130434782608696,,,,,,,,,,,,,,,,,,,"Matt Svanson","29629",694335
"Carlos Rodriguez","MIL",0,1,0,4.35504,7,0,0,0,,7,32,7,4,4,1,3,,0,7,8.50612,3.39163,2.50798,1.30299,0.221116,0.0881651,0.1329508125782013,0.243412,1.31306,0.287136,0.708852,,,4.36009,-0.00172049,-0.0187598,999,,,,,,,26.300000000000015,3.7571428571428593,27,3.857142857142857,,,,,,,,,,,,,,,,,,,"Carlos Rodriguez","30161",692230
"Gabriel Hughes","COL",1,1,0,4.86384,15,0,0,0,,15,67,17,9,8,2,6,,1,13,7.47675,3.37003,2.2186,1.22982,0.188451,0.0849411,0.10350941866636276,0.271162,1.4571,0.312703,0.687063,,,4.44575,-0.00184194,-0.0215136,999,,,,,,,47.2,3.146666666666667,54,3.6,,,,,,,,,,,,,,,,,,,"Gabriel Hughes","sa3020661",687312
"Andrew Saalfrank","ARI",1,1,0,3.98068,18,0,0,0,,18,80,17,9,8,1,10,,1,16,7.9717,4.78342,1.66653,0.675041,0.199801,0.11989,0.0799102932214737,0.24833,1.49287,0.304531,0.729259,,,3.97271,-0.00190741,-0.00522756,999,,,,,,,75.70000000000002,4.205555555555557,76,4.222222222222222,,,,,,,,,,,,,,,,,,,"Andrew Saalfrank","26203",685314
"Francis Pena","SDP",1,1,0,4.16657,14,0,0,0,,14,61,14,7,6,2,6,,1,12,7.62988,3.75096,2.03411,0.997362,0.195527,0.0961238,0.09940305352210999,0.249406,1.3837,0.293355,0.716689,,,4.20556,-0.00219253,-0.0161632,999,,,,,,,45.6,3.257142857142857,47,3.357142857142857,,,,,,,,,,,,,,,,,,,"Francis Pena","sa3019374",800212
"Max Kranick","NYM",0,0,0,4.32985,8,0,0,0,,8,33,8,4,4,1,2,,0,6,7.2111,2.83943,2.53963,1.29826,0.188243,0.0741221,0.11412084102630615,0.253091,1.30155,0.285303,0.708096,,,4.43761,-0.00272032,-0.00901257,749.6300048828125,,,,,,,32.10000000000001,4.012500000000001,33,4.125,,,,,,,,,,,,,,,,,,,"Max Kranick","22175",668820
"Ryan Jensen",,0,0,0,4.51406,4,0,0,0,,4,18,4,2,2,0,2,,0,4,9.20291,5.56493,1.65373,0.949437,0.228318,0.138062,0.09025602042675018,0.237497,1.52471,0.297911,0.711343,,,4.39682,-0.00286793,-0.00402864,999,,,,,,,21.200000000000003,5.300000000000001,22,5.5,,,,,,,,,,,,,,,,,,,"Ryan Jensen","sa3011496",686754
"Joey Wentz","MIN",1,1,0,4.59815,25,0,0,2,,25,110,25,14,13,3,11,,1,24,8.53195,3.91771,2.17779,1.19485,0.217109,0.0996922,0.1174166277050972,0.252758,1.41962,0.302662,0.700534,,,4.33015,-0.00324919,-0.0965271,999,,,,,,,103.1,4.124,106,4.24,,,,,,,,,,,,,,,,,,,"Joey Wentz","19962",666214
"Nick Anderson","COL",1,1,0,4.46239,13,0,0,0,,13,55,13,7,6,2,5,,0,11,7.58159,3.21967,2.35477,1.292,0.195839,0.0831669,0.11267214268445969,0.254792,1.35269,0.291673,0.706559,,,4.45489,-0.0032516,0.00318283,750.9500122070312,,,,,,,44.8,3.446153846153846,46,3.5384615384615383,,,,,,,,,,,,,,,,,,,"Nick Anderson","18337",623433
"Matt Bowman","BAL",0,0,0,4.55976,3,0,0,0,,3,13,3,2,2,0,1,,0,2,7.21067,3.11293,2.31636,1.30969,0.186698,0.0805998,0.10609810799360275,0.253184,1.33242,0.285108,0.692595,,,4.55768,-0.00335491,-0.0197719,999,,,,,,,15.400000000000002,5.133333333333334,16,5.333333333333333,,,,,,,,,,,,,,,,,,,"Matt Bowman","13528",621199
"Antonio Jimenez","SFG",0,0,0,4.30848,8,0,0,0,,8,35,8,4,4,1,3,,0,6,7.15681,3.72955,1.91895,0.894602,0.182028,0.094858,0.08716952055692673,0.25763,1.42427,0.300957,0.703382,,,4.13175,-0.00336227,-0.00693006,999,,,,,,,29.100000000000005,3.6375000000000006,30,3.75,,,,,,,,,,,,,,,,,,,"Antonio Jimenez","sa3008074",682607
"Jesse Chavez","ATL",1,1,0,4.07972,13,0,0,0,,13,56,13,6,6,2,5,,0,12,8.38846,3.1237,2.68543,1.18232,0.217746,0.0810844,0.13666168600320816,0.253948,1.33761,0.30283,0.732335,,,4.0673,-0.00337411,0.0106919,999,,,,,,,46.8,3.5999999999999996,48,3.6923076923076925,,,,,,,,,,,,,,,,,,,"Jesse Chavez","5448",445926
"Ken Waldichuk","ATH",1,1,1,5.09879,9,2,0,0,,16,70,16,10,9,3,8,,1,15,8.51553,4.31249,1.97462,1.48381,0.212637,0.107685,0.10495179891586304,0.253227,1.46593,0.29504,0.688305,,,4.99361,-0.00351498,-0.0569483,999,,,,,,,42.9,2.68125,44,2.75,,,,,,,,,,,,,,,,,,,"Ken Waldichuk","27681",686610
"Nick Frasso","LAD",0,0,0,4.44138,4,0,0,0,,4,17,4,2,2,1,1,,0,3,7.29261,3.20438,2.27583,1.30483,0.188438,0.0827999,0.10563822090625763,0.255682,1.35566,0.289282,0.710742,,,4.51927,-0.00352785,-0.00328749,750.8800048828125,,,,,,,9.9,2.475,10,2.5,,,,,,,,,,,,,,,,,,,"Nick Frasso","sa3014492",693308
"Ron Marinaccio","SDP",1,1,0,4.20857,12,0,0,0,,12,52,10,6,6,2,6,,1,12,9.0077,4.25303,2.11795,1.1483,0.231342,0.109229,0.12211253494024277,0.229306,1.33837,0.278853,0.715751,,,4.39228,-0.00356179,-0.0138542,999,,,,,,,41.20000000000002,3.433333333333335,37,3.0833333333333335,,,,,,,,,,,,,,,,,,,"Ron Marinaccio","23488",676760
"Max Rajcic","STL",0,0,0,4.47378,5,0,0,0,,5,21,5,3,2,1,2,,0,4,6.92061,2.89134,2.39356,1.176,0.178861,0.0747258,0.10413514822721481,0.261543,1.35191,0.295947,0.694281,,,4.32023,-0.00363151,-0.0195016,999,,,,,,,13.7,2.7399999999999998,14,2.8,,,,,,,,,,,,,,,,,,,"Max Rajcic","sa3020746",691008
"Wandy Peralta","SDP",2,1,0,3.70665,24,0,0,0,,24,102,21,11,10,3,10,,1,20,7.56122,3.66717,2.06187,0.944233,0.196889,0.0954905,0.10139822959899902,0.234036,1.2966,0.274771,0.738386,,,4.17126,-0.00390598,0.0044901,999,,,,,,,93.10000000000002,3.8791666666666678,88,3.6666666666666665,,,,,,,,,,,,,,,,,,,"Wandy Peralta","14295",593974
"Scott Blewett","BAL",2,1,0,4.42537,28,0,0,4,,28,120,29,15,14,3,10,,1,24,7.85141,3.36454,2.33358,1.04751,0.199169,0.0853494,0.11382003873586655,0.265609,1.42631,0.314786,0.705928,,,4.10502,-0.00404994,-0.0687918,999,,,,,,,125.9,4.496428571428572,132,4.714285714285714,,,,,,,,,,,,,,,,,,,"Scott Blewett","16427",656240
"Juan Mejia","COL",1,2,0,4.78645,27,0,0,3,,27,120,28,15,14,3,13,,2,25,8.35121,4.27861,1.95185,1.108,0.206722,0.105911,0.10081109404563904,0.262201,1.50956,0.3149,0.696594,,,4.46211,-0.00476901,-0.0060208,999,,,,,,,107.10000000000001,3.966666666666667,113,4.185185185185185,,,,,,,,,,,,,,,,,,,"Juan Mejia","23237",675848
"Nick Sandlin","TOR",2,2,0,3.95955,26,0,0,4,,26,111,22,12,11,4,12,,2,28,9.72895,4.09126,2.37798,1.29059,0.25369,0.106683,0.14700711518526077,0.222179,1.2858,0.273289,0.744299,,,4.34564,-0.00495103,0.00289842,749.5,,,,,,,115.99999999999999,4.461538461538461,108,4.153846153846154,,,,,,,,,,,,,,,,,,,"Nick Sandlin","20517",680704
"Bobby Miller","LAD",0,0,0,4.43747,8,0,0,0,,8,34,7,4,4,1,3,,0,7,8.54681,3.62182,2.35981,1.25851,0.2204,0.0933974,0.12700261175632477,0.245484,1.35017,0.291534,0.705339,,,4.34644,-0.00508224,-0.00657498,509.9700012207031,,,,,,,33.7,4.2125,32,4,,,,,,,,,,,,,,,,,,,"Bobby Miller","27483",676272
"Jacob Wallace","KCR",0,0,0,4.64515,4,0,0,0,,4,18,4,2,2,0,2,,0,4,8.30407,5.2675,1.57647,1.01491,0.205604,0.13042,0.07518364489078522,0.246666,1.53811,0.297116,0.707923,,,4.57892,-0.00516605,-0.000991152,999,,,,,,,21.200000000000003,5.300000000000001,22,5.5,,,,,,,,,,,,,,,,,,,"Jacob Wallace","sa3010374",686608
"Ethan Roberts","CHC",1,1,0,4.27242,22,0,0,0,,22,93,21,11,10,3,8,,1,21,8.79548,3.45777,2.54368,1.24461,0.227229,0.0893308,0.13789858669042587,0.246168,1.33447,0.295836,0.717419,,,4.24876,-0.00532881,-0.0211789,999,,,,,,,86.30000000000001,3.9227272727272733,86,3.909090909090909,,,,,,,,,,,,,,,,,,,"Ethan Roberts","24930",681799
"Nick Hernandez","HOU",2,1,0,4.37232,27,0,0,4,,27,115,24,14,13,4,12,,2,28,9.31968,3.90368,2.38741,1.3124,0.240521,0.100746,0.13977546244859695,0.23454,1.32538,0.28463,0.711114,,,4.41956,-0.00589074,-0.0467154,999,,,,,,,118.20000000000002,4.377777777777778,113,4.185185185185185,,,,,,,,,,,,,,,,,,,"Nick Hernandez","19281",663321
"Easton Lucas","TOR",1,1,0,4.59185,16,0,0,0,,16,70,15,9,8,2,7,,1,15,8.27868,3.89059,2.12787,1.21229,0.211422,0.0993585,0.11206384003162384,0.249416,1.39927,0.294882,0.6977,,,4.41666,-0.00606403,-0.049342,999,,,,,,,60.80000000000001,3.8000000000000007,60,3.75,,,,,,,,,,,,,,,,,,,"Easton Lucas","26058",687922
"Shaun Anderson","LAA",0,0,0,6,8,0,0,0,,8,40,10,6,6,1,3,,0,7,7.5,3,2.5,1.5,0.178571,0.0714286,0.1071428656578064,0.269231,1.5,0.3,0.657895,,,4.58386,-0.00661441,-0.0655954,999,,,,,,,25.900000000000006,3.2375000000000007,32,4,,,,,,,,,,,,,,,,,,,"Shaun Anderson","19453",641312
"Tom Cosgrove","CHC",1,1,0,4.35285,19,0,0,0,,19,82,17,10,9,2,8,,2,18,8.6124,4.0658,2.11825,1.06157,0.219098,0.103434,0.11566489934921265,0.240022,1.37081,0.29087,0.700937,,,4.31898,-0.0067516,-0.0341265,999,,,,,,,77.8,4.094736842105263,75,3.9473684210526314,,,,,,,,,,,,,,,,,,,"Tom Cosgrove","23443",676680
"J.P. France","HOU",1,1,0,4.3747,11,0,0,0,,11,47,11,6,5,2,4,,0,10,7.98936,3.48541,2.29223,1.2685,0.206224,0.0899664,0.1162571981549263,0.252171,1.36853,0.29355,0.717366,,,4.38067,-0.00706164,-0.0283967,999,,,,,,,36.20000000000001,3.290909090909092,37,3.3636363636363638,,,,,,,,,,,,,,,,,,,"J.P. France","21212",641585
"Nate Lavender","TBR",0,0,0,4.20564,9,0,0,0,,9,41,9,5,4,1,5,,0,9,8.96554,4.45555,2.01222,1.07968,0.22733,0.112974,0.11435510218143463,0.240981,1.41896,0.295807,0.728237,,,4.29555,-0.007159,-0.0301001,999,,,,,,,33.90000000000001,3.766666666666668,35,3.888888888888889,,,,,,,,,,,,,,,,,,,"Nate Lavender","sa3017917",681320
"Gus Varland","CHW",0,1,0,4.57363,11,0,0,0,,11,50,11,6,6,2,5,,1,10,8.15355,3.57797,2.27882,1.27163,0.207501,0.0910564,0.11644483357667923,0.257114,1.40471,0.301704,0.706221,,,4.45528,-0.00729615,-0.0246157,749.72998046875,,,,,,,30.200000000000003,2.7454545454545456,31,2.8181818181818183,,,,,,,,,,,,,,,,,,,"Gus Varland","24737",681402
"Scott Alexander","SFG",1,1,0,4.31487,11,0,0,0,,11,48,12,6,5,1,4,,0,8,6.47437,3.22937,2.00484,0.864531,0.164337,0.0819699,0.08236659318208694,0.267974,1.42409,0.306727,0.700189,,,4.10042,-0.00732697,-0.0252524,999,,,,,,,41.900000000000006,3.8090909090909095,46,4.181818181818182,,,,,,,,,,,,,,,,,,,"Scott Alexander","10591",518397
"Blas Castaño","SEA",1,1,0,4.1549,10,0,0,0,,10,45,11,5,5,1,3,,1,8,6.9719,2.94315,2.36886,1.06864,0.180182,0.076063,0.10411930829286575,0.255913,1.32785,0.292333,0.711122,,,4.24349,-0.00737258,-0.0194009,999,,,,,,,37.1,3.71,41,4.1,,,,,,,,,,,,,,,,,,,"Blas Castano","26117",680604
"Eric Cerantola","KCR",0,0,0,4.62043,6,0,0,0,,6,27,6,3,3,1,3,,0,6,8.45738,5.10868,1.65549,0.995797,0.209099,0.126306,0.082792729139328,0.245041,1.51215,0.297369,0.702986,,,4.56152,-0.00739173,-0.00148673,999,,,,,,,19.500000000000007,3.2500000000000013,20,3.3333333333333335,,,,,,,,,,,,,,,,,,,"Eric Cerantola","sa3017914",672021
"Jared Shuster","CHW",1,1,0,4.63316,16,0,0,0,,16,69,16,9,8,2,6,,0,12,6.94871,3.55012,1.95732,1.23729,0.177737,0.0908062,0.08693034201860428,0.258138,1.40702,0.290437,0.697756,,,4.59107,-0.0074925,-0.0442375,999,,,,,,,58.20000000000001,3.6375000000000006,60,3.75,,,,,,,,,,,,,,,,,,,"Jared Shuster","27472",694363
"Angel Chivilli","COL",1,2,0,4.79609,25,0,0,2,,25,108,26,14,13,3,10,,1,21,7.71101,3.557,2.16784,1.2359,0.195134,0.0900134,0.10512097924947739,0.262938,1.43333,0.304937,0.688185,,,4.48329,-0.00760413,0.00950551,750.6599731445312,,,,,,,97.5,3.9,103,4.12,,,,,,,,,,,,,,,,,,,"Angel Chivilli","26790",683409
"Brett de Geus","PHI",1,1,0,4.77452,11,0,0,0,,11,49,12,6,6,1,4,,1,8,6.36733,3.61702,1.76038,0.905934,0.157641,0.0895494,0.06809163838624954,0.271793,1.48801,0.309117,0.676553,,,4.45291,-0.00763128,-0.0203322,999,,,,,,,38.900000000000006,3.536363636363637,43,3.909090909090909,,,,,,,,,,,,,,,,,,,"Brett de Geus","23592",676969
"Luis Curvelo","TEX",1,1,0,4.57939,16,0,0,0,,16,70,15,9,8,2,6,,1,15,8.34451,3.36132,2.48251,1.31225,0.21664,0.0872666,0.1293736696243286,0.244022,1.3128,0.285812,0.685263,,,4.41631,-0.00786951,-0.0456708,999,,,,,,,63.80000000000001,3.9875000000000007,63,3.9375,,,,,,,,,,,,,,,,,,,"Luis Curvelo","sa3008169",681168
"Josh Simpson","MIA",2,2,0,4.21531,27,0,0,4,,27,121,25,14,13,3,15,,1,27,8.80258,4.85792,1.81201,0.96325,0.221396,0.122183,0.09921329468488693,0.240596,1.46172,0.296674,0.726151,,,4.27637,-0.00798498,-0.0188565,999,,,,,,,119.9,4.440740740740741,118,4.37037037037037,,,,,,,,,,,,,,,,,,,"Josh Simpson","25957",681006
"Devin Sweet","PHI",1,0,0,4.65055,8,0,0,0,,8,34,8,4,4,1,3,,0,8,8.98309,3.75862,2.39,1.4317,0.229821,0.0961595,0.1336614117026329,0.246611,1.37017,0.293296,0.704608,,,4.59711,-0.00815445,-0.0036266,999,,,,,,,33.10000000000001,4.137500000000001,34,4.25,,,,,,,,,,,,,,,,,,,"Devin Sweet","25348",682967
"Michael Darrell-Hicks","PIT",1,2,0,4.7058,23,0,0,0,,23,102,24,13,12,3,8,,2,20,7.76637,3.1093,2.49778,1.17632,0.197776,0.0791806,0.11859536170959473,0.263114,1.38453,0.30735,0.679288,,,4.29948,-0.00821452,-0.0484536,999,,,,,,,80.9,3.5173913043478264,86,3.739130434782609,,,,,,,,,,,,,,,,,,,"Michael Darrell-Hicks","31501",690382
"Mason Thompson","WSN",1,1,0,4.34586,20,0,0,0,,20,86,20,10,10,2,8,,1,16,7.41278,3.71978,1.9928,1.04479,0.188346,0.0945131,0.09383276104927063,0.255699,1.41301,0.297517,0.710242,,,4.33568,-0.00833505,-0.0120971,999,,,,,,,76.4,3.8200000000000003,79,3.95,,,,,,,,,,,,,,,,,,,"Mason Thompson","21850",666168
"Hunter Bigge","TBR",0,1,0,4.39613,13,0,0,0,,13,55,12,7,6,2,6,,1,14,9.57523,3.88664,2.46363,1.37481,0.248444,0.100845,0.1475990116596222,0.235641,1.32896,0.287347,0.715654,,,4.36748,-0.00852193,-0.0363088,685.6300048828125,,,,,,,47.39999999999999,3.6461538461538456,46,3.5384615384615383,,,,,,,,,,,,,,,,,,,"Hunter Bigge","26259",685801
"Chris Roycroft","STL",1,1,0,4.42888,17,0,0,0,,17,76,17,9,8,1,8,,1,14,7.44522,4.30384,1.7299,0.788024,0.186076,0.107564,0.078511543571949,0.255185,1.47522,0.303941,0.695182,,,4.18384,-0.00855233,-0.0289954,999,,,,,,,70.30000000000001,4.135294117647059,73,4.294117647058823,,,,,,,,,,,,,,,,,,,"Chris Roycroft","31261",688297
"Bailey Horn","DET",0,1,0,4.80168,8,0,0,0,,8,35,8,5,4,1,4,,0,7,8.37487,4.89557,1.7107,1.11823,0.207854,0.121502,0.08635173738002777,0.253098,1.53005,0.303328,0.700637,,,4.58043,-0.00895741,-0.0400509,999,,,,,,,28.100000000000005,3.5125000000000006,29,3.625,,,,,,,,,,,,,,,,,,,"Bailey Horn","27753",690544
"Kade Strowd","BAL",2,1,0,4.25207,24,0,0,0,,24,105,24,12,11,3,11,,1,23,8.53591,4.05861,2.10316,1.0949,0.216335,0.102862,0.11347293108701706,0.253061,1.43686,0.30584,0.729012,,,4.23314,-0.00897691,-0.0315444,999,,,,,,,88.30000000000001,3.679166666666667,91,3.7916666666666665,,,,,,,,,,,,,,,,,,,"Kade Strowd","26191",669704
"Joel Peguero","SFG",0,1,0,4.58581,14,0,0,0,,14,62,15,8,7,1,6,,1,11,7.08993,3.80308,1.86426,0.877637,0.176216,0.094523,0.08169259876012802,0.272015,1.5099,0.318061,0.696136,,,4.19547,-0.00907742,-0.0435106,999,,,,,,,53.30000000000001,3.807142857142858,58,4.142857142857143,,,,,,,,,,,,,,,,,,,"Joel Peguero","sa917689",666711
"Alek Jacob","SDP",1,0,0,4.24002,19,0,0,0,,19,82,18,10,9,3,7,,1,18,8.48604,3.35481,2.52951,1.27332,0.21808,0.0862141,0.13186562061309814,0.249909,1.34229,0.296244,0.725569,,,4.36959,-0.00929786,-0.0379472,999,,,,,,,68.89999999999999,3.6263157894736837,68,3.5789473684210527,,,,,,,,,,,,,,,,,,,"Alek Jacob","29628",689690
"Darren McCaughan","MIN",0,1,0,4.70057,12,0,0,0,,12,53,13,7,6,2,4,,1,10,7.57375,2.66667,2.84015,1.37983,0.195231,0.0687396,0.12649136781692505,0.26356,1.33774,0.300388,0.685635,,,4.47083,-0.00939813,-0.0433964,999,,,,,,,35.40000000000002,2.9500000000000015,39,3.25,,,,,,,,,,,,,,,,,,,"Darren McCaughan","20038",670766
"Nick Robertson","HOU",1,1,0,4.36044,14,0,0,0,,14,60,13,7,7,2,6,,1,13,8.21795,3.7319,2.20208,1.16711,0.210942,0.0957921,0.11514993757009506,0.248991,1.37944,0.294883,0.711934,,,4.30522,-0.00951808,-0.0159993,999,,,,,,,50.20000000000003,3.585714285714288,49,3.5,,,,,,,,,,,,,,,,,,,"Nick Robertson","26226",687798
"Caleb Boushley","TEX",1,1,0,4.62365,18,0,0,0,,18,78,20,10,9,3,5,,1,13,6.55943,2.34354,2.79894,1.36246,0.170427,0.06089,0.10953713953495026,0.269314,1.33295,0.296928,0.690929,,,4.47592,-0.0103767,-0.0474994,999,,,,,,,52.30000000000001,2.9055555555555563,59,3.2777777777777777,,,,,,,,,,,,,,,,,,,"Caleb Boushley","19736",676961
"Tayler Saucedo","SEA",1,1,0,3.98887,22,0,0,0,,22,96,20,11,10,2,10,,1,20,8.06014,4.09627,1.96768,0.956196,0.206256,0.104822,0.10143393278121948,0.240149,1.37484,0.287655,0.728402,,,4.21091,-0.0104087,-0.042682,999,,,,,,,93.20000000000002,4.236363636363637,91,4.136363636363637,,,,,,,,,,,,,,,,,,,"Tayler Saucedo","17888",642048
"Jesse Scholtens","CHW",0,0,0,5.42292,9,0,0,0,,9,39,10,6,5,1,3,,0,7,6.74801,3.34902,2.01492,1.37446,0.170172,0.0844559,0.0857158824801445,0.277415,1.48932,0.308665,0.65415,,,4.70604,-0.0104714,-0.0536009,999,,,,,,,33.30000000000001,3.700000000000001,37,4.111111111111111,,,,,,,,,,,,,,,,,,,"Jesse Scholtens","19205",669947
"Cody Poteet","BAL",0,0,0,4.4041,10,0,0,0,,10,41,9,5,5,1,3,,0,8,8.02562,3.20329,2.50543,1.29324,0.207932,0.0829925,0.12493913620710373,0.254203,1.34779,0.295897,0.711564,,,4.32861,-0.0105633,-0.0131435,750.1300048828125,,,,,,,45.300000000000004,4.53,44,4.4,,,,,,,,,,,,,,,,,,,"Cody Poteet","18769",547001
"Luarbert Arias","MIA",0,1,0,4.80704,8,0,0,0,,8,33,8,4,4,1,3,,0,7,8.02021,3.47434,2.30841,1.34043,0.202778,0.0878432,0.11493482440710068,0.262794,1.42338,0.30558,0.693753,,,4.57964,-0.0107054,-0.00111648,999,,,,,,,31.100000000000005,3.8875000000000006,32,4,,,,,,,,,,,,,,,,,,,"Luarbert Arias","23811",678215
"Carson Ragsdale","SFG",0,1,0,4.25626,13,0,0,0,,13,55,12,7,6,2,5,,1,12,8.54115,3.73928,2.28417,1.15985,0.219734,0.0961987,0.12353536486625671,0.245242,1.36102,0.294014,0.717413,,,4.25135,-0.0110265,-0.0269936,999,,,,,,,46.39999999999999,3.5692307692307685,45,3.4615384615384617,,,,,,,,,,,,,,,,,,,"Carson Ragsdale","sa3014922",685068
"Triston McKenzie","CLE",0,0,0,4.51882,6,0,0,0,,6,24,5,3,3,1,3,,0,6,8.96621,4.37449,2.04966,1.44906,0.230552,0.112483,0.11806848645210266,0.235928,1.3846,0.27818,0.72365,,,4.72224,-0.0111027,-0.00657268,581.25,,,,,,,22.10000000000001,3.683333333333335,20,3.3333333333333335,,,,,,,,,,,,,,,,,,,"Triston McKenzie","18000",663474
"Will Klein","LAD",1,1,0,4.50112,14,0,0,0,,14,61,12,7,7,1,8,,1,14,9.08655,5.53649,1.64121,0.942751,0.22546,0.137374,0.08808591961860657,0.238413,1.52613,0.297871,0.712237,,,4.39757,-0.011319,-0.0115062,999,,,,,,,61.10000000000002,4.364285714285716,58,4.142857142857143,,,,,,,,,,,,,,,,,,,"Will Klein","27787",694361
"Alexis Díaz","LAD",1,1,0,4.50375,18,0,0,0,,18,77,15,10,9,2,9,,1,18,9.18412,4.67562,1.96426,1.24941,0.23323,0.118737,0.11449277400970459,0.230038,1.38799,0.278911,0.70713,,,4.6476,-0.0115053,-0.0461348,172.6199951171875,,,,,,,75.60000000000002,4.200000000000001,70,3.888888888888889,,,,,,,,,,,,,,,,,,,"Alexis Diaz","21132",664747
"Luis Patiño","SDP",0,0,0,4.56634,8,0,0,0,,8,32,7,4,4,1,3,,0,6,7.3294,3.81765,1.91987,1.21844,0.18863,0.0982516,0.09037874639034271,0.246638,1.37687,0.280578,0.695153,,,4.579,-0.0115907,-0.00923612,999,,,,,,,31.700000000000006,3.962500000000001,30,3.75,,,,,,,,,,,,,,,,,,,"Luis Patino","22815",672715
"Ryan Loutos","WSN",1,1,0,4.42534,21,0,0,0,,21,91,21,11,10,2,9,,1,17,7.4856,3.81012,1.96466,1.01466,0.189532,0.0964705,0.0930614247918129,0.258334,1.43695,0.30239,0.705556,,,4.28027,-0.0119592,-0.0282123,999,,,,,,,80.20000000000002,3.8190476190476197,83,3.9523809523809526,,,,,,,,,,,,,,,,,,,"Ryan Loutos","29521",702795
"Jefry Yan","COL",1,1,0,5.05729,12,0,0,0,,12,54,11,7,7,1,8,,1,12,9.23535,5.97762,1.54499,1.05123,0.224361,0.145218,0.0791422426700592,0.243472,1.6007,0.303198,0.688793,,,4.73143,-0.0127342,-0.0117706,999,,,,,,,44.90000000000001,3.7416666666666676,44,3.6666666666666665,,,,,,,,,,,,,,,,,,,"Jefry Yan","sa828460",642376
"Chris Devenski","NYM",1,1,0,4.65175,16,0,0,0,,16,69,16,9,8,3,6,,1,15,8.32415,3.46587,2.40175,1.46085,0.215169,0.0895883,0.12558051943778992,0.25012,1.35572,0.289362,0.703527,,,4.59783,-0.0131217,-0.0499045,999,,,,,,,48.9,3.05625,50,3.125,,,,,,,,,,,,,,,,,,,"Chris Devenski","12763",606965
"José Ruiz","ATL",0,0,0,4.45527,8,0,0,0,,8,37,8,5,4,1,3,,0,8,8.6944,3.69432,2.35345,1.36239,0.223163,0.0948237,0.12833911180496216,0.24963,1.37857,0.295839,0.720438,,,4.47203,-0.0134381,-0.033205,999,,,,,,,33.10000000000001,4.137500000000001,34,4.25,,,,,,,,,,,,,,,,,,,"Jose Ruiz","14552",614179
"Mason Englert","TBR",1,1,0,4.51785,24,0,0,0,,24,101,24,13,12,4,7,,1,21,8.07116,2.78861,2.89433,1.34951,0.210016,0.072561,0.13745470345020294,0.256572,1.31415,0.297938,0.695977,,,4.30707,-0.0135248,-0.069516,999,,,,,,,84.00000000000003,3.5000000000000013,86,3.5833333333333335,,,,,,,,,,,,,,,,,,,"Mason Englert","22288",669438
"Joey Estes","ATH",1,2,1,5.30373,11,2,0,0,,20,86,21,13,12,4,6,,1,15,6.75297,2.51173,2.68858,1.87186,0.173475,0.064523,0.10895208269357681,0.268243,1.34581,0.284502,0.668729,,,5.33268,-0.0135346,-0.0155822,713.8900146484375,,,,,,,53.199999999999996,2.6599999999999997,57,2.85,,,,,,,,,,,,,,,,,,,"Joey Estes","26257",683155
"Bryse Wilson","CHW",0,0,0,4.89708,7,0,0,0,,7,30,7,4,4,1,2,,0,5,6.45315,2.94088,2.19429,1.58616,0.164576,0.0750018,0.08957411348819733,0.270564,1.40615,0.291701,0.702695,,,5.04305,-0.0137539,-0.0212825,747.4500122070312,,,,,,,25.3,3.6142857142857143,26,3.7142857142857144,,,,,,,,,,,,,,,,,,,"Bryse Wilson","19990",669060
"Jackson Kowar","SEA",1,2,0,4.35718,25,0,0,0,,25,109,24,13,12,3,12,,1,23,8.45308,4.14877,2.03749,1.13743,0.214663,0.105357,0.10930652916431427,0.245876,1.40976,0.294433,0.716671,,,4.3981,-0.0143893,-0.0650901,999,,,,,,,92.69999999999999,3.7079999999999997,93,3.72,,,,,,,,,,,,,,,,,,,"Jackson Kowar","21549",663804
"Mike Clevinger","CHW",0,1,0,4.76293,8,0,0,0,,8,36,8,5,4,1,3,,0,7,7.39895,3.34539,2.21169,1.45577,0.189938,0.0858792,0.10405860841274261,0.255469,1.37021,0.286103,0.695058,,,4.80179,-0.0144892,-0.0374839,456.57000732421875,,,,,,,31.100000000000005,3.8875000000000006,32,4,,,,,,,,,,,,,,,,,,,"Mike Clevinger","12808",605182
"Sam Bachman","LAA",1,1,0,4.51304,27,0,0,4,,27,119,27,15,14,3,12,,1,22,7.47115,4.08193,1.8303,1.13763,0.188451,0.102962,0.0854889526963234,0.255097,1.4501,0.294963,0.710879,,,4.56224,-0.0146556,-0.063248,999,,,,,,,113.7,4.211111111111111,117,4.333333333333333,,,,,,,,,,,,,,,,,,,"Sam Bachman","29754",696147
"Elvis Alvarado","ATH",2,2,0,4.39803,26,0,0,4,,26,116,24,14,13,3,13,,2,26,8.78211,4.50396,1.94986,1.08737,0.222764,0.114246,0.10851819813251495,0.238758,1.41314,0.290483,0.708989,,,4.37594,-0.0157977,-0.0558135,999,,,,,,,116.1,4.4653846153846155,114,4.384615384615385,,,,,,,,,,,,,,,,,,,"Elvis Alvarado","21662",665660
"Eduardo Salazar","WSN",1,1,0,4.79961,26,0,0,3,,26,115,28,15,14,3,10,,2,19,6.76438,3.49456,1.93569,0.950546,0.167892,0.086735,0.08115695416927338,0.274638,1.49007,0.315787,0.678292,,,4.34833,-0.0166276,-0.0775132,999,,,,,,,96.7,3.7192307692307693,105,4.038461538461538,,,,,,,,,,,,,,,,,,,"Eduardo Salazar","23135",674285
"Andry Lara","WSN",1,1,0,4.63988,12,0,0,0,,12,51,12,7,6,2,4,,1,9,6.97951,3.30167,2.11394,1.28842,0.178516,0.0844473,0.09406885504722595,0.259816,1.38831,0.291522,0.696981,,,4.632,-0.0171542,-0.0381364,999,,,,,,,36.000000000000014,3.0000000000000013,37,3.0833333333333335,,,,,,,,,,,,,,,,,,,"Andry Lara","sa3014716",691251
"Carlos Carrasco","NYY",0,1,0,5.13992,8,0,0,0,,8,35,9,5,5,1,3,,0,6,7.21809,3.03155,2.38099,1.60548,0.18362,0.0771192,0.10650080442428589,0.270169,1.41406,0.298932,0.681341,,,4.94052,-0.0172322,-0.038237,649.6500244140625,,,,,,,26.500000000000007,3.312500000000001,30,3.75,,,,,,,,,,,,,,,,,,,"Carlos Carrasco","6632",471911
"Kyle Tyler","BAL",0,1,0,4.6938,9,0,0,0,,9,40,9,5,5,1,4,,0,7,6.83101,3.57667,1.90988,1.19323,0.172486,0.0903127,0.08217372745275497,0.265243,1.4479,0.299101,0.697953,,,4.60898,-0.0173979,-0.0277987,999,,,,,,,32.90000000000001,3.655555555555557,34,3.7777777777777777,,,,,,,,,,,,,,,,,,,"Kyle Tyler","22092",667725
"Génesis Cabrera","PIT",1,1,0,4.32317,25,0,0,3,,25,111,24,13,12,3,11,,1,23,8.14096,4.07448,1.99804,1.2125,0.207358,0.103781,0.10357701033353806,0.246386,1.40411,0.289382,0.725619,,,4.5288,-0.0179994,-0.018714,999,,,,,,,107.69999999999999,4.308,108,4.32,,,,,,,,,,,,,,,,,,,"Genesis Cabrera","17490",650893
"Logan Gillaspie","SDP",0,0,0,4.56564,10,0,0,0,,10,42,10,5,5,1,3,,1,7,6.98298,3.08495,2.26357,1.28573,0.177571,0.0784475,0.09912365674972534,0.265628,1.39534,0.298871,0.706021,,,4.60987,-0.0186361,-0.0115452,999,,,,,,,37.7,3.7700000000000005,39,3.9,,,,,,,,,,,,,,,,,,,"Logan Gillaspie","22461",670810
"Lucas Gilbreath","COL",0,0,0,5.05745,9,0,0,0,,9,41,9,5,5,1,5,,1,8,7.82912,4.75179,1.64762,1.303,0.187607,0.113866,0.0737413763999939,0.265076,1.57757,0.307247,0.703164,,,5.25785,-0.0191523,-0.00200693,999,,,,,,,28.900000000000013,3.2111111111111126,30,3.3333333333333335,,,,,,,,,,,,,,,,,,,"Lucas Gilbreath","21290",656458
"Elvin Rodriguez","MIL",0,1,0,4.64644,12,0,0,0,,12,51,12,7,6,2,4,,1,11,8.34417,3.27797,2.54553,1.63628,0.215479,0.08465,0.1308288276195526,0.252458,1.34698,0.287716,0.719316,,,4.82279,-0.0191607,-0.0365164,999,,,,,,,40.000000000000014,3.3333333333333344,41,3.4166666666666665,,,,,,,,,,,,,,,,,,,"Elvin Rodriguez","20962",660730
"Andre Granillo","STL",2,2,0,4.48181,26,0,0,2,,26,112,24,14,13,3,12,,1,26,9.0569,4.3367,2.08843,1.15904,0.23142,0.110811,0.12060965597629547,0.24017,1.40166,0.293548,0.704442,,,4.30136,-0.0205527,-0.0613495,999,,,,,,,114.1,4.388461538461538,112,4.3076923076923075,,,,,,,,,,,,,,,,,,,"Andre Granillo","29542",701552
"Orlando Ribalta","WSN",1,1,0,4.92839,19,0,0,0,,19,84,18,11,10,2,10,,2,18,8.49948,4.74412,1.79158,1.18302,0.211043,0.117797,0.09324600547552109,0.247579,1.48464,0.295904,0.683849,,,4.72591,-0.0210387,-0.0578252,999,,,,,,,69.2,3.642105263157895,69,3.6315789473684212,,,,,,,,,,,,,,,,,,,"Orlando Ribalta","26247",687377
"Jonathan Bowlan","KCR",1,2,0,4.53188,24,0,0,0,,24,103,25,13,12,3,8,,1,19,7.33837,3.0554,2.40177,1.3116,0.187621,0.0781176,0.10950309038162231,0.265865,1.39334,0.302429,0.711344,,,4.4937,-0.0213126,-0.0359675,999,,,,,,,86.70000000000002,3.6125000000000007,92,3.8333333333333335,,,,,,,,,,,,,,,,,,,"Jonathan Bowlan","24607",680742
"Seth Martinez","MIA",0,0,0,4.18645,13,0,0,0,,13,57,13,7,6,2,5,,1,11,7.29572,3.5344,2.0642,1.41969,0.187913,0.0910342,0.09687898308038712,0.247615,1.35041,0.275912,0.747897,,,4.8518,-0.0213605,-0.01688,999,,,,,,,41.8,3.215384615384615,43,3.3076923076923075,,,,,,,,,,,,,,,,,,,"Seth Martinez","21045",661527
"Ryan Cusick","PHI",0,1,0,5.07643,7,0,0,0,,7,33,7,5,4,1,4,,0,6,7.59904,5.0549,1.5033,1.37426,0.18707,0.12444,0.06263074278831482,0.254515,1.55515,0.289287,0.702304,,,5.21015,-0.02147,-0.0486213,999,,,,,,,21.3,3.042857142857143,22,3.142857142857143,,,,,,,,,,,,,,,,,,,"Ryan Cusick","sa3017385",680743
"Jake Eder","LAA",1,1,0,4.708,21,0,0,0,,21,93,20,12,11,3,10,,2,19,8.33118,4.31782,1.92949,1.2017,0.208099,0.107852,0.10024693608283997,0.247653,1.43765,0.293508,0.694842,,,4.70949,-0.0220385,-0.0593708,999,,,,,,,68.5,3.261904761904762,68,3.238095238095238,,,,,,,,,,,,,,,,,,,"Jake Eder","27590",671109
"Michael Petersen","ATL",1,1,0,4.63478,25,0,0,2,,25,109,25,14,13,3,10,,1,24,8.72561,3.5346,2.46863,1.17383,0.223044,0.0903515,0.13269276916980743,0.25278,1.37717,0.305604,0.684272,,,4.19723,-0.0221072,-0.0673063,999,,,,,,,106.1,4.244,109,4.36,,,,,,,,,,,,,,,,,,,"Michael Petersen","20827",656848
"Grant Wolfram","BAL",0,1,0,4.80175,14,0,0,0,,14,62,14,8,7,2,7,,1,13,8.15503,4.49839,1.81288,1.15167,0.203305,0.112145,0.09116015583276749,0.255498,1.49847,0.302893,0.696228,,,4.57996,-0.0221622,-0.0502996,999,,,,,,,44.60000000000003,3.1857142857142877,46,3.2857142857142856,,,,,,,,,,,,,,,,,,,"Grant Wolfram","21623",664991
"Sam Long","KCR",1,2,0,4.53266,27,0,0,4,,27,116,26,15,13,3,11,,1,23,7.86596,3.80301,2.06835,1.16695,0.200365,0.0968719,0.10349301993846893,0.254409,1.4155,0.297757,0.703481,,,4.39868,-0.0225215,-0.0516742,999,,,,,,,121.30000000000001,4.492592592592593,122,4.518518518518518,,,,,,,,,,,,,,,,,,,"Sam Long","25379",669674
"Joan Adon","WSN",1,1,0,5.0087,14,0,0,0,,14,61,14,8,8,2,6,,1,11,7.03737,4.09442,1.71877,1.11869,0.175929,0.102357,0.07357151061296463,0.258951,1.4718,0.295489,0.667975,,,4.68906,-0.0229221,-0.0393746,999,,,,,,,43.6,3.1142857142857143,45,3.2142857142857144,,,,,,,,,,,,,,,,,,,"Joan Adon","22925",672851
"Connor Phillips","CIN",1,2,0,4.6919,21,0,0,0,,21,93,20,12,11,3,12,,1,21,9.29155,5.0047,1.85656,1.29099,0.230747,0.124287,0.10645973682403564,0.24677,1.50944,0.301362,0.720443,,,4.71618,-0.0229542,-0.034665,749.97998046875,,,,,,,69.5,3.3095238095238093,69,3.2857142857142856,,,,,,,,,,,,,,,,,,,"Connor Phillips","27649",683175
"Jairo Iriarte","CHW",0,1,0,5.02354,10,0,0,0,,10,46,10,6,6,1,5,,1,9,7.39513,4.44954,1.662,1.28544,0.184451,0.110981,0.07346969842910767,0.254135,1.48591,0.288963,0.683697,,,4.95692,-0.0232291,-0.0391946,750.4600219726562,,,,,,,35.7,3.5700000000000003,37,3.7,,,,,,,,,,,,,,,,,,,"Jairo Iriarte","26907",683568
"Bradgley Rodriguez","SDP",1,1,0,4.27999,23,0,0,0,,23,100,21,12,11,3,11,,1,22,8.51576,4.39595,1.93718,1.13671,0.21665,0.111837,0.10481223464012146,0.239465,1.40469,0.286863,0.723027,,,4.45682,-0.0236209,-0.0425712,999,,,,,,,86.70000000000002,3.769565217391305,84,3.652173913043478,,,,,,,,,,,,,,,,,,,"Bradgley Rodriguez","29107",699134
"Logan VanWey","HOU",1,1,0,4.37433,24,0,0,0,,24,104,22,13,12,3,11,,1,22,8.37666,4.26053,1.96611,1.13317,0.212159,0.107908,0.1042509451508522,0.245799,1.42178,0.293561,0.717362,,,4.44497,-0.0240023,-0.0590885,999,,,,,,,91.50000000000001,3.8125000000000004,89,3.7083333333333335,,,,,,,,,,,,,,,,,,,"Logan VanWey","31884",701121
"Anthony Veneziano","MIA",1,1,0,4.63755,17,0,0,0,,17,75,18,9,9,2,7,,1,14,7.46827,4.03815,1.84943,1.10048,0.185061,0.100064,0.08499707281589508,0.270165,1.52589,0.314626,0.712922,,,4.50413,-0.024176,-0.0174485,999,,,,,,,58.40000000000002,3.43529411764706,63,3.7058823529411766,,,,,,,,,,,,,,,,,,,"Anthony Veneziano","27453",685107
"Luis Mey","CIN",1,1,0,5.16381,17,0,0,0,,17,78,17,10,10,2,10,,1,16,8.53049,5.58847,1.52644,1.13917,0.205268,0.134475,0.07079346477985382,0.258093,1.63327,0.311017,0.693389,,,4.91927,-0.0242363,-0.0363026,750.5499877929688,,,,,,,56.000000000000014,3.2941176470588243,58,3.411764705882353,,,,,,,,,,,,,,,,,,,"Luis Mey","25620",682825
"Taylor Clarke","KCR",1,2,0,4.67665,26,0,0,2,,26,111,28,15,13,4,8,,1,21,7.43716,2.76725,2.68756,1.34563,0.190435,0.0708578,0.11957698315382004,0.271208,1.39038,0.309374,0.699007,,,4.41398,-0.024826,-0.0857302,999,,,,,,,93.39999999999999,3.592307692307692,101,3.8846153846153846,,,,,,,,,,,,,,,,,,,"Taylor Clarke","17611",664199
"Austin Warren","NYM",2,1,0,4.31629,21,0,0,0,,21,93,20,11,10,3,10,,1,19,7.93648,4.07474,1.94773,1.14283,0.202705,0.104072,0.09863215684890747,0.245233,1.39824,0.287532,0.718536,,,4.45545,-0.0250058,-0.0396471,999,,,,,,,71.5,3.4047619047619047,71,3.380952380952381,,,,,,,,,,,,,,,,,,,"Austin Warren","24937",681810
"Taijuan Walker","PHI",2,2,0,4.75399,32,1,0,5,,36,155,36,20,19,5,13,,2,27,6.75955,3.40422,1.98564,1.36879,0.172641,0.0869451,0.08569621294736862,0.258969,1.39521,0.286021,0.694464,,,4.82923,-0.0252158,-0.142435,731.5599975585938,,,,,,,140.30000000000004,3.8972222222222235,144,4,,,,,,,,,,,,,,,,,,,"Taijuan Walker","11836",592836
"Daniel Bard","SEA",1,1,0,4.59982,14,0,0,0,,14,62,13,8,7,2,8,,1,13,8.54612,5.19492,1.64509,1.00171,0.212847,0.129383,0.08346399664878845,0.237341,1.48281,0.28834,0.698783,,,4.56864,-0.0264834,-0.0601953,999,,,,,,,44.20000000000003,3.1571428571428592,43,3.0714285714285716,,,,,,,,,,,,,,,,,,,"Daniel Bard","7115",453268
"John McMillon","PHI",1,2,0,4.59437,20,0,0,0,,20,88,18,11,10,2,13,,1,21,9.74461,5.71174,1.70607,1.13854,0.241729,0.141688,0.10004138946533203,0.23499,1.52851,0.295752,0.720462,,,4.58867,-0.0265302,-0.039747,999,,,,,,,76.60000000000001,3.8300000000000005,74,3.7,,,,,,,,,,,,,,,,,,,"John McMillon","27942",669111
"Austin Cox","ATL",0,0,0,4.39768,22,0,0,0,,22,96,22,12,11,3,9,,1,18,7.42365,3.82166,1.94252,1.06218,0.188557,0.0970681,0.09148882329463959,0.257029,1.43134,0.298836,0.71101,,,4.34191,-0.0269339,-0.0384134,999,,,,,,,74.7,3.3954545454545455,77,3.5,,,,,,,,,,,,,,,,,,,"Austin Cox","24604",680735
"Nick Nastrini","CHW",0,1,1,5.73484,2,2,0,0,,13,57,12,9,8,2,7,,1,10,7.31053,5.06983,1.44197,1.77059,0.180686,0.125306,0.0553809255361557,0.251038,1.53869,0.270705,0.669755,,,5.84727,-0.0275828,-0.096578,999,,,,,,,36.39999999999999,2.7999999999999994,35,2.6923076923076925,,,,,,,,,,,,,,,,,,,"Nick Nastrini","29833",680897
"Seth Johnson","PHI",1,4,0,5.88863,21,0,0,0,,21,96,22,15,14,3,11,,1,18,7.73417,4.54116,1.70313,1.30948,0.190574,0.111896,0.07867733389139175,0.266303,1.56079,0.307533,0.626045,,,4.88586,-0.027659,-0.145864,999,,,,,,,61.3,2.919047619047619,66,3.142857142857143,,,,,,,,,,,,,,,,,,,"Seth Johnson","26020",686751
"Bradley Blalock","COL",1,1,0,5.4921,17,1,0,0,,21,92,23,14,13,3,8,,1,15,6.45168,3.62194,1.78128,1.48627,0.160979,0.0903726,0.07060597836971283,0.274956,1.50599,0.299662,0.661041,,,5.11563,-0.0293718,-0.0778713,999,,,,,,,61.7,2.9380952380952383,69,3.2857142857142856,,,,,,,,,,,,,,,,,,,"Bradley Blalock","26419",687134
"Alex Faedo","TBR",1,1,0,4.39584,12,0,0,0,,12,51,11,6,6,2,5,,0,11,8.71726,3.7369,2.33275,1.52159,0.225514,0.0966733,0.1288410797715187,0.242403,1.3463,0.281873,0.734856,,,4.70627,-0.0294119,-0.0185587,999,,,,,,,42.600000000000016,3.550000000000001,41,3.4166666666666665,,,,,,,,,,,,,,,,,,,"Alex Faedo","19874",656412
"Casey Legumina","SEA",2,1,0,4.48693,27,0,0,4,,27,116,27,15,13,4,10,,1,23,7.73218,3.224,2.39832,1.28393,0.199695,0.0832647,0.11643067747354507,0.252494,1.34117,0.290641,0.700225,,,4.44794,-0.0294252,-0.101999,999,,,,,,,109.40000000000002,4.051851851851852,112,4.148148148148148,,,,,,,,,,,,,,,,,,,"Casey Legumina","25921",668984
"Tyler Zuber","NYM",1,1,0,4.89708,15,0,0,0,,15,65,15,9,8,2,7,,1,13,8.03311,4.30288,1.86691,1.43051,0.201786,0.108085,0.09370065480470657,0.254139,1.46963,0.292134,0.704187,,,4.93044,-0.0299161,-0.0645749,999,,,,,,,49.400000000000006,3.293333333333334,51,3.4,,,,,,,,,,,,,,,,,,,"Tyler Zuber","20379",676604
"Cole Sulser","TBR",1,1,0,4.4241,22,0,0,0,,22,94,21,12,11,3,9,,1,20,8.33665,3.83605,2.17324,1.2852,0.214373,0.0986423,0.1157308891415596,0.246653,1.37899,0.289927,0.716394,,,4.46223,-0.0304861,-0.0664129,999,,,,,,,81.30000000000001,3.6954545454545458,81,3.6818181818181817,,,,,,,,,,,,,,,,,,,"Cole Sulser","15256",642121
"Carlos Hernández","DET",1,2,0,4.73753,25,0,0,2,,25,109,24,14,13,3,12,,1,23,8.46248,4.18833,2.02049,1.2603,0.215408,0.106612,0.1087963804602623,0.245496,1.41221,0.29058,0.690732,,,4.54848,-0.0316664,-0.100228,999,,,,,,,100.69999999999999,4.028,101,4.04,,,,,,,,,,,,,,,,,,,"Carlos Hernandez","22713",672578
"Owen White","CHW",0,2,0,5.26716,18,0,0,0,,18,81,20,12,11,3,8,,1,14,6.8274,3.7762,1.80801,1.27671,0.170387,0.0942404,0.0761469304561615,0.270703,1.49972,0.303683,0.663727,,,4.79699,-0.0323151,-0.107202,999,,,,,,,45.30000000000001,2.5166666666666675,52,2.888888888888889,,,,,,,,,,,,,,,,,,,"Owen White","22273",669391
"Kyle Nicolas","PIT",1,1,0,4.6968,20,0,0,0,,20,88,19,11,10,2,11,,1,19,8.65002,4.97824,1.73757,1.10656,0.212781,0.122459,0.09032154828310013,0.253073,1.5391,0.306915,0.710956,,,4.62287,-0.032687,-0.033013,999,,,,,,,76,3.8,76,3.8,,,,,,,,,,,,,,,,,,,"Kyle Nicolas","27775",693312
"Spencer Bivens","SFG",2,1,0,4.05232,28,0,0,5,,28,119,28,14,12,3,9,,1,21,6.74863,2.99203,2.25554,1.07121,0.174351,0.0772992,0.09705227613449097,0.257394,1.34108,0.291697,0.725165,,,4.27793,-0.0328509,-0.00315466,999,,,,,,,129.5,4.625,133,4.75,,,,,,,,,,,,,,,,,,,"Spencer Bivens","30226",702352
"Brad Keller","CHC",2,2,0,4.34045,31,0,1,7,,31,135,31,16,15,3,13,,1,25,7.40055,3.89382,1.90059,0.920612,0.186899,0.0983376,0.0885617583990097,0.258019,1.44458,0.303481,0.70723,,,4.20209,-0.0334361,-0.0487631,999,,,,,,,152.89999999999998,4.9322580645161285,157,5.064516129032258,,,,,,,,,,,,,,,,,,,"Brad Keller","15734",641745
"Luis Peralta","COL",1,1,0,5.02638,23,0,0,0,,23,103,22,14,13,3,13,,2,22,8.68933,5.185,1.67586,1.15259,0.213406,0.127341,0.0860648900270462,0.247808,1.5348,0.299309,0.684431,,,4.78411,-0.0359007,-0.0384185,748.8300170898438,,,,,,,75.10000000000001,3.2652173913043483,75,3.260869565217391,,,,,,,,,,,,,,,,,,,"Luis Peralta","24203",678821
"Alan Rangel","PHI",2,2,0,4.77166,25,0,0,2,,25,107,25,14,13,4,9,,1,22,8.03661,3.3674,2.38659,1.45382,0.206688,0.0866039,0.12008442729711533,0.256759,1.37944,0.294936,0.696402,,,4.61296,-0.0369388,-0.0716734,999,,,,,,,92.80000000000001,3.7120000000000006,95,3.8,,,,,,,,,,,,,,,,,,,"Alan Rangel","19524",660604
"Victor Mederos","LAA",1,1,0,5.43009,12,1,0,0,,15,67,16,10,9,2,7,,1,11,6.77189,4.41548,1.53367,1.35335,0.16534,0.107807,0.057533398270606995,0.270063,1.56726,0.300364,0.671795,,,5.22635,-0.040188,-0.0842545,999,,,,,,,42.800000000000004,2.8533333333333335,47,3.1333333333333333,,,,,,,,,,,,,,,,,,,"Victor Mederos","31533",682989
"Luke Little","CHC",1,0,0,5.91125,15,0,0,0,,15,69,12,11,10,1,13,,1,17,10.4458,7.8364,1.33298,0.838282,0.24855,0.186461,0.062088727951049805,0.215211,1.66871,0.287204,0.620676,,,4.85838,-0.0429597,-0.1235,999,,,,,,,59.5,3.966666666666667,54,3.6,,,,,,,,,,,,,,,,,,,"Luke Little","28036",681432
"Bryce Jarvis","ARI",1,1,1,4.2794,23,3,0,0,,33,146,32,17,16,4,16,,2,26,6.97471,4.39346,1.58752,1.13564,0.175319,0.110436,0.06488336622714996,0.249418,1.45516,0.282545,0.733923,,,4.80428,-0.0444541,0.104725,999,,,,,,,109.80000000000005,3.327272727272729,111,3.3636363636363638,,,,,,,,,,,,,,,,,,,"Bryce Jarvis","27477",686826
"Jordan Leasure","CHW",1,2,0,4.73806,30,0,0,6,,30,130,28,17,16,5,15,,1,30,9.15289,4.48062,2.04277,1.48999,0.231689,0.113419,0.1182698905467987,0.244614,1.44018,0.290952,0.718262,,,4.81346,-0.0452676,-0.159905,741.52001953125,,,,,,,123.7,4.123333333333333,121,4.033333333333333,,,,,,,,,,,,,,,,,,,"Jordan Leasure","29950",673929
"Zach Brzykcy","WSN",1,1,0,4.43956,28,0,0,5,,28,120,25,15,14,4,13,,1,27,8.78402,4.37262,2.00887,1.16671,0.224687,0.111848,0.11283966153860092,0.237642,1.39295,0.286734,0.707221,,,4.39727,-0.0459911,-0.0583913,750.8400268554688,,,,,,,125.00000000000006,4.464285714285716,120,4.285714285714286,,,,,,,,,,,,,,,,,,,"Zach Brzykcy","27783",694350
"Lyon Richardson","CIN",1,1,0,4.80434,25,0,0,2,,25,110,25,14,13,4,12,,1,22,8.19727,4.47998,1.82976,1.32729,0.204584,0.11181,0.09277473390102386,0.256728,1.5029,0.300208,0.711695,,,4.79006,-0.047728,-0.0311599,999,,,,,,,83.80000000000001,3.3520000000000003,86,3.44,,,,,,,,,,,,,,,,,,,"Lyon Richardson","24581",680689
"Hunter Strickland","LAA",1,1,0,4.56428,29,0,0,6,,29,124,26,16,15,4,12,,2,24,7.35798,3.69036,1.99384,1.35011,0.190917,0.0957535,0.09516362100839615,0.238055,1.31921,0.266222,0.692368,,,4.78812,-0.0484149,-0.102907,999,,,,,,,127.80000000000004,4.406896551724139,123,4.241379310344827,,,,,,,,,,,,,,,,,,,"Hunter Strickland","7836",519326
"Eric Orze","TBR",2,2,0,4.20799,30,0,1,7,,30,130,27,15,14,4,13,,3,29,8.74351,4.04819,2.15986,1.17562,0.221609,0.102604,0.11900567263364792,0.240252,1.37002,0.289431,0.72595,,,4.49986,-0.048516,-0.0544542,999,,,,,,,145.60000000000002,4.853333333333334,141,4.7,,,,,,,,,,,,,,,,,,,"Eric Orze","27626",679358
"Carlos Vargas","SEA",1,2,0,4.03888,30,0,1,6,,30,130,30,15,13,3,11,,2,24,7.08109,3.33307,2.1245,0.959921,0.181828,0.0855863,0.09624157845973969,0.254204,1.36221,0.294245,0.720943,,,4.17253,-0.0506912,-0.0938076,999,,,,,,,145.1,4.836666666666667,149,4.966666666666667,,,,,,,,,,,,,,,,,,,"Carlos Vargas","22915",672841
"Connor Seabold","TBR",1,1,0,5.625,20,0,0,0,,20,89,22,14,13,4,5,,1,16,7.3125,2.25,3.25,1.6875,0.185714,0.0571429,0.12857143208384514,0.261538,1.3125,0.285714,0.595238,,,4.83386,-0.0521793,-0.15888,750.9400024414062,,,,,,,55.599999999999994,2.78,62,3.1,,,,,,,,,,,,,,,,,,,"Connor Seabold","19695",657756
"Anthony Maldonado","ATH",0,0,0,5.14286,28,0,0,6,,28,124,28,16,16,4,12,,0,24,7.71429,3.85714,2,1.28571,0.193548,0.0967742,0.09677419066429138,0.25,1.42857,0.285714,0.697674,,,4.51243,-0.0528684,-0.170107,999,,,,,,,121.2,4.328571428571428,124,4.428571428571429,,,,,,,,,,,,,,,,,,,"Anthony Maldonado","26034",687424
"Ty Adcock","NYM",0,0,0,5.63044,9,0,0,0,,9,42,10,6,6,2,5,,0,8,7.4724,4.88661,1.52916,1.84437,0.18132,0.118575,0.06274493038654327,0.272523,1.63309,0.298556,0.707988,,,5.82408,-0.0542796,-0.0575638,999,,,,,,,17.000000000000007,1.8888888888888897,20,2.2222222222222223,,,,,,,,,,,,,,,,,,,"Ty Adcock","25651",686654
"Lake Bachar","MIA",2,2,0,4.48415,28,0,0,5,,28,125,28,15,14,4,13,,1,29,9.11867,4.27088,2.13508,1.34931,0.228974,0.107244,0.12173030525445938,0.254897,1.47004,0.308336,0.7368,,,4.56466,-0.0544338,-0.0259983,999,,,,,,,121.20000000000006,4.328571428571431,124,4.428571428571429,,,,,,,,,,,,,,,,,,,"Lake Bachar","19222",669199
"George Soriano","MIA",0,1,0,5.18155,21,0,0,0,,21,92,20,13,12,3,10,,2,20,8.65016,4.12739,2.09579,1.4871,0.216909,0.103497,0.11341169476509094,0.252802,1.44315,0.295976,0.674487,,,4.91905,-0.0551419,-0.0778051,999,,,,,,,70.5,3.357142857142857,70,3.3333333333333335,,,,,,,,,,,,,,,,,,,"George Soriano","21863",666277
"Tayler Scott","ARI",2,2,0,4.13332,28,0,0,5,,28,122,25,14,13,4,14,,2,28,8.97087,4.39126,2.04289,1.13362,0.228523,0.111863,0.11666065454483032,0.237631,1.39497,0.289903,0.735069,,,4.36191,-0.0584272,0.0344668,749.2899780273438,,,,,,,121.00000000000006,4.321428571428574,116,4.142857142857143,,,,,,,,,,,,,,,,,,,"Tayler Scott","13652",605463
"Rafael Montero","ATL",1,1,0,4.53048,28,0,0,5,,28,124,27,15,14,3,14,,1,27,8.56976,4.38623,1.95379,1.07524,0.215247,0.110169,0.1050778329372406,0.250776,1.46138,0.303855,0.706441,,,4.35175,-0.0600617,-0.0412675,999,,,,,,,129.10000000000002,4.610714285714287,130,4.642857142857143,,,,,,,,,,,,,,,,,,,"Rafael Montero","12760",606160
"Jordan Weems","HOU",1,1,0,5.27988,26,0,0,2,,26,113,24,16,15,4,13,,1,25,8.6882,4.5824,1.89599,1.25747,0.220058,0.116065,0.10399293899536133,0.244123,1.44899,0.291506,0.647307,,,4.58049,-0.0637175,-0.182096,999,,,,,,,96.79999999999998,3.7230769230769223,94,3.6153846153846154,,,,,,,,,,,,,,,,,,,"Jordan Weems","13190",607179
"Cole Henry","WSN",1,2,0,4.47086,30,0,1,7,,30,132,28,16,15,4,14,,2,29,8.60404,4.18611,2.05538,1.17871,0.218174,0.106148,0.11202594637870789,0.244066,1.40467,0.292689,0.708015,,,4.47134,-0.063875,-0.0677433,999,,,,,,,143,4.766666666666667,141,4.7,,,,,,,,,,,,,,,,,,,"Cole Henry","27570",669371
"Colin Poche","NYM",2,2,0,4.21502,25,0,0,2,,25,110,25,13,12,4,12,,0,25,8.78759,4.08862,2.14928,1.55496,0.224267,0.104345,0.11992186307907104,0.252683,1.43822,0.29553,0.776671,,,4.75651,-0.0686585,-0.0497395,749.3699951171875,,,,,,,92.80000000000001,3.7120000000000006,95,3.8,,,,,,,,,,,,,,,,,,,"Colin Poche","19403",621363
"Tyler Phillips","MIA",1,2,0,4.94301,30,0,1,6,,30,134,33,18,17,4,11,,1,22,6.53547,3.28158,1.99156,1.13672,0.164654,0.0826757,0.08197799324989319,0.273738,1.46144,0.307675,0.67293,,,4.48376,-0.0740384,-0.213679,750.7999877929688,,,,,,,124.00000000000001,4.133333333333334,135,4.5,,,,,,,,,,,,,,,,,,,"Tyler Phillips","20629",663969
"Michael Mercado","PHI",1,1,0,5.10186,24,0,0,0,,24,105,24,15,13,4,11,,1,21,7.87055,4.23131,1.86007,1.57249,0.197624,0.106246,0.09137881547212601,0.254217,1.46208,0.28647,0.694813,,,5.17567,-0.076842,-0.102395,999,,,,,,,72.00000000000003,3.0000000000000013,74,3.0833333333333335,,,,,,,,,,,,,,,,,,,"Michael Mercado","23223",675650
"Jeff Brigham","ARI",0,0,0,4.5,19,0,0,0,,19,86,17,11,10,4,10,,2,21,9.9,4.5,2.2,1.8,0.244444,0.111111,0.13333333283662796,0.230769,1.4,0.269231,0.714286,,,5.28386,-0.0816664,-0.050991,999,,,,,,,53.19999999999999,2.7999999999999994,49,2.5789473684210527,,,,,,,,,,,,,,,,,,,"Jeff Brigham","16631",656257
"Hogan Harris","ATH",1,2,0,4.50679,29,0,0,6,,29,127,27,16,14,4,14,,1,26,8.08943,4.39659,1.83993,1.15898,0.204715,0.111262,0.09345273673534393,0.244425,1.43024,0.287747,0.708778,,,4.57365,-0.0827961,-0.15062,750.9400024414062,,,,,,,126.20000000000003,4.351724137931035,124,4.275862068965517,,,,,,,,,,,,,,,,,,,"Hogan Harris","21520",663687
"Roddery Muñoz","STL",1,1,0,5.10849,19,0,0,0,,19,84,19,12,11,4,9,,1,16,7.77509,4.30546,1.80587,1.67613,0.194473,0.10769,0.08678361028432846,0.256331,1.48142,0.285304,0.708166,,,5.36479,-0.0838376,-0.0926127,999,,,,,,,43.99999999999999,2.31578947368421,45,2.3684210526315788,,,,,,,,,,,,,,,,,,,"Roddery Munoz","25311",682610
"Kaleb Ort","HOU",1,2,0,4.34629,32,0,0,7,,32,134,29,17,15,5,12,,1,32,9.17924,3.36401,2.72866,1.51141,0.239891,0.0879152,0.15197575092315674,0.241567,1.30064,0.286493,0.728015,,,4.47135,-0.0904732,-0.120642,999,,,,,,,152.9,4.778125,148,4.625,,,,,,,,,,,,,,,,,,,"Kaleb Ort","20061",672391
"Michael Kelly","ATH",1,1,0,4.39357,30,0,0,7,,30,131,29,16,15,4,13,,1,27,8.07252,3.71237,2.17449,1.26834,0.207305,0.0953348,0.11196987330913544,0.248284,1.37363,0.289494,0.716638,,,4.48871,-0.110651,-0.120659,999,,,,,,,137.4,4.58,138,4.6,,,,,,,,,,,,,,,,,,,"Michael Kelly","12791",547184
"Dan Altavilla","CHW",0,4,0,4.99509,29,0,1,6,,29,130,28,18,16,5,14,,2,26,8.10141,4.36888,1.85435,1.40892,0.202431,0.109166,0.0932651162147522,0.251397,1.46267,0.289943,0.69111,,,4.99713,-0.120367,-0.343323,999,,,,,,,113.30000000000003,3.906896551724139,113,3.896551724137931,,,,,,,,,,,,,,,,,,,"Dan Altavilla","16507",656186
"Valente Bellozo","MIA",2,3,1,4.70031,28,2,0,2,,38,166,41,21,20,7,14,,1,26,6.32449,3.30276,1.91491,1.70131,0.159279,0.0831785,0.0761009007692337,0.273686,1.46351,0.291353,0.747241,,,5.35188,-0.120962,-0.00038816,745.6799926757812,,,,,,,103.5,2.723684210526316,114,3,,,,,,,,,,,,,,,,,,,"Valente Bellozo","23899",678368
"Connor Brogdon","LAA",2,2,0,4.7321,28,0,0,5,,28,123,27,16,15,6,12,,1,27,8.57695,3.71351,2.30966,1.80607,0.220261,0.0953647,0.12489580363035202,0.248565,1.3752,0.280227,0.734463,,,5.14888,-0.121179,-0.131268,999,,,,,,,98.20000000000003,3.5071428571428584,97,3.4642857142857144,,,,,,,,,,,,,,,,,,,"Connor Brogdon","21205",641401
"Zach Pop","SEA",1,2,0,4.90814,26,0,0,2,,26,113,25,16,14,5,9,,1,19,6.61069,3.20812,2.06061,1.54755,0.172422,0.0836751,0.08874684572219849,0.247487,1.3135,0.265183,0.67184,,,5.0291,-0.151808,-0.223829,999,,,,,,,81.9,3.1500000000000004,81,3.1153846153846154,,,,,,,,,,,,,,,,,,,"Zach Pop","20185",647315
"Steven Wilson","CHW",1,2,0,4.65846,31,0,3,5,,31,136,26,18,16,5,17,,2,32,9.39252,4.96231,1.89277,1.54872,0.2391,0.126323,0.11277726292610168,0.225149,1.39693,0.265164,0.721714,,,5.06127,-0.189789,-0.318217,999,,,,,,,142.29999999999998,4.590322580645161,132,4.258064516129032,,,,,,,,,,,,,,,,,,,"Steven Wilson","20353",621051