Name,Team,W,L,QS,ERA,G,GS,SV,HLD,BS,IP,TBF,H,R,ER,HR,BB,IBB,HBP,SO,K/9,BB/9,K/BB,HR/9,K%,BB%,K-BB%,AVG,WHIP,BABIP,LOB%,GB%,HR/FB,FIP,WAR,RA9-WAR,ADP,InterSD,InterSK,IntraSD,Vol,Skew,Dim,FPTS,FPTS/IP,SPTS,SPTS/IP,P10,P20,P30,P40,P50,P60,P70,P80,P90,TT10,TT20,TT30,TT40,TT50,TT60,TT70,TT80,TT90,NameASCII,PlayerId,MLBAMID
"Tarik Skubal","DET",8,4,11,2.8896,17,17,0,0,,102,406,82,36,33,10,21,,4,118,10.3726,1.88392,5.50587,0.846909,0.29114,0.0528781,0.23826152458786964,0.216425,1.01307,0.28764,0.753504,,,2.72358,2.96852,2.65524,13.8100004196167,,,,,,,579.6000000000001,5.682352941176472,541,5.303921568627451,,,,,,,,,,,,,,,,,,,"Tarik Skubal","22267",669373
"Paul Skenes","PIT",7,4,10,2.93104,16,16,0,0,,94,378,75,33,31,8,25,,4,110,10.5483,2.39362,4.40683,0.787719,0.292401,0.0663517,0.2260490506887436,0.214586,1.06101,0.289319,0.75337,,,2.77417,2.65701,2.71781,10.890000343322754,,,,,,,535.2,5.693617021276596,499,5.308510638297872,,,,,,,,,,,,,,,,,,,"Paul Skenes","33677",694973
"Zack Wheeler","PHI",7,4,10,3.2935,17,17,0,0,,106,428,88,42,39,12,27,,4,117,9.87181,2.25284,4.38193,1.01241,0.272358,0.0621548,0.21020324155688286,0.221015,1.07595,0.28229,0.738389,,,3.21428,2.54015,2.42705,21.649999618530273,,,,,,,549,5.179245283018868,515,4.8584905660377355,,,,,,,,,,,,,,,,,,,"Zack Wheeler","10310",554430
"Logan Webb","SFG",7,5,10,3.35103,17,17,0,0,,107,442,102,43,40,8,25,,3,95,7.96584,2.12274,3.75261,0.647381,0.214782,0.0572353,0.15754669532179832,0.245719,1.18384,0.301986,0.719323,,,3.02431,2.36107,2.25209,98.33999633789062,,,,,,,534.2,4.992523364485982,537,5.018691588785047,,,,,,,,,,,,,,,,,,,"Logan Webb","17995",657277
"Garrett Crochet","BOS",6,4,9,3.22364,16,16,0,0,,85,342,67,33,30,9,26,,3,107,11.3501,2.78634,4.07349,0.934478,0.311792,0.0765418,0.23525011539459229,0.213329,1.09926,0.293509,0.744243,,,2.92758,2.23699,2.10147,23.670000076293945,,,,,,,471.09999999999997,5.54235294117647,435,5.117647058823529,,,,,,,,,,,,,,,,,,,"Garrett Crochet","27463",676979
"Spencer Strider","ATL",7,4,9,3.46327,15,15,0,0,,90,364,70,37,34,10,31,,3,119,11.981,3.06709,3.90631,1.03154,0.327598,0.083864,0.24373441189527512,0.210743,1.1178,0.295557,0.730704,,,3.0279,2.23557,1.93349,101.01000213623047,,,,,,,497,5.522222222222222,456,5.066666666666666,,,,,,,,,,,,,,,,,,,"Spencer Strider","27498",675911
"Yoshinobu Yamamoto","LAD",7,4,9,3.31778,15,15,0,0,,88,358,74,35,33,8,23,,2,95,9.70497,2.37843,4.08041,0.859195,0.266717,0.0653654,0.2013520896434784,0.224149,1.10499,0.289203,0.725074,,,3.0318,2.18131,1.90285,59.349998474121094,,,,,,,475.4000000000001,5.402272727272728,451,5.125,,,,,,,,,,,,,,,,,,,"Yoshinobu Yamamoto","33825",808967
"Max Fried","NYY",8,4,10,3.374,16,16,0,0,,100,411,89,41,37,9,29,,4,93,8.4,2.58566,3.24868,0.857761,0.226197,0.0696272,0.15656936168670654,0.234206,1.17727,0.286746,0.737451,,,3.42172,2.03184,1.99357,96.06999969482422,,,,,,,484.9,4.849,470,4.7,,,,,,,,,,,,,,,,,,,"Max Fried","13743",608331
"Jacob deGrom","TEX",5,3,8,3.24217,14,14,0,0,,79,313,64,31,28,10,17,,3,93,10.6474,1.98009,5.37723,1.11695,0.297976,0.0554144,0.2425617314875126,0.217629,1.02855,0.284225,0.745181,,,3.08309,1.98488,1.72875,49.810001373291016,,,,,,,421.20000000000005,5.331645569620254,391,4.949367088607595,,,,,,,,,,,,,,,,,,,"Jacob deGrom","10954",594798
"Logan Gilbert","SEA",6,4,10,3.31452,16,16,0,0,,99,394,80,40,37,12,22,,3,107,9.73501,1.95285,4.98503,1.12862,0.272549,0.0546735,0.21787527576088905,0.217471,1.02695,0.271932,0.736031,,,3.27023,1.97147,1.74261,26.360000610351562,,,,,,,516,5.212121212121212,478,4.828282828282828,,,,,,,,,,,,,,,,,,,"Logan Gilbert","22250",669302
"George Kirby","SEA",7,5,9,3.53103,16,16,0,0,,98,395,91,42,39,12,15,,3,91,8.32468,1.35711,6.13413,1.11849,0.229908,0.0374802,0.19242825359106064,0.24156,1.07761,0.2879,0.720607,,,3.39541,1.91004,1.44551,100.83999633789062,,,,,,,469,4.785714285714286,462,4.714285714285714,,,,,,,,,,,,,,,,,,,"George Kirby","25436",669923
"Framber Valdez","HOU",7,5,10,3.4111,16,16,0,0,,102,423,90,42,39,9,33,,5,98,8.72058,2.89049,3.01699,0.812714,0.232816,0.0771684,0.15564806014299393,0.232148,1.20225,0.289019,0.734579,,,3.40627,1.90967,1.94115,61.900001525878906,,,,,,,492.1,4.824509803921569,475,4.6568627450980395,,,,,,,,,,,,,,,,,,,"Framber Valdez","17295",664285
"Dylan Cease","SDP",6,5,9,3.61677,17,17,0,0,,99,408,81,43,40,11,37,,3,114,10.4148,3.41471,3.04997,1.02844,0.279633,0.0916838,0.18794920295476913,0.21931,1.19688,0.286319,0.733024,,,3.47419,1.89153,1.63257,47.27000045776367,,,,,,,494.69999999999993,4.996969696969696,460,4.646464646464646,,,,,,,,,,,,,,,,,,,"Dylan Cease","18525",656302
"Hunter Brown","HOU",7,5,9,3.63232,16,16,0,0,,94,390,83,41,38,10,32,,3,101,9.75174,3.08197,3.16413,0.96998,0.259868,0.0821295,0.17773890495300293,0.232991,1.22606,0.298263,0.732323,,,3.43569,1.84825,1.53046,98.58000183105469,,,,,,,453.8,4.827659574468085,437,4.648936170212766,,,,,,,,,,,,,,,,,,,"Hunter Brown","25880",686613
"Sonny Gray","STL",6,5,9,3.68405,16,16,0,0,,95,391,85,42,39,11,27,,3,99,9.38845,2.55011,3.68159,1.01961,0.253212,0.0687778,0.18443384021520615,0.234783,1.17563,0.294626,0.718465,,,3.41492,1.81545,1.59275,122.05000305175781,,,,,,,454.70000000000005,4.786315789473685,440,4.631578947368421,,,,,,,,,,,,,,,,,,,"Sonny Gray","12768",543243
"Spencer Schwellenbach","ATL",7,5,9,3.6772,16,16,0,0,,95,390,88,42,39,11,21,,4,92,8.67204,1.96165,4.42079,1.023,0.235763,0.0533306,0.18243252485990524,0.239809,1.13602,0.292394,0.708284,,,3.39733,1.78275,1.71802,78.30000305175781,,,,,,,447.90000000000003,4.714736842105263,441,4.6421052631578945,,,,,,,,,,,,,,,,,,,"Spencer Schwellenbach","31846",680885
"Joe Ryan","MIN",6,5,8,3.79263,15,15,0,0,,90,363,77,41,38,14,19,,4,100,9.97341,1.92695,5.17575,1.38642,0.275094,0.0531505,0.22194337099790573,0.228127,1.07415,0.281517,0.717664,,,3.63165,1.7663,1.31234,93.91999816894531,,,,,,,424.59999999999997,4.717777777777777,399,4.433333333333334,,,,,,,,,,,,,,,,,,,"Joe Ryan","21390",657746
"Cristopher Sánchez","PHI",6,4,8,3.56304,19,15,0,0,,90,374,85,39,36,9,25,,3,81,8.12155,2.48121,3.27323,0.875412,0.216592,0.0661707,0.1504208818078041,0.246136,1.22528,0.298189,0.72992,,,3.45543,1.68308,1.63844,144.05999755859375,,,,,,,412.29999999999995,4.5811111111111105,411,4.566666666666666,,,,,,,,,,,,,,,,,,,"Cristopher Sanchez","20778",650911
"Tyler Glasnow","LAD",5,3,7,3.53215,12,12,0,0,,72,289,56,31,28,9,23,,1,88,11.0407,2.83853,3.88957,1.09419,0.304563,0.0783025,0.22626038640737534,0.212191,1.09918,0.282336,0.724017,,,3.19991,1.66388,1.29067,91.72000122070312,,,,,,,380.5,5.284722222222222,347,4.819444444444445,,,,,,,,,,,,,,,,,,,"Tyler Glasnow","14374",607192
"Hunter Greene","CIN",5,4,7,3.85002,13,13,0,0,,80,332,64,37,34,12,28,,6,96,10.7218,3.1277,3.42802,1.29297,0.288405,0.0841316,0.20427320897579193,0.216271,1.1502,0.277309,0.721992,,,3.81339,1.62246,1.47468,94.69999694824219,,,,,,,368,4.6,334,4.175,,,,,,,,,,,,,,,,,,,"Hunter Greene","22182",668881
"Kevin Gausman","TOR",7,6,9,3.90042,17,17,0,0,,102,425,95,48,44,13,30,,2,102,8.96442,2.62715,3.41222,1.18725,0.239977,0.0703286,0.1696481704711914,0.241698,1.21943,0.29363,0.723234,,,3.73269,1.60429,1.28887,166.66000366210938,,,,,,,455.9000000000001,4.469607843137256,449,4.401960784313726,,,,,,,,,,,,,,,,,,,"Kevin Gausman","14107",592332
"Freddy Peralta","MIL",6,5,9,3.79188,16,16,0,0,,92,381,76,42,39,13,33,,4,104,10.1844,3.2309,3.1522,1.24399,0.273751,0.0868446,0.18690679222345352,0.219777,1.17869,0.277039,0.731575,,,3.81627,1.58856,1.48378,103.55999755859375,,,,,,,420.30000000000007,4.568478260869566,388,4.217391304347826,,,,,,,,,,,,,,,,,,,"Freddy Peralta","18679",642547
"MacKenzie Gore","WSN",5,5,9,3.75299,16,16,0,0,,90,376,79,41,37,11,33,,3,101,10.0844,3.28409,3.07068,1.08609,0.26735,0.0870654,0.18028436601161957,0.231594,1.24201,0.297094,0.735046,,,3.60992,1.5774,1.42741,200.7899932861328,,,,,,,419.30000000000007,4.65888888888889,401,4.455555555555556,,,,,,,,,,,,,,,,,,,"MacKenzie Gore","22201",669022
"Nathan Eovaldi","TEX",6,4,8,3.77837,15,15,0,0,,91,374,83,42,38,12,23,,4,89,8.73631,2.23262,3.91303,1.14049,0.236731,0.0604981,0.17623306810855865,0.238076,1.15562,0.28764,0.714871,,,3.64187,1.55454,1.29732,203.2899932861328,,,,,,,406.99999999999994,4.472527472527472,396,4.351648351648351,,,,,,,,,,,,,,,,,,,"Nathan Eovaldi","9132",543135
"Bryan Woo","SEA",6,4,8,3.62423,15,15,0,0,,86,346,75,38,35,11,18,,4,82,8.58821,1.84957,4.64335,1.14591,0.23709,0.0510601,0.1860298588871956,0.229547,1.07241,0.274426,0.709831,,,3.56209,1.51969,1.13826,130.55999755859375,,,,,,,404.0999999999999,4.698837209302325,385,4.476744186046512,,,,,,,,,,,,,,,,,,,"Bryan Woo","30279",693433
"Tanner Bibee","CLE",6,5,9,3.82477,16,16,0,0,,96,396,86,44,41,13,27,,4,96,9.04717,2.55984,3.53428,1.25456,0.243021,0.0687612,0.17425991594791412,0.234476,1.17811,0.282847,0.728599,,,3.84739,1.49782,1.3445,88.16000366210938,,,,,,,425.9000000000001,4.436458333333334,410,4.270833333333333,,,,,,,,,,,,,,,,,,,"Tanner Bibee","30134",676440
"Ranger Suárez","PHI",6,5,7,3.73175,22,14,0,0,,87,364,82,39,36,9,27,,3,79,8.18527,2.85975,2.86223,0.926548,0.216395,0.0756036,0.14079150557518005,0.244854,1.26131,0.29587,0.72559,,,3.6379,1.44007,1.3014,278.0299987792969,,,,,,,387.90000000000003,4.458620689655173,386,4.436781609195402,,,,,,,,,,,,,,,,,,,"Ranger Suarez","17277",624133
"Zac Gallen","ARI",7,5,9,3.8603,17,17,0,0,,100,420,91,47,43,12,33,,4,101,9.04774,2.94384,3.07345,1.06481,0.240421,0.0782251,0.16219615936279297,0.237994,1.23596,0.293315,0.719167,,,3.68578,1.43089,1.53331,119.88999938964844,,,,,,,446.79999999999995,4.468,435,4.35,,,,,,,,,,,,,,,,,,,"Zac Gallen","19291",668678
"Chris Sale","ATL",4,3,6,3.22887,10,10,0,0,,60,246,51,24,22,6,16,,3,72,10.7718,2.35851,4.56719,0.941683,0.294435,0.0644675,0.22996797412633896,0.223759,1.10107,0.299976,0.744941,,,2.98302,1.41538,1.36354,35.97999954223633,,,,,,,324.6,5.41,309,5.15,,,,,,,,,,,,,,,,,,,"Chris Sale","10603",519242
"Jack Flaherty","DET",5,5,8,3.81155,15,15,0,0,,85,355,76,39,36,11,27,,4,92,9.72636,2.88006,3.37714,1.13756,0.259319,0.0767867,0.18253271281719208,0.234526,1.21157,0.294924,0.726103,,,3.65009,1.41302,1.18803,138.3800048828125,,,,,,,387.1,4.554117647058824,373,4.3882352941176475,,,,,,,,,,,,,,,,,,,"Jack Flaherty","17479",656427
"Drew Rasmussen","TBR",5,4,7,3.40682,21,13,0,0,,77,314,68,32,29,8,19,,2,76,8.85191,2.2443,3.94418,0.880265,0.241423,0.06121,0.18021315708756447,0.233559,1.13614,0.290549,0.72526,,,3.20659,1.40231,1.2133,241.27999877929688,,,,,,,383.6000000000001,4.981818181818183,370,4.805194805194805,,,,,,,,,,,,,,,,,,,"Drew Rasmussen","25385",656876
"Sandy Alcantara","MIA",5,6,8,3.92675,15,15,0,0,,96,403,93,46,42,10,28,,3,81,7.57144,2.59764,2.91474,0.98069,0.200297,0.0687187,0.1315782144665718,0.249091,1.25393,0.292758,0.707917,,,3.77911,1.39565,1.42782,137.64999389648438,,,,,,,414.6000000000001,4.3187500000000005,419,4.364583333333333,,,,,,,,,,,,,,,,,,,"Sandy Alcantara","18684",645261
"Seth Lugo","KCR",6,5,8,4.04751,16,16,0,0,,97,407,95,47,44,12,27,,4,84,7.76994,2.49524,3.1139,1.11288,0.205329,0.0659395,0.13938958197832108,0.251859,1.25689,0.294898,0.70869,,,3.89637,1.39463,1.35509,179.72999572753906,,,,,,,398.20000000000005,4.105154639175258,404,4.164948453608248,,,,,,,,,,,,,,,,,,,"Seth Lugo","12447",607625
"Jesús Luzardo","PHI",6,5,7,3.89808,20,15,0,0,,89,371,79,42,39,12,29,,3,94,9.44325,2.89858,3.25789,1.18483,0.25289,0.0776237,0.17526617646217346,0.233171,1.20691,0.288146,0.719857,,,3.74615,1.39439,1.20197,235.11000061035156,,,,,,,397.6,4.467415730337079,381,4.280898876404494,,,,,,,,,,,,,,,,,,,"Jesus Luzardo","19959",666200
"Clay Holmes","NYM",5,4,7,3.62924,17,13,0,0,,79,339,73,35,32,6,31,,4,76,8.59865,3.49008,2.46374,0.674941,0.223657,0.0907793,0.13287757337093353,0.238941,1.30326,0.300067,0.72183,,,3.45584,1.38949,1.27356,205.64999389648438,,,,,,,368.00000000000006,4.658227848101267,364,4.60759493670886,,,,,,,,,,,,,,,,,,,"Clay Holmes","13649",605280
"Luis Castillo","SEA",7,5,9,3.7298,16,16,0,0,,98,406,87,44,41,13,29,,3,95,8.72603,2.69569,3.23703,1.18763,0.234686,0.0725003,0.16218554973602295,0.233743,1.1872,0.280295,0.734935,,,3.84787,1.37989,1.21849,100.88999938964844,,,,,,,433.1000000000001,4.419387755102042,415,4.23469387755102,,,,,,,,,,,,,,,,,,,"Luis Castillo","15689",622491
"Carlos Rodón","NYY",7,6,8,4.10082,16,16,0,0,,93,387,79,46,43,15,33,,4,106,10.2486,3.18318,3.21961,1.4078,0.274524,0.0852663,0.1892581656575203,0.225543,1.19982,0.280784,0.718323,,,4.01611,1.36738,1.00258,140.91000366210938,,,,,,,399.30000000000007,4.2935483870967746,371,3.989247311827957,,,,,,,,,,,,,,,,,,,"Carlos Rodon","16137",607074
"Cole Ragans","KCR",4,3,6,3.46137,10,10,0,0,,60,247,49,25,23,6,22,,2,71,10.6883,3.27054,3.26805,0.93253,0.287231,0.0878905,0.19934027642011642,0.220211,1.18694,0.294018,0.737993,,,3.22688,1.36261,1.26813,45.599998474121094,,,,,,,312.79999999999995,5.213333333333333,292,4.866666666666666,,,,,,,,,,,,,,,,,,,"Cole Ragans","21846",666142
"Nick Pivetta","SDP",6,5,8,3.89223,15,15,0,0,,87,356,74,41,38,13,26,,2,99,10.2075,2.72078,3.75168,1.38524,0.277576,0.0739871,0.20358861237764359,0.22536,1.14859,0.280633,0.727155,,,3.79535,1.35886,1.08148,173.72000122070312,,,,,,,405.5000000000001,4.660919540229886,380,4.367816091954023,,,,,,,,,,,,,,,,,,,"Nick Pivetta","15454",601713
"Zach Eflin","BAL",6,5,8,3.95871,16,16,0,0,,96,393,95,46,42,14,17,,3,78,7.31754,1.56405,4.67858,1.29378,0.197997,0.0423199,0.15567725151777267,0.254439,1.16688,0.288277,0.713296,,,3.92328,1.34752,1.06322,192.4199981689453,,,,,,,387.20000000000005,4.033333333333334,394,4.104166666666667,,,,,,,,,,,,,,,,,,,"Zach Eflin","13774",621107
"Bailey Ober","MIN",6,5,8,4.05237,15,15,0,0,,90,367,81,44,40,14,22,,3,88,8.85091,2.19214,4.03756,1.43229,0.240111,0.0594694,0.18064193427562714,0.23777,1.15132,0.279834,0.712858,,,4.00663,1.34433,0.99324,84.66999816894531,,,,,,,384.19999999999993,4.268888888888888,369,4.1,,,,,,,,,,,,,,,,,,,"Bailey Ober","21224",641927
"Michael Wacha","KCR",6,5,8,4.09347,15,15,0,0,,88,369,85,43,40,11,26,,3,74,7.63638,2.68756,2.84138,1.16923,0.201415,0.0708861,0.13052857667207718,0.249237,1.26651,0.288458,0.711882,,,4.05024,1.31464,1.19247,278.1300048828125,,,,,,,355.9000000000001,4.044318181818183,358,4.068181818181818,,,,,,,,,,,,,,,,,,,"Michael Wacha","14078",608379
"Chris Bassitt","TOR",6,6,8,4.02527,16,16,0,0,,96,406,91,47,43,12,31,,6,91,8.51484,2.92401,2.91204,1.1627,0.223017,0.0765844,0.1464322805404663,0.245257,1.27051,0.293644,0.719834,,,4.01782,1.31109,1.01986,344.04998779296875,,,,,,,397.20000000000005,4.1375,395,4.114583333333333,,,,,,,,,,,,,,,,,,,"Chris Bassitt","12304",605135
"Kris Bubic","KCR",5,5,6,3.962,26,13,0,0,,86,362,81,41,38,9,28,,3,83,8.67739,2.93759,2.95391,0.967006,0.228336,0.0772995,0.15103652328252792,0.246355,1.27763,0.302473,0.708945,,,3.623,1.29675,1.05406,319.5799865722656,,,,,,,388.0999999999999,4.512790697674418,386,4.488372093023256,,,,,,,,,,,,,,,,,,,"Kris Bubic","21455",663460
"Brady Singer","CIN",5,5,7,4.36362,15,15,0,0,,88,376,88,46,43,13,27,,4,83,8.50223,2.76232,3.07793,1.28034,0.221757,0.0720473,0.1497092768549919,0.254372,1.29967,0.302042,0.702099,,,4.10252,1.25604,1.09121,331.239990234375,,,,,,,335.50000000000006,3.8125000000000004,344,3.909090909090909,,,,,,,,,,,,,,,,,,,"Brady Singer","25377",663903
"Nick Lodolo","CIN",5,5,7,4.09922,14,14,0,0,,82,347,75,40,37,11,25,,8,83,9.10224,2.72314,3.34256,1.25634,0.238471,0.071344,0.16712743043899536,0.240623,1.22531,0.291801,0.70905,,,4.08131,1.24294,1.30008,235.97999572753906,,,,,,,343.5,4.189024390243903,334,4.073170731707317,,,,,,,,,,,,,,,,,,,"Nick Lodolo","26378",666157
"Yusei Kikuchi","LAA",5,5,8,4.0673,16,16,0,0,,91,380,83,45,41,14,30,,3,96,9.55744,2.96957,3.21846,1.43708,0.253672,0.0788178,0.1748543679714203,0.239355,1.24581,0.290309,0.738156,,,4.10229,1.23768,1.06153,170.38999938964844,,,,,,,378.40000000000003,4.158241758241759,366,4.021978021978022,,,,,,,,,,,,,,,,,,,"Yusei Kikuchi","20633",579328
"Mitch Keller","PIT",5,6,8,4.30251,16,16,0,0,,95,404,94,49,45,11,29,,6,83,7.88461,2.78022,2.83597,1.09206,0.205141,0.0723354,0.13280537724494934,0.253669,1.29799,0.299046,0.689968,,,4.01042,1.22338,1.05691,298.9200134277344,,,,,,,384.30000000000007,4.045263157894738,393,4.136842105263158,,,,,,,,,,,,,,,,,,,"Mitch Keller","17594",656605
"Brandon Woodruff","MIL",5,4,7,3.81351,13,13,0,0,,75,308,66,34,32,10,21,,3,77,9.28224,2.55233,3.63677,1.24604,0.250427,0.0688598,0.18156752735376358,0.233243,1.1688,0.284436,0.726412,,,3.77735,1.20794,1.23522,254.5399932861328,,,,,,,342.4,4.565333333333333,327,4.36,,,,,,,,,,,,,,,,,,,"Brandon Woodruff","16162",605540
"Reese Olson","DET",4,4,7,3.85497,13,13,0,0,,72,303,66,34,31,7,24,,3,67,8.41091,3.01102,2.79337,0.918118,0.222622,0.0796964,0.1429252102971077,0.239442,1.25069,0.291845,0.70867,,,3.64305,1.19548,0.902848,246.61000061035156,,,,,,,328.1,4.5569444444444445,322,4.472222222222222,,,,,,,,,,,,,,,,,,,"Reese Olson","24968",681857
"Eduardo Rodriguez","ARI",5,5,7,4.0011,19,14,0,0,,82,347,79,40,37,10,26,,2,78,8.53945,2.88608,2.95884,1.14134,0.225096,0.0760756,0.149020217359066,0.247687,1.27874,0.297681,0.72241,,,3.86305,1.19522,1.05507,376.4800109863281,,,,,,,350.4000000000001,4.273170731707318,352,4.2926829268292686,,,,,,,,,,,,,,,,,,,"Eduardo Rodriguez","13164",593958
"José Soriano","LAA",5,5,8,3.88864,15,15,0,0,,85,366,77,40,37,8,36,,5,76,8.09604,3.79871,2.13126,0.843644,0.209058,0.0980911,0.11096663028001785,0.237704,1.32949,0.288117,0.717583,,,3.94666,1.19102,1.20279,324.3900146484375,,,,,,,359.40000000000003,4.228235294117647,350,4.117647058823529,,,,,,,,,,,,,,,,,,,"Jose Soriano","22100",667755
"Brandon Pfaadt","ARI",6,5,8,4.06187,15,15,0,0,,86,357,84,42,39,12,20,,3,84,8.82029,2.12945,4.14206,1.3009,0.235797,0.0569274,0.17886926978826523,0.25051,1.20903,0.300261,0.713707,,,3.81316,1.14315,1.1543,178.5399932861328,,,,,,,369.4,4.2953488372093025,373,4.337209302325581,,,,,,,,,,,,,,,,,,,"Brandon Pfaadt","27782",694297
"Shota Imanaga","CHC",6,4,8,3.78187,14,14,0,0,,87,355,79,40,37,14,20,,2,84,8.6433,2.10732,4.10155,1.43012,0.235104,0.0573207,0.17778313905000687,0.238757,1.14684,0.278829,0.746549,,,4.00214,1.13652,1.24261,78.08999633789062,,,,,,,368.20000000000016,4.232183908045979,355,4.080459770114943,,,,,,,,,,,,,,,,,,,"Shota Imanaga","33829",684007
"Matthew Boyd","CHC",5,4,7,3.94745,14,14,0,0,,73,308,67,35,32,10,24,,3,74,9.03922,2.92535,3.08996,1.17762,0.239258,0.0774308,0.1618269756436348,0.239842,1.24319,0.292359,0.723059,,,3.87189,1.11879,0.888083,323.04998779296875,,,,,,,310.00000000000006,4.246575342465754,302,4.136986301369863,,,,,,,,,,,,,,,,,,,"Matthew Boyd","15440",571510
"Clarke Schmidt","NYY",5,4,7,4.04894,17,14,0,0,,76,321,70,37,34,11,26,,4,75,8.87581,3.11795,2.84668,1.24894,0.232919,0.0818211,0.15109755098819733,0.240118,1.26608,0.288678,0.725021,,,4.11466,1.09643,0.779755,249.11000061035156,,,,,,,305.09999999999997,4.014473684210526,297,3.9078947368421053,,,,,,,,,,,,,,,,,,,"Clarke Schmidt","19899",657376
"Gavin Williams","CLE",5,4,7,4.05881,15,15,0,0,,82,346,72,40,37,10,34,,3,85,9.33185,3.70425,2.51923,1.10477,0.244479,0.0970452,0.14743352681398392,0.23194,1.29035,0.287552,0.715385,,,3.94985,1.08289,0.890769,195.02999877929688,,,,,,,355.6000000000001,4.33658536585366,339,4.134146341463414,,,,,,,,,,,,,,,,,,,"Gavin Williams","30122",668909
"Blake Snell","LAD",4,2,6,3.51908,10,10,0,0,,55,229,42,23,22,6,25,,1,68,11.1417,4.08501,2.72747,1.00443,0.298125,0.109305,0.18882020562887192,0.20777,1.21707,0.280415,0.746645,,,3.48358,1.08251,1.06087,44.5099983215332,,,,,,,282,5.127272727272727,255,4.636363636363637,,,,,,,,,,,,,,,,,,,"Blake Snell","13543",605483
"David Peterson","NYM",5,4,7,3.83479,14,14,0,0,,80,346,77,37,34,8,31,,4,74,8.33422,3.46316,2.40654,0.922318,0.215504,0.0895494,0.1259545460343361,0.247418,1.3412,0.300992,0.733106,,,3.84523,1.07899,1.07754,326.9200134277344,,,,,,,336.40000000000003,4.205,339,4.2375,,,,,,,,,,,,,,,,,,,"David Peterson","20302",656849
"Mason Miller","ATH",2,1,0,2.76633,33,0,15,1,,33,132,22,11,10,3,11,,1,50,13.3861,3.08012,4.34597,0.847201,0.375014,0.0862901,0.28872358053922653,0.187714,1.01472,0.289029,0.770864,,,2.47057,1.07732,0.903846,45.09000015258789,,,,,,,293.1000000000001,8.881818181818184,269,8.151515151515152,,,,,,,,,,,,,,,,,,,"Mason Miller","31757",695243
"Kodai Senga","NYM",5,4,7,3.70481,13,13,0,0,,73,310,62,33,30,8,32,,4,79,9.71121,3.91361,2.48139,1.03415,0.254976,0.102755,0.1522207409143448,0.224043,1.27408,0.283835,0.742572,,,3.86437,1.07603,1.06659,155.4199981689453,,,,,,,330.6000000000001,4.528767123287673,311,4.260273972602739,,,,,,,,,,,,,,,,,,,"Kodai Senga","31838",673540
"Brayan Bello","BOS",6,5,7,4.13984,14,14,0,0,,80,344,78,40,37,9,28,,4,72,8.11018,3.1897,2.54262,1.03939,0.20988,0.0825448,0.1273350790143013,0.251905,1.33485,0.300802,0.711637,,,3.97405,1.05762,1.04146,372.8999938964844,,,,,,,326.49999999999994,4.081249999999999,331,4.1375,,,,,,,,,,,,,,,,,,,"Brayan Bello","23920",678394
"Shohei Ohtani","LAD",3,2,5,3.55373,8,8,0,0,,48,198,39,21,19,6,17,,2,56,10.4287,3.10313,3.36069,1.10271,0.281067,0.0836337,0.19743283838033676,0.220023,1.16567,0.285088,0.74082,,,3.52131,1.05423,0.823538,1.5499999523162842,,,,,,,235.00000000000003,4.895833333333334,217,4.520833333333333,,,,,,,,,,,,,,,,,,,"Shohei Ohtani","19755",660271
"Max Scherzer","TOR",5,4,6,3.93654,17,13,0,0,,73,300,65,35,32,12,19,,3,75,9.18778,2.35595,3.89982,1.50766,0.249653,0.0640165,0.1856365129351616,0.231774,1.13972,0.273289,0.733867,,,4.1102,0.983916,0.810812,273.1400146484375,,,,,,,307.6,4.213698630136987,293,4.013698630136986,,,,,,,,,,,,,,,,,,,"Max Scherzer","3137",453286
"Michael King","SDP",4,2,5,3.50534,8,8,0,0,,49,204,42,21,19,6,17,,2,54,9.9141,3.17683,3.12075,1.00785,0.265211,0.0849832,0.18022800236940384,0.225873,1.20206,0.289564,0.744973,,,3.50671,0.963827,0.840083,62.720001220703125,,,,,,,230.60000000000002,4.706122448979592,218,4.448979591836735,,,,,,,,,,,,,,,,,,,"Michael King","19853",650633
"Matthew Liberatore","STL",4,5,6,4.104,22,13,0,0,,80,340,77,40,37,9,26,,3,71,7.94857,2.91713,2.7248,1.01901,0.208381,0.076476,0.1319054663181305,0.248747,1.28765,0.295539,0.70142,,,3.8704,0.961101,0.755475,653.6400146484375,,,,,,,336.09999999999997,4.20125,338,4.225,,,,,,,,,,,,,,,,,,,"Matthew Liberatore","22294",669461
"Landen Roupp","SFG",4,4,6,3.9817,19,13,0,0,,77,329,70,37,34,8,33,,2,76,8.86875,3.83536,2.31236,0.903273,0.230147,0.0995288,0.13061798363924026,0.238918,1.33965,0.297013,0.716154,,,3.7791,0.957719,0.964965,431.4800109863281,,,,,,,336.4000000000001,4.36883116883117,328,4.259740259740259,,,,,,,,,,,,,,,,,,,"Landen Roupp","30076",694738
"Aaron Civale","CHW",4,5,7,4.4077,15,15,0,0,,79,335,77,42,39,13,24,,3,73,8.31395,2.72361,3.05255,1.46088,0.218772,0.0716688,0.1471034660935402,0.249587,1.27049,0.288542,0.707562,,,4.36728,0.953257,0.573139,368.0899963378906,,,,,,,289.50000000000006,3.6645569620253173,291,3.6835443037974684,,,,,,,,,,,,,,,,,,,"Aaron Civale","19479",650644
"Sean Manaea","NYM",5,4,7,4.12763,13,13,0,0,,76,320,68,38,35,11,26,,3,76,8.99629,3.12191,2.88166,1.2602,0.238583,0.0827937,0.15578951686620712,0.233552,1.23431,0.280969,0.708679,,,4.06159,0.946521,0.7189,251.00999450683594,,,,,,,315.29999999999995,4.148684210526315,302,3.973684210526316,,,,,,,,,,,,,,,,,,,"Sean Manaea","15873",640455
"José Berríos","TOR",6,6,8,4.26585,17,17,0,0,,102,433,99,53,49,16,31,,5,87,7.68377,2.6868,2.85982,1.38246,0.201742,0.0705434,0.1311982497572899,0.250364,1.27042,0.284665,0.715597,,,4.41011,0.945263,0.766581,242.77000427246094,,,,,,,366.6,3.5941176470588236,368,3.607843137254902,,,,,,,,,,,,,,,,,,,"Jose Berrios","14168",621244
"Merrill Kelly","ARI",6,5,8,4.16111,16,16,0,0,,95,399,90,48,44,13,30,,3,83,7.85183,2.86567,2.73996,1.21539,0.207318,0.0756647,0.13165351003408432,0.246326,1.26949,0.285968,0.709849,,,4.12255,0.942776,1.11087,300.7300109863281,,,,,,,376.1,3.958947368421053,373,3.9263157894736844,,,,,,,,,,,,,,,,,,,"Merrill Kelly","11156",518876
"Casey Mize","DET",5,5,7,4.2586,15,15,0,0,,81,344,82,42,38,10,23,,3,63,7.008,2.54835,2.75001,1.1424,0.183579,0.0667557,0.11682341247797012,0.257439,1.29202,0.292684,0.697915,,,4.13161,0.941772,0.623796,357.7300109863281,,,,,,,311.2,3.8419753086419752,323,3.9876543209876543,,,,,,,,,,,,,,,,,,,"Casey Mize","20492",663554
"Jameson Taillon","CHC",6,5,7,4.30007,15,15,0,0,,90,375,90,47,43,13,21,,2,72,7.1893,2.10321,3.41825,1.34328,0.191644,0.0560649,0.13557913526892662,0.255384,1.23174,0.286758,0.696538,,,4.19377,0.931998,0.69311,341.82000732421875,,,,,,,347.1,3.856666666666667,356,3.9555555555555557,,,,,,,,,,,,,,,,,,,"Jameson Taillon","11674",592791
"Cade Smith","CLE",2,1,0,2.92649,36,0,2,8,,36,147,28,13,12,3,12,,2,47,11.6157,3.01883,3.84774,0.666034,0.31784,0.0826045,0.23523569852113724,0.208448,1.10175,0.299487,0.7497,,,2.60435,0.928146,0.747541,368.2799987792969,,,,,,,250.70000000000005,6.96388888888889,235,6.527777777777778,,,,,,,,,,,,,,,,,,,"Cade Smith","27867",671922
"Justin Verlander","SFG",4,5,6,4.2426,13,13,0,0,,78,329,77,40,37,10,23,,3,65,7.51352,2.61946,2.86834,1.2049,0.197311,0.0687891,0.12852177768945694,0.254057,1.28215,0.29233,0.703156,,,4.13128,0.927163,0.701148,334.260009765625,,,,,,,306.00000000000006,3.923076923076924,312,4,,,,,,,,,,,,,,,,,,,"Justin Verlander","8700",434378
"Ben Brown","CHC",4,3,4,3.85024,22,9,0,0,,63,265,55,29,27,7,24,,2,69,9.83456,3.45996,2.84239,1.00367,0.260071,0.0914972,0.16857338696718216,0.229781,1.25258,0.293961,0.718295,,,3.6055,0.925802,0.779676,428.55999755859375,,,,,,,297.1,4.715873015873016,284,4.507936507936508,,,,,,,,,,,,,,,,,,,"Ben Brown","23590",676962
"Shane Bieber","CLE",3,2,5,3.64598,12,9,0,0,,53,219,50,23,21,6,13,,2,52,8.75347,2.28346,3.83343,1.00248,0.235239,0.0613652,0.1738736517727375,0.244558,1.19577,0.300089,0.726497,,,3.42097,0.92419,0.812578,448.3999938964844,,,,,,,247.40000000000003,4.667924528301888,246,4.6415094339622645,,,,,,,,,,,,,,,,,,,"Shane Bieber","19427",669456
"David Festa","MIN",4,3,5,3.98338,20,11,0,0,,64,272,59,31,29,8,23,,3,67,9.37782,3.25812,2.8783,1.10501,0.246651,0.0856935,0.1609577089548111,0.238875,1.2747,0.297404,0.71963,,,3.79403,0.918999,0.675435,365.7699890136719,,,,,,,277.80000000000007,4.340625000000001,272,4.25,,,,,,,,,,,,,,,,,,,"David Festa","30056",701581
"Miles Mikolas","STL",5,6,7,4.58777,15,15,0,0,,87,366,93,48,44,12,17,,3,59,6.0799,1.7885,3.39943,1.26204,0.159971,0.047058,0.11291269585490227,0.270288,1.27663,0.295592,0.668835,,,4.24736,0.915336,0.464424,584.2000122070312,,,,,,,312.40000000000003,3.59080459770115,337,3.8735632183908044,,,,,,,,,,,,,,,,,,,"Miles Mikolas","9803",571945
"Erick Fedde","STL",5,6,7,4.34337,15,15,0,0,,87,369,85,45,42,12,29,,3,70,7.24424,3.02932,2.39137,1.19538,0.189155,0.079099,0.11005603522062302,0.251903,1.31646,0.286928,0.700478,,,4.28384,0.910198,0.766511,335.6700134277344,,,,,,,319.20000000000005,3.66896551724138,323,3.7126436781609193,,,,,,,,,,,,,,,,,,,"Erick Fedde","17425",607200
"Eury Pérez","MIA",4,4,6,3.90383,12,12,0,0,,62,256,54,29,27,9,21,,2,69,10.0359,2.98153,3.36602,1.32094,0.269088,0.0799425,0.1891453117132187,0.22948,1.19795,0.286264,0.731984,,,3.85046,0.906441,0.994969,503.1199951171875,,,,,,,276.69999999999993,4.462903225806451,262,4.225806451612903,,,,,,,,,,,,,,,,,,,"Eury Perez","27768",691587
"Shane Smith","CHW",4,5,6,4.28509,20,14,0,0,,83,353,77,43,39,10,31,,5,70,7.64063,3.32396,2.29865,1.13973,0.198782,0.0864777,0.11230458319187164,0.242197,1.29938,0.280476,0.696787,,,4.31127,0.885782,0.648089,558.8499755859375,,,,,,,323.00000000000006,3.891566265060242,317,3.819277108433735,,,,,,,,,,,,,,,,,,,"Shane Smith","31687",681343
"Emmanuel Clase","CLE",2,2,0,2.74751,35,0,16,2,,35,141,31,12,11,2,7,,1,33,8.4876,1.80564,4.70061,0.583618,0.234804,0.0499518,0.1848517619073391,0.231303,1.07625,0.291888,0.755406,,,2.71986,0.885374,0.88607,35.18000030517578,,,,,,,283.79999999999995,8.108571428571427,279,7.9714285714285715,,,,,,,,,,,,,,,,,,,"Emmanuel Clase","21032",661403
"Chris Paddack","MIN",4,4,6,4.57952,20,14,0,0,,80,342,83,45,41,12,23,,2,70,7.87561,2.5414,3.09892,1.34786,0.206011,0.0664783,0.13953285664319992,0.261186,1.31112,0.30165,0.688216,,,4.19421,0.883606,0.301573,524.5900268554688,,,,,,,293.59999999999997,3.6699999999999995,309,3.8625,,,,,,,,,,,,,,,,,,,"Chris Paddack","20099",663978
"Ryne Nelson","ARI",5,4,6,4.22539,19,13,0,0,,84,353,85,43,39,11,22,,3,69,7.45686,2.36505,3.15294,1.18073,0.19651,0.0623258,0.1341838762164116,0.258042,1.27484,0.297356,0.700648,,,4.00174,0.875444,0.888641,469.8399963378906,,,,,,,328.29999999999995,3.9083333333333328,340,4.0476190476190474,,,,,,,,,,,,,,,,,,,"Ryne Nelson","26253",669194
"Taj Bradley","TBR",5,5,8,4.08693,15,15,0,0,,86,359,78,42,39,14,29,,3,88,9.26806,3.02525,3.06357,1.41926,0.245746,0.0802156,0.16553057730197906,0.238155,1.24668,0.28562,0.734073,,,4.16249,0.874808,0.804042,198.11000061035156,,,,,,,341.40000000000003,3.9697674418604656,328,3.813953488372093,,,,,,,,,,,,,,,,,,,"Taj Bradley","22543",671737
"Pablo López","MIN",3,2,4,3.76637,8,8,0,0,,46,190,42,21,19,6,11,,2,48,9.28171,2.19285,4.23272,1.12488,0.251052,0.0593122,0.19173986464738846,0.238793,1.15652,0.295467,0.714842,,,3.48801,0.869983,0.66589,73.29000091552734,,,,,,,214.40000000000003,4.660869565217392,209,4.543478260869565,,,,,,,,,,,,,,,,,,,"Pablo Lopez","17085",641154
"Luis Severino","ATH",4,6,8,4.3831,16,16,0,0,,93,394,89,49,45,14,30,,4,78,7.55988,2.93578,2.57509,1.31885,0.198139,0.0769444,0.12119416892528534,0.247095,1.28123,0.280872,0.698713,,,4.41877,0.863771,0.682971,302.3599853515625,,,,,,,338.6,3.6408602150537637,337,3.6236559139784945,,,,,,,,,,,,,,,,,,,"Luis Severino","15890",622663
"Tanner Houck","BOS",4,4,4,4.05882,18,10,0,0,,65,277,63,32,29,7,20,,4,56,7.79206,2.80393,2.77898,0.916391,0.203362,0.0731787,0.13018327951431274,0.249984,1.28147,0.298079,0.694757,,,3.79507,0.859321,0.791348,225.72999572753906,,,,,,,271.09999999999997,4.17076923076923,274,4.2153846153846155,,,,,,,,,,,,,,,,,,,"Tanner Houck","19879",656557
"Jeffrey Springs","ATH",5,5,7,4.15925,15,15,0,0,,76,319,71,38,35,12,25,,2,70,8.30355,2.91929,2.84437,1.37648,0.219669,0.0772294,0.14243952929973602,0.244245,1.26482,0.283798,0.725702,,,4.26241,0.853759,0.766739,268.7900085449219,,,,,,,289.19999999999993,3.805263157894736,283,3.723684210526316,,,,,,,,,,,,,,,,,,,"Jeffrey Springs","17677",605488
"Grant Holmes","ATL",5,4,7,4.29639,19,15,0,0,,85,364,82,44,41,11,31,,3,83,8.71819,3.26598,2.6694,1.17233,0.226871,0.0849897,0.14188162982463837,0.2483,1.32334,0.2998,0.705056,,,4.03157,0.849672,0.818043,271.4800109863281,,,,,,,344.50000000000006,4.052941176470589,346,4.070588235294117,,,,,,,,,,,,,,,,,,,"Grant Holmes","16944",656550
"Aaron Nola","PHI",3,3,4,3.93594,8,8,0,0,,52,217,49,25,23,8,13,,2,52,8.91879,2.28238,3.90768,1.29505,0.240099,0.061443,0.17865649983286858,0.243017,1.1878,0.291699,0.722307,,,3.80878,0.837916,0.711272,88.30000305175781,,,,,,,217.99999999999997,4.192307692307692,215,4.134615384615385,,,,,,,,,,,,,,,,,,,"Aaron Nola","16149",605400
"Edwin Díaz","NYM",3,2,0,3.08273,34,0,18,1,,34,137,24,13,12,3,13,,2,49,13.0782,3.47943,3.75873,0.905347,0.357773,0.0951845,0.26258835196495056,0.19593,1.09569,0.29462,0.757579,,,2.79968,0.83773,0.643968,43.040000915527344,,,,,,,299.30000000000007,8.80294117647059,278,8.176470588235293,,,,,,,,,,,,,,,,,,,"Edwin Diaz","14710",621242
"Zebby Matthews","MIN",3,3,4,4.12451,16,10,0,0,,57,236,56,28,26,9,12,,2,54,8.49721,1.87518,4.53141,1.37388,0.228252,0.0503709,0.17788058146834373,0.252551,1.1916,0.297015,0.709152,,,3.89628,0.836117,0.54944,406.510009765625,,,,,,,231.49999999999997,4.061403508771929,234,4.105263157894737,,,,,,,,,,,,,,,,,,,"Zebby Matthews","31827",805673
"Félix Bautista","BAL",2,1,0,2.72606,32,0,14,2,,32,130,22,11,10,3,14,,1,45,12.7207,3.85383,3.30079,0.839999,0.3487,0.105641,0.24305836856365204,0.188606,1.10462,0.280373,0.796122,,,2.85802,0.835295,0.780758,64.93000030517578,,,,,,,265.7,8.303125,244,7.625,,,,,,,,,,,,,,,,,,,"Felix Bautista","20666",642585
"Clayton Kershaw","LAD",4,3,6,3.78064,11,11,0,0,,56,234,53,26,24,7,16,,2,51,8.17054,2.55059,3.20339,1.17818,0.217708,0.0679618,0.14974619448184967,0.245784,1.23029,0.289994,0.738947,,,3.90918,0.831356,0.797161,559.469970703125,,,,,,,238.50000000000006,4.258928571428572,237,4.232142857142857,,,,,,,,,,,,,,,,,,,"Clayton Kershaw","2036",477132
"Lance McCullers Jr.","HOU",5,3,6,3.97073,22,13,0,0,,77,331,69,37,34,9,34,,4,73,8.59266,4.01909,2.13796,1.01031,0.221638,0.103668,0.11797024309635162,0.235965,1.34529,0.286851,0.728652,,,4.11729,0.828814,0.795,587.7899780273438,,,,,,,311.70000000000005,4.048051948051949,300,3.896103896103896,,,,,,,,,,,,,,,,,,,"Lance McCullers Jr.","14120",621121
"Jhoan Duran","MIN",3,2,0,2.81675,34,0,14,2,,34,140,27,12,11,2,12,,2,41,10.8535,3.04077,3.56932,0.657725,0.293303,0.0821735,0.21112988889217377,0.216759,1.1432,0.300558,0.771468,,,2.79757,0.82654,0.81591,68.86000061035156,,,,,,,274.8,8.08235294117647,262,7.705882352941177,,,,,,,,,,,,,,,,,,,"Jhoan Duran","21029",661395
"Andrew Heaney","PIT",4,5,6,4.36776,20,14,0,0,,80,342,78,42,39,11,25,,5,74,8.29101,2.84528,2.91395,1.28743,0.216572,0.0743224,0.14224963635206223,0.25,1.28614,0.29369,0.698637,,,4.20879,0.803549,0.739067,451.3800048828125,,,,,,,311.90000000000003,3.8987500000000006,315,3.9375,,,,,,,,,,,,,,,,,,,"Andrew Heaney","15423",571760
"Tyler Mahle","TEX",3,3,5,4.07371,11,11,0,0,,60,250,54,29,27,8,20,,2,54,8.19429,2.98827,2.74216,1.1641,0.218025,0.0795086,0.13851628452539444,0.235536,1.22862,0.277308,0.703197,,,4.03947,0.803251,0.71679,452.010009765625,,,,,,,247.20000000000002,4.12,238,3.966666666666667,,,,,,,,,,,,,,,,,,,"Tyler Mahle","16358",641816
"Jeff Hoffman","TOR",2,1,0,2.99903,34,0,15,2,,34,138,26,12,11,4,11,,2,43,11.3728,2.95679,3.84634,0.972674,0.312672,0.0812907,0.23138102889060974,0.208119,1.09188,0.285382,0.775778,,,3.06915,0.790816,0.803037,94.0199966430664,,,,,,,264.80000000000007,7.788235294117649,248,7.294117647058823,,,,,,,,,,,,,,,,,,,"Jeff Hoffman","17432",656546
"Mitchell Parker","WSN",4,5,6,4.35647,21,14,0,0,,83,354,80,44,40,11,31,,2,68,7.3279,3.32782,2.20201,1.14314,0.190769,0.086634,0.10413525253534317,0.248184,1.33039,0.284568,0.697785,,,4.28567,0.789966,0.62533,502.9800109863281,,,,,,,307.9000000000001,3.7096385542168684,309,3.7228915662650603,,,,,,,,,,,,,,,,,,,"Mitchell Parker","27636",680730
"Jacob Lopez","ATH",3,3,5,4.1422,14,10,0,0,,63,273,56,32,29,7,29,,4,63,9.01377,4.06845,2.21553,1.04527,0.231719,0.104589,0.12713024765253067,0.234054,1.34127,0.288296,0.713519,,,4.14629,0.787219,0.539849,999,,,,,,,261.5,4.150793650793651,251,3.984126984126984,,,,,,,,,,,,,,,,,,,"Jacob Lopez","25098",682052
"Nick Martinez","CIN",4,3,3,4.22409,23,8,0,0,,62,261,63,32,29,9,17,,2,51,7.48894,2.4203,3.09422,1.25644,0.196929,0.0636443,0.13328516483306885,0.257823,1.27982,0.295434,0.709777,,,4.1348,0.782711,0.658489,315.4200134277344,,,,,,,229.29999999999995,3.698387096774193,238,3.838709677419355,,,,,,,,,,,,,,,,,,,"Nick Martinez","12730",607259
"Andrew Abbott","CIN",5,6,7,4.55252,15,15,0,0,,83,358,80,46,42,15,33,,2,78,8.38294,3.55936,2.35518,1.59655,0.21689,0.0920906,0.12479964643716812,0.24749,1.35406,0.28259,0.727352,,,4.77785,0.782189,0.777781,505.7099914550781,,,,,,,272.70000000000005,3.2855421686746995,271,3.2650602409638556,,,,,,,,,,,,,,,,,,,"Andrew Abbott","29911",671096
"Roki Sasaki","LAD",3,2,4,3.68664,7,7,0,0,,42,173,35,19,17,5,15,,2,46,9.97766,3.14389,3.17367,1.07572,0.267458,0.0842741,0.18318413197994232,0.222203,1.18185,0.283102,0.726063,,,3.60228,0.779001,0.652114,999,,,,,,,199.3,4.745238095238095,186,4.428571428571429,,,,,,,,,,,,,,,,,,,"Roki Sasaki","35323",808963
"Griffin Jax","MIN",3,2,0,3.21956,35,0,1,7,,35,140,29,13,12,3,9,,1,42,10.917,2.43499,4.4834,0.876083,0.299285,0.066754,0.2325308546423912,0.22231,1.10241,0.30208,0.738588,,,2.84356,0.775902,0.683127,286.989990234375,,,,,,,233.70000000000002,6.677142857142858,223,6.371428571428571,,,,,,,,,,,,,,,,,,,"Griffin Jax","20253",643377
"Matt Strahm","PHI",3,2,0,3.24766,34,0,4,5,,34,136,27,13,12,4,9,,2,40,10.6652,2.35514,4.52847,1.03687,0.294581,0.0650508,0.22952987998723984,0.215488,1.0606,0.28402,0.743206,,,3.14401,0.775576,0.681055,566.0499877929688,,,,,,,219.20000000000005,6.447058823529413,205,6.029411764705882,,,,,,,,,,,,,,,,,,,"Matt Strahm","13799",621381
"Ryan Helsley","STL",3,2,0,2.96759,34,0,17,1,,34,140,26,12,11,3,13,,1,41,10.7268,3.518,3.04913,0.767415,0.290993,0.0954347,0.19555791467428207,0.208152,1.15584,0.283459,0.769381,,,3.05819,0.766563,0.849995,53.880001068115234,,,,,,,276.1,8.120588235294118,260,7.647058823529412,,,,,,,,,,,,,,,,,,,"Ryan Helsley","18138",664854
"Kyle Freeland","COL",3,6,6,5.04351,14,14,0,0,,81,351,92,49,45,13,21,,3,58,6.46991,2.36709,2.73328,1.42567,0.165341,0.0604919,0.10484902933239937,0.281927,1.40552,0.309932,0.67278,,,4.57825,0.760219,0.649399,724.9400024414062,,,,,,,244.3,3.0160493827160497,280,3.45679012345679,,,,,,,,,,,,,,,,,,,"Kyle Freeland","16256",607536
"Dustin May","LAD",4,3,4,3.89389,19,9,0,0,,59,249,52,28,26,6,22,,3,53,8.0619,3.32219,2.42668,0.938659,0.2127,0.0876506,0.1250494346022606,0.232535,1.25084,0.278477,0.706502,,,3.89407,0.754706,0.66194,321.8900146484375,,,,,,,258.6,4.3830508474576275,248,4.203389830508475,,,,,,,,,,,,,,,,,,,"Dustin May","19716",669160
"Stephen Kolek","SDP",5,3,5,4.45948,20,11,0,0,,77,336,82,41,38,8,25,,5,60,7.00332,2.94565,2.37751,0.953061,0.178399,0.0750359,0.10336273163557053,0.268074,1.39311,0.310475,0.686444,,,4.04908,0.752675,0.301708,694.02001953125,,,,,,,288.2000000000001,3.742857142857144,311,4.038961038961039,,,,,,,,,,,,,,,,,,,"Stephen Kolek","21487",663568
"Hayden Birdsong","SFG",5,4,6,4.05604,19,13,0,0,,76,327,66,37,34,9,35,,4,80,9.43058,4.09137,2.30499,1.07641,0.244636,0.106133,0.1385030895471573,0.229355,1.32066,0.286151,0.720418,,,4.05141,0.752653,0.77905,378.8699951171875,,,,,,,323.1,4.251315789473685,306,4.026315789473684,,,,,,,,,,,,,,,,,,,"Hayden Birdsong","31635",806185
"Jacob Misiorowski","MIL",3,5,5,4.10746,16,11,0,0,,68,297,56,34,31,7,39,,5,77,10.1567,5.10788,1.98844,0.97896,0.25859,0.130047,0.12854322791099548,0.219253,1.38474,0.28452,0.721056,,,4.13845,0.752301,0.762445,999,,,,,,,293.5,4.3161764705882355,271,3.985294117647059,,,,,,,,,,,,,,,,,,,"Jacob Misiorowski","31623",694819
"Ryan Pepiot","TBR",5,5,7,4.17919,15,15,0,0,,83,350,75,42,38,13,30,,4,83,9.0607,3.28556,2.75773,1.43687,0.238161,0.0863612,0.1518000215291977,0.236396,1.26594,0.280291,0.730225,,,4.38147,0.74819,0.620634,166.35000610351562,,,,,,,323.30000000000007,3.895180722891567,310,3.7349397590361444,,,,,,,,,,,,,,,,,,,"Ryan Pepiot","26221",686752
"Andrés Muñoz","SEA",2,2,0,2.66298,34,0,16,1,,34,138,24,11,10,3,13,,2,43,11.4992,3.5559,3.23383,0.663424,0.313719,0.0970117,0.21670757979154587,0.197802,1.11211,0.282956,0.783511,,,2.81705,0.746626,0.872026,60.88999938964844,,,,,,,277.30000000000007,8.155882352941179,256,7.529411764705882,,,,,,,,,,,,,,,,,,,"Andres Munoz","20373",662253
"Jose Quintana","MIL",4,5,7,4.28702,14,14,0,0,,79,341,79,41,38,10,29,,3,63,7.20184,3.30236,2.18082,1.13408,0.185814,0.085204,0.1006103977560997,0.25545,1.36378,0.292609,0.712521,,,4.32074,0.744661,0.761167,476.9200134277344,,,,,,,286.20000000000005,3.622784810126583,295,3.7341772151898733,,,,,,,,,,,,,,,,,,,"Jose Quintana","11423",500779
"Edward Cabrera","MIA",4,5,6,4.38689,20,15,0,0,,80,345,70,42,39,10,39,,4,83,9.40263,4.35354,2.15977,1.12288,0.241575,0.111852,0.1297227293252945,0.231974,1.36266,0.287913,0.701052,,,4.21038,0.742293,0.725587,455.3800048828125,,,,,,,324,4.05,307,3.8375,,,,,,,,,,,,,,,,,,,"Edward Cabrera","21690",665795
"Shane Baz","TBR",4,4,6,4.04759,19,13,0,0,,75,315,66,37,34,11,27,,4,73,8.77017,3.20776,2.73405,1.27723,0.231835,0.0847953,0.1470392942428589,0.233244,1.24271,0.277393,0.722079,,,4.1768,0.741733,0.603073,198.6699981689453,,,,,,,301.1,4.014666666666667,285,3.8,,,,,,,,,,,,,,,,,,,"Shane Baz","22264",669358
"Robbie Ray","SFG",5,5,7,4.10655,15,15,0,0,,84,355,74,42,38,13,33,,4,92,9.85881,3.48881,2.82584,1.36005,0.259208,0.0917279,0.16748052090406418,0.231759,1.26552,0.285975,0.730162,,,4.1588,0.741028,0.866473,132.1699981689453,,,,,,,342.30000000000007,4.075000000000001,324,3.857142857142857,,,,,,,,,,,,,,,,,,,"Robbie Ray","11486",592662
"Mitch Spence","ATH",4,4,5,4.32945,16,11,0,0,,71,303,72,37,34,9,22,,3,59,7.49839,2.75553,2.72121,1.18951,0.194654,0.071532,0.12312174588441849,0.259647,1.32673,0.299601,0.704083,,,4.17141,0.740739,0.47299,585.27001953125,,,,,,,270.5,3.8098591549295775,281,3.9577464788732395,,,,,,,,,,,,,,,,,,,"Mitch Spence","27707",687765
"Tanner Scott","LAD",3,2,0,3.04042,34,0,14,3,,34,141,26,12,11,3,15,,1,40,10.7409,3.92477,2.7367,0.715608,0.286155,0.104562,0.18159298598766327,0.211498,1.21687,0.289933,0.768546,,,3.15417,0.726603,0.845333,102.88999938964844,,,,,,,261.1,7.679411764705883,245,7.205882352941177,,,,,,,,,,,,,,,,,,,"Tanner Scott","17586",656945
"Adrian Houser","CHW",4,6,5,4.66282,20,13,0,0,,82,361,86,46,43,10,31,,4,59,6.41492,3.34706,1.91658,1.10263,0.162917,0.0850039,0.07791323214769363,0.264783,1.41991,0.296376,0.686299,,,4.48887,0.716356,0.260141,745.6300048828125,,,,,,,273.20000000000005,3.3317073170731715,293,3.573170731707317,,,,,,,,,,,,,,,,,,,"Adrian Houser","12718",605288
"Josh Hader","HOU",3,2,0,3.20871,35,0,17,1,,35,142,25,14,13,5,14,,1,49,12.5896,3.48911,3.60826,1.15221,0.346423,0.0960084,0.2504146248102188,0.194257,1.08925,0.275124,0.771113,,,3.21645,0.714978,0.555633,40.11000061035156,,,,,,,274.5,7.8428571428571425,252,7.2,,,,,,,,,,,,,,,,,,,"Josh Hader","14212",623352
"Grayson Rodriguez","BAL",3,2,4,3.74895,8,8,0,0,,45,186,40,20,19,6,15,,2,48,9.67253,2.92429,3.30765,1.17618,0.258413,0.078126,0.18028724938631058,0.23413,1.21459,0.292537,0.738462,,,3.69725,0.707602,0.667938,218.6699981689453,,,,,,,200.2,4.448888888888889,192,4.266666666666667,,,,,,,,,,,,,,,,,,,"Grayson Rodriguez","24492",680570
"Lucas Giolito","BOS",4,5,6,4.56415,14,14,0,0,,76,323,73,42,38,12,28,,3,75,8.93811,3.33887,2.67699,1.43728,0.232163,0.0867252,0.1454373300075531,0.248467,1.33307,0.295075,0.704686,,,4.37734,0.70487,0.597321,412.3500061035156,,,,,,,281.99999999999994,3.710526315789473,281,3.6973684210526314,,,,,,,,,,,,,,,,,,,"Lucas Giolito","15474",608337
"Bryce Miller","SEA",4,3,5,3.81205,9,9,0,0,,55,224,48,25,23,7,16,,2,52,8.51671,2.63148,3.23647,1.21484,0.230352,0.0711737,0.1591779589653015,0.23049,1.16402,0.272797,0.721636,,,3.91215,0.698892,0.649564,78.69999694824219,,,,,,,246.09999999999997,4.474545454545454,234,4.254545454545455,,,,,,,,,,,,,,,,,,,"Bryce Miller","29837",682243
"Andre Pallante","STL",5,5,6,4.14679,23,13,0,0,,79,343,79,40,36,7,31,,3,55,6.28382,3.56892,1.76071,0.776862,0.160824,0.0913405,0.06948353350162506,0.256213,1.39896,0.292878,0.702706,,,4.08338,0.69566,0.774136,532.9000244140625,,,,,,,301.1,3.8113924050632915,312,3.949367088607595,,,,,,,,,,,,,,,,,,,"Andre Pallante","26108",669467
"Sawyer Gipson-Long","DET",3,3,4,4.02399,21,9,0,0,,59,248,56,29,27,8,17,,2,55,8.4158,2.62637,3.20435,1.17064,0.223416,0.0697227,0.15369302779436111,0.2449,1.23562,0.2918,0.711547,,,3.88627,0.688134,0.490375,724.25,,,,,,,245.60000000000005,4.162711864406781,244,4.135593220338983,,,,,,,,,,,,,,,,,,,"Sawyer Gipson-Long","26048",687830
"Will Warren","NYY",4,5,5,4.59229,24,13,0,0,,75,321,72,41,38,10,28,,3,71,8.57334,3.386,2.532,1.25431,0.222006,0.0876803,0.13432610034942627,0.247843,1.3351,0.295114,0.684636,,,4.24313,0.686032,0.277584,382.8500061035156,,,,,,,293.8,3.9173333333333336,294,3.92,,,,,,,,,,,,,,,,,,,"Will Warren","30182",701542
"Orion Kerkering","PHI",2,2,0,3.25705,32,0,8,4,,32,133,27,13,12,3,11,,2,36,10.1414,2.99447,3.38671,0.802557,0.27145,0.0801516,0.19129838794469833,0.225114,1.17811,0.297794,0.745059,,,3.16345,0.677994,0.570257,321.30999755859375,,,,,,,218.7,6.834375,210,6.5625,,,,,,,,,,,,,,,,,,,"Orion Kerkering","31776",689147
"Chase Burns","CIN",0,0,5,3.98061,11,11,0,0,,44,185,41,21,19,6,15,,2,40,8.24956,3.01448,2.73665,1.20017,0.216321,0.0790461,0.13727503269910812,0.239993,1.26217,0.282157,0.733906,,,4.09222,0.674862,0.742804,999,,,,,,,174.20000000000002,3.9590909090909094,171,3.8863636363636362,,,,,,,,,,,,,,,,,,,"Chase Burns","sa3028086",695505
"Kumar Rocker","TEX",3,4,4,4.1668,20,9,0,0,,56,239,55,28,26,7,17,,2,52,8.37002,2.72469,3.07192,1.1206,0.219978,0.0716094,0.14836867898702621,0.250182,1.27368,0.29947,0.700809,,,3.86958,0.674312,0.47482,311.8500061035156,,,,,,,232.30000000000007,4.148214285714287,236,4.214285714285714,,,,,,,,,,,,,,,,,,,"Kumar Rocker","31843",677958
"Robert Garcia","TEX",2,2,0,3.37989,33,0,9,4,,33,135,28,13,12,3,11,,1,36,10.0206,3.08904,3.24393,0.836229,0.268843,0.0828756,0.1859668865799904,0.226492,1.19531,0.297042,0.738911,,,3.1899,0.670985,0.587567,461.9599914550781,,,,,,,231.50000000000006,7.0151515151515165,223,6.757575757575758,,,,,,,,,,,,,,,,,,,"Robert Garcia","23363",676395
"Noah Cameron","KCR",2,3,4,4.16512,23,9,0,0,,58,248,58,29,27,7,19,,2,53,8.22348,2.86377,2.87156,1.07473,0.214603,0.0747339,0.13986925035715103,0.253918,1.30857,0.303763,0.70575,,,3.86763,0.669727,0.541272,646.5800170898438,,,,,,,235.3,4.056896551724138,242,4.172413793103448,,,,,,,,,,,,,,,,,,,"Noah Cameron","30184",702070
"Bailey Falter","PIT",4,6,6,4.61961,19,15,0,0,,81,345,84,45,42,12,24,,2,60,6.6993,2.70285,2.47861,1.33481,0.174323,0.0703308,0.10399171710014343,0.262034,1.33359,0.290094,0.688897,,,4.49034,0.662113,0.532074,694.25,,,,,,,275.4,3.4,291,3.5925925925925926,,,,,,,,,,,,,,,,,,,"Bailey Falter","20070",663559
"Walker Buehler","BOS",5,4,5,4.40388,19,13,0,0,,76,326,77,41,37,11,24,,3,64,7.55555,2.83608,2.66408,1.2859,0.196143,0.0736249,0.12251807749271393,0.257869,1.32626,0.295452,0.705353,,,4.32583,0.659419,0.676833,242.38999938964844,,,,,,,273.9,3.603947368421052,284,3.736842105263158,,,,,,,,,,,,,,,,,,,"Walker Buehler","19374",621111
"Yu Darvish","SDP",4,3,5,4.13638,9,9,0,0,,54,224,49,27,25,8,15,,2,52,8.65917,2.53262,3.41905,1.33932,0.231979,0.0678488,0.16412973403930664,0.238277,1.19169,0.281054,0.703845,,,4.06261,0.649704,0.505889,285.7200012207031,,,,,,,226.80000000000004,4.200000000000001,219,4.055555555555555,,,,,,,,,,,,,,,,,,,"Yu Darvish","13074",506433
"Luis L. Ortiz","CLE",5,5,7,4.32726,19,15,0,0,,88,381,85,46,43,12,34,,4,77,7.78597,3.5033,2.22247,1.20922,0.2011,0.0904849,0.11061502248048782,0.247968,1.34877,0.287507,0.711791,,,4.38417,0.647641,0.594802,395.9599914550781,,,,,,,322.6,3.665909090909091,324,3.6818181818181817,,,,,,,,,,,,,,,,,,,"Luis L. Ortiz","27646",682847
"Aroldis Chapman","BOS",3,2,0,3.34375,32,0,14,2,,32,137,23,13,12,3,19,,1,48,13.3689,5.29779,2.52349,0.7961,0.349535,0.138513,0.2110225111246109,0.196154,1.29855,0.303853,0.761645,,,3.14161,0.641051,0.618257,257.5400085449219,,,,,,,254.09999999999997,7.940624999999999,235,7.34375,,,,,,,,,,,,,,,,,,,"Aroldis Chapman","10233",547973
"JP Sears","ATH",5,6,7,4.59364,16,16,0,0,,91,386,90,51,47,16,25,,5,73,7.21713,2.49359,2.89428,1.54896,0.189537,0.0654866,0.12404990196228027,0.252729,1.26124,0.278089,0.692403,,,4.71431,0.640867,0.364074,463.79998779296875,,,,,,,298.5999999999999,3.2813186813186803,303,3.32967032967033,,,,,,,,,,,,,,,,,,,"JP Sears","23429",676664
"Lucas Erceg","KCR",2,2,0,3.48062,33,0,3,6,,33,137,28,14,13,2,12,,2,36,9.89174,3.27004,3.02496,0.665069,0.261472,0.0864381,0.17503362894058228,0.227422,1.22083,0.301673,0.716379,,,3.13208,0.6267,0.4838,188.22999572753906,,,,,,,215.8,6.53939393939394,208,6.303030303030303,,,,,,,,,,,,,,,,,,,"Lucas Erceg","19360",668674
"Germán Márquez","COL",4,7,6,5.20013,15,15,0,0,,83,367,92,52,48,13,30,,2,63,6.80834,3.23284,2.10599,1.41155,0.171808,0.0815803,0.09022736549377441,0.275347,1.46492,0.305853,0.67201,,,4.75867,0.626384,0.508448,623.6199951171875,,,,,,,245.10000000000008,2.953012048192772,276,3.325301204819277,,,,,,,,,,,,,,,,,,,"German Marquez","15038",608566
"Max Meyer","MIA",3,4,4,4.19012,14,9,0,0,,54,233,53,28,25,7,19,,2,52,8.56211,3.14049,2.72636,1.21376,0.222453,0.0815934,0.14085952192544937,0.250936,1.32486,0.300066,0.720747,,,4.08369,0.60818,0.635929,352.9200134277344,,,,,,,216.7,4.012962962962963,220,4.074074074074074,,,,,,,,,,,,,,,,,,,"Max Meyer","27474",676974
"Shane McClanahan","TBR",3,2,4,3.51375,11,7,0,0,,40,165,35,17,16,5,13,,1,43,9.66023,2.80743,3.44096,1.15134,0.261417,0.075972,0.18544451147317886,0.227864,1.1707,0.284652,0.752655,,,3.59849,0.605897,0.614722,154.27000427246094,,,,,,,187.5,4.6875,179,4.475,,,,,,,,,,,,,,,,,,,"Shane McClanahan","21483",663556
"Jake Irvin","WSN",4,5,7,4.48413,15,15,0,0,,87,369,85,47,43,14,27,,3,71,7.29861,2.83389,2.57548,1.39576,0.191421,0.0743245,0.11709660291671753,0.250314,1.2865,0.280061,0.696608,,,4.52947,0.604938,0.617908,444.760009765625,,,,,,,302.60000000000014,3.4781609195402314,305,3.5057471264367814,,,,,,,,,,,,,,,,,,,"Jake Irvin","21504",663623
"Devin Williams","NYY",3,2,0,3.09272,33,0,7,5,,33,137,23,12,11,3,16,,2,43,11.7442,4.33487,2.70925,0.814868,0.314393,0.116044,0.19834894686937332,0.195244,1.18806,0.27709,0.767492,,,3.23541,0.603676,0.694774,40.70000076293945,,,,,,,234.50000000000006,7.106060606060608,213,6.454545454545454,,,,,,,,,,,,,,,,,,,"Devin Williams","15816",642207
"Bryce Elder","ATL",5,5,6,4.53047,21,15,0,0,,86,374,89,47,43,11,31,,3,68,7.11824,3.28256,2.1685,1.09684,0.1822,0.0840214,0.09817903488874435,0.260994,1.39245,0.299462,0.691824,,,4.28271,0.603389,0.556468,746.8400268554688,,,,,,,303.69999999999993,3.5313953488372083,321,3.7325581395348837,,,,,,,,,,,,,,,,,,,"Bryce Elder","27779",693821
"Luis Gil","NYY",3,3,4,4.14374,14,8,0,0,,50,214,41,25,23,7,25,,2,55,9.88097,4.3974,2.247,1.26989,0.258003,0.114821,0.14318225532770157,0.21794,1.29954,0.269885,0.725125,,,4.3123,0.600007,0.388288,472.3699951171875,,,,,,,206.29999999999998,4.1259999999999994,188,3.76,,,,,,,,,,,,,,,,,,,"Luis Gil","21052",661563
"Frankie Montas","NYM",4,4,5,4.33587,17,11,0,0,,64,273,60,33,31,9,25,,2,60,8.43957,3.5087,2.40533,1.24025,0.219076,0.0910792,0.12799625843763351,0.244632,1.33256,0.289738,0.709794,,,4.26717,0.597918,0.436799,515.3300170898438,,,,,,,245.90000000000003,3.8421875000000005,242,3.78125,,,,,,,,,,,,,,,,,,,"Frankie Montas","14309",593423
"Chase Dollander","COL",3,4,4,5.01883,16,12,0,0,,65,286,65,40,37,10,27,,4,62,8.46378,3.75489,2.25407,1.324,0.214879,0.0953293,0.11954979598522186,0.254836,1.41239,0.300985,0.668293,,,4.51624,0.594446,0.457679,999,,,,,,,220,3.3846153846153846,226,3.476923076923077,,,,,,,,,,,,,,,,,,,"Chase Dollander","33482",801403
"Tyler Anderson","LAA",5,6,7,4.68524,16,16,0,0,,96,412,93,54,50,15,37,,4,77,7.21717,3.44545,2.09469,1.44793,0.186147,0.0888659,0.09728080034255981,0.25123,1.3592,0.278936,0.699625,,,4.82296,0.592502,0.469237,491.44000244140625,,,,,,,315.1000000000001,3.2822916666666675,316,3.2916666666666665,,,,,,,,,,,,,,,,,,,"Tyler Anderson","12880",542881
"Bryan Abreu","HOU",2,1,0,3.16749,37,0,1,8,,37,156,29,14,13,4,16,,2,49,11.7535,3.94045,2.98279,0.907389,0.312828,0.104878,0.2079504132270813,0.208465,1.20485,0.293144,0.77306,,,3.25522,0.58082,0.665456,442.7799987792969,,,,,,,230.20000000000002,6.2216216216216225,214,5.783783783783784,,,,,,,,,,,,,,,,,,,"Bryan Abreu","16609",650556
"Chad Patrick","MIL",3,2,5,4.18161,18,12,0,0,,68,287,65,34,32,10,22,,3,59,7.8169,2.90375,2.692,1.33789,0.205287,0.0762583,0.12902909517288208,0.247269,1.27856,0.283379,0.722631,,,4.36092,0.580478,0.714075,999,,,,,,,254.20000000000005,3.7382352941176475,253,3.7205882352941178,,,,,,,,,,,,,,,,,,,"Chad Patrick","30113",694477
"Cade Cavalli","WSN",4,4,5,4.30224,19,11,0,0,,68,292,62,35,32,8,28,,4,61,8.08072,3.76734,2.14494,1.11305,0.208505,0.097208,0.11129714548587799,0.239481,1.33493,0.282608,0.701792,,,4.32217,0.57995,0.56296,679.1799926757812,,,,,,,269.6000000000001,3.964705882352942,262,3.8529411764705883,,,,,,,,,,,,,,,,,,,"Cade Cavalli","27473",676917
"Colin Rea","CHC",4,4,5,4.47482,15,12,0,0,,70,298,71,38,35,11,19,,3,57,7.28301,2.4962,2.91764,1.34583,0.190718,0.0653673,0.125350683927536,0.258079,1.2896,0.291114,0.69351,,,4.35854,0.579945,0.393837,582.760009765625,,,,,,,246.1,3.5157142857142856,255,3.642857142857143,,,,,,,,,,,,,,,,,,,"Colin Rea","12317",607067
"Ryan Feltner","COL",2,4,4,4.9797,11,11,0,0,,60,261,62,36,33,9,22,,2,50,7.49057,3.35198,2.23467,1.29225,0.190859,0.0854082,0.10545071214437485,0.263055,1.41118,0.301107,0.669138,,,4.50868,0.569782,0.507028,680.2999877929688,,,,,,,200.10000000000002,3.3350000000000004,211,3.5166666666666666,,,,,,,,,,,,,,,,,,,"Ryan Feltner","21446",663372
"Chris Martin","TEX",2,2,0,3.24438,30,0,2,7,,30,122,28,12,11,3,5,,1,32,9.45393,1.50324,6.28905,0.907787,0.259327,0.0412347,0.21809212863445282,0.243317,1.10227,0.309898,0.739223,,,2.90175,0.568927,0.395364,262.17999267578125,,,,,,,196.3,6.543333333333334,195,6.5,,,,,,,,,,,,,,,,,,,"Chris Martin","11847",455119
"Matt Brash","SEA",3,2,0,3.22339,33,0,1,7,,33,138,27,13,12,3,14,,2,41,11.2555,3.9243,2.86816,0.723034,0.297796,0.103828,0.19396769255399704,0.217019,1.2426,0.30442,0.755048,,,3.0628,0.566959,0.417377,680.780029296875,,,,,,,204.10000000000008,6.184848484848487,193,5.848484848484849,,,,,,,,,,,,,,,,,,,"Matt Brash","25756",666374
"Marcus Stroman","NYY",4,4,6,4.61622,13,13,0,0,,68,298,70,38,35,9,26,,3,52,6.81629,3.45183,1.97469,1.19393,0.174019,0.0881246,0.08589425683021545,0.259156,1.40181,0.291401,0.694272,,,4.54952,0.564902,0.291135,493.20001220703125,,,,,,,227.50000000000006,3.3455882352941186,240,3.5294117647058822,,,,,,,,,,,,,,,,,,,"Marcus Stroman","13431",573186
"Slade Cecconi","CLE",3,4,3,4.4542,20,9,0,0,,57,241,57,31,28,9,14,,2,51,8.05806,2.26062,3.56454,1.37371,0.213834,0.0599892,0.15384440496563911,0.253055,1.23705,0.292579,0.683144,,,4.13787,0.555068,0.267812,714.3599853515625,,,,,,,216.89999999999998,3.8052631578947365,222,3.8947368421052633,,,,,,,,,,,,,,,,,,,"Slade Cecconi","27500",677944
"Jack Leiter","TEX",4,4,5,4.63592,17,13,0,0,,72,309,66,40,37,11,31,,4,69,8.67861,3.89569,2.22775,1.34327,0.223693,0.100412,0.12328079342842102,0.239211,1.34783,0.282405,0.691854,,,4.53974,0.526915,0.286415,403.1099853515625,,,,,,,258.9000000000001,3.5958333333333345,250,3.4722222222222223,,,,,,,,,,,,,,,,,,,"Jack Leiter","30146",683004
"Andrew Painter","PHI",3,2,3,4.3048,15,8,0,0,,48,204,45,25,23,7,16,,2,45,8.36977,3.05486,2.73982,1.25289,0.220124,0.0803425,0.1397816389799118,0.244487,1.27944,0.288511,0.700326,,,4.16031,0.524808,0.385968,999,,,,,,,188.10000000000002,3.9187500000000006,185,3.8541666666666665,,,,,,,,,,,,,,,,,,,"Andrew Painter","sa3017880",691725
"Trevor Megill","MIL",2,2,0,3.56457,33,0,12,2,,33,139,28,14,13,4,13,,1,40,10.8383,3.44432,3.14671,1.04285,0.288102,0.0915565,0.1965455487370491,0.226124,1.233,0.300972,0.749451,,,3.42748,0.520833,0.490445,127.13999938964844,,,,,,,228.20000000000005,6.915151515151517,219,6.636363636363637,,,,,,,,,,,,,,,,,,,"Trevor Megill","17722",656730
"Raisel Iglesias","ATL",2,2,0,3.35183,36,0,11,3,,36,146,31,15,13,4,9,,1,39,9.71357,2.13601,4.54754,1.09875,0.267141,0.0587442,0.2083970308303833,0.227548,1.09456,0.286509,0.746769,,,3.31789,0.520297,0.597285,52.099998474121094,,,,,,,251.60000000000005,6.988888888888891,243,6.75,,,,,,,,,,,,,,,,,,,"Raisel Iglesias","17130",628452
"Zack Littell","TBR",4,5,5,4.4565,19,13,0,0,,79,331,81,42,39,14,18,,3,63,7.23705,2.04465,3.53951,1.56182,0.190933,0.0539434,0.136989988386631,0.262128,1.26255,0.289964,0.7104,,,4.50336,0.518234,0.20613,407.0299987792969,,,,,,,264.80000000000007,3.351898734177216,276,3.4936708860759493,,,,,,,,,,,,,,,,,,,"Zack Littell","15823",641793
"Will Vest","DET",2,1,0,3.40062,33,0,8,4,,33,136,29,13,12,3,10,,1,32,8.88919,2.81574,3.15696,0.764761,0.237445,0.0752131,0.16223162412643433,0.23515,1.20753,0.296373,0.731995,,,3.26489,0.517009,0.563565,716.6500244140625,,,,,,,218.90000000000006,6.6333333333333355,213,6.454545454545454,,,,,,,,,,,,,,,,,,,"Will Vest","19769",676684
"Dean Kremer","BAL",5,5,7,4.52484,15,15,0,0,,85,366,86,47,43,14,29,,3,70,7.42082,3.02797,2.45076,1.46398,0.192612,0.0785927,0.11401931196451187,0.255946,1.33745,0.286729,0.712766,,,4.64563,0.516326,0.293355,446.1499938964844,,,,,,,277.20000000000005,3.261176470588236,287,3.376470588235294,,,,,,,,,,,,,,,,,,,"Dean Kremer","19350",665152
"Bubba Chandler","PIT",3,3,4,4.32352,8,8,0,0,,42,181,39,22,20,5,17,,2,40,8.39969,3.55963,2.35971,1.07018,0.21806,0.0924095,0.1256503388285637,0.241656,1.32282,0.290258,0.692401,,,4.07799,0.515998,0.433615,317.3299865722656,,,,,,,170.9,4.069047619047619,168,4,,,,,,,,,,,,,,,,,,,"Bubba Chandler","sa3017428",696149
"Michael Soroka","WSN",3,6,5,4.58272,22,13,0,0,,78,338,72,43,40,11,33,,4,74,8.46016,3.8443,2.2007,1.28106,0.217832,0.0989828,0.11884903162717819,0.241195,1.35212,0.284325,0.692768,,,4.48212,0.512459,0.395905,409.3599853515625,,,,,,,291.70000000000005,3.7397435897435902,284,3.641025641025641,,,,,,,,,,,,,,,,,,,"Michael Soroka","18383",647336
"Quinn Priester","MIL",4,5,4,4.23856,22,10,0,0,,67,289,65,34,32,8,25,,3,54,7.23345,3.32687,2.17425,1.0775,0.187233,0.0861135,0.10111909359693527,0.249485,1.33699,0.286948,0.705577,,,4.26542,0.508632,0.578561,676.8200073242188,,,,,,,252.39999999999998,3.767164179104477,255,3.8059701492537314,,,,,,,,,,,,,,,,,,,"Quinn Priester","25977",682990
"Alex Cobb","DET",2,2,3,3.84924,6,6,0,0,,32,133,31,15,14,3,9,,1,26,7.30981,2.54397,2.87339,0.862146,0.192706,0.0670657,0.1256401687860489,0.253743,1.27213,0.298739,0.709342,,,3.63733,0.504806,0.413124,620.6199951171875,,,,,,,141.3,4.415625,143,4.46875,,,,,,,,,,,,,,,,,,,"Alex Cobb","6562",502171
"Carson Whisenhunt","SFG",2,3,3,3.99183,17,8,0,0,,47,202,44,23,21,5,17,,2,45,8.53891,3.29407,2.5922,0.994978,0.223176,0.0860951,0.13708098232746124,0.242337,1.29677,0.294886,0.713369,,,3.84166,0.499698,0.488059,999,,,,,,,204.9,4.359574468085106,203,4.319148936170213,,,,,,,,,,,,,,,,,,,"Carson Whisenhunt","sa3020529",687931
"Pete Fairbanks","TBR",2,2,0,3.48536,32,0,15,2,,32,134,27,14,12,3,13,,1,35,9.86735,3.52738,2.79736,0.893115,0.26314,0.0940673,0.169072687625885,0.221351,1.21917,0.286433,0.738941,,,3.45573,0.493106,0.257563,151.47999572753906,,,,,,,240.7,7.521875,232,7.25,,,,,,,,,,,,,,,,,,,"Pete Fairbanks","17998",664126
"Simeon Woods Richardson","MIN",2,2,4,4.58831,9,9,0,0,,48,207,47,27,25,7,18,,1,42,7.84113,3.36237,2.33202,1.2877,0.202547,0.0868546,0.11569245159626007,0.251783,1.35485,0.29074,0.693528,,,4.40073,0.47929,0.170617,476.45001220703125,,,,,,,173.90000000000003,3.6229166666666672,176,3.6666666666666665,,,,,,,,,,,,,,,,,,,"Simeon Woods Richardson","24494",680573
"Aaron Bummer","ATL",2,2,0,3.45978,32,0,2,6,,32,136,29,13,12,2,13,,1,36,10.2775,3.62004,2.83905,0.481835,0.268359,0.0945241,0.17383445799350739,0.235489,1.29858,0.32281,0.719772,,,2.82955,0.472766,0.372886,744.719970703125,,,,,,,200.80000000000004,6.275000000000001,198,6.1875,,,,,,,,,,,,,,,,,,,"Aaron Bummer","16258",607481
"Michael Lorenzen","KCR",4,5,5,4.50124,28,12,0,0,,80,348,78,44,40,11,33,,3,62,6.99031,3.72715,1.87551,1.2012,0.179108,0.0954981,0.0836094319820404,0.250969,1.38915,0.282889,0.703255,,,4.60678,0.469032,0.476404,539.6599731445312,,,,,,,269.9,3.37375,273,3.4125,,,,,,,,,,,,,,,,,,,"Michael Lorenzen","14843",547179
"Griffin Canning","NYM",4,4,5,4.43413,17,12,0,0,,69,296,67,37,34,10,25,,2,62,8.11628,3.29955,2.45981,1.36323,0.210421,0.0855435,0.12487739324569702,0.250784,1.34074,0.290584,0.713414,,,4.44044,0.466362,0.375591,455.0400085449219,,,,,,,256.40000000000003,3.715942028985508,258,3.739130434782609,,,,,,,,,,,,,,,,,,,"Griffin Canning","19867",656288
"Adrian Morejon","SDP",2,2,0,3.54798,34,0,1,7,,34,140,31,14,13,3,11,,1,34,9.09771,2.87017,3.16974,0.89595,0.242295,0.07644,0.1658550500869751,0.239124,1.23345,0.300277,0.735732,,,3.38548,0.463585,0.441787,667.3300170898438,,,,,,,199.10000000000005,5.855882352941178,196,5.764705882352941,,,,,,,,,,,,,,,,,,,"Adrian Morejon","20039",670970
"Jon Gray","TEX",3,3,3,4.31255,20,7,0,0,,50,211,48,26,24,7,16,,2,44,7.95783,2.86356,2.779,1.26626,0.208877,0.0751626,0.1337144896388054,0.249547,1.28583,0.289882,0.702565,,,4.19769,0.461872,0.237099,584.6599731445312,,,,,,,193.09999999999997,3.861999999999999,193,3.86,,,,,,,,,,,,,,,,,,,"Jon Gray","14916",592351
"David Bednar","PIT",2,3,0,3.94364,33,0,14,2,,33,138,29,16,14,4,12,,1,34,9.44063,3.38715,2.78719,0.978454,0.248464,0.0891451,0.1593189612030983,0.234352,1.26723,0.295849,0.709351,,,3.647,0.460078,0.234264,145.8800048828125,,,,,,,226.60000000000005,6.866666666666668,220,6.666666666666667,,,,,,,,,,,,,,,,,,,"David Bednar","19569",670280
"Michael McGreevy","STL",3,3,3,3.93507,22,6,0,0,,50,211,51,24,22,5,13,,2,37,6.70944,2.2898,2.93014,0.93814,0.176622,0.0602776,0.11634417250752449,0.260333,1.27863,0.298257,0.709262,,,3.79468,0.457271,0.403001,452.6199951171875,,,,,,,204.9,4.098,214,4.28,,,,,,,,,,,,,,,,,,,"Michael McGreevy","29869",700241
"Davis Martin","CHW",2,3,4,4.6089,10,10,0,0,,53,230,54,30,27,8,19,,3,43,7.24254,3.24152,2.2343,1.31381,0.185559,0.0830502,0.10250889509916306,0.25755,1.36962,0.290855,0.697696,,,4.61086,0.453708,0.203925,601.75,,,,,,,173.40000000000006,3.2716981132075484,181,3.4150943396226414,,,,,,,,,,,,,,,,,,,"Davis Martin","21448",663436
"Spencer Arrighetti","HOU",3,3,4,4.44095,8,8,0,0,,46,195,41,25,23,7,19,,2,48,9.37649,3.8102,2.46089,1.31031,0.244033,0.0991644,0.1448681652545929,0.233772,1.31118,0.284337,0.699715,,,4.29389,0.45187,0.229608,200.63999938964844,,,,,,,180.70000000000007,3.928260869565219,172,3.739130434782609,,,,,,,,,,,,,,,,,,,"Spencer Arrighetti","29921",681293
"Jason Adam","SDP",2,1,0,3.0956,35,0,1,8,,35,141,26,13,12,4,12,,2,40,10.4934,3.07988,3.40708,0.93058,0.286958,0.084224,0.20273353904485703,0.202488,1.08122,0.267029,0.755347,,,3.32329,0.451255,0.567169,341.82000732421875,,,,,,,217.20000000000002,6.205714285714286,198,5.6571428571428575,,,,,,,,,,,,,,,,,,,"Jason Adam","11861",592094
"Abner Uribe","MIL",2,1,0,3.48016,32,0,3,5,,32,139,26,14,12,2,19,,1,38,10.6126,5.21749,2.03403,0.678103,0.272794,0.134115,0.13867928087711334,0.215295,1.37812,0.294657,0.752619,,,3.53432,0.444756,0.378916,628.8300170898438,,,,,,,195.60000000000005,6.112500000000002,185,5.78125,,,,,,,,,,,,,,,,,,,"Abner Uribe","25327",682842
"Jeremiah Estrada","SDP",2,2,0,3.25028,33,0,1,7,,33,133,24,13,12,4,13,,1,45,12.4839,3.64399,3.42588,1.01041,0.338642,0.0988483,0.23979374021291733,0.205112,1.15578,0.29545,0.764301,,,3.06142,0.443591,0.356495,417.7699890136719,,,,,,,213.60000000000005,6.472727272727274,194,5.878787878787879,,,,,,,,,,,,,,,,,,,"Jeremiah Estrada","22210",669093
"Mike Burrows","PIT",3,2,2,4.32904,19,6,0,0,,48,208,46,25,23,6,20,,2,44,8.28533,3.65254,2.26838,1.17924,0.213337,0.0940483,0.11928875744342804,0.248327,1.3672,0.294472,0.713292,,,4.26433,0.440599,0.376845,750.719970703125,,,,,,,183.80000000000004,3.8291666666666675,184,3.8333333333333335,,,,,,,,,,,,,,,,,,,"Mike Burrows","24728",681347
"Patrick Corbin","TEX",3,5,5,5.00887,13,13,0,0,,68,296,75,41,38,11,22,,2,52,6.82493,2.85314,2.39207,1.45057,0.173843,0.0726746,0.10116835683584213,0.275811,1.4253,0.30564,0.683834,,,4.68081,0.438886,-0.00054611,739.8800048828125,,,,,,,204.90000000000003,3.0132352941176475,229,3.3676470588235294,,,,,,,,,,,,,,,,,,,"Patrick Corbin","9323",571578
"Garrett Whitlock","BOS",2,2,0,3.68061,33,0,1,7,,33,138,31,15,14,4,8,,1,34,9.14642,2.22883,4.1037,1.03547,0.246082,0.0599659,0.1861160211265087,0.242395,1.17867,0.30114,0.721455,,,3.40046,0.438714,0.367873,541.22998046875,,,,,,,188.40000000000006,5.709090909090911,187,5.666666666666667,,,,,,,,,,,,,,,,,,,"Garrett Whitlock","20191",676477
"Dylan Lee","ATL",2,1,0,3.3007,33,0,2,6,,33,137,29,13,12,4,10,,1,38,10.1448,2.62227,3.8687,1.11903,0.275256,0.0711495,0.2041066586971283,0.229203,1.15792,0.293459,0.771751,,,3.3756,0.438394,0.616698,737.219970703125,,,,,,,196.60000000000005,5.957575757575759,190,5.757575757575758,,,,,,,,,,,,,,,,,,,"Dylan Lee","19996",669276
"Kyle Harrison","BOS",2,3,2,3.99271,20,6,0,0,,44,187,40,21,20,6,16,,2,46,9.3146,3.34638,2.78349,1.15504,0.244403,0.0878045,0.15659809857606888,0.236066,1.27122,0.291334,0.722836,,,3.94313,0.436959,0.490144,453.6499938964844,,,,,,,185.8,4.222727272727273,180,4.090909090909091,,,,,,,,,,,,,,,,,,,"Kyle Harrison","27758",690986
"Camilo Doval","SFG",2,2,0,3.5256,33,0,15,2,,33,139,27,14,13,2,15,,2,37,10.1627,4.14827,2.44986,0.637092,0.26617,0.108647,0.15752270817756653,0.219227,1.27816,0.295292,0.722919,,,3.27613,0.434826,0.436732,381.8999938964844,,,,,,,255.40000000000003,7.73939393939394,245,7.424242424242424,,,,,,,,,,,,,,,,,,,"Camilo Doval","21992",666808
"Kirby Yates","LAD",3,1,0,3.23819,31,0,3,7,,31,129,22,12,11,3,14,,2,40,11.6528,4.16867,2.79534,0.98133,0.312505,0.111795,0.2007097452878952,0.197919,1.18125,0.27381,0.768194,,,3.44393,0.434777,0.557345,235.38999938964844,,,,,,,210.3,6.783870967741936,191,6.161290322580645,,,,,,,,,,,,,,,,,,,"Kirby Yates","9073",489446
"Kyle Hendricks","LAA",3,5,5,5.05053,14,14,0,0,,73,314,78,44,41,12,22,,3,48,5.96604,2.69973,2.20987,1.51665,0.153572,0.0694937,0.0840780958533287,0.268616,1.36873,0.286032,0.669807,,,4.94883,0.433272,0.0729454,666.8300170898438,,,,,,,210.8,2.8876712328767127,230,3.1506849315068495,,,,,,,,,,,,,,,,,,,"Kyle Hendricks","12049",543294
"Ryan Walker","SFG",2,2,0,3.08837,32,0,2,7,,32,130,26,12,11,2,10,,2,37,10.4976,2.77336,3.78515,0.710456,0.284561,0.0751784,0.20938287675380707,0.219479,1.12638,0.297774,0.741623,,,2.87667,0.431435,0.435392,75.5999984741211,,,,,,,220.60000000000005,6.893750000000002,210,6.5625,,,,,,,,,,,,,,,,,,,"Ryan Walker","20423",676254
"Charlie Morton","BAL",4,5,5,4.5156,18,12,0,0,,74,321,70,40,37,11,32,,6,74,9.08894,3.97322,2.28755,1.28985,0.230911,0.100943,0.12996862083673477,0.24538,1.38771,0.297046,0.709606,,,4.46567,0.41751,0.227414,387.1400146484375,,,,,,,264.3,3.5716216216216217,261,3.527027027027027,,,,,,,,,,,,,,,,,,,"Charlie Morton","4676",450203
"Spencer Turnbull","TOR",3,3,3,4.06236,27,7,0,0,,56,240,52,27,25,7,21,,3,53,8.4899,3.38676,2.50679,1.07742,0.220609,0.0880047,0.13260455429553986,0.241662,1.30365,0.29111,0.715659,,,4.05621,0.415253,0.425215,720.97998046875,,,,,,,227.10000000000008,4.055357142857145,223,3.982142857142857,,,,,,,,,,,,,,,,,,,"Spencer Turnbull","16207",605513
"Ryan Gusto","HOU",3,3,3,4.4412,27,8,0,0,,66,281,64,35,32,9,23,,3,58,7.8953,3.14899,2.50725,1.27306,0.204831,0.0816956,0.12313564121723175,0.252172,1.33116,0.292358,0.701405,,,4.32966,0.412752,0.25079,750.3699951171875,,,,,,,249.3000000000001,3.7772727272727287,251,3.803030303030303,,,,,,,,,,,,,,,,,,,"Ryan Gusto","26440",687473
"Fernando Cruz","NYY",2,2,0,3.5548,32,0,1,7,,32,133,24,14,13,4,14,,1,45,12.6575,4.02008,3.14856,1.07086,0.338518,0.107515,0.23100289702415466,0.206194,1.20256,0.297545,0.74638,,,3.27064,0.409828,0.216912,728.9600219726562,,,,,,,203.20000000000002,6.3500000000000005,186,5.8125,,,,,,,,,,,,,,,,,,,"Fernando Cruz","7048",518585
"Colton Gordon","HOU",2,3,4,4.2076,25,10,0,0,,55,233,53,28,26,8,18,,2,49,8.08285,2.94794,2.74186,1.28298,0.211817,0.0772531,0.1345640793442726,0.248159,1.28805,0.289042,0.716493,,,4.236,0.398846,0.374927,999,,,,,,,208.8,3.7963636363636364,209,3.8,,,,,,,,,,,,,,,,,,,"Colton Gordon","31312",676467
"Cole Sands","MIN",3,1,0,3.75688,33,0,2,8,,33,138,29,15,14,4,10,,2,35,9.55001,2.83637,3.36698,1.0021,0.254636,0.0756273,0.1790086105465889,0.233357,1.20128,0.295172,0.715088,,,3.50544,0.397075,0.194237,677.9600219726562,,,,,,,195.60000000000005,5.927272727272729,189,5.7272727272727275,,,,,,,,,,,,,,,,,,,"Cole Sands","21461",663485
"Robert Suarez","SDP",2,2,0,3.59813,34,0,16,2,,34,141,29,15,14,4,11,,1,34,8.94866,2.95598,3.02731,1.07125,0.240853,0.07956,0.1612928956747055,0.227246,1.18426,0.277749,0.736722,,,3.71596,0.396864,0.314307,103.19000244140625,,,,,,,247.00000000000003,7.264705882352942,238,7,,,,,,,,,,,,,,,,,,,"Robert Suarez","30115",663158
"Antonio Senzatela","COL",3,6,4,5.33751,19,13,0,0,,74,328,90,47,44,11,21,,2,43,5.28752,2.56922,2.05803,1.39206,0.131955,0.0641171,0.06783770024776459,0.295902,1.50841,0.315053,0.668633,,,4.86446,0.390458,0.275358,735.7000122070312,,,,,,,195.3,2.639189189189189,244,3.2972972972972974,,,,,,,,,,,,,,,,,,,"Antonio Senzatela","15488",622608
"Yimi García","TOR",2,2,0,3.62987,28,0,1,6,,28,114,23,12,11,3,9,,1,32,10.3505,2.78265,3.71967,1.12525,0.280824,0.0754969,0.20532673597335815,0.221452,1.13652,0.285389,0.726099,,,3.47393,0.389918,0.295301,550.469970703125,,,,,,,173.50000000000006,6.196428571428574,164,5.857142857142857,,,,,,,,,,,,,,,,,,,"Yimi Garcia","12095",554340
"Mark Leiter Jr.","NYY",2,2,0,3.8155,33,0,1,8,,33,137,27,15,14,4,12,,2,40,11.1407,3.41176,3.26539,1.16608,0.294881,0.090305,0.20457572489976883,0.224219,1.22014,0.298491,0.731007,,,3.61957,0.381898,0.206931,749.6300048828125,,,,,,,199.80000000000007,6.0545454545454565,188,5.696969696969697,,,,,,,,,,,,,,,,,,,"Mark Leiter Jr.","15551",643410
"Cade Horton","CHC",3,3,4,4.44709,10,10,0,0,,48,206,45,26,24,7,18,,2,44,8.21573,3.39937,2.41684,1.29138,0.214165,0.0886139,0.12555140256881714,0.244039,1.31711,0.284963,0.698802,,,4.34926,0.380725,0.273417,999,,,,,,,180.10000000000002,3.7520833333333337,177,3.6875,,,,,,,,,,,,,,,,,,,"Cade Horton","31872",690990
"Jose A. Ferrer","WSN",2,1,0,3.79716,32,0,1,7,,32,136,31,15,14,3,10,,2,28,7.8249,2.83583,2.7593,0.754141,0.205405,0.074441,0.13096433877944946,0.248505,1.27673,0.300995,0.705643,,,3.5103,0.379724,0.217135,651.9000244140625,,,,,,,172.3,5.384375,174,5.4375,,,,,,,,,,,,,,,,,,,"Jose A. Ferrer","24017",678606
"Reid Detmers","LAA",2,3,1,4.18161,34,2,2,8,,41,174,37,21,19,6,15,,2,47,10.1718,3.27675,3.10424,1.26749,0.268264,0.0864186,0.18184566497802734,0.234868,1.25735,0.297143,0.709617,,,3.87035,0.369314,0.101225,391.6099853515625,,,,,,,218.40000000000003,5.326829268292684,212,5.170731707317073,,,,,,,,,,,,,,,,,,,"Reid Detmers","27468",672282
"Reed Garrett","NYM",3,2,0,3.70771,34,0,1,8,,34,146,30,15,14,4,16,,1,40,10.539,4.17252,2.52581,0.99439,0.27364,0.108337,0.16530218720436096,0.229558,1.33066,0.303163,0.750754,,,3.67188,0.365755,0.293992,744.1500244140625,,,,,,,190.40000000000003,5.600000000000001,184,5.411764705882353,,,,,,,,,,,,,,,,,,,"Reed Garrett","16866",657585
"Jack Kochanowicz","LAA",3,5,4,4.77872,15,11,0,0,,67,292,73,39,36,10,19,,5,37,5.01436,2.49433,2.0103,1.2798,0.128112,0.0637277,0.06438431143760681,0.273147,1.37071,0.287924,0.677321,,,4.84108,0.36424,0.250229,664.3900146484375,,,,,,,184.99999999999994,2.7611940298507456,207,3.08955223880597,,,,,,,,,,,,,,,,,,,"Jack Kochanowicz","27688",686799
"Cade Povich","BAL",3,3,4,4.52401,9,9,0,0,,49,209,46,27,24,7,19,,2,44,8.08362,3.45249,2.34139,1.3785,0.209748,0.0895828,0.120165154337883,0.246796,1.33711,0.284597,0.704327,,,4.52153,0.362889,0.177975,438.20001220703125,,,,,,,181.9,3.712244897959184,179,3.6530612244897958,,,,,,,,,,,,,,,,,,,"Cade Povich","30055",700249
"Jonathan Cannon","CHW",2,4,3,4.80997,14,9,0,0,,57,246,58,33,30,9,21,,2,42,6.70989,3.27724,2.04742,1.36296,0.17162,0.0838224,0.08779715746641159,0.261364,1.39383,0.288641,0.687855,,,4.7617,0.362698,0.0681279,688.1699829101562,,,,,,,175.3,3.075438596491228,183,3.210526315789474,,,,,,,,,,,,,,,,,,,"Jonathan Cannon","31730",686563
"Alex Vesia","LAD",2,2,0,3.41185,33,0,1,8,,33,138,26,14,13,4,15,,1,43,11.5455,3.93625,2.93312,1.14165,0.308861,0.105301,0.2035595029592514,0.208731,1.205,0.282539,0.771785,,,3.58144,0.36196,0.279264,586.8200073242188,,,,,,,202.40000000000006,6.1333333333333355,188,5.696969696969697,,,,,,,,,,,,,,,,,,,"Alex Vesia","25007",681911
"Keegan Akin","BAL",2,1,0,3.55115,33,0,1,7,,33,134,28,14,13,4,10,,1,36,10.0611,2.77394,3.62701,1.11783,0.272132,0.0750291,0.19710253179073334,0.228322,1.16922,0.291351,0.743806,,,3.46031,0.353214,0.230946,690.469970703125,,,,,,,194.20000000000005,5.8848484848484865,185,5.606060606060606,,,,,,,,,,,,,,,,,,,"Keegan Akin","19362",669211
"Logan Allen","CLE",4,4,6,4.63402,13,13,0,0,,70,306,71,39,36,11,28,,2,57,7.32834,3.60797,2.03115,1.40708,0.186719,0.0919276,0.09479130059480667,0.258835,1.41713,0.290937,0.715599,,,4.77849,0.352809,0.26443,625.010009765625,,,,,,,222.1,3.1728571428571426,231,3.3,,,,,,,,,,,,,,,,,,,"Logan Allen","27589",671106
"Carlos Estévez","KCR",2,2,0,3.86246,33,0,13,2,,33,140,29,15,14,4,12,,1,32,8.74694,3.25324,2.68869,1.06771,0.231011,0.0859197,0.145091712474823,0.233836,1.25039,0.284139,0.722962,,,3.88603,0.35237,0.36969,182.1300048828125,,,,,,,217.60000000000005,6.5939393939393955,211,6.393939393939394,,,,,,,,,,,,,,,,,,,"Carlos Estevez","14542",608032
"Porter Hodge","CHC",2,2,0,3.68317,32,0,6,5,,32,136,26,14,13,3,15,,2,36,10.0357,4.32836,2.31859,0.767649,0.26178,0.112905,0.148874931037426,0.219401,1.29876,0.289861,0.724073,,,3.54536,0.349533,0.316146,281.7099914550781,,,,,,,203.29999999999998,6.3531249999999995,192,6,,,,,,,,,,,,,,,,,,,"Porter Hodge","26413",687863
"Trevor Williams","WSN",3,4,3,4.50705,27,9,0,0,,65,280,68,36,33,10,21,,2,52,7.20784,2.82765,2.54906,1.37852,0.186622,0.0732122,0.11340980231761932,0.262672,1.35087,0.295229,0.709711,,,4.49428,0.348133,0.229701,505.3800048828125,,,,,,,216.2,3.326153846153846,230,3.5384615384615383,,,,,,,,,,,,,,,,,,,"Trevor Williams","16977",592866
"Luke Weaver","NYY",2,2,0,3.87106,34,0,11,4,,34,139,29,16,14,5,11,,1,36,9.72274,2.85162,3.40956,1.26303,0.261071,0.0765703,0.18450036644935608,0.230026,1.18611,0.284921,0.726115,,,3.81134,0.346104,0.192915,374.45001220703125,,,,,,,221.70000000000002,6.5205882352941185,212,6.235294117647059,,,,,,,,,,,,,,,,,,,"Luke Weaver","16918",596133
"Bryan King","HOU",1,1,0,3.46534,33,0,1,8,,33,138,28,14,13,3,13,,2,35,9.53024,3.44837,2.76369,0.89593,0.250834,0.0907605,0.16007379442453384,0.229608,1.25045,0.293165,0.748756,,,3.57976,0.34389,0.306257,999,,,,,,,196.50000000000006,5.954545454545456,188,5.696969696969697,,,,,,,,,,,,,,,,,,,"Bryan King","25890",687911
"Randy Vásquez","SDP",3,5,5,4.75239,17,13,0,0,,69,306,73,40,37,10,27,,4,47,6.15143,3.49664,1.75924,1.24956,0.154865,0.0880295,0.06683527678251266,0.265964,1.4429,0.291384,0.695973,,,4.85585,0.342406,0.141744,695.4099731445312,,,,,,,198.8,2.881159420289855,216,3.130434782608696,,,,,,,,,,,,,,,,,,,"Randy Vasquez","24719",681190
"Gabe Speier","SEA",1,2,0,3.66049,32,0,1,8,,32,134,28,14,13,3,11,,2,36,9.96082,2.98324,3.33892,0.959168,0.266646,0.0798597,0.18678592890501022,0.227673,1.18931,0.294093,0.718409,,,3.3911,0.3362,0.15211,999,,,,,,,197.09999999999997,6.159374999999999,191,5.96875,,,,,,,,,,,,,,,,,,,"Gabe Speier","17170",642100
"Ryan Weathers","MIA",2,3,3,4.23466,10,7,0,0,,40,172,39,21,19,6,14,,2,36,8.01396,3.18322,2.51756,1.25525,0.20796,0.0826038,0.1253562495112419,0.249311,1.32161,0.290432,0.719296,,,4.30115,0.33363,0.405192,367.19000244140625,,,,,,,144.79999999999998,3.6199999999999997,146,3.65,,,,,,,,,,,,,,,,,,,"Ryan Weathers","23796",677960
"Joe Boyle","TBR",2,3,2,4.23533,20,5,0,0,,42,186,33,22,20,4,28,,2,50,10.7293,5.88701,1.82255,0.929359,0.270927,0.148653,0.12227417528629303,0.211329,1.43387,0.282538,0.715391,,,4.16026,0.328571,0.219421,572.7999877929688,,,,,,,185.8,4.423809523809524,168,4,,,,,,,,,,,,,,,,,,,"Joe Boyle","29608",671212
"Tomoyuki Sugano","BAL",5,5,7,4.45357,15,15,0,0,,87,367,90,47,43,15,20,,4,58,6.04345,2.0926,2.88801,1.52897,0.159095,0.0550881,0.1040068194270134,0.261659,1.26378,0.277875,0.707555,,,4.77452,0.327627,0.411889,322.70001220703125,,,,,,,269.30000000000007,3.0954022988505754,284,3.264367816091954,,,,,,,,,,,,,,,,,,,"Tomoyuki Sugano","35321",608372
"Tyler Holton","DET",2,1,0,3.37065,33,0,1,8,,33,136,29,14,12,3,8,,1,29,7.85071,2.2467,3.49434,0.938126,0.214193,0.0612972,0.1528957299888134,0.231162,1.12456,0.274425,0.733146,,,3.54383,0.321369,0.312564,448.07000732421875,,,,,,,199.90000000000006,6.057575757575759,194,5.878787878787879,,,,,,,,,,,,,,,,,,,"Tyler Holton","26231",663947
"Kenley Jansen","LAA",2,2,0,3.9759,31,0,15,1,,31,131,26,15,14,5,12,,1,36,10.1695,3.30383,3.07811,1.30814,0.272099,0.0883983,0.18370120227336884,0.22412,1.20767,0.28087,0.724461,,,3.90665,0.31911,0.151057,142.47000122070312,,,,,,,212.29999999999998,6.848387096774193,202,6.516129032258065,,,,,,,,,,,,,,,,,,,"Kenley Jansen","3096",445276
"Trevor Rogers","BAL",2,3,2,4.24504,19,5,0,0,,42,184,42,22,20,5,16,,2,38,8.15423,3.46962,2.35018,1.06193,0.208968,0.0889159,0.12005255371332169,0.254349,1.37814,0.303841,0.713512,,,4.09172,0.318838,0.186105,726.5700073242188,,,,,,,162.10000000000002,3.85952380952381,167,3.9761904761904763,,,,,,,,,,,,,,,,,,,"Trevor Rogers","22286",669432
"Didier Fuentes","ATL",0,0,3,4.02926,15,7,0,0,,35,152,33,17,16,5,13,,1,33,8.39812,3.19343,2.62981,1.1579,0.217583,0.082737,0.13484564423561096,0.238156,1.28171,0.282046,0.724606,,,4.067,0.315872,0.436031,999,,,,,,,135.7,3.877142857142857,134,3.8285714285714287,,,,,,,,,,,,,,,,,,,"Didier Fuentes","30661",800311
"J.T. Ginn","ATH",2,3,2,4.4838,22,6,0,0,,47,205,48,26,24,6,17,,3,39,7.35984,3.15115,2.3356,1.14987,0.188625,0.0807607,0.10786430537700653,0.259194,1.36828,0.298525,0.695098,,,4.31771,0.312167,0.127652,747.030029296875,,,,,,,167.2,3.557446808510638,175,3.723404255319149,,,,,,,,,,,,,,,,,,,"J.T. Ginn","27889",669372
"Austin Gomber","COL",3,5,5,5.27249,13,13,0,0,,70,307,80,45,41,13,20,,2,49,6.26197,2.60399,2.40476,1.65167,0.159777,0.0664422,0.09333525598049164,0.279921,1.42055,0.299723,0.673565,,,5.00513,0.312024,0.329581,746.3800048828125,,,,,,,182.10000000000002,2.601428571428572,213,3.0428571428571427,,,,,,,,,,,,,,,,,,,"Austin Gomber","16561",596295
"Grant Taylor","CHW",0,0,0,4.17689,33,1,10,3,,36,158,33,18,16,4,15,,2,35,8.84889,3.73643,2.36827,1.02964,0.221232,0.0934149,0.1278173327445984,0.232744,1.341,0.281717,0.698905,,,3.99045,0.311747,-0.128159,999,,,,,,,212.40000000000003,5.900000000000001,209,5.805555555555555,,,,,,,,,,,,,,,,,,,"Grant Taylor","33927",691799
"Brandon Eisert","CHW",2,2,0,4.03526,32,0,2,7,,32,134,31,15,14,4,11,,1,31,8.80263,3.04082,2.89482,1.05438,0.230032,0.0794632,0.1505686491727829,0.249796,1.30682,0.305991,0.717068,,,3.75633,0.302137,0.152575,999,,,,,,,171.00000000000003,5.343750000000001,172,5.375,,,,,,,,,,,,,,,,,,,"Brandon Eisert","27668",685126
"Nestor Cortes","MIL",2,2,1,3.95747,18,3,0,0,,33,137,30,16,15,5,9,,1,32,8.80073,2.50723,3.51014,1.38113,0.237068,0.0675381,0.16953031718730927,0.237039,1.18314,0.279765,0.728271,,,4.03612,0.301771,0.279101,261.0199890136719,,,,,,,138.70000000000005,4.203030303030304,134,4.0606060606060606,,,,,,,,,,,,,,,,,,,"Nestor Cortes","17874",641482
"Tim Herrin","CLE",2,2,0,3.41867,33,0,1,8,,33,138,27,14,13,3,13,,2,35,9.6278,3.61365,2.66429,0.750524,0.254993,0.0957077,0.1592850387096405,0.221789,1.23086,0.288437,0.734197,,,3.38291,0.300024,0.251648,750.2999877929688,,,,,,,199.10000000000008,6.033333333333336,188,5.696969696969697,,,,,,,,,,,,,,,,,,,"Tim Herrin","25139",682120
"Pierce Johnson","ATL",2,2,0,3.66275,32,0,2,7,,32,137,28,14,13,4,14,,1,39,10.8147,3.8124,2.8367,1.00892,0.283414,0.0999094,0.1835041120648384,0.230614,1.29584,0.307933,0.74939,,,3.49752,0.296073,0.332679,692.2999877929688,,,,,,,185.8,5.80625,179,5.59375,,,,,,,,,,,,,,,,,,,"Pierce Johnson","13435",572955
"Brandon Walter","HOU",0,0,2,4.0596,19,6,0,0,,37,160,34,18,17,5,14,,2,35,8.49075,3.30501,2.56905,1.13155,0.218354,0.084994,0.13336003571748734,0.237025,1.29389,0.281978,0.719027,,,4.05127,0.295352,0.300973,999,,,,,,,145.9,3.9432432432432436,142,3.8378378378378377,,,,,,,,,,,,,,,,,,,"Brandon Walter","26056",687888
"Randy Rodríguez","SFG",2,2,0,3.91091,33,0,2,7,,33,142,30,16,14,3,14,,2,34,9.3129,3.67808,2.532,0.874649,0.24254,0.0957897,0.14674998819828033,0.234991,1.30255,0.298173,0.711722,,,3.652,0.294559,0.107307,999,,,,,,,187.30000000000007,5.6757575757575776,184,5.575757575757576,,,,,,,,,,,,,,,,,,,"Randy Rodriguez","23974",678495
"Kevin Ginkel","ARI",3,1,0,3.46076,31,0,2,6,,31,132,28,13,12,3,10,,1,34,9.78982,2.9913,3.27276,0.840218,0.260244,0.079518,0.18072549998760223,0.23544,1.22848,0.305812,0.738321,,,3.22975,0.293703,0.325161,582.1400146484375,,,,,,,188.7,6.087096774193548,185,5.967741935483871,,,,,,,,,,,,,,,,,,,"Kevin Ginkel","19876",656464
"Cal Quantrill","MIA",4,6,6,4.95719,14,14,0,0,,75,331,80,45,41,11,29,,4,52,6.28497,3.51331,1.7889,1.2862,0.157401,0.0879872,0.0694134384393692,0.270483,1.46931,0.297369,0.685937,,,4.87493,0.291415,0.224029,685.75,,,,,,,216.7,2.889333333333333,237,3.16,,,,,,,,,,,,,,,,,,,"Cal Quantrill","19312",615698
"Ryan Pressly","CHC",2,2,0,3.60015,31,0,4,7,,31,132,29,14,13,3,10,,1,31,8.82495,2.88807,3.05566,0.859931,0.233656,0.0764666,0.15718940645456314,0.241871,1.2502,0.301426,0.73036,,,3.41497,0.290271,0.199927,169.14999389648438,,,,,,,194.1,6.261290322580645,193,6.225806451612903,,,,,,,,,,,,,,,,,,,"Ryan Pressly","7005",519151
"Emilio Pagán","CIN",2,2,0,4.2667,33,0,14,2,,33,138,30,17,16,6,11,,1,35,9.54681,2.89165,3.30151,1.56089,0.254747,0.0771607,0.17758626490831375,0.237025,1.22531,0.283192,0.722651,,,4.25357,0.27977,0.179311,702.97998046875,,,,,,,204.40000000000003,6.193939393939395,199,6.03030303030303,,,,,,,,,,,,,,,,,,,"Emilio Pagan","14771",641941
"Tyler Rogers","SFG",2,2,0,3.64303,36,0,1,10,,36,152,37,16,15,3,8,,2,26,6.54005,1.87586,3.48643,0.803669,0.173836,0.0498608,0.12397518381476402,0.257033,1.21516,0.295873,0.71108,,,3.56863,0.279079,0.27772,740.75,,,,,,,200.3,5.563888888888889,208,5.777777777777778,,,,,,,,,,,,,,,,,,,"Tyler Rogers","15541",643511
"Sean Burke","CHW",3,5,5,4.85015,13,13,0,0,,67,292,64,39,36,12,31,,3,59,7.97609,4.17898,1.90862,1.57883,0.202712,0.106209,0.09650339186191559,0.247681,1.42237,0.27887,0.710929,,,5.09023,0.278708,0.152695,407.3900146484375,,,,,,,197.79999999999993,2.9522388059701483,195,2.91044776119403,,,,,,,,,,,,,,,,,,,"Sean Burke","29878",680732
"Kyle Wright","KCR",3,2,1,4.31861,22,4,0,0,,41,175,40,21,19,5,14,,2,35,7.80268,3.20222,2.43664,1.04276,0.200839,0.0824244,0.11841446906328201,0.254404,1.34872,0.300352,0.697125,,,4.08433,0.278395,0.168313,711.4000244140625,,,,,,,159.90000000000003,3.900000000000001,162,3.951219512195122,,,,,,,,,,,,,,,,,,,"Kyle Wright","19665",657140
"Caleb Ferguson","PIT",2,2,0,3.85713,33,0,1,8,,33,142,31,15,14,3,14,,2,33,9.06764,3.80021,2.38609,0.787974,0.232639,0.0974982,0.1351412981748581,0.244174,1.3605,0.309628,0.72271,,,3.65854,0.278353,0.299394,999,,,,,,,181.70000000000007,5.5060606060606085,181,5.484848484848484,,,,,,,,,,,,,,,,,,,"Caleb Ferguson","19349",657571
"Tony Santillan","CIN",2,2,0,4.21099,32,0,2,6,,32,138,29,16,15,4,14,,2,35,9.92851,3.84995,2.57886,1.24089,0.257544,0.0998671,0.15767668932676315,0.23469,1.32035,0.294555,0.720092,,,4.09733,0.271147,0.225201,596.0999755859375,,,,,,,168.20000000000002,5.2562500000000005,164,5.125,,,,,,,,,,,,,,,,,,,"Tony Santillan","19926",663574
"Tony Gonsolin","LAD",2,2,2,4.38305,12,5,0,0,,34,143,31,18,17,5,11,,1,30,8.01821,2.98931,2.6823,1.38788,0.212011,0.0790407,0.13297002017498016,0.239875,1.25046,0.274544,0.697014,,,4.4152,0.269515,0.208935,483.1099853515625,,,,,,,133.50000000000003,3.926470588235295,129,3.7941176470588234,,,,,,,,,,,,,,,,,,,"Tony Gonsolin","19388",664062
"Jared Koenig","MIL",2,2,0,3.61235,32,0,1,7,,32,134,29,14,13,3,12,,1,31,8.7402,3.28197,2.66309,0.892421,0.229707,0.0862559,0.14345156401395798,0.237414,1.27063,0.293846,0.737187,,,3.65264,0.268748,0.318099,733.3800048828125,,,,,,,180.5,5.640625,177,5.53125,,,,,,,,,,,,,,,,,,,"Jared Koenig","27517",657649
"Seth Halvorsen","COL",2,2,0,4.47479,32,0,9,4,,32,141,32,17,16,4,13,,2,30,8.52907,3.75387,2.27208,1.04628,0.21614,0.0951291,0.12101132422685623,0.255411,1.41773,0.309895,0.699054,,,4.08701,0.263781,0.247815,376.1700134277344,,,,,,,180.40000000000003,5.637500000000001,184,5.75,,,,,,,,,,,,,,,,,,,"Seth Halvorsen","33294",678020
"Anthony Bender","MIA",2,2,0,3.87872,32,0,2,7,,32,138,30,15,14,3,12,,2,32,8.92554,3.34172,2.67094,0.845909,0.232316,0.086979,0.14533710479736328,0.241354,1.29708,0.302462,0.710974,,,3.60833,0.261457,0.235609,641.22998046875,,,,,,,181.89999999999998,5.684374999999999,181,5.65625,,,,,,,,,,,,,,,,,,,"Anthony Bender","19742",669622
"Tanner Banks","PHI",2,1,0,3.83138,31,0,1,6,,31,131,29,14,13,4,10,,1,31,9.05086,2.87728,3.14563,1.05804,0.239546,0.0761518,0.163393996655941,0.241819,1.24783,0.298562,0.724769,,,3.66769,0.258041,0.207016,999,,,,,,,162.79999999999998,5.251612903225806,161,5.193548387096774,,,,,,,,,,,,,,,,,,,"Tanner Banks","16990",621383
"Daniel Palencia","CHC",2,2,0,3.9479,33,0,10,4,,33,143,28,16,14,3,17,,2,37,10.1242,4.53329,2.23331,0.885516,0.260663,0.116716,0.1439467892050743,0.225221,1.34961,0.295158,0.720222,,,3.77894,0.256747,0.102934,999,,,,,,,217.50000000000006,6.590909090909093,209,6.333333333333333,,,,,,,,,,,,,,,,,,,"Daniel Palencia","27914",694037
"Dennis Santana","PIT",1,1,0,4.18014,32,0,3,6,,32,138,30,16,15,3,12,,2,29,8.19313,3.45201,2.37344,0.828043,0.213024,0.0897535,0.12327086180448532,0.241801,1.3116,0.294827,0.682074,,,3.75222,0.253175,0.140333,549.3599853515625,,,,,,,176.9,5.528125,176,5.5,,,,,,,,,,,,,,,,,,,"Dennis Santana","17878",642701
"Reynaldo López","ATL",2,1,1,3.66355,13,3,0,0,,24,101,22,11,10,3,8,,1,25,9.32226,3.04864,3.05784,1.03386,0.24813,0.0811457,0.16698473691940308,0.235444,1.23487,0.294209,0.737781,,,3.59732,0.25139,0.283705,172.38999938964844,,,,,,,106.50000000000001,4.437500000000001,104,4.333333333333333,,,,,,,,,,,,,,,,,,,"Reynaldo Lopez","16400",625643
"Steven Matz","STL",2,2,1,3.98123,32,3,0,5,,42,179,42,20,19,5,12,,2,36,7.62418,2.5539,2.98531,1.08496,0.200844,0.0672775,0.13356661796569824,0.253427,1.27158,0.29598,0.717036,,,3.90368,0.251072,0.226206,635.280029296875,,,,,,,190.10000000000002,4.526190476190477,195,4.642857142857143,,,,,,,,,,,,,,,,,,,"Steven Matz","13361",571927
"Kyle Bradish","BAL",1,1,1,3.3711,9,2,0,0,,17,69,14,7,6,2,5,,1,18,9.77141,2.82853,3.45459,0.930995,0.262949,0.0761157,0.18683325499296188,0.22798,1.17361,0.29296,0.745025,,,3.32295,0.249487,0.204701,681.0800170898438,,,,,,,82.80000000000001,4.870588235294118,77,4.529411764705882,,,,,,,,,,,,,,,,,,,"Kyle Bradish","24586",680694
"Ryan Zeferjahn","LAA",1,2,0,4.24839,33,0,1,7,,33,143,29,17,16,4,15,,2,38,10.3,4.16014,2.47589,1.16207,0.26531,0.107158,0.15815218538045883,0.230604,1.33442,0.296206,0.711939,,,4.05464,0.248608,-0.00183128,744.52001953125,,,,,,,177.60000000000005,5.381818181818184,171,5.181818181818182,,,,,,,,,,,,,,,,,,,"Ryan Zeferjahn","25420",666171
"Jalen Beeks","ARI",2,2,0,3.93513,33,0,2,7,,33,140,32,15,14,3,13,,1,30,8.28847,3.47089,2.388,0.895524,0.213684,0.0894827,0.12420164048671722,0.250562,1.35856,0.305124,0.724461,,,3.80304,0.248161,0.336795,999,,,,,,,180.10000000000008,5.45757575757576,182,5.515151515151516,,,,,,,,,,,,,,,,,,,"Jalen Beeks","17192",656222
"Hunter Gaddis","CLE",2,2,0,3.6718,35,0,1,9,,35,143,30,15,14,4,10,,2,34,8.81028,2.67059,3.299,1.15425,0.236456,0.0716749,0.16478102654218674,0.231756,1.17459,0.279632,0.73478,,,3.83638,0.247087,0.311072,699.7000122070312,,,,,,,204.8,5.851428571428571,196,5.6,,,,,,,,,,,,,,,,,,,"Hunter Gaddis","25636",683769
"Danny Coulombe","MIN",2,1,0,3.30811,29,0,0,5,,29,119,25,12,11,3,8,,1,31,9.34513,2.44706,3.81892,0.954438,0.255499,0.0669033,0.18859519809484482,0.22698,1.12635,0.285645,0.743259,,,3.27124,0.242551,0.169808,750.77001953125,,,,,,,167.70000000000002,5.7827586206896555,161,5.551724137931035,,,,,,,,,,,,,,,,,,,"Danny Coulombe","13293",543056
"Garrett Cleavinger","TBR",2,2,0,3.73519,33,0,2,7,,33,138,27,15,14,4,14,,2,39,10.8458,3.98248,2.72338,1.10511,0.284859,0.104598,0.1802615076303482,0.218814,1.2576,0.288799,0.742835,,,3.77286,0.239978,0.158506,729.8800048828125,,,,,,,192.80000000000007,5.8424242424242445,181,5.484848484848484,,,,,,,,,,,,,,,,,,,"Garrett Cleavinger","17897",664076
"John Schreiber","KCR",2,2,0,3.87322,32,0,1,7,,32,136,29,15,14,3,13,,2,30,8.46574,3.57178,2.37017,0.845549,0.219113,0.0924462,0.12666703015565872,0.242529,1.3286,0.298447,0.719105,,,3.76431,0.239648,0.17745,999,,,,,,,172.5,5.390625,169,5.28125,,,,,,,,,,,,,,,,,,,"John Schreiber","20020",670167
"Keider Montero","DET",2,2,3,4.52215,15,7,0,0,,41,178,41,23,21,6,15,,2,35,7.67816,3.23691,2.37206,1.33637,0.198468,0.0836692,0.11479927599430084,0.252638,1.34335,0.288792,0.702086,,,4.5093,0.234416,0.154114,719.6599731445312,,,,,,,142.00000000000003,3.4634146341463423,146,3.5609756097560976,,,,,,,,,,,,,,,,,,,"Keider Montero","22630",672456
"Greg Weissert","BOS",2,1,0,3.88732,32,0,1,8,,32,136,30,15,14,4,12,,1,32,8.96613,3.28246,2.73152,1.01819,0.233101,0.0853374,0.14776384830474854,0.247202,1.3203,0.305654,0.732253,,,3.77367,0.233988,0.244579,999,,,,,,,171.60000000000002,5.362500000000001,170,5.3125,,,,,,,,,,,,,,,,,,,"Greg Weissert","20375",669711
"Tylor Megill","NYM",2,1,1,3.96817,12,3,0,0,,23,99,21,11,10,3,9,,1,25,9.57632,3.48705,2.74625,1.0381,0.250659,0.0912732,0.15938588976860046,0.237083,1.29176,0.299425,0.718861,,,3.73399,0.232714,0.164498,373.1199951171875,,,,,,,98.70000000000002,4.291304347826087,96,4.173913043478261,,,,,,,,,,,,,,,,,,,"Tylor Megill","21318",656731
"Ryan Thompson","ARI",2,2,0,3.7636,32,0,2,8,,32,135,31,15,13,3,9,,1,26,7.31948,2.65243,2.75954,0.795433,0.192598,0.0697936,0.12280470877885818,0.250472,1.26742,0.296571,0.710754,,,3.61055,0.232273,0.217395,750.1900024414062,,,,,,,183.29999999999998,5.7281249999999995,185,5.78125,,,,,,,,,,,,,,,,,,,"Ryan Thompson","16647",657044
"Joey Cantillo","CLE",1,2,1,3.87387,17,3,0,0,,28,120,24,13,12,3,13,,1,31,9.96071,4.27629,2.32929,0.972118,0.258722,0.111074,0.14764858037233353,0.228078,1.33496,0.29424,0.732508,,,3.78511,0.231588,0.22523,510.5400085449219,,,,,,,127.90000000000003,4.567857142857144,121,4.321428571428571,,,,,,,,,,,,,,,,,,,"Joey Cantillo","23335",676282
"Luis Garcia","HOU",2,2,2,4.10935,10,4,0,0,,28,118,26,14,13,4,9,,1,28,9.00253,2.99545,3.0054,1.4067,0.239607,0.0797254,0.15988152474164963,0.236007,1.23176,0.279991,0.726067,,,4.1992,0.230265,0.200291,591.6799926757812,,,,,,,116.40000000000006,4.157142857142859,114,4.071428571428571,,,,,,,,,,,,,,,,,,,"Luis Garcia","23735",677651
"Brant Hurter","DET",2,1,0,3.6644,30,0,0,6,,30,124,29,13,12,3,7,,1,25,7.46077,2.26994,3.28677,0.757208,0.198819,0.0604907,0.13832851126790047,0.248473,1.21433,0.296715,0.703822,,,3.39857,0.227793,0.151492,682.25,,,,,,,159.7,5.323333333333333,161,5.366666666666666,,,,,,,,,,,,,,,,,,,"Brant Hurter","30133",676428
"Calvin Faucher","MIA",2,2,0,4.1519,33,0,11,3,,33,146,32,17,15,3,16,,2,34,9.24628,4.18632,2.20869,0.857821,0.234595,0.106214,0.1283802092075348,0.247734,1.42346,0.314317,0.714735,,,3.78801,0.226989,0.083822,299.3699951171875,,,,,,,205.10000000000008,6.2151515151515175,207,6.2727272727272725,,,,,,,,,,,,,,,,,,,"Calvin Faucher","20116",676534
"Bowden Francis","TOR",3,3,3,4.47205,20,7,0,0,,52,217,49,28,26,10,14,,3,46,7.93697,2.49958,3.17533,1.70559,0.210846,0.0664015,0.1444448158144951,0.246048,1.22552,0.272698,0.713823,,,4.76216,0.226243,0.142131,257.2300109863281,,,,,,,175.4,3.373076923076923,171,3.2884615384615383,,,,,,,,,,,,,,,,,,,"Bowden Francis","20548",670102
"Eric Lauer","TOR",2,3,1,4.3794,28,4,0,0,,49,207,46,26,24,7,18,,2,45,8.40613,3.31386,2.53666,1.36955,0.218622,0.0861852,0.13243702054023743,0.247466,1.32514,0.289405,0.715968,,,4.39688,0.222795,0.0671894,999,,,,,,,186.9,3.8142857142857145,184,3.7551020408163267,,,,,,,,,,,,,,,,,,,"Eric Lauer","19316",641778
"Brock Stewart","MIN",1,1,0,3.70468,31,0,1,6,,31,133,26,14,13,4,14,,2,41,11.5798,4.06787,2.84665,1.12166,0.3045,0.106968,0.19753240048885345,0.218563,1.26589,0.298049,0.749917,,,3.62212,0.222405,0.114235,750.3300170898438,,,,,,,175.6,5.664516129032258,166,5.354838709677419,,,,,,,,,,,,,,,,,,,"Brock Stewart","16727",592779
"Logan Henderson","MIL",2,2,1,4.19661,20,3,0,0,,32,131,28,16,15,5,9,,1,34,9.73835,2.61177,3.72864,1.43475,0.26317,0.0705808,0.19258936494588852,0.230606,1.16239,0.28054,0.697987,,,3.96707,0.222354,0.200834,600.6900024414062,,,,,,,140.5,4.390625,133,4.15625,,,,,,,,,,,,,,,,,,,"Logan Henderson","31475",701656
"Paul Blackburn","NYM",3,2,1,4.29276,30,3,0,3,,45,191,45,23,21,6,14,,2,38,7.74483,2.86753,2.70087,1.18285,0.201374,0.0745589,0.1268150582909584,0.256443,1.32223,0.298526,0.706168,,,4.13727,0.221405,0.116248,672.1300048828125,,,,,,,182.2,4.0488888888888885,187,4.155555555555556,,,,,,,,,,,,,,,,,,,"Paul Blackburn","14739",621112
"Javier Assad","CHC",2,2,2,4.28552,16,6,0,0,,42,180,41,22,20,5,17,,2,34,7.4043,3.59897,2.05734,1.17838,0.189986,0.0923456,0.0976405218243599,0.252027,1.3804,0.28928,0.720765,,,4.44677,0.217979,0.309602,649.3900146484375,,,,,,,153.70000000000002,3.65952380952381,156,3.7142857142857144,,,,,,,,,,,,,,,,,,,"Javier Assad","21741",665871
"Justin Wilson","BOS",2,2,0,4.16127,31,0,0,7,,31,132,30,15,14,4,11,,1,31,8.94247,3.19032,2.803,1.13691,0.23178,0.0826899,0.1490899920463562,0.252758,1.3388,0.309256,0.719681,,,3.90327,0.217433,0.143156,999,,,,,,,156.2,5.038709677419354,157,5.064516129032258,,,,,,,,,,,,,,,,,,,"Justin Wilson","4301",458677
"Phil Maton","STL",1,2,0,3.94753,34,0,2,7,,34,144,30,16,15,4,12,,3,33,8.69787,3.24783,2.67806,0.995198,0.226934,0.0847384,0.1421956866979599,0.236561,1.26257,0.289291,0.709372,,,3.91612,0.217248,0.194679,746.3599853515625,,,,,,,183.40000000000003,5.394117647058825,177,5.205882352941177,,,,,,,,,,,,,,,,,,,"Phil Maton","18064",664208
"Shawn Armstrong","TEX",1,1,0,4.17269,32,0,1,7,,32,135,30,16,15,4,11,,2,32,8.97857,3.25696,2.75674,1.08113,0.233748,0.0847914,0.14895612001419067,0.245813,1.31035,0.302233,0.706023,,,3.86546,0.216663,0.00645971,999,,,,,,,167.60000000000002,5.237500000000001,166,5.1875,,,,,,,,,,,,,,,,,,,"Shawn Armstrong","12857",542888
"Nick Mears","MIL",1,2,0,3.93548,31,0,1,6,,31,132,26,15,14,3,14,,1,36,10.447,3.96608,2.63409,0.994836,0.273907,0.103985,0.16992153972387314,0.225554,1.28934,0.296287,0.717477,,,3.61194,0.216283,0.100257,745.6900024414062,,,,,,,180.89999999999998,5.8354838709677415,172,5.548387096774194,,,,,,,,,,,,,,,,,,,"Nick Mears","25376",683232
"Ben Casparius","LAD",3,2,1,4.4239,27,2,0,2,,40,170,36,21,19,5,17,,2,42,9.50271,3.86716,2.45728,1.15651,0.245462,0.0998915,0.14557020366191864,0.240148,1.34938,0.29909,0.696971,,,4.0449,0.215406,0.0673258,745.760009765625,,,,,,,175.9,4.3975,170,4.25,,,,,,,,,,,,,,,,,,,"Ben Casparius","30085",676508
"Johan Oviedo","PIT",2,2,1,4.46435,14,4,0,0,,32,140,31,17,16,4,14,,2,28,7.7064,3.93654,1.95766,1.00787,0.196138,0.10019,0.09594771265983582,0.248586,1.40009,0.2929,0.69244,,,4.29274,0.212584,0.178091,748.280029296875,,,,,,,115.00000000000003,3.593750000000001,116,3.625,,,,,,,,,,,,,,,,,,,"Johan Oviedo","22487",670912
"David Robertson",,1,1,0,3.35079,18,0,0,0,,18,73,14,7,7,2,7,,1,21,10.7871,3.47462,3.10453,0.905392,0.288458,0.0929152,0.195542611181736,0.217979,1.1972,0.293369,0.750231,,,3.28314,0.206087,0.25066,528.8499755859375,,,,,,,90.20000000000002,5.011111111111112,82,4.555555555555555,,,,,,,,,,,,,,,,,,,"David Robertson","8241",502085
"Richard Fitts","BOS",2,2,2,4.54747,20,5,0,0,,42,179,43,23,21,6,13,,1,33,7.04426,2.75314,2.55862,1.2929,0.183089,0.0715578,0.11153162270784378,0.260895,1.3331,0.293453,0.692492,,,4.38601,0.205407,0.187967,476.5799865722656,,,,,,,149.2,3.552380952380952,156,3.7142857142857144,,,,,,,,,,,,,,,,,,,"Richard Fitts","30160",690916
"Hoby Milner","TEX",2,1,0,3.74022,30,0,1,6,,30,125,28,14,12,3,8,,1,28,8.35755,2.36153,3.53904,0.943254,0.223189,0.0630649,0.16012415289878845,0.244723,1.20528,0.297249,0.711882,,,3.49924,0.204539,0.0799203,999,,,,,,,170.3,5.676666666666667,169,5.633333333333334,,,,,,,,,,,,,,,,,,,"Hoby Milner","13346",571948
"Taylor Rogers","CIN",2,2,0,4.11256,31,0,1,7,,31,133,28,15,14,4,12,,2,33,9.49717,3.57242,2.65847,1.18742,0.246729,0.0928086,0.15392005443572998,0.239262,1.31293,0.296854,0.723478,,,4.02095,0.203996,0.191629,493.0799865722656,,,,,,,164.39999999999998,5.3032258064516125,160,5.161290322580645,,,,,,,,,,,,,,,,,,,"Taylor Rogers","13449",573124
"Janson Junk","MIA",2,3,2,4.52226,21,6,0,0,,39,169,42,21,20,6,11,,1,30,6.90132,2.54026,2.71678,1.26296,0.178247,0.0656095,0.11263703554868698,0.270478,1.36116,0.30456,0.699745,,,4.3005,0.197921,0.187467,749.0399780273438,,,,,,,129.60000000000002,3.3230769230769237,141,3.6153846153846154,,,,,,,,,,,,,,,,,,,"Janson Junk","23301",676083
"Braxton Ashcraft","PIT",2,2,1,4.15454,35,2,0,6,,41,176,42,21,19,5,12,,2,34,7.35456,2.55864,2.87441,1.0712,0.192149,0.0668482,0.12530068308115005,0.259146,1.30219,0.300457,0.704882,,,3.95833,0.191635,0.151417,736.3599853515625,,,,,,,182.70000000000005,4.456097560975611,190,4.634146341463414,,,,,,,,,,,,,,,,,,,"Braxton Ashcraft","23793",677952
"Yuki Matsui","SDP",1,1,0,3.58781,31,0,1,6,,31,130,25,13,12,4,13,,1,37,10.6368,3.82486,2.78098,1.07287,0.282458,0.101568,0.18089009076356888,0.220611,1.24854,0.289618,0.753691,,,3.6101,0.190281,0.190303,725.6599731445312,,,,,,,176.2,5.683870967741935,164,5.290322580645161,,,,,,,,,,,,,,,,,,,"Yuki Matsui","33826",673513
"Tommy Kahnle","DET",1,1,0,3.4463,32,0,7,4,,32,136,27,13,12,3,13,,2,33,9.13467,3.72022,2.45541,0.935355,0.241665,0.0984214,0.14324373751878738,0.221514,1.24138,0.276464,0.752966,,,3.77735,0.190276,0.44773,614.5700073242188,,,,,,,201.7,6.303125,193,6.03125,,,,,,,,,,,,,,,,,,,"Tommy Kahnle","11384",592454
"Ronny Henriquez","MIA",1,2,0,4.17516,33,0,6,5,,33,143,33,17,15,4,13,,2,30,8.25925,3.46184,2.3858,1.04024,0.210688,0.088309,0.12237871438264847,0.256489,1.38851,0.308367,0.720851,,,4.06338,0.184736,0.0750162,999,,,,,,,174.20000000000005,5.27878787878788,178,5.393939393939394,,,,,,,,,,,,,,,,,,,"Ronny Henriquez","24094",678692
"Jake Bird","COL",1,2,0,4.43099,32,0,2,5,,32,141,31,17,16,3,15,,2,30,8.59812,4.22569,2.03473,0.93376,0.214924,0.105628,0.10929591208696365,0.254869,1.46487,0.313254,0.704542,,,4.12781,0.170695,0.228174,999,,,,,,,158.3,4.946875,160,5,,,,,,,,,,,,,,,,,,,"Jake Bird","21267",656234
"Brenan Hanifee","DET",1,1,0,3.7878,31,0,1,6,,31,131,31,14,13,3,9,,1,24,6.94806,2.58976,2.6829,0.852307,0.181525,0.0676603,0.11386516690254211,0.258891,1.3043,0.301273,0.72273,,,3.73676,0.16974,0.146591,999,,,,,,,158.89999999999998,5.1258064516129025,163,5.258064516129032,,,,,,,,,,,,,,,,,,,"Brenan Hanifee","22304",669724
"Ryan Bergert","SDP",2,3,2,4.59836,24,7,0,0,,58,251,59,32,29,9,22,,3,47,7.31778,3.44754,2.12261,1.36131,0.186371,0.0878029,0.09856855124235153,0.260684,1.40913,0.294379,0.71304,,,4.69076,0.168799,0.100311,999,,,,,,,184.10000000000005,3.1741379310344837,192,3.310344827586207,,,,,,,,,,,,,,,,,,,"Ryan Bergert","29863",686701
"Brad Lord","WSN",2,2,1,4.4733,32,2,1,6,,40,175,41,22,20,4,14,,2,32,7.04461,3.15577,2.23229,0.989941,0.180482,0.0808505,0.09963151067495346,0.259753,1.37176,0.299872,0.682812,,,4.15247,0.167092,-0.00665183,999,,,,,,,185.20000000000002,4.630000000000001,193,4.825,,,,,,,,,,,,,,,,,,,"Brad Lord","31972",695418
"Parker Messick","CLE",1,1,1,4.39159,3,3,0,0,,19,82,18,10,9,3,7,,1,17,7.89877,3.21636,2.45581,1.24324,0.204903,0.0834358,0.12146700918674469,0.249027,1.32234,0.289184,0.701499,,,4.33587,0.16707,0.130994,999,,,,,,,66.89999999999999,3.521052631578947,66,3.473684210526316,,,,,,,,,,,,,,,,,,,"Parker Messick","sa3020748",800048
"Graham Ashcraft","CIN",2,2,0,4.32376,26,0,2,6,,26,112,26,14,12,3,9,,2,22,7.53025,3.00545,2.50553,1.00627,0.19365,0.077289,0.11636108160018921,0.258867,1.3508,0.303748,0.69382,,,4.02832,0.165223,0.0348603,631.1699829101562,,,,,,,132.9,5.111538461538462,136,5.230769230769231,,,,,,,,,,,,,,,,,,,"Graham Ashcraft","27552",668933
"Jack Dreyer","LAD",2,1,0,3.96346,32,0,1,7,,32,135,29,15,14,4,13,,1,33,9.23169,3.59983,2.56448,1.01437,0.241635,0.094224,0.14741137623786926,0.23762,1.30697,0.296536,0.720769,,,3.76839,0.163901,0.0865482,999,,,,,,,169.20000000000002,5.2875000000000005,165,5.15625,,,,,,,,,,,,,,,,,,,"Jack Dreyer","30249",676263
"Gregory Soto","BAL",2,2,0,3.71898,31,0,1,7,,31,135,27,14,13,3,14,,2,35,9.90474,4.1291,2.39877,0.805063,0.255997,0.10672,0.14927653223276138,0.229335,1.32475,0.300276,0.729958,,,3.60155,0.159736,0.0910965,740.4500122070312,,,,,,,177.29999999999995,5.719354838709676,171,5.516129032258065,,,,,,,,,,,,,,,,,,,"Gregory Soto","19677",642397
"Adam Mazur","MIA",1,2,1,4.76096,3,3,0,0,,18,76,19,10,9,3,5,,1,13,6.62713,2.51241,2.63776,1.34156,0.17136,0.0649641,0.10639557242393494,0.268529,1.34744,0.297206,0.678325,,,4.49216,0.158662,0.130215,748.7999877929688,,,,,,,54.90000000000001,3.0500000000000007,59,3.2777777777777777,,,,,,,,,,,,,,,,,,,"Adam Mazur","31900",800049
"Emerson Hancock","SEA",3,3,3,4.62288,13,8,0,0,,46,198,47,26,24,7,15,,2,34,6.56338,2.94999,2.22488,1.38164,0.16967,0.0762604,0.09340983629226685,0.257825,1.33869,0.282211,0.694423,,,4.73949,0.157123,-0.00832992,609.4099731445312,,,,,,,149.10000000000008,3.241304347826089,156,3.391304347826087,,,,,,,,,,,,,,,,,,,"Emerson Hancock","27470",676106
"Jordan Romano","PHI",2,2,0,4.13333,32,0,5,5,,32,134,29,16,15,5,12,,2,32,9.24236,3.33893,2.76806,1.31215,0.242281,0.0875276,0.1547539010643959,0.238121,1.2805,0.288543,0.725858,,,4.16933,0.156476,0.0740672,158.24000549316406,,,,,,,166.9,5.215625,162,5.0625,,,,,,,,,,,,,,,,,,,"Jordan Romano","16122",605447
"Luke Jackson","TEX",2,2,0,4.2111,33,0,5,5,,33,143,30,17,16,4,15,,1,34,9.28376,4.015,2.31227,1.05732,0.239813,0.103713,0.1360994279384613,0.236603,1.34784,0.294594,0.709206,,,4.0056,0.154674,-0.0444582,684.6699829101562,,,,,,,182.00000000000006,5.5151515151515165,178,5.393939393939394,,,,,,,,,,,,,,,,,,,"Luke Jackson","11752",592426
"Kyle Finnegan","WSN",2,2,0,3.96291,33,0,17,1,,33,139,31,16,14,4,13,,1,32,8.70494,3.45918,2.51647,1.09497,0.227045,0.0902234,0.13682133704423904,0.244482,1.32537,0.296851,0.733097,,,3.95085,0.152862,0.1604,182.1999969482422,,,,,,,225.40000000000006,6.830303030303032,224,6.787878787878788,,,,,,,,,,,,,,,,,,,"Kyle Finnegan","15009",640448
"Mick Abel","PHI",2,2,2,4.52198,14,5,0,0,,29,130,28,16,15,4,14,,2,27,8.24418,4.35388,1.89352,1.18534,0.207783,0.109733,0.0980493500828743,0.247135,1.439,0.29229,0.711666,,,4.5807,0.146091,0.112528,999,,,,,,,98.60000000000004,3.4000000000000012,99,3.413793103448276,,,,,,,,,,,,,,,,,,,"Mick Abel","27756",690953
"Erik Miller","SFG",2,2,0,3.59925,31,0,1,6,,31,132,25,13,12,3,17,,1,36,10.5916,5.0659,2.09076,0.769213,0.272798,0.130478,0.14231990277767181,0.216143,1.36529,0.292618,0.747087,,,3.63272,0.144643,0.210576,999,,,,,,,174.49999999999997,5.629032258064515,163,5.258064516129032,,,,,,,,,,,,,,,,,,,"Erik Miller","26252",669062
"Ryan Brasier","CHC",2,1,0,3.68476,30,0,0,6,,30,126,27,14,12,3,9,,1,29,8.59383,2.64659,3.24713,0.974908,0.230744,0.0710609,0.15968327224254608,0.236553,1.19572,0.288646,0.719016,,,3.54879,0.144214,0.075836,748.4099731445312,,,,,,,166.89999999999998,5.563333333333333,163,5.433333333333334,,,,,,,,,,,,,,,,,,,"Ryan Brasier","5615",518489
"Ryan Yarbrough","NYY",2,2,1,4.36013,22,3,0,0,,35,151,35,19,17,5,11,,3,27,6.86357,2.69824,2.54372,1.28351,0.17849,0.0701688,0.10832100361585617,0.25327,1.28679,0.282235,0.699275,,,4.52625,0.142176,0.0830612,742.9099731445312,,,,,,,118.5,3.3857142857142857,122,3.4857142857142858,,,,,,,,,,,,,,,,,,,"Ryan Yarbrough","16502",642232
"Jack Perkins","ATH",0,0,1,4.13097,25,2,0,0,,32,141,30,16,15,4,13,,2,31,8.70869,3.56754,2.44109,1.06953,0.220125,0.0901747,0.12995009869337082,0.234402,1.32256,0.281819,0.706522,,,4.01426,0.141847,0.047564,999,,,,,,,126.60000000000002,3.9562500000000007,125,3.90625,,,,,,,,,,,,,,,,,,,"Jack Perkins","31468",678022
"Tyler Alexander","CHW",2,2,1,4.52808,30,2,0,5,,39,163,39,21,19,6,10,,2,33,7.69731,2.30387,3.34104,1.47737,0.202642,0.0606523,0.14198942855000496,0.258485,1.27038,0.292684,0.695304,,,4.38253,0.140729,-0.106541,746.9600219726562,,,,,,,163.4,4.18974358974359,167,4.282051282051282,,,,,,,,,,,,,,,,,,,"Tyler Alexander","17735",641302
"Hunter Dobbins","BOS",1,2,1,4.43002,16,2,0,0,,27,118,28,15,13,3,9,,1,21,6.87606,3.14016,2.18972,1.0771,0.176667,0.0806805,0.09598688036203384,0.25877,1.36481,0.294596,0.693069,,,4.29439,0.140141,0.165858,999,,,,,,,102.10000000000001,3.7814814814814817,108,4,,,,,,,,,,,,,,,,,,,"Hunter Dobbins","30240",690928
"Bryan Baker","BAL",2,2,0,4.06037,34,0,2,7,,34,143,29,16,15,4,15,,1,36,9.71189,3.94307,2.46303,1.1891,0.253244,0.102818,0.15042606741189957,0.231486,1.31465,0.289055,0.729646,,,4.05374,0.138625,0.114845,999,,,,,,,189.00000000000003,5.558823529411765,180,5.294117647058823,,,,,,,,,,,,,,,,,,,"Bryan Baker","19804",641329
"Carmen Mlodzinski","PIT",2,3,1,4.3928,28,2,0,3,,36,155,36,19,17,4,14,,1,30,7.63686,3.56253,2.14366,0.932006,0.195108,0.0910162,0.10409191250801086,0.256234,1.39836,0.303661,0.69239,,,4.02947,0.135114,0.0439472,724.4099731445312,,,,,,,150.60000000000005,4.1833333333333345,155,4.305555555555555,,,,,,,,,,,,,,,,,,,"Carmen Mlodzinski","27572",669387
"Bennett Sousa","HOU",2,1,0,3.82283,29,0,0,5,,29,123,26,13,12,3,11,,1,30,9.17843,3.5603,2.57799,0.949513,0.240376,0.0932415,0.14713416993618011,0.237597,1.30247,0.297739,0.72809,,,3.67977,0.133675,0.08708,999,,,,,,,154.10000000000002,5.313793103448277,150,5.172413793103448,,,,,,,,,,,,,,,,,,,"Bennett Sousa","21345",656986
"Rhett Lowder","CIN",1,1,1,4.35737,7,2,0,0,,14,60,14,7,7,2,5,,1,11,7.32136,2.9861,2.45182,1.21597,0.189657,0.0773538,0.11230352520942688,0.256408,1.33663,0.292807,0.706223,,,4.31106,0.132159,0.0704368,537.4199829101562,,,,,,,46.6,3.3285714285714287,48,3.4285714285714284,,,,,,,,,,,,,,,,,,,"Rhett Lowder","33876",695076
"Aaron Ashby","MIL",1,2,0,3.85303,30,0,0,6,,30,130,27,14,13,3,15,,1,31,9.29624,4.38051,2.12218,0.789649,0.238043,0.112169,0.1258741095662117,0.237329,1.39226,0.303464,0.730188,,,3.71639,0.131924,0.11154,635.030029296875,,,,,,,152.89999999999998,5.096666666666666,149,4.966666666666667,,,,,,,,,,,,,,,,,,,"Aaron Ashby","23550",676879
"Shelby Miller","ARI",2,2,0,3.991,33,0,14,3,,33,139,30,16,15,4,12,,2,33,9.00859,3.16795,2.84367,1.0967,0.237363,0.0834707,0.15389225631952286,0.236182,1.2518,0.289524,0.711981,,,3.87438,0.131246,0.210895,999,,,,,,,223.00000000000006,6.75757575757576,219,6.636363636363637,,,,,,,,,,,,,,,,,,,"Shelby Miller","10197",571946
"Michael Kopech","LAD",2,2,0,3.93212,31,0,2,8,,31,131,25,15,13,4,15,,2,37,10.9745,4.27464,2.56734,1.21495,0.286681,0.111665,0.17501679807901382,0.216996,1.28266,0.284105,0.738585,,,3.98057,0.129432,0.0891129,516.0499877929688,,,,,,,180.2,5.812903225806451,168,5.419354838709677,,,,,,,,,,,,,,,,,,,"Michael Kopech","17282",656629
"Cody Bradford","TEX",2,2,0,4.02461,26,1,0,0,,30,122,28,14,13,4,6,,1,27,8.29731,1.93773,4.28196,1.27737,0.225186,0.0525895,0.17259695753455162,0.24405,1.15476,0.286304,0.699432,,,3.80563,0.12927,0.0965285,430.4200134277344,,,,,,,133,4.433333333333334,131,4.366666666666666,,,,,,,,,,,,,,,,,,,"Cody Bradford","27597",674003
"Louis Varland","MIN",2,2,0,4.08917,32,0,1,7,,32,135,31,16,15,5,9,,1,32,9.13579,2.66829,3.42383,1.27578,0.241067,0.0704085,0.17065855115652084,0.248626,1.25938,0.302332,0.721559,,,3.89698,0.128538,-0.00435591,740.0999755859375,,,,,,,161.70000000000002,5.0531250000000005,162,5.0625,,,,,,,,,,,,,,,,,,,"Louis Varland","27691",686973
"Allan Winans","NYY",2,2,1,4.1517,15,2,0,0,,25,104,24,12,11,3,7,,1,21,7.57519,2.52296,3.0025,1.25109,0.199044,0.0662927,0.13275153934955597,0.253584,1.26896,0.291172,0.714432,,,4.18444,0.128365,0.0483298,999,,,,,,,103.69999999999999,4.148,104,4.16,,,,,,,,,,,,,,,,,,,"Allan Winans","21238",642216
"Mike Vasil","CHW",2,3,1,4.69739,28,3,0,0,,48,210,49,27,25,7,19,,3,37,6.86264,3.4951,1.9635,1.28234,0.174024,0.0886296,0.08539479970932007,0.26069,1.41445,0.291517,0.697242,,,4.73455,0.127834,0.0242087,999,,,,,,,149.70000000000002,3.1187500000000004,157,3.2708333333333335,,,,,,,,,,,,,,,,,,,"Mike Vasil","30105",678024
"Kutter Crawford","BOS",1,1,1,4.32501,13,2,0,0,,21,86,19,11,10,3,6,,1,20,8.80467,2.6363,3.33978,1.458,0.235123,0.0704007,0.1647222489118576,0.239481,1.20926,0.280835,0.699178,,,4.22342,0.127244,0.0519285,412.79998779296875,,,,,,,88.1,4.1952380952380945,85,4.0476190476190474,,,,,,,,,,,,,,,,,,,"Kutter Crawford","20531",676710
"Edwin Uceta","TBR",2,1,0,3.86654,32,0,1,8,,32,133,27,15,14,4,12,,2,34,9.71818,3.43255,2.83118,1.21457,0.256433,0.0905746,0.1658586636185646,0.223853,1.22518,0.27747,0.731686,,,3.98975,0.125745,0.0655203,318.20001220703125,,,,,,,180.40000000000003,5.637500000000001,171,5.34375,,,,,,,,,,,,,,,,,,,"Edwin Uceta","20539",670955
"Matt Waldron","SDP",1,1,1,4.61216,9,3,0,0,,20,86,20,11,10,3,6,,1,17,7.44279,2.60801,2.85382,1.39135,0.19505,0.0683469,0.1267026588320732,0.254013,1.28065,0.286465,0.679961,,,4.44329,0.124856,-0.010861,657.5499877929688,,,,,,,72.1,3.6049999999999995,74,3.7,,,,,,,,,,,,,,,,,,,"Matt Waldron","25550",663362
"JoJo Romero","STL",3,2,0,3.77427,32,0,1,7,,32,136,30,15,13,3,11,,1,30,8.41805,3.21833,2.61566,0.938041,0.220635,0.0843519,0.13628359138965607,0.24133,1.28325,0.293779,0.72751,,,3.76583,0.122585,0.123701,718.2000122070312,,,,,,,178.89999999999998,5.590624999999999,178,5.5625,,,,,,,,,,,,,,,,,,,"JoJo Romero","19574",668941
"Alec Marsh","KCR",1,2,1,4.60137,13,3,0,0,,23,101,23,13,12,3,9,,1,23,8.64434,3.31973,2.60393,1.3388,0.222936,0.0856154,0.13732094317674637,0.249359,1.33555,0.295554,0.691771,,,4.37843,0.122193,0.0784639,672.5800170898438,,,,,,,89.50000000000001,3.8913043478260874,92,4,,,,,,,,,,,,,,,,,,,"Alec Marsh","27451",679525
"Isaac Mattson","PIT",2,0,0,4.86156,29,0,0,6,,29,128,24,17,15,2,19,,3,30,9.28852,5.82221,1.59536,0.543041,0.2306,0.144544,0.0860559344291687,0.220952,1.47224,0.289448,0.637784,,,4.01151,0.121651,-0.145997,999,,,,,,,145.60000000000002,5.020689655172415,137,4.724137931034483,,,,,,,,,,,,,,,,,,,"Isaac Mattson","20385",676755
"Tyler Ferguson","ATH",1,2,0,4.09684,31,0,1,8,,31,134,27,15,14,3,15,,2,33,9.51378,4.48987,2.11894,0.997708,0.243903,0.115106,0.12879686802625656,0.227811,1.35738,0.287496,0.717524,,,4.09424,0.121559,0.0749441,748.760009765625,,,,,,,174.29999999999995,5.622580645161289,168,5.419354838709677,,,,,,,,,,,,,,,,,,,"Tyler Ferguson","19481",621053
"Nathan Wiles","ATL",0,0,1,4.12273,22,3,0,0,,30,131,28,15,14,4,12,,1,29,8.68353,3.53723,2.45489,1.07669,0.219923,0.0895857,0.13033777475357056,0.234702,1.31925,0.281837,0.707923,,,4.01853,0.120045,0.111529,999,,,,,,,119.00000000000001,3.9666666666666672,117,3.9,,,,,,,,,,,,,,,,,,,"Nathan Wiles","25474",686249
"Carson Seymour","SFG",1,1,1,3.87253,15,2,0,0,,21,89,20,10,9,2,7,,1,18,7.82868,3.18654,2.4568,0.786002,0.201927,0.0821912,0.11973601579666138,0.253712,1.34336,0.30657,0.717114,,,3.69167,0.118031,0.129332,999,,,,,,,90.80000000000001,4.323809523809524,91,4.333333333333333,,,,,,,,,,,,,,,,,,,"Carson Seymour","sa3017868",693313
"Omar Cruz","SDP",2,1,0,4.29455,25,1,0,0,,29,127,27,15,14,3,13,,2,30,9.33686,4.02383,2.32039,0.818538,0.238533,0.102799,0.13573411852121353,0.241692,1.37459,0.308789,0.686242,,,3.71327,0.116836,-0.0652267,750.0900268554688,,,,,,,122.50000000000001,4.224137931034483,121,4.172413793103448,,,,,,,,,,,,,,,,,,,"Omar Cruz","23875",678316
"Jason Alexander","HOU",2,2,1,4.32668,24,2,0,0,,32,139,34,17,16,4,9,,2,24,6.74917,2.61392,2.58201,1.13954,0.174531,0.067595,0.10693612694740295,0.263571,1.33194,0.297527,0.700969,,,4.25243,0.116306,0.0361989,999,,,,,,,114.20000000000002,3.5687500000000005,123,3.84375,,,,,,,,,,,,,,,,,,,"Jason Alexander","19666",669920
"Ryan Rolison","COL",0,0,0,4.1974,29,0,0,5,,29,130,27,15,14,3,12,,2,29,8.91153,3.81189,2.33783,1.01181,0.221719,0.0948399,0.12687946110963821,0.23201,1.34923,0.281673,0.695604,,,3.97981,0.115899,0.108242,999,,,,,,,143.5,4.948275862068965,142,4.896551724137931,,,,,,,,,,,,,,,,,,,"Ryan Rolison","22200",669020
"Chase Lee","DET",1,2,0,3.78135,28,0,0,5,,28,121,27,13,12,3,11,,2,26,8.44453,3.38951,2.49137,0.837566,0.21789,0.0874576,0.13043199479579926,0.248256,1.33761,0.305649,0.729653,,,3.70956,0.114948,0.0539779,999,,,,,,,133.10000000000002,4.753571428571429,134,4.785714285714286,,,,,,,,,,,,,,,,,,,"Chase Lee","29574",695445
"Brennan Bernardino","BOS",2,2,0,3.92949,30,0,0,6,,30,130,28,14,13,3,12,,2,30,9.04241,3.44376,2.62574,0.966714,0.233001,0.0887374,0.1442636176943779,0.244661,1.32522,0.304754,0.724048,,,3.83602,0.114915,0.143227,999,,,,,,,154.3,5.1433333333333335,153,5.1,,,,,,,,,,,,,,,,,,,"Brennan Bernardino","16835",657514
"Mason Fluharty","TOR",2,2,0,3.98436,30,0,0,7,,30,131,29,15,13,3,12,,2,29,8.44299,3.45826,2.4414,0.927387,0.218544,0.0895161,0.1290282979607582,0.244316,1.32507,0.298175,0.71465,,,3.85916,0.114706,-0.0204257,999,,,,,,,153.7,5.123333333333333,155,5.166666666666667,,,,,,,,,,,,,,,,,,,"Mason Fluharty","31553",689254
"Jonathan Loáisiga","NYY",2,1,0,3.6255,30,0,0,7,,30,128,30,13,12,3,9,,1,24,7.19509,2.65605,2.70895,0.978076,0.189683,0.0700211,0.11966215074062347,0.249894,1.26457,0.289695,0.743158,,,3.8902,0.112694,0.164467,748.239990234375,,,,,,,153.1,5.1033333333333335,157,5.233333333333333,,,,,,,,,,,,,,,,,,,"Jonathan Loaisiga","19753",642528
"Yilber Díaz","ARI",2,1,1,4.31961,16,2,0,0,,26,114,24,14,13,3,12,,1,26,9.03137,4.19027,2.15532,1.03489,0.231871,0.107581,0.12429036945104599,0.238945,1.37922,0.295232,0.703909,,,4.07092,0.111127,0.126193,734.4600219726562,,,,,,,106.1,4.0807692307692305,104,4,,,,,,,,,,,,,,,,,,,"Yilber Diaz","29271",700270
"Kevin Kelly","TBR",2,1,0,3.71855,30,0,1,6,,30,123,28,13,12,3,7,,2,25,7.61842,2.13994,3.5601,0.89193,0.203793,0.0572437,0.14654960855841637,0.243124,1.17252,0.288239,0.699785,,,3.59277,0.110698,0.0988742,750.8200073242188,,,,,,,164.3,5.4766666666666675,163,5.433333333333334,,,,,,,,,,,,,,,,,,,"Kevin Kelly","25679",687330
"Brock Burke","LAA",2,1,0,4.17342,31,0,1,7,,31,135,30,16,15,4,12,,1,31,8.87928,3.30508,2.68655,1.27869,0.230668,0.08586,0.14480745792388916,0.247729,1.32552,0.297928,0.729162,,,4.1709,0.109064,-0.0172935,999,,,,,,,158.2,5.103225806451612,159,5.129032258064516,,,,,,,,,,,,,,,,,,,"Brock Burke","17968",656271
"Scott Barlow","CIN",1,2,0,4.14313,30,0,0,6,,30,130,27,15,14,4,14,,2,32,9.51337,4.24475,2.24121,1.10618,0.243996,0.108868,0.13512810319662094,0.235144,1.36702,0.293957,0.725256,,,4.12763,0.106603,0.101838,581.469970703125,,,,,,,142.60000000000002,4.753333333333334,138,4.6,,,,,,,,,,,,,,,,,,,"Scott Barlow","14993",605130
"José Buttó","NYM",2,1,0,3.74058,32,0,1,7,,32,134,27,14,13,4,14,,2,32,8.96541,3.88462,2.30792,1.00458,0.235078,0.101857,0.13322119414806366,0.225701,1.27986,0.27792,0.737011,,,3.96735,0.106304,0.196974,675.3699951171875,,,,,,,166.40000000000003,5.200000000000001,157,4.90625,,,,,,,,,,,,,,,,,,,"Jose Butto","23313",676130
"Shinnosuke Ogasawara","WSN",1,2,1,4.34493,22,3,0,0,,34,144,34,18,16,5,11,,1,26,6.86595,2.91656,2.35413,1.24303,0.178438,0.075798,0.10263998806476593,0.256394,1.32742,0.287232,0.707785,,,4.42632,0.104701,0.0275376,733.9500122070312,,,,,,,117.70000000000002,3.4617647058823535,121,3.5588235294117645,,,,,,,,,,,,,,,,,,,"Shinnosuke Ogasawara","sa3058454",829272
"DL Hall","MIL",1,1,0,3.92608,29,0,0,5,,29,125,26,14,13,3,14,,1,32,9.88272,4.27415,2.31221,1.04802,0.254626,0.110122,0.1445031464099884,0.232318,1.35554,0.296644,0.73909,,,3.95399,0.104468,0.0552597,725.72998046875,,,,,,,149.10000000000002,5.141379310344829,145,5,,,,,,,,,,,,,,,,,,,"DL Hall","22207",669084
"Daniel Lynch IV","KCR",2,2,0,4.2707,33,1,1,8,,38,162,38,20,18,5,12,,2,30,7.07538,2.85677,2.47671,1.12732,0.183647,0.0741497,0.1094975396990776,0.257161,1.32482,0.293462,0.703839,,,4.21683,0.103759,0.0555261,689.6500244140625,,,,,,,175.89999999999998,4.628947368421052,180,4.7368421052631575,,,,,,,,,,,,,,,,,,,"Daniel Lynch IV","21537",663738
"Seranthony Domínguez","BAL",2,2,0,4.03266,33,0,1,9,,33,140,29,16,15,5,14,,2,36,9.86142,3.82371,2.57902,1.29132,0.257972,0.100027,0.15794464200735092,0.229239,1.29035,0.284671,0.737337,,,4.16024,0.101794,0.0279799,530.4600219726562,,,,,,,172.30000000000004,5.2212121212121225,165,5,,,,,,,,,,,,,,,,,,,"Seranthony Dominguez","19249",622554
"Logan Evans","SEA",1,1,1,4.37244,11,3,0,0,,21,91,21,11,10,2,7,,1,16,6.95098,3.17861,2.1868,1.05636,0.178394,0.0815774,0.09681616723537445,0.258543,1.36788,0.295661,0.697772,,,4.26583,0.101262,0.0192983,999,,,,,,,84.20000000000002,4.00952380952381,87,4.142857142857143,,,,,,,,,,,,,,,,,,,"Logan Evans","33699",688138
"Ian Gibaut","CIN",1,2,0,4.57728,32,0,0,6,,32,141,32,18,16,4,14,,1,30,8.43819,3.78765,2.22781,1.20568,0.214267,0.0961781,0.1180887296795845,0.256072,1.42252,0.305515,0.704234,,,4.32927,0.101182,-0.0465314,999,,,,,,,143.40000000000003,4.481250000000001,147,4.59375,,,,,,,,,,,,,,,,,,,"Ian Gibaut","17871",664139
"Angel Zerpa","KCR",2,1,0,3.94928,31,0,0,6,,31,134,32,15,14,3,10,,1,26,7.65473,3.01563,2.53835,0.917149,0.197744,0.0779026,0.11984172463417053,0.258185,1.34788,0.306663,0.722623,,,3.82936,0.0996848,0.0906386,750.5700073242188,,,,,,,152.29999999999995,4.91290322580645,159,5.129032258064516,,,,,,,,,,,,,,,,,,,"Angel Zerpa","22717",672582
"Keaton Winn","SFG",1,2,0,3.88981,25,1,0,0,,29,124,28,14,13,3,9,,2,26,8.11652,2.698,3.00835,0.938822,0.213527,0.0709782,0.14254917949438095,0.247516,1.25697,0.2981,0.708582,,,3.69202,0.0993535,0.0712393,727.4099731445312,,,,,,,123.90000000000002,4.272413793103449,125,4.310344827586207,,,,,,,,,,,,,,,,,,,"Keaton Winn","23499",676775
"Anthony DeSclafani","ARI",1,3,1,4.63636,25,3,0,0,,37,155,40,21,19,6,9,,1,29,7.09091,2.18182,3.25,1.36364,0.185714,0.0571429,0.12857143208384514,0.274809,1.33333,0.31,0.675676,,,4.28277,0.0976649,0.0179932,999,,,,,,,124,3.3513513513513513,135,3.6486486486486487,,,,,,,,,,,,,,,,,,,"Anthony DeSclafani","13050",543101
"Yennier Cano","BAL",1,1,0,3.4082,27,0,0,3,,27,114,25,11,10,3,9,,1,27,8.77496,3.01777,2.90776,0.839354,0.232339,0.079903,0.15243612974882126,0.238593,1.24718,0.297286,0.7483,,,3.45674,0.0971251,0.0993952,658.75,,,,,,,133.9,4.95925925925926,132,4.888888888888889,,,,,,,,,,,,,,,,,,,"Yennier Cano","25911",666974
"Bryan Hudson","MIL",2,1,0,3.3778,28,0,0,2,,28,117,23,11,11,3,11,,1,29,9.34033,3.68655,2.53363,0.966818,0.248652,0.0981408,0.15051139146089554,0.216796,1.21512,0.271599,0.758105,,,3.7663,0.0968423,0.157319,999,,,,,,,140.50000000000006,5.017857142857145,131,4.678571428571429,,,,,,,,,,,,,,,,,,,"Bryan Hudson","19924",663542
"Alex Wood",,1,1,1,4.70277,3,3,0,0,,18,80,19,10,9,3,7,,1,14,7.0318,3.43584,2.0466,1.26972,0.17742,0.0866902,0.09073010087013245,0.263045,1.42044,0.296601,0.697075,,,4.70722,0.0962896,0.0957971,999,,,,,,,50.90000000000001,2.8277777777777784,55,3.0555555555555554,,,,,,,,,,,,,,,,,,,"Alex Wood","13781",622072
"Chase Shugart","PIT",1,1,0,4.36554,31,0,1,6,,31,134,31,16,15,4,12,,1,25,7.32973,3.45302,2.1227,1.03194,0.187288,0.088231,0.09905683994293213,0.258299,1.39708,0.300151,0.703439,,,4.20755,0.0960262,0.0337629,999,,,,,,,139.6,4.503225806451613,143,4.612903225806452,,,,,,,,,,,,,,,,,,,"Chase Shugart","21544",663767
"Jakob Junis","CLE",1,1,0,3.8786,31,0,0,7,,31,129,30,15,13,4,7,,1,28,8.0696,1.90365,4.23901,1.27001,0.217006,0.0511926,0.1658131591975689,0.24944,1.17862,0.290907,0.7239,,,3.87592,0.0924905,0.0225864,664.5499877929688,,,,,,,162.2,5.232258064516128,163,5.258064516129032,,,,,,,,,,,,,,,,,,,"Jakob Junis","13619",596001
"Robby Snelling","MIA",1,1,1,4.75378,3,3,0,0,,15,64,15,8,8,2,6,,0,11,6.80876,3.4297,1.98524,1.27187,0.172433,0.0868574,0.0855751559138298,0.267975,1.44635,0.300237,0.698615,,,4.63108,0.0902156,0.140957,999,,,,,,,51.400000000000006,3.426666666666667,53,3.533333333333333,,,,,,,,,,,,,,,,,,,"Robby Snelling","sa3020707",702281
"Cole Winn","TEX",0,0,0,4.1974,29,0,0,5,,29,127,26,15,13,3,12,,1,28,8.91153,3.81189,2.33783,1.01181,0.221719,0.0948399,0.12687944620847702,0.23201,1.34923,0.281673,0.695604,,,3.97981,0.088442,-0.0451663,999,,,,,,,147.10000000000002,5.072413793103449,143,4.931034482758621,,,,,,,,,,,,,,,,,,,"Cole Winn","22113",668390
"Ian Hamilton","NYY",1,1,0,3.45791,28,0,0,4,,28,118,24,12,11,2,12,,1,31,9.88482,3.72871,2.651,0.775433,0.259144,0.0977532,0.16139081120491028,0.228043,1.27474,0.299102,0.742663,,,3.38929,0.0872325,0.0361941,748.9000244140625,,,,,,,159.20000000000005,5.685714285714288,153,5.464285714285714,,,,,,,,,,,,,,,,,,,"Ian Hamilton","19261",641656
"Cade Gibson","MIA",0,0,0,4.1974,31,0,0,6,,31,138,29,16,14,3,13,,2,30,8.91153,3.81189,2.33783,1.01181,0.221719,0.0948399,0.12687945365905762,0.23201,1.34923,0.281673,0.695604,,,3.97981,0.0870324,0.0183971,999,,,,,,,156.09999999999997,5.035483870967741,155,5,,,,,,,,,,,,,,,,,,,"Cade Gibson","31815",806188
"Matt Festa","CLE",2,1,0,4.43057,32,0,0,6,,32,137,30,17,16,4,13,,2,31,8.89998,3.57225,2.49142,1.14121,0.230173,0.0923863,0.13778696954250336,0.244397,1.33815,0.297722,0.691915,,,4.0764,0.0867574,-0.0974993,999,,,,,,,150.60000000000002,4.706250000000001,149,4.65625,,,,,,,,,,,,,,,,,,,"Matt Festa","19330",670036
"Paul Sewald","CLE",1,1,0,3.9801,27,0,0,3,,27,109,23,13,12,4,8,,1,30,10.19,2.79643,3.64393,1.36349,0.274778,0.0754073,0.19937115907669067,0.226968,1.16511,0.28335,0.718169,,,3.84396,0.0853298,0.000905327,591.0800170898438,,,,,,,135.8,5.02962962962963,128,4.7407407407407405,,,,,,,,,,,,,,,,,,,"Paul Sewald","13892",623149
"Chase Silseth","LAA",2,2,1,4.45623,23,3,0,0,,34,149,32,19,17,5,15,,1,32,8.41216,3.98783,2.10946,1.29185,0.215929,0.102362,0.11356660723686218,0.242723,1.37581,0.285469,0.712953,,,4.52516,0.0846739,0.11079,742.2000122070312,,,,,,,122.90000000000002,3.6147058823529417,121,3.5588235294117645,,,,,,,,,,,,,,,,,,,"Chase Silseth","30074",681217
"Steven Okert","HOU",2,1,0,4.11021,30,0,0,6,,30,127,26,15,14,4,12,,2,33,9.94202,3.5014,2.83944,1.33562,0.261277,0.0920169,0.16925998032093048,0.229994,1.25823,0.285334,0.725228,,,4.13685,0.0822832,-0.0229053,999,,,,,,,153.20000000000002,5.106666666666667,146,4.866666666666666,,,,,,,,,,,,,,,,,,,"Steven Okert","13580",595345
"Huascar Brazobán","NYM",1,1,0,3.88838,31,0,0,7,,31,131,26,14,13,3,14,,2,31,9.2033,4.18552,2.19884,0.936896,0.237987,0.108233,0.1297539323568344,0.229311,1.3309,0.287542,0.726727,,,3.94175,0.0817385,0.105822,999,,,,,,,166.89999999999998,5.3838709677419345,158,5.096774193548387,,,,,,,,,,,,,,,,,,,"Huascar Brazoban","6107",623211
"Brendon Little","TOR",1,2,0,3.72319,32,0,1,7,,32,139,29,14,13,3,15,,2,30,8.54535,4.12285,2.07268,0.866394,0.219169,0.105742,0.11342719942331314,0.237925,1.36662,0.292941,0.744377,,,3.96416,0.0813901,0.197135,999,,,,,,,166.5,5.203125,163,5.09375,,,,,,,,,,,,,,,,,,,"Brendon Little","21574",663893
"Caden Dana","LAA",2,3,2,4.86133,22,5,0,0,,44,188,42,26,24,8,17,,2,38,7.78158,3.42406,2.27262,1.62096,0.200444,0.0881997,0.11224474757909775,0.249757,1.34919,0.278275,0.694663,,,4.9871,0.0793456,-0.00446044,665.7100219726562,,,,,,,137,3.1136363636363638,135,3.0681818181818183,,,,,,,,,,,,,,,,,,,"Caden Dana","31508",702674
"Adam Macko","TOR",0,1,1,4.5,8,2,0,0,,15,65,14,9,8,2,6,,1,12,7.3125,3.375,2.16667,1.125,0.191176,0.0882353,0.10294117778539658,0.245902,1.3125,0.282609,0.659341,,,4.38315,0.0783577,-0.00382412,999,,,,,,,53.00000000000001,3.5333333333333337,52,3.466666666666667,,,,,,,,,,,,,,,,,,,"Adam Macko","sa3011555",671936
"Alek Manoah","TOR",1,1,1,4.27746,7,2,0,0,,15,62,13,8,7,2,6,,1,14,8.78854,3.53843,2.48374,1.30711,0.227681,0.0916684,0.1360122486948967,0.236784,1.29597,0.281515,0.713288,,,4.43402,0.0765292,0.0129263,750.8499755859375,,,,,,,59.60000000000001,3.973333333333334,56,3.7333333333333334,,,,,,,,,,,,,,,,,,,"Alek Manoah","26410",666201
"Tobias Myers","MIL",1,1,1,4.32962,14,2,0,0,,21,90,21,11,10,3,7,,1,19,7.99428,2.89071,2.76551,1.44989,0.209496,0.0757534,0.13374298065900803,0.24891,1.28678,0.28428,0.719798,,,4.47046,0.0757284,0.0163481,355.45001220703125,,,,,,,77.9,3.7095238095238097,80,3.8095238095238093,,,,,,,,,,,,,,,,,,,"Tobias Myers","22191",668964
"Andrew Chafin","WSN",1,1,0,3.97332,26,0,0,2,,26,112,23,12,11,3,13,,1,30,10.3375,4.37609,2.36228,0.921195,0.265945,0.11258,0.15336500108242035,0.234338,1.37687,0.30917,0.727156,,,3.65913,0.0738166,0.0483396,999,,,,,,,121.7,4.680769230769231,117,4.5,,,,,,,,,,,,,,,,,,,"Andrew Chafin","12988",605177
"Dedniel Núñez","NYM",2,1,0,3.57151,29,0,0,4,,29,120,25,12,11,3,11,,1,32,9.983,3.41148,2.92629,1.00442,0.264139,0.090264,0.17387498170137405,0.232035,1.25829,0.298875,0.750374,,,3.53349,0.0727163,0.046184,731.8699951171875,,,,,,,156.70000000000002,5.403448275862069,150,5.172413793103448,,,,,,,,,,,,,,,,,,,"Dedniel Nunez","23055",673380
"Braydon Fisher","TOR",0,0,0,4.1974,29,0,0,6,,29,131,27,15,14,3,12,,2,29,8.91153,3.81189,2.33783,1.01181,0.221719,0.0948399,0.12687944620847702,0.23201,1.34924,0.281673,0.695604,,,3.97981,0.0724227,-0.05956,999,,,,,,,147.5,5.086206896551724,146,5.0344827586206895,,,,,,,,,,,,,,,,,,,"Braydon Fisher","24609",680755
"Brady Basso","ATH",1,1,0,4.07334,9,1,0,0,,12,52,12,6,6,2,4,,0,11,8.25055,2.62329,3.14511,1.23209,0.218921,0.0696068,0.14931444078683853,0.246762,1.2448,0.290573,0.714861,,,3.98934,0.0723933,0.0471271,750.5599975585938,,,,,,,43.000000000000014,3.5833333333333344,44,3.6666666666666665,,,,,,,,,,,,,,,,,,,"Brady Basso","25582",669620
"Emmet Sheehan","LAD",1,1,1,4.31221,7,2,0,0,,16,66,12,8,8,3,7,,0,17,9.54491,4.17299,2.28731,1.50626,0.255738,0.111807,0.14393040537834167,0.206402,1.22051,0.241696,0.709501,,,4.56574,0.06396,0.04397,749.719970703125,,,,,,,63.3,3.95625,54,3.375,,,,,,,,,,,,,,,,,,,"Emmet Sheehan","29839",686218
"Albert Suárez","BAL",1,1,0,4.35579,19,1,0,0,,23,100,23,12,11,3,8,,1,21,7.96418,2.99012,2.6635,1.24686,0.206826,0.0776519,0.12917396426200867,0.2559,1.333,0.298625,0.708435,,,4.20512,0.0635381,0.0285386,653.8599853515625,,,,,,,88.50000000000001,3.8478260869565224,91,3.9565217391304346,,,,,,,,,,,,,,,,,,,"Albert Suarez","6175",544150
"Landon Knack","LAD",1,1,0,4.30273,15,1,0,0,,20,82,18,10,9,3,7,,1,19,8.68326,3.11485,2.7877,1.39012,0.22844,0.0819458,0.1464942991733551,0.241989,1.27509,0.284785,0.713451,,,4.30237,0.0634729,-0.0102409,531.1900024414062,,,,,,,78.3,3.915,75,3.75,,,,,,,,,,,,,,,,,,,"Landon Knack","27487",689017
"Jhonathan Díaz","SEA",1,1,0,4.1183,19,1,0,0,,23,101,23,12,11,2,9,,2,19,7.44052,3.4431,2.161,0.82467,0.190605,0.0882026,0.10240282118320465,0.251476,1.36022,0.298394,0.700392,,,3.95753,0.0633151,-0.0534853,999,,,,,,,90.80000000000003,3.947826086956523,94,4.086956521739131,,,,,,,,,,,,,,,,,,,"Jhonathan Diaz","20298",646242
"José Castillo","NYM",0,0,0,4.1974,29,0,0,6,,29,130,27,15,14,3,12,,2,29,8.91153,3.81189,2.33783,1.01181,0.221719,0.0948399,0.12687946110963821,0.23201,1.34923,0.281673,0.695604,,,3.97981,0.0628934,-0.0615133,999,,,,,,,147.5,5.086206896551724,146,5.0344827586206895,,,,,,,,,,,,,,,,,,,"Jose Castillo","17169",620454
"David Morgan","SDP",0,0,0,4.1974,29,0,0,5,,29,131,27,15,14,3,12,,2,29,8.91153,3.81189,2.33783,1.01181,0.221719,0.0948399,0.12687944620847702,0.23201,1.34924,0.281673,0.695604,,,3.97981,0.0627142,-0.0634666,999,,,,,,,143.5,4.948275862068965,142,4.896551724137931,,,,,,,,,,,,,,,,,,,"David Morgan","31616",688158
"John King","STL",2,2,0,3.81738,31,0,0,7,,31,134,34,14,13,3,9,,1,20,5.78076,2.61267,2.21258,0.773567,0.14891,0.0673012,0.08160846680402756,0.271048,1.37233,0.305192,0.727871,,,3.86752,0.0623245,0.131636,999,,,,,,,142.09999999999997,4.583870967741935,154,4.967741935483871,,,,,,,,,,,,,,,,,,,"John King","22051",667463
"José Alvarado","PHI",1,1,0,3.34516,16,0,0,0,,16,65,13,6,6,1,7,,1,18,10.5156,3.87939,2.71064,0.749211,0.278105,0.102598,0.1755075752735138,0.220614,1.25475,0.298326,0.747445,,,3.21881,0.0616144,0.0539879,508.6300048828125,,,,,,,84.30000000000001,5.268750000000001,79,4.9375,,,,,,,,,,,,,,,,,,,"Jose Alvarado","17780",621237
"Hunter Harvey","KCR",1,1,0,3.5634,19,0,0,0,,19,77,16,8,7,2,5,,1,20,9.57203,2.55772,3.7424,0.896978,0.257689,0.0688566,0.1888326182961464,0.232882,1.16761,0.297983,0.717111,,,3.24079,0.0614454,0.0397035,709.6199951171875,,,,,,,96.4,5.0736842105263165,91,4.7894736842105265,,,,,,,,,,,,,,,,,,,"Hunter Harvey","15507",640451
"Patrick Sandoval","BOS",0,1,0,3.9634,4,1,0,0,,8,32,7,4,3,1,3,,0,7,8.63276,3.78165,2.2828,0.918686,0.223597,0.0979487,0.12564874440431595,0.237028,1.33083,0.290783,0.717351,,,3.82295,0.0609804,0.0667964,749.510009765625,,,,,,,33.7,4.2125,32,4,,,,,,,,,,,,,,,,,,,"Patrick Sandoval","19447",663776
"Blake Treinen","LAD",2,1,0,3.3779,18,0,2,0,,18,76,16,8,7,2,6,,1,21,10.028,2.73589,3.66535,0.960751,0.269619,0.073559,0.1960604563355446,0.230819,1.17732,0.299136,0.748499,,,3.27685,0.0609503,0.0156872,483.94000244140625,,,,,,,98.00000000000003,5.444444444444446,95,5.277777777777778,,,,,,,,,,,,,,,,,,,"Blake Treinen","12572",595014
"Liam Hendriks","BOS",1,1,0,3.87544,22,0,0,0,,22,89,19,10,9,3,7,,1,24,10.1558,2.79756,3.63023,1.22843,0.272333,0.0750181,0.1973147839307785,0.232813,1.19569,0.295119,0.724309,,,3.61676,0.0606628,0.027271,267.6600036621094,,,,,,,100.5,4.568181818181818,95,4.318181818181818,,,,,,,,,,,,,,,,,,,"Liam Hendriks","3548",521230
"Tristan Beck","SFG",1,1,0,3.93853,26,0,0,2,,26,109,25,12,11,3,7,,1,22,7.7682,2.576,3.01561,1.03982,0.204764,0.0679016,0.13686291873455048,0.251921,1.26619,0.296923,0.715766,,,3.82219,0.0603518,0.0378058,750.1099853515625,,,,,,,118.5,4.5576923076923075,119,4.576923076923077,,,,,,,,,,,,,,,,,,,"Tristan Beck","21584",663941
"Kolby Allard","CLE",2,2,1,4.43697,31,2,0,4,,39,167,40,21,19,6,13,,1,32,7.37763,3.0354,2.43053,1.3484,0.189607,0.0780107,0.11159662157297134,0.265056,1.38675,0.300897,0.722928,,,4.47044,0.0567464,-0.03118,999,,,,,,,148.8,3.8153846153846156,155,3.9743589743589745,,,,,,,,,,,,,,,,,,,"Kolby Allard","18694",663465
"Brandon Young","BAL",1,1,0,4.17842,13,1,0,0,,17,72,16,9,8,2,6,,1,16,8.31555,3.07384,2.70527,1.21073,0.217612,0.0804399,0.13717162609100342,0.247381,1.29804,0.292724,0.714964,,,4.10967,0.0561521,0.0826118,740.260009765625,,,,,,,70.60000000000002,4.1529411764705895,70,4.117647058823529,,,,,,,,,,,,,,,,,,,"Brandon Young","27819",687064
"Jordan Hicks","BOS",1,2,0,4.10619,29,0,0,5,,29,125,28,14,13,3,13,,2,25,7.96041,3.93512,2.02291,0.810258,0.202456,0.100081,0.10237458348274231,0.248021,1.39703,0.300408,0.708985,,,3.96908,0.0561202,0.0832684,465.57000732421875,,,,,,,129.90000000000003,4.479310344827588,131,4.517241379310345,,,,,,,,,,,,,,,,,,,"Jordan Hicks","19618",663855
"Victor Vodnik","COL",2,2,0,4.58744,31,0,1,6,,31,139,31,17,16,3,16,,1,30,8.55802,4.63097,1.848,0.975058,0.212738,0.115118,0.09761963784694672,0.257484,1.52366,0.314967,0.706729,,,4.22931,0.0557613,0.0963563,599.469970703125,,,,,,,149.89999999999998,4.8354838709677415,154,4.967741935483871,,,,,,,,,,,,,,,,,,,"Victor Vodnik","24614",680767
"Drew Pomeranz","CHC",1,1,0,3.75426,29,0,0,6,,29,126,26,13,12,3,13,,1,30,9.16676,3.97419,2.30657,1.05976,0.23697,0.102737,0.13423313200473785,0.236149,1.34122,0.292476,0.754702,,,4.02983,0.0556214,0.0986606,999,,,,,,,152.10000000000002,5.244827586206897,148,5.103448275862069,,,,,,,,,,,,,,,,,,,"Drew Pomeranz","11426",519141
"Steven Cruz","KCR",2,1,0,4.13847,31,0,0,6,,31,134,28,15,14,3,15,,1,28,8.37576,4.42827,1.89143,0.828558,0.212728,0.11247,0.10025846213102341,0.241102,1.41654,0.296053,0.711933,,,4.02701,0.0547516,0.0736411,999,,,,,,,151.7,4.893548387096774,148,4.774193548387097,,,,,,,,,,,,,,,,,,,"Steven Cruz","23165",674444
"Tink Hence","STL",0,0,0,4.37752,1,1,0,0,,5,21,5,3,2,1,2,,0,4,7.77339,3.05313,2.54604,1.1522,0.20335,0.0798691,0.12348075956106186,0.249199,1.3051,0.290499,0.689612,,,4.12217,0.0541598,0.00287929,999,,,,,,,13.7,2.7399999999999998,14,2.8,,,,,,,,,,,,,,,,,,,"Tink Hence","sa3014709",693311
"Ryne Stanek","NYM",3,2,0,4.01523,33,0,1,9,,33,140,28,16,15,4,16,,1,36,9.84154,4.28549,2.29648,1.18435,0.255291,0.111166,0.14412476122379303,0.226705,1.32928,0.284286,0.737391,,,4.1551,0.0541206,0.0516363,745.4500122070312,,,,,,,184.20000000000005,5.581818181818183,175,5.303030303030303,,,,,,,,,,,,,,,,,,,"Ryne Stanek","15947",592773
"Chase Petty","CIN",1,1,1,4.8861,11,2,0,0,,17,74,17,10,9,2,7,,1,14,7.28374,3.55506,2.04884,1.32664,0.184647,0.0901229,0.0945243090391159,0.261948,1.42782,0.296509,0.685831,,,4.68879,0.0541008,0.013976,999,,,,,,,61.000000000000014,3.588235294117648,63,3.7058823529411766,,,,,,,,,,,,,,,,,,,"Chase Petty","30170",695534
"Thomas Harrington","PIT",1,0,0,4.2892,9,1,0,0,,12,49,12,6,6,2,3,,1,10,7.50287,2.40647,3.1178,1.19513,0.197615,0.0633829,0.13423196226358414,0.255226,1.26461,0.293947,0.692121,,,4.06368,0.0529559,0.0491889,581.8400268554688,,,,,,,41.000000000000014,3.416666666666668,42,3.5,,,,,,,,,,,,,,,,,,,"Thomas Harrington","31989",802419
"Andrew Morris","MIN",1,1,0,4.03383,9,1,0,0,,11,48,11,5,5,1,3,,0,9,7.53636,2.48928,3.02752,1.10304,0.198659,0.0656177,0.13304119557142258,0.258084,1.28887,0.300343,0.717535,,,3.86774,0.0526947,-0.0291936,999,,,,,,,49.50000000000001,4.500000000000001,51,4.636363636363637,,,,,,,,,,,,,,,,,,,"Andrew Morris","sa3020569",702193
"Matt Gage","DET",2,2,0,4.15385,27,0,0,3,,27,111,23,13,13,2,10,,2,25,8.30769,3.46154,2.4,0.692308,0.226415,0.0943396,0.1320754736661911,0.234043,1.23077,0.294118,0.684932,,,3.60911,0.0517726,-0.0150385,999,,,,,,,141.40000000000003,5.237037037037038,135,5,,,,,,,,,,,,,,,,,,,"Matt Gage","17381",657424
"Tim Hill","NYY",2,1,0,4.07044,29,0,0,6,,29,125,31,14,13,2,9,,2,17,5.20985,2.70934,1.92292,0.76051,0.133124,0.0692302,0.06389417499303818,0.271454,1.38529,0.300147,0.705368,,,4.07372,0.0517398,0.0282492,999,,,,,,,134.40000000000003,4.634482758620691,144,4.9655172413793105,,,,,,,,,,,,,,,,,,,"Tim Hill","16814",657612
"Ian Seymour","TBR",1,2,1,4.27637,20,2,0,0,,27,115,26,14,13,4,9,,2,25,8.33967,3.03004,2.75233,1.35318,0.218364,0.0793379,0.1390261873602867,0.244386,1.27785,0.285064,0.713333,,,4.34899,0.0504636,0.0804561,739.4400024414062,,,,,,,100.00000000000003,3.7037037037037046,100,3.7037037037037037,,,,,,,,,,,,,,,,,,,"Ian Seymour","27932",693855
"Kyle Leahy","STL",1,2,0,4.18292,33,0,1,8,,33,139,31,17,15,4,11,,2,27,7.31898,3.04673,2.40224,1.01564,0.190544,0.0793194,0.11122472584247589,0.247517,1.29572,0.287084,0.694836,,,4.11329,0.0496524,-0.0301481,999,,,,,,,166.40000000000006,5.042424242424245,165,5,,,,,,,,,,,,,,,,,,,"Kyle Leahy","24763",681517
"Caleb Thielbar","CHC",2,2,0,3.97558,29,0,0,4,,29,122,25,14,13,4,12,,1,31,9.70737,3.58848,2.70515,1.11157,0.255991,0.0946312,0.16136004775762558,0.231898,1.27728,0.291925,0.721803,,,3.79361,0.0490018,-0.01391,999,,,,,,,139.40000000000003,4.806896551724139,132,4.551724137931035,,,,,,,,,,,,,,,,,,,"Caleb Thielbar","10078",573204
"Wade Miley","CIN",1,1,1,4.52819,9,3,0,0,,19,84,20,11,10,3,7,,1,12,5.68184,3.21768,1.76581,1.33893,0.145563,0.0824339,0.06312912702560425,0.259212,1.37577,0.276186,0.709971,,,4.96846,0.0485435,0.129367,999,,,,,,,51.69999999999999,2.7210526315789467,56,2.9473684210526314,,,,,,,,,,,,,,,,,,,"Wade Miley","8779",489119
"Robert Stephenson","LAA",1,1,0,3.87741,25,0,0,0,,25,104,21,12,11,4,8,,1,29,10.5267,2.93643,3.58486,1.47465,0.28378,0.0791607,0.20461952686309814,0.226177,1.17682,0.282935,0.747848,,,3.94464,0.0471315,-0.00189288,738.4500122070312,,,,,,,112.20000000000002,4.488,104,4.16,,,,,,,,,,,,,,,,,,,"Robert Stephenson","13594",596112
"Andrew Kittredge","BAL",2,1,0,3.85586,29,0,0,6,,29,123,28,14,13,4,8,,1,27,8.23928,2.50795,3.28526,1.216,0.218577,0.0665327,0.15204455703496933,0.248132,1.23971,0.292622,0.736779,,,3.94173,0.0468568,0.00122336,731.8900146484375,,,,,,,143.60000000000002,4.951724137931035,144,4.9655172413793105,,,,,,,,,,,,,,,,,,,"Andrew Kittredge","12828",552640
"Jacob Latz","TEX",1,2,1,4.46257,28,2,0,2,,33,144,30,18,16,4,18,,1,32,8.738,4.95676,1.76285,1.17836,0.220182,0.124901,0.09528051316738129,0.23874,1.46336,0.287299,0.722155,,,4.59157,0.0462382,-0.0480001,999,,,,,,,132.00000000000006,4.000000000000002,128,3.878787878787879,,,,,,,,,,,,,,,,,,,"Jacob Latz","21306",656641
"Hunter Stratton","PIT",1,1,0,4.2495,25,0,0,2,,25,108,25,13,12,3,9,,1,22,7.79439,3.16787,2.46045,1.06773,0.20109,0.0817287,0.11936081200838089,0.252978,1.33745,0.297799,0.703649,,,4.1147,0.0460526,-0.00953742,999,,,,,,,105.1,4.204,108,4.32,,,,,,,,,,,,,,,,,,,"Hunter Stratton","23455",676702
"Yariel Rodríguez","TOR",1,2,0,4.3363,34,0,2,8,,34,144,29,18,16,5,16,,2,35,9.31902,4.20069,2.21845,1.20719,0.240646,0.108475,0.13217102736234665,0.230975,1.34076,0.282999,0.708646,,,4.29979,0.0457292,-0.13653,600.9400024414062,,,,,,,172.70000000000002,5.079411764705883,163,4.794117647058823,,,,,,,,,,,,,,,,,,,"Yariel Rodriguez","33838",684320
"Mason Black","SFG",1,2,0,4.17332,23,1,0,0,,27,115,25,14,12,3,10,,2,25,8.46439,3.40805,2.48364,1.10118,0.218934,0.0881503,0.1307835727930069,0.245871,1.32743,0.295575,0.712205,,,4.09129,0.0457046,-0.0191332,749.2000122070312,,,,,,,111.9,4.144444444444445,110,4.074074074074074,,,,,,,,,,,,,,,,,,,"Mason Black","30171",696131
"Joe La Sorsa","CIN",0,0,0,5.17456,13,0,0,0,,13,56,14,8,8,1,3,,1,11,7.0576,1.92273,3.67062,0.760605,0.1873,0.0510269,0.13627324625849724,0.257499,1.22282,0.303122,0.541305,,,3.40363,0.0453987,-0.0387957,999,,,,,,,57.50000000000001,4.423076923076923,62,4.769230769230769,,,,,,,,,,,,,,,,,,,"Joe La Sorsa","25481",686747
"Kody Funderburk","MIN",1,1,0,3.85253,26,0,0,0,,26,113,24,12,11,2,11,,2,26,9.08315,3.77445,2.40648,0.75952,0.234217,0.0973274,0.13688918203115463,0.238546,1.33102,0.303242,0.713793,,,3.61134,0.0447073,0.00396364,999,,,,,,,118.4,4.553846153846154,117,4.5,,,,,,,,,,,,,,,,,,,"Kody Funderburk","24993",681892
"Justin Slaten","BOS",1,1,0,3.95897,23,0,2,0,,23,95,21,11,10,3,8,,1,23,9.22269,3.18295,2.89753,1.06901,0.243118,0.0839052,0.15921268612146378,0.23894,1.26753,0.296548,0.716823,,,3.73629,0.0444111,0.0121723,441.3500061035156,,,,,,,107.70000000000002,4.682608695652175,105,4.565217391304348,,,,,,,,,,,,,,,,,,,"Justin Slaten","25648",686580
"Kyle Backhus","ARI",0,0,0,4.1974,30,0,0,7,,30,136,28,16,14,3,13,,2,30,8.91153,3.81189,2.33783,1.01181,0.221719,0.0948399,0.12687945365905762,0.23201,1.34923,0.281673,0.695604,,,3.97981,0.0440829,-0.0365147,999,,,,,,,155.3,5.176666666666667,154,5.133333333333334,,,,,,,,,,,,,,,,,,,"Kyle Backhus","29615",679775
"Jordan Wicks","CHC",1,1,1,4.43806,17,3,0,0,,26,112,26,14,13,4,9,,1,22,7.55858,3.23794,2.33438,1.27246,0.194697,0.0834041,0.11129296571016312,0.25771,1.37007,0.295643,0.711587,,,4.4088,0.0438024,0.0267544,701.489990234375,,,,,,,89.6,3.446153846153846,92,3.5384615384615383,,,,,,,,,,,,,,,,,,,"Jordan Wicks","30094",696136
"Rob Zastryzny","MIL",3,0,0,4.09091,29,0,0,4,,29,119,26,16,13,3,10,,3,26,8.18182,3.27273,2.5,0.818182,0.217391,0.0869565,0.1304347813129425,0.243902,1.27273,0.3,0.634921,,,3.79792,0.0431972,-0.0621981,999,,,,,,,139.10000000000002,4.796551724137932,135,4.655172413793103,,,,,,,,,,,,,,,,,,,"Rob Zastryzny","15094",642239
"Joe Rock","TBR",0,1,0,4.19566,9,1,0,0,,13,57,13,7,6,2,4,,1,11,7.42731,2.8162,2.63735,1.18934,0.193197,0.0732542,0.1199425682425499,0.256841,1.31863,0.295293,0.716206,,,4.20568,0.0429984,-0.023265,999,,,,,,,44.8,3.446153846153846,46,3.5384615384615383,,,,,,,,,,,,,,,,,,,"Joe Rock","sa3017755",697812
"Manuel Rodríguez","TBR",1,1,0,3.5253,24,0,0,0,,24,101,22,10,9,2,8,,2,23,8.84765,3.18139,2.78106,0.837018,0.231885,0.0833798,0.14850474148988724,0.238095,1.26286,0.297587,0.739058,,,3.57389,0.0421791,0.0270186,745.9099731445312,,,,,,,111.80000000000003,4.658333333333334,110,4.583333333333333,,,,,,,,,,,,,,,,,,,"Manuel Rodriguez","20794",655889
"Enyel De Los Santos","ATL",2,1,0,4.16247,31,0,1,6,,31,131,28,15,14,4,12,,2,32,9.22961,3.37154,2.7375,1.2445,0.240544,0.0878697,0.15267394483089447,0.240452,1.29584,0.29352,0.719552,,,4.1135,0.0417689,0.0814777,999,,,,,,,158.39999999999998,5.1096774193548375,154,4.967741935483871,,,,,,,,,,,,,,,,,,,"Enyel De Los Santos","18403",660853
"Anthony Banda","LAD",2,1,0,4.16844,30,0,0,6,,30,128,29,15,14,4,11,,1,28,8.5571,3.45171,2.47909,1.17435,0.220572,0.0889732,0.13159924745559692,0.24934,1.35011,0.29911,0.725246,,,4.16723,0.0409104,-0.00361023,999,,,,,,,141.4,4.713333333333334,142,4.733333333333333,,,,,,,,,,,,,,,,,,,"Anthony Banda","14706",607455
"Joe Jiménez","ATL",1,1,0,3.68422,19,0,0,0,,19,77,16,8,8,2,6,,1,21,10.3502,3.1118,3.3261,1.02938,0.276763,0.0832093,0.1935534030199051,0.22568,1.19389,0.29424,0.724475,,,3.44885,0.0407,0.0382276,750.7999877929688,,,,,,,95.4,5.021052631578947,90,4.7368421052631575,,,,,,,,,,,,,,,,,,,"Joe Jimenez","15761",641729
"Quinn Mathews","STL",1,1,0,4.08471,8,1,0,0,,12,50,11,6,5,1,5,,0,11,8.38842,3.96396,2.11617,1.03919,0.216422,0.102271,0.11415139585733414,0.23913,1.35501,0.287752,0.72207,,,4.15375,0.0404111,0.0207575,419.30999755859375,,,,,,,54.90000000000001,4.575000000000001,54,4.5,,,,,,,,,,,,,,,,,,,"Quinn Mathews","sa3023407",687273
"Connor Prielipp","MIN",1,0,0,3.82346,22,0,0,0,,22,93,20,10,9,2,9,,1,23,9.53665,3.51631,2.71212,0.969766,0.250402,0.0923271,0.15807467699050903,0.234167,1.28048,0.297079,0.724761,,,3.64795,0.0404026,0.00823983,999,,,,,,,102.20000000000002,4.645454545454546,100,4.545454545454546,,,,,,,,,,,,,,,,,,,"Connor Prielipp","sa3020808",687570
"Justin Topa","MIN",2,1,0,3.67241,27,0,0,4,,27,116,26,12,11,3,9,,1,24,7.89423,2.88211,2.73904,0.846456,0.20653,0.0754023,0.13112756609916687,0.249429,1.28728,0.300427,0.730137,,,3.64895,0.0400753,0.0187858,999,,,,,,,129.3,4.78888888888889,130,4.814814814814815,,,,,,,,,,,,,,,,,,,"Justin Topa","15145",623437
"Michel Otañez","ATH",1,1,0,3.94788,24,0,0,0,,24,107,20,12,11,2,14,,2,31,11.4243,5.34686,2.13664,0.839613,0.289101,0.135307,0.1537947952747345,0.219944,1.4146,0.307119,0.730379,,,3.72541,0.0387609,-0.0240035,745.4000244140625,,,,,,,115.00000000000003,4.791666666666668,108,4.5,,,,,,,,,,,,,,,,,,,"Michel Otanez","22533",671305
"Justin Sterner","ATH",1,1,0,4.10453,27,0,0,2,,27,115,24,13,12,4,11,,1,28,9.35952,3.78501,2.47279,1.23759,0.243267,0.0983777,0.14488958567380905,0.235631,1.31762,0.288847,0.730512,,,4.18194,0.0384438,0.00755015,999,,,,,,,116.20000000000002,4.303703703703705,111,4.111111111111111,,,,,,,,,,,,,,,,,,,"Justin Sterner","27694",686993
"Rich Hill","KCR",0,0,0,3.98061,1,1,0,0,,3,14,3,2,1,0,1,,0,3,8.24956,3.01448,2.73665,1.20017,0.216321,0.0790461,0.13727501034736633,0.239993,1.26217,0.282157,0.733906,,,4.09222,0.0374062,-0.0112999,999,,,,,,,17.400000000000002,5.800000000000001,18,6,,,,,,,,,,,,,,,,,,,"Rich Hill","4806",448179
"Eduard Bazardo","SEA",1,1,0,3.98478,31,0,0,6,,31,130,28,15,14,4,11,,1,29,8.49449,3.24236,2.61985,1.08421,0.224216,0.0855834,0.1386323869228363,0.23646,1.26146,0.284222,0.713948,,,3.94393,0.0368441,-0.0452461,999,,,,,,,153.39999999999998,4.9483870967741925,149,4.806451612903226,,,,,,,,,,,,,,,,,,,"Eduard Bazardo","20997",660825
"Blade Tidwell","NYM",0,0,0,3.98061,1,1,0,0,,3,14,3,2,1,0,1,,0,3,8.24956,3.01448,2.73665,1.20017,0.216321,0.0790461,0.13727501034736633,0.239993,1.26217,0.282157,0.733906,,,4.09222,0.0358099,-0.0226992,999,,,,,,,17.400000000000002,5.800000000000001,18,6,,,,,,,,,,,,,,,,,,,"Blade Tidwell","31701",694918
"Carson Palmquist","COL",2,2,1,5.33856,11,3,0,0,,25,111,26,16,15,5,11,,1,22,7.94263,4.03282,1.9695,1.62723,0.199507,0.101298,0.0982084572315216,0.259311,1.46687,0.292439,0.677338,,,5.14017,0.0357341,0.0566765,999,,,,,,,63.900000000000006,2.556,68,2.72,,,,,,,,,,,,,,,,,,,"Carson Palmquist","31612",687223
"Drue Hackenberg","ATL",0,0,0,4.74781,1,1,0,0,,5,21,5,3,3,1,2,,0,4,6.98229,4.24921,1.64319,0.958538,0.175333,0.106703,0.06863046437501907,0.256891,1.47812,0.296499,0.680739,,,4.42997,0.0354066,0.0107415,999,,,,,,,13.7,2.7399999999999998,14,2.8,,,,,,,,,,,,,,,,,,,"Drue Hackenberg","sa3023304",802357
"Chayce McDermott","BAL",1,1,0,4.06726,12,1,0,0,,14,62,12,7,7,2,7,,1,17,10.3604,4.63558,2.23498,1.12261,0.267839,0.11984,0.14799969643354416,0.224101,1.35264,0.289586,0.731253,,,4.07131,0.0349814,-0.0234181,741.6199951171875,,,,,,,57.800000000000026,4.128571428571431,54,3.857142857142857,,,,,,,,,,,,,,,,,,,"Chayce McDermott","29866",694646
"Jorge Alcala","BOS",1,2,0,4.29224,27,0,0,2,,27,113,23,14,13,4,11,,1,27,9.14306,3.5978,2.54129,1.29343,0.239922,0.0944095,0.14551285654306412,0.23169,1.27729,0.27924,0.705242,,,4.24734,0.0347116,-0.00386318,999,,,,,,,116.80000000000003,4.325925925925927,109,4.037037037037037,,,,,,,,,,,,,,,,,,,"Jorge Alcala","19459",660896
"Ryan Borucki","PIT",1,1,0,3.88887,25,0,0,0,,25,105,23,12,11,2,9,,1,24,8.68434,3.30455,2.62799,0.885674,0.226872,0.0863288,0.14054274559020996,0.240294,1.2876,0.297069,0.711349,,,3.68838,0.0346495,0.00992124,999,,,,,,,118.60000000000001,4.744000000000001,117,4.68,,,,,,,,,,,,,,,,,,,"Ryan Borucki","16350",621366
"Randy Dobnak","MIN",1,2,0,4.38164,16,1,0,0,,20,87,20,10,10,2,8,,1,15,7.01898,3.8403,1.82772,0.932283,0.177218,0.0969614,0.08025651425123215,0.25945,1.44621,0.300694,0.704761,,,4.27114,0.0346268,-0.0323146,999,,,,,,,74.4,3.72,77,3.85,,,,,,,,,,,,,,,,,,,"Randy Dobnak","23798",677976
"Chris Flexen","CHC",1,2,0,4.47733,28,1,0,2,,32,140,34,18,16,4,11,,1,27,7.41003,3.11379,2.37975,1.23599,0.190345,0.0799854,0.1103595495223999,0.262535,1.38192,0.301016,0.70708,,,4.34794,0.0344919,-0.0994522,750.9099731445312,,,,,,,125.20000000000002,3.9125000000000005,134,4.1875,,,,,,,,,,,,,,,,,,,"Chris Flexen","13896",623167
"Hurston Waldrep","ATL",1,1,1,4.93684,2,2,0,0,,9,42,10,6,5,1,5,,0,8,7.21415,4.30285,1.6766,1.20981,0.179564,0.1071,0.07246378809213638,0.260154,1.50135,0.296548,0.689264,,,4.80721,0.0341747,-0.0370849,716.9400024414062,,,,,,,29.30000000000001,3.255555555555557,33,3.6666666666666665,,,,,,,,,,,,,,,,,,,"Hurston Waldrep","33527",694462
"Connor Noland","CHC",0,0,0,3.98061,1,1,0,0,,3,14,3,2,2,0,1,,0,3,8.24956,3.01448,2.73665,1.20017,0.216321,0.0790461,0.13727501779794693,0.239993,1.26217,0.282157,0.733906,,,4.09222,0.0332963,-0.0206885,999,,,,,,,17.400000000000002,5.800000000000001,18,6,,,,,,,,,,,,,,,,,,,"Connor Noland","sa3020834",690939
"Logan Workman","TBR",0,0,0,3.98061,1,1,0,0,,3,14,3,2,1,0,1,,0,3,8.24956,3.01448,2.73665,1.20017,0.216321,0.0790461,0.13727501034736633,0.239993,1.26217,0.282157,0.733906,,,4.09222,0.0328642,-0.0272752,999,,,,,,,17.400000000000002,5.800000000000001,18,6,,,,,,,,,,,,,,,,,,,"Logan Workman","sa3017313",694312
"Paxton Schultz","TOR",1,1,0,4.28464,24,1,0,0,,26,114,25,14,13,3,11,,1,26,8.94403,3.81227,2.34612,1.18708,0.230726,0.098344,0.13238250464200974,0.242678,1.35607,0.29468,0.715889,,,4.19185,0.0327023,-0.0647017,999,,,,,,,106.5,4.096153846153846,107,4.115384615384615,,,,,,,,,,,,,,,,,,,"Paxton Schultz","25501",687606
"Gordon Graceffo","STL",2,2,1,4.57246,22,2,0,0,,31,133,33,17,16,4,10,,1,23,6.59382,2.9751,2.21634,1.19717,0.169366,0.0764173,0.0929490476846695,0.266185,1.38615,0.297608,0.694977,,,4.41531,0.032657,-0.0277746,999,,,,,,,107.39999999999999,3.464516129032258,116,3.7419354838709675,,,,,,,,,,,,,,,,,,,"Gordon Graceffo","29519",700669
"Declan Cronin","MIA",1,1,0,4.22202,25,0,0,0,,25,112,26,13,12,2,10,,2,22,7.94324,3.55319,2.23552,0.713393,0.201577,0.0901697,0.1114068329334259,0.258414,1.40882,0.315565,0.69262,,,3.69906,0.0323964,-0.02021,999,,,,,,,100.80000000000001,4.032,107,4.28,,,,,,,,,,,,,,,,,,,"Declan Cronin","25645",686539
"Josh Sborz","TEX",1,1,0,4.0266,22,0,0,0,,22,92,19,11,10,3,9,,1,24,9.88118,3.65102,2.70642,1.08249,0.259635,0.0959329,0.1637018695473671,0.232412,1.28676,0.295704,0.715733,,,3.75115,0.0323826,-0.0211919,999,,,,,,,94.5,4.295454545454546,89,4.045454545454546,,,,,,,,,,,,,,,,,,,"Josh Sborz","18323",622250
"Joe Ross","PHI",2,2,0,4.29131,30,0,0,6,,30,129,30,16,14,4,11,,1,25,7.54144,3.15335,2.39157,1.20087,0.194642,0.0813868,0.11325512081384659,0.255505,1.34906,0.294574,0.714804,,,4.31837,0.0318431,-0.0503638,739.3200073242188,,,,,,,132.8,4.426666666666667,136,4.533333333333333,,,,,,,,,,,,,,,,,,,"Joe Ross","12972",605452
"Spencer Giesting","ARI",0,0,0,3.98061,1,1,0,0,,3,14,3,2,2,0,1,,0,3,8.24956,3.01448,2.73665,1.20017,0.216321,0.0790461,0.13727501779794693,0.239993,1.26217,0.282157,0.733906,,,4.09222,0.0316837,-0.012392,999,,,,,,,17.400000000000002,5.800000000000001,18,6,,,,,,,,,,,,,,,,,,,"Spencer Giesting","sa3020402",801517
"Casey Lawrence","SEA",0,0,0,3.98061,1,1,0,0,,3,15,3,2,2,0,1,,0,3,8.24956,3.01448,2.73665,1.20017,0.216321,0.0790461,0.13727501779794693,0.239993,1.26217,0.282157,0.733906,,,4.09222,0.0316552,-0.0320579,999,,,,,,,17.400000000000002,5.800000000000001,18,6,,,,,,,,,,,,,,,,,,,"Casey Lawrence","11121",596271
"Clayton Beeter","NYY",1,1,0,3.92518,15,0,0,0,,15,63,12,7,6,2,7,,1,17,10.3108,4.26796,2.41586,1.10068,0.269147,0.111408,0.1577385663986206,0.222348,1.30625,0.286867,0.733189,,,3.91287,0.0306331,0.00132414,999,,,,,,,65.2,4.346666666666667,59,3.933333333333333,,,,,,,,,,,,,,,,,,,"Clayton Beeter","27494",690925
"Martín Pérez","CHW",0,0,0,4.59417,1,1,0,0,,5,20,5,3,2,1,2,,0,3,6.70642,3.46041,1.93804,1.3346,0.169438,0.0874272,0.08201047778129578,0.267981,1.4498,0.297554,0.720456,,,4.77565,0.0299348,0.00272342,663.3800048828125,,,,,,,11.7,2.34,12,2.4,,,,,,,,,,,,,,,,,,,"Martin Perez","6902",527048
"Dietrich Enns","DET",0,0,0,4.36484,5,1,0,0,,7,32,7,4,4,1,3,,0,6,7.78102,3.39753,2.2902,1.15284,0.200702,0.0876352,0.11306699365377426,0.254295,1.36985,0.297025,0.707838,,,4.22271,0.0290161,-0.0262383,999,,,,,,,24.3,3.4714285714285715,25,3.5714285714285716,,,,,,,,,,,,,,,,,,,"Dietrich Enns","13932",608650
"Andrew Nardi","MIA",1,1,0,3.80442,13,0,0,0,,13,53,11,6,5,2,5,,1,16,11.1995,3.58894,3.12057,1.15972,0.29659,0.0950436,0.20154667645692825,0.225156,1.24437,0.300854,0.737707,,,3.57723,0.0288973,0.0125205,748.8300170898438,,,,,,,56.99999999999999,4.384615384615384,53,4.076923076923077,,,,,,,,,,,,,,,,,,,"Andrew Nardi","25942",677053
"Ryan Burr","TOR",1,1,0,3.78383,18,0,0,0,,18,77,16,8,8,2,7,,1,21,10.242,3.27188,3.13033,1.1372,0.271158,0.0866231,0.18453539162874222,0.232945,1.24727,0.299432,0.738328,,,3.64654,0.0288972,0.0108324,999,,,,,,,85.00000000000003,4.722222222222224,82,4.555555555555555,,,,,,,,,,,,,,,,,,,"Ryan Burr","17536",621114
"Trevor Stephan","CLE",1,1,0,3.9331,21,0,0,0,,21,88,19,10,9,2,8,,1,22,9.60103,3.45637,2.77778,1.02642,0.25011,0.0900396,0.1600705087184906,0.239387,1.2999,0.30314,0.723438,,,3.73785,0.0287901,-0.00832806,999,,,,,,,98.4,4.685714285714286,96,4.571428571428571,,,,,,,,,,,,,,,,,,,"Trevor Stephan","19932",663986
"Max Lazar","PHI",2,2,0,4.28257,28,0,0,3,,28,119,28,14,13,4,8,,1,23,7.54887,2.6817,2.81495,1.17099,0.198045,0.0703547,0.12769045680761337,0.255141,1.29475,0.294996,0.698845,,,4.06985,0.0284905,-0.0145126,999,,,,,,,116.2,4.15,119,4.25,,,,,,,,,,,,,,,,,,,"Max Lazar","23426",676661
"Jayvien Sandridge","NYY",0,0,0,4.1974,23,0,0,0,,23,101,21,12,11,3,10,,1,22,8.91153,3.81189,2.33783,1.01181,0.221719,0.0948399,0.12687944620847702,0.23201,1.34924,0.281673,0.695604,,,3.97981,0.0280251,-0.0377226,999,,,,,,,89.70000000000002,3.900000000000001,87,3.782608695652174,,,,,,,,,,,,,,,,,,,"Jayvien Sandridge","sa3007621",682144
"Sean Hjelle","SFG",1,1,0,3.97866,27,0,0,4,,27,118,28,13,12,3,8,,2,23,7.66221,2.56277,2.98981,0.840777,0.198697,0.0664581,0.13223924487829208,0.260891,1.31193,0.312043,0.703908,,,3.62494,0.0276603,-0.00933404,749.3499755859375,,,,,,,122.10000000000001,4.522222222222222,128,4.7407407407407405,,,,,,,,,,,,,,,,,,,"Sean Hjelle","21481",663546
"Sean Guenther","DET",1,1,0,3.67415,20,0,0,0,,20,85,20,9,8,2,6,,1,16,7.20475,2.50653,2.87439,0.840873,0.189113,0.0657922,0.12332043796777725,0.254868,1.27385,0.299502,0.726227,,,3.66738,0.0275752,0.00892635,999,,,,,,,82.4,4.12,85,4.25,,,,,,,,,,,,,,,,,,,"Sean Guenther","20045",674944
"Beau Brieske","DET",1,1,0,4.00665,26,0,0,2,,26,111,24,13,12,3,10,,1,24,8.2366,3.40816,2.41673,1.06741,0.21552,0.0891786,0.1263417825102806,0.239847,1.29721,0.28611,0.719006,,,4.03227,0.0272367,-0.0242567,451.94000244140625,,,,,,,116.1,4.4653846153846155,114,4.384615384615385,,,,,,,,,,,,,,,,,,,"Beau Brieske","26079",689225
"Jake Palisch","CHW",0,0,0,4.1974,21,0,0,0,,21,93,19,11,10,2,9,,1,21,8.91153,3.81189,2.33783,1.01181,0.221719,0.0948399,0.12687945365905762,0.23201,1.34924,0.281673,0.695604,,,3.97981,0.02718,-0.034116,999,,,,,,,93.4,4.447619047619048,91,4.333333333333333,,,,,,,,,,,,,,,,,,,"Jake Palisch","31598",669449
"José Fermin","LAA",0,0,0,4.1974,23,0,0,0,,23,103,21,12,11,3,10,,1,23,8.91153,3.81189,2.33783,1.01181,0.221719,0.0948399,0.1268794685602188,0.23201,1.34923,0.281673,0.695604,,,3.97981,0.0268372,-0.0313682,999,,,,,,,91.70000000000002,3.986956521739131,89,3.869565217391304,,,,,,,,,,,,,,,,,,,"Jose Fermin","33908",820862
"Evan Sisk","KCR",1,1,0,3.96595,21,0,0,0,,21,91,19,10,9,2,10,,1,20,8.75664,4.43353,1.97509,0.739706,0.22244,0.112622,0.10981731861829758,0.240461,1.41388,0.302249,0.719812,,,3.82151,0.0267907,0.00870526,999,,,,,,,88.4,4.20952380952381,86,4.095238095238095,,,,,,,,,,,,,,,,,,,"Evan Sisk","24995",681895
"Andrew Alvarez","WSN",0,1,0,4.49591,5,1,0,0,,9,39,9,5,4,1,4,,0,6,6.05753,3.58366,1.69032,1.11422,0.153904,0.0910501,0.06285363435745239,0.26272,1.43513,0.289878,0.707037,,,4.61287,0.0267657,0.00350216,999,,,,,,,30.900000000000013,3.433333333333335,32,3.5555555555555554,,,,,,,,,,,,,,,,,,,"Andrew Alvarez","sa3017531",674841
"Drey Jameson","ARI",2,1,0,4.2383,26,1,0,0,,31,133,31,16,14,4,12,,1,27,7.85099,3.40778,2.30384,1.05179,0.200981,0.0872374,0.113743856549263,0.25663,1.38325,0.303458,0.714455,,,4.12252,0.0266447,-0.0121106,747.8699951171875,,,,,,,114.6,3.696774193548387,118,3.806451612903226,,,,,,,,,,,,,,,,,,,"Drey Jameson","26260",686753
"AJ Blubaugh","HOU",1,1,0,4.44399,12,1,0,0,,16,68,15,8,8,2,6,,1,15,8.33483,3.48141,2.3941,1.2883,0.215321,0.0899383,0.1253826543688774,0.248822,1.35074,0.292643,0.707641,,,4.36056,0.0264201,0.00865226,999,,,,,,,63.80000000000001,3.9875000000000007,63,3.9375,,,,,,,,,,,,,,,,,,,"AJ Blubaugh","31764",805123
"JT Brubaker","NYY",2,2,0,4.38274,27,1,0,2,,31,133,30,16,15,5,11,,1,29,8.36234,3.0944,2.70241,1.40212,0.218125,0.0807148,0.13740993291139603,0.247977,1.30339,0.288647,0.713245,,,4.40808,0.0262603,-0.0670217,999,,,,,,,119.89999999999998,3.86774193548387,120,3.870967741935484,,,,,,,,,,,,,,,,,,,"JT Brubaker","17578",664141
"Lou Trivino","LAD",2,2,0,4.36372,27,0,0,4,,27,119,27,14,13,3,12,,2,25,8.22655,3.8288,2.1486,1.01631,0.208963,0.0972557,0.11170737445354462,0.252181,1.40674,0.303174,0.704539,,,4.15941,0.0259676,-0.0396959,999,,,,,,,116.7,4.322222222222222,120,4.444444444444445,,,,,,,,,,,,,,,,,,,"Lou Trivino","15043",642152
"Paul Gervase","TBR",0,0,0,4.1974,27,0,0,3,,27,123,25,14,13,3,12,,1,27,8.91153,3.81189,2.33783,1.01181,0.221719,0.0948399,0.12687946110963821,0.23201,1.34923,0.281673,0.695604,,,3.97981,0.0251066,-0.0729581,999,,,,,,,124.9,4.625925925925926,123,4.555555555555555,,,,,,,,,,,,,,,,,,,"Paul Gervase","31571",801434
"Jesus Tinoco","MIA",1,1,0,3.92147,23,0,0,0,,23,99,21,11,10,3,9,,1,23,8.73451,3.33334,2.62035,1.0954,0.228507,0.0872047,0.14130206406116486,0.239087,1.28554,0.290055,0.728096,,,3.97009,0.0244058,0.0104601,463.9800109863281,,,,,,,94.70000000000002,4.1173913043478265,92,4,,,,,,,,,,,,,,,,,,,"Jesus Tinoco","16300",622786
"Brandon Sproat","NYM",0,0,0,4.48426,1,1,0,0,,4,17,4,2,2,1,2,,0,3,7.34764,3.392,2.16617,1.30626,0.189933,0.0876817,0.10225130617618561,0.248819,1.34079,0.281133,0.702547,,,4.5981,0.0239521,0.0378045,999,,,,,,,6.9,1.725,7,1.75,,,,,,,,,,,,,,,,,,,"Brandon Sproat","sa3023499",687075
"Jimmy Herget","COL",1,2,0,4.73819,31,0,0,5,,31,132,32,18,16,5,10,,1,25,7.45487,2.95443,2.52328,1.42921,0.191545,0.075911,0.11563384532928467,0.26378,1.37089,0.298034,0.69534,,,4.59381,0.0235517,-0.004888,750.4099731445312,,,,,,,121.69999999999997,3.9258064516129023,127,4.096774193548387,,,,,,,,,,,,,,,,,,,"Jimmy Herget","17556",623474
"Travis Adams","MIN",1,2,0,4.56601,26,1,0,0,,30,129,31,17,15,4,9,,1,22,6.65364,2.75238,2.41741,1.21805,0.171688,0.0710215,0.1006668359041214,0.264155,1.35045,0.295226,0.688216,,,4.40562,0.0230035,-0.0743282,999,,,,,,,106.20000000000002,3.5400000000000005,112,3.7333333333333334,,,,,,,,,,,,,,,,,,,"Travis Adams","sa3017991",701519
"Daysbel Hernández","ATL",2,1,0,3.8585,24,0,0,0,,24,107,21,11,10,2,13,,1,26,9.61746,4.81911,1.99569,0.872306,0.24459,0.122559,0.12203085422515869,0.231566,1.41238,0.297552,0.741275,,,3.93959,0.0228587,0.0205943,749.97998046875,,,,,,,108.40000000000003,4.516666666666668,104,4.333333333333333,,,,,,,,,,,,,,,,,,,"Daysbel Hernandez","20271",678226
"Forrest Whitley","TBR",2,1,0,4.02926,29,0,0,4,,29,124,25,14,13,3,13,,2,30,9.54307,4.23471,2.25354,0.991148,0.24368,0.108132,0.1355476826429367,0.233943,1.3592,0.296227,0.724114,,,4.0397,0.0225931,-0.0302399,749.3400268554688,,,,,,,143.70000000000002,4.955172413793104,137,4.724137931034483,,,,,,,,,,,,,,,,,,,"Forrest Whitley","19586",666215
"Craig Yoho","MIL",1,1,0,3.86139,23,0,0,0,,23,100,20,11,10,3,11,,1,25,9.78848,4.31183,2.27015,0.970383,0.252654,0.111294,0.1413598358631134,0.226659,1.33199,0.290198,0.732944,,,3.92263,0.0225012,0.00276658,999,,,,,,,95.30000000000001,4.143478260869566,90,3.9130434782608696,,,,,,,,,,,,,,,,,,,"Craig Yoho","33248",684974
"Gregory Santos","SEA",1,1,0,3.64701,14,0,0,0,,14,59,13,6,6,1,6,,1,12,7.96731,3.62502,2.19786,0.68108,0.205879,0.0936723,0.1122065931558609,0.242268,1.33325,0.296831,0.727439,,,3.66163,0.0224716,0.00548461,723.1400146484375,,,,,,,60.500000000000014,4.321428571428572,60,4.285714285714286,,,,,,,,,,,,,,,,,,,"Gregory Santos","21894",666619
"Nic Enright","CLE",1,1,0,3.95768,24,0,0,0,,24,102,22,12,11,3,8,,1,25,9.22332,2.91256,3.16674,1.22088,0.245311,0.0774646,0.16784600168466568,0.237529,1.23015,0.290235,0.723077,,,3.86776,0.0219437,-0.027673,999,,,,,,,106.50000000000001,4.437500000000001,104,4.333333333333333,,,,,,,,,,,,,,,,,,,"Nic Enright","25553",663671
"Trent Thornton","SEA",2,2,0,3.93593,34,0,1,7,,34,142,31,16,15,5,10,,2,33,8.66735,2.71144,3.19658,1.26723,0.230538,0.0721201,0.1584179624915123,0.24036,1.22207,0.286019,0.728542,,,4.01432,0.0211308,-0.00939636,746.989990234375,,,,,,,172.50000000000003,5.0735294117647065,168,4.9411764705882355,,,,,,,,,,,,,,,,,,,"Trent Thornton","17948",663423
"Carson Spiers","CIN",1,1,0,5.16509,17,1,0,0,,22,96,24,14,13,4,8,,1,18,7.57965,3.23736,2.34131,1.64033,0.191204,0.0816655,0.10953857004642487,0.271818,1.44596,0.30419,0.690426,,,4.98078,0.0209763,-0.0120388,733.7100219726562,,,,,,,60.20000000000001,2.7363636363636368,67,3.0454545454545454,,,,,,,,,,,,,,,,,,,"Carson Spiers","27685",686730
"Matt Manning","DET",1,1,0,4.23645,17,1,0,0,,21,88,20,11,10,3,7,,1,17,7.29291,3.22339,2.2625,1.13919,0.190199,0.084066,0.10613291710615158,0.247827,1.31695,0.283849,0.706564,,,4.27032,0.0203722,0.0201161,747.9199829101562,,,,,,,76.5,3.642857142857143,76,3.619047619047619,,,,,,,,,,,,,,,,,,,"Matt Manning","20369",666159
"Erik Sabrowski","CLE",1,1,0,3.71152,22,0,0,0,,22,94,18,10,9,2,12,,1,26,10.5642,4.89104,2.15992,0.954229,0.27091,0.125426,0.14548398554325104,0.225456,1.3905,0.299136,0.758615,,,3.82866,0.0203494,0.0064595,999,,,,,,,104.40000000000002,4.745454545454546,97,4.409090909090909,,,,,,,,,,,,,,,,,,,"Erik Sabrowski","24978",681870
"Tanner Gordon","COL",1,2,1,5.22912,13,2,0,0,,21,94,25,14,12,4,6,,1,16,6.51768,2.50248,2.60449,1.66899,0.165005,0.063354,0.10165111720561981,0.284954,1.43772,0.308295,0.684308,,,4.99067,0.0197837,0.0571028,999,,,,,,,52.2,2.4857142857142858,64,3.0476190476190474,,,,,,,,,,,,,,,,,,,"Tanner Gordon","27669",685299
"Osvaldo Bido","ATH",1,2,1,4.85958,21,2,0,0,,28,122,27,16,15,4,11,,2,23,7.43132,3.6552,2.03308,1.39258,0.190036,0.0934718,0.09656428545713425,0.246932,1.36033,0.277229,0.676243,,,4.8731,0.0195889,-0.025968,440.82000732421875,,,,,,,94.8,3.3857142857142857,95,3.392857142857143,,,,,,,,,,,,,,,,,,,"Osvaldo Bido","23150",674370
"Codi Heuer","TEX",0,0,0,4.1974,19,0,0,0,,19,86,18,10,9,2,8,,1,19,8.91153,3.81189,2.33783,1.01181,0.221719,0.0948399,0.12687944620847702,0.23201,1.34924,0.281673,0.695604,,,3.97981,0.0195523,-0.0339507,999,,,,,,,80.2,4.221052631578948,80,4.2105263157894735,,,,,,,,,,,,,,,,,,,"Codi Heuer","23293",676051
"Josh Walker","PHI",1,1,0,4.11174,12,0,0,0,,12,54,11,6,6,1,6,,0,13,9.52799,4.31732,2.20692,1.0109,0.244674,0.110867,0.13380709290504456,0.237266,1.38493,0.29986,0.723595,,,3.94839,0.0194895,-0.00621968,999,,,,,,,55.90000000000001,4.658333333333334,55,4.583333333333333,,,,,,,,,,,,,,,,,,,"Josh Walker","23617",677020
"Brusdar Graterol","LAD",1,0,0,3.49531,6,0,0,0,,6,26,6,3,2,0,2,,0,5,7.59823,2.57801,2.94732,0.716471,0.202543,0.068721,0.1338217779994011,0.243075,1.22095,0.292707,0.719974,,,3.38829,0.0192538,-0.00532411,999,,,,,,,32.800000000000004,5.466666666666668,34,5.666666666666667,,,,,,,,,,,,,,,,,,,"Brusdar Graterol","20367",660813
"Shawn Dubin","HOU",1,1,0,4.10643,28,0,0,4,,28,123,26,14,13,3,14,,1,29,9.25971,4.40888,2.10024,0.95883,0.234512,0.111659,0.12285226583480835,0.243237,1.4252,0.305834,0.728228,,,4.02363,0.0192395,-0.0336125,999,,,,,,,131.70000000000005,4.70357142857143,130,4.642857142857143,,,,,,,,,,,,,,,,,,,"Shawn Dubin","24977",681869
"Brooks Raley","NYM",1,1,0,3.87284,24,0,0,0,,24,102,21,11,10,3,10,,1,24,9.22617,3.65842,2.5219,1.12111,0.240642,0.0954209,0.14522109925746918,0.234956,1.3002,0.289802,0.739439,,,4.0086,0.0184509,0.00357108,999,,,,,,,101.10000000000002,4.212500000000001,96,4,,,,,,,,,,,,,,,,,,,"Brooks Raley","10061",548384
"Tyler Kinley","COL",2,2,0,4.94859,33,0,2,7,,33,146,32,20,18,5,16,,1,35,9.38171,4.33097,2.16619,1.33328,0.236661,0.109252,0.12740922719240189,0.249864,1.45052,0.305405,0.686067,,,4.48776,0.0179095,-0.0750305,477.2099914550781,,,,,,,156.50000000000006,4.742424242424244,157,4.757575757575758,,,,,,,,,,,,,,,,,,,"Tyler Kinley","18297",641755
"Andrew Hoffmann","KCR",0,0,0,4.1974,22,0,0,0,,22,97,20,11,10,2,9,,1,22,8.91153,3.81189,2.33783,1.01181,0.221719,0.0948399,0.12687945365905762,0.23201,1.34923,0.281673,0.695604,,,3.97981,0.0177753,-0.0066992,999,,,,,,,100.20000000000002,4.554545454545456,98,4.454545454545454,,,,,,,,,,,,,,,,,,,"Andrew Hoffmann","29633",694851
"Tyler Gilbert","CHW",1,2,0,4.39254,27,0,0,3,,27,116,27,14,13,4,9,,1,25,8.19304,2.97624,2.75281,1.19153,0.211557,0.0768513,0.13470614701509476,0.258576,1.34557,0.306191,0.702513,,,4.10551,0.0177163,-0.0394191,999,,,,,,,112.40000000000002,4.162962962962964,115,4.2592592592592595,,,,,,,,,,,,,,,,,,,"Tyler Gilbert","17964",656457
"Derek Law","WSN",2,1,0,3.82888,25,0,0,0,,25,106,24,12,11,3,9,,1,21,7.65077,3.11498,2.45612,0.985567,0.199371,0.0811729,0.11819788068532944,0.249847,1.31532,0.294457,0.733982,,,3.94798,0.0175461,-0.00116663,733.030029296875,,,,,,,97.69999999999999,3.9079999999999995,98,3.92,,,,,,,,,,,,,,,,,,,"Derek Law","13133",571882
"Justin Bruihl","TOR",0,0,0,4.1974,22,0,0,0,,22,98,20,11,10,2,9,,1,22,8.91153,3.81189,2.33783,1.01181,0.221719,0.0948399,0.12687945365905762,0.23201,1.34923,0.281673,0.695604,,,3.97981,0.0174312,-0.0257279,999,,,,,,,100.20000000000002,4.554545454545456,98,4.454545454545454,,,,,,,,,,,,,,,,,,,"Justin Bruihl","23779",677865
"Dauri Moreta","PIT",1,1,0,4.15165,15,0,0,0,,15,66,14,8,7,2,6,,1,16,9.53376,3.68759,2.58536,1.05404,0.248052,0.0959449,0.15210719406604767,0.236841,1.31283,0.298096,0.706281,,,3.84674,0.0171995,-0.0182387,999,,,,,,,61.00000000000001,4.066666666666667,60,4,,,,,,,,,,,,,,,,,,,"Dauri Moreta","21101",664294
"Colin Holderman","PIT",1,1,0,4.10484,20,0,0,0,,20,89,19,10,9,2,9,,1,20,8.76337,4.05257,2.16242,0.920763,0.223208,0.103221,0.11998683959245682,0.243053,1.38468,0.300568,0.716038,,,4.00704,0.0168241,-0.00418923,604.5399780273438,,,,,,,84,4.2,84,4.2,,,,,,,,,,,,,,,,,,,"Colin Holderman","22361",670059
"Alex Lange","DET",1,1,0,3.85123,14,0,0,0,,14,63,12,7,6,1,8,,1,16,9.75948,4.90483,1.98977,0.758895,0.248635,0.124957,0.12367839366197586,0.224731,1.38852,0.29372,0.726814,,,3.8215,0.0162043,-0.0160274,748.3300170898438,,,,,,,65.10000000000002,4.650000000000001,62,4.428571428571429,,,,,,,,,,,,,,,,,,,"Alex Lange","19883",656638
"Nick Burdi","BOS",0,0,0,4.1974,18,0,0,0,,18,82,17,10,9,2,8,,1,18,8.91153,3.81189,2.33783,1.01181,0.221719,0.0948399,0.12687944620847702,0.23201,1.34923,0.281673,0.695604,,,3.97981,0.0160128,-0.0318362,999,,,,,,,73.40000000000002,4.077777777777779,73,4.055555555555555,,,,,,,,,,,,,,,,,,,"Nick Burdi","16074",595897
"Freddy Tarnok","MIA",0,0,0,4.1974,21,0,0,0,,21,92,19,11,10,2,9,,1,21,8.91153,3.81189,2.33783,1.01181,0.221719,0.0948399,0.12687943875789642,0.23201,1.34923,0.281673,0.695604,,,3.97981,0.0157247,-0.0193892,999,,,,,,,93.4,4.447619047619048,91,4.333333333333333,,,,,,,,,,,,,,,,,,,"Freddy Tarnok","23324",676206
"Easton McGee","MIL",0,0,0,4.1974,18,0,0,0,,18,79,16,9,8,2,7,,1,17,8.91153,3.81189,2.33783,1.01181,0.221719,0.0948399,0.12687946110963821,0.23201,1.34923,0.281673,0.695604,,,3.97981,0.0155096,-0.00994793,999,,,,,,,77.00000000000003,4.2777777777777795,74,4.111111111111111,,,,,,,,,,,,,,,,,,,"Easton McGee","22176",668834
"Troy Taylor","SEA",1,1,0,4.05309,19,0,0,0,,19,79,17,9,8,2,7,,1,18,8.6673,3.37986,2.5644,1.09531,0.226063,0.0881542,0.13790850341320038,0.241735,1.30325,0.292777,0.718305,,,3.99366,0.0154213,-0.0213035,748.3400268554688,,,,,,,83.8,4.410526315789474,81,4.2631578947368425,,,,,,,,,,,,,,,,,,,"Troy Taylor","31883",700187
"Joey Lucchesi","SFG",1,1,0,4.32387,13,1,0,0,,17,74,17,9,8,2,7,,1,12,6.34231,3.56406,1.77952,0.975196,0.161401,0.0906994,0.07070182263851166,0.260666,1.42198,0.293834,0.708326,,,4.36037,0.0154191,0.0947072,999,,,,,,,57.000000000000014,3.352941176470589,59,3.4705882352941178,,,,,,,,,,,,,,,,,,,"Joey Lucchesi","19320",664192
"Luis García","LAD",1,1,0,4.0505,17,0,0,0,,17,75,17,9,8,2,6,,1,16,8.09091,3.10203,2.60826,0.98907,0.209963,0.0804991,0.12946360558271408,0.250706,1.31832,0.300462,0.712027,,,3.89537,0.0152844,-0.0308089,750.5999755859375,,,,,,,68.00000000000001,4.000000000000001,70,4.117647058823529,,,,,,,,,,,,,,,,,,,"Luis Garcia","6984",472610
"Kyle Hart","SDP",1,1,0,4.55751,13,1,0,0,,17,73,17,9,9,3,6,,1,14,7.56267,3.05826,2.47287,1.35412,0.19617,0.0793288,0.11684074997901917,0.253514,1.32807,0.288153,0.695926,,,4.50179,0.0150548,-0.0357927,534.030029296875,,,,,,,51.7,3.0411764705882356,53,3.1176470588235294,,,,,,,,,,,,,,,,,,,"Kyle Hart","19646",606996
"Héctor Neris","LAA",2,2,0,4.11728,27,0,0,3,,27,117,24,14,12,4,12,,1,29,9.57605,3.88535,2.46466,1.29452,0.248475,0.100815,0.1476600244641304,0.234059,1.32095,0.287648,0.735716,,,4.26116,0.0140782,-0.0305862,732.1400146484375,,,,,,,119.20000000000002,4.414814814814815,114,4.222222222222222,,,,,,,,,,,,,,,,,,,"Hector Neris","11804",593576
"Riley O'Brien","STL",1,1,0,4.10447,28,0,0,4,,28,124,26,14,13,3,15,,2,29,9.37494,4.72075,1.9859,0.944204,0.235662,0.118668,0.11699466407299042,0.239415,1.44053,0.30271,0.730351,,,4.13358,0.0140673,-0.023783,999,,,,,,,125.70000000000005,4.489285714285716,124,4.428571428571429,,,,,,,,,,,,,,,,,,,"Riley O'Brien","20348",676617
"Patrick Murphy","TEX",0,1,0,4.1106,15,0,0,0,,15,63,14,7,7,1,6,,1,14,8.42895,3.93843,2.14018,0.924863,0.216453,0.101138,0.11531511694192886,0.242703,1.37022,0.296026,0.712495,,,3.98606,0.0139205,0.0012731,999,,,,,,,69.30000000000001,4.620000000000001,69,4.6,,,,,,,,,,,,,,,,,,,"Patrick Murphy","19712",641907
"Yaramil Hiraldo","BAL",0,0,0,4.1974,25,0,0,0,,25,112,23,13,12,3,11,,1,25,8.91153,3.81189,2.33783,1.01181,0.221719,0.0948399,0.12687943875789642,0.23201,1.34924,0.281673,0.695604,,,3.97981,0.0138305,-0.0503358,999,,,,,,,102.3,4.092,100,4,,,,,,,,,,,,,,,,,,,"Yaramil Hiraldo","25215",682274
"Dylan Smith","DET",0,0,0,4.1974,22,0,0,0,,22,96,20,11,10,2,9,,1,21,8.91153,3.81189,2.33783,1.01181,0.221719,0.0948399,0.12687946110963821,0.23201,1.34923,0.281673,0.695604,,,3.97981,0.0135215,-0.0251859,999,,,,,,,98.20000000000002,4.463636363636365,96,4.363636363636363,,,,,,,,,,,,,,,,,,,"Dylan Smith","30145",681916
"Craig Kimbrel","TEX",1,1,0,3.97563,12,0,0,0,,12,53,10,6,5,2,6,,1,15,10.9519,4.40666,2.4853,1.19185,0.284894,0.114632,0.1702621579170227,0.216933,1.29766,0.284405,0.734999,,,3.99803,0.0132541,-0.0115592,702.8699951171875,,,,,,,47.20000000000002,3.933333333333335,43,3.5833333333333335,,,,,,,,,,,,,,,,,,,"Craig Kimbrel","6655",518886
"Brent Suter","CIN",1,1,0,4.13454,29,0,0,4,,29,124,30,14,13,4,8,,1,21,6.5517,2.51751,2.60246,1.18302,0.170981,0.0656996,0.10528087615966797,0.260734,1.30606,0.290839,0.71898,,,4.28732,0.012303,0.0250337,999,,,,,,,118.40000000000003,4.082758620689656,124,4.275862068965517,,,,,,,,,,,,,,,,,,,"Brent Suter","13942",608718
"Colin Selby","BAL",1,1,0,3.97154,22,0,0,0,,22,94,19,11,10,2,9,,1,23,9.5139,3.83188,2.48283,1.00704,0.247551,0.0997053,0.14784561842679977,0.231868,1.30418,0.29263,0.718522,,,3.85652,0.0121665,-0.0301877,999,,,,,,,104.80000000000001,4.763636363636365,100,4.545454545454546,,,,,,,,,,,,,,,,,,,"Colin Selby","24986",681882
"Cooper Criswell","BOS",1,1,0,4.31414,18,0,0,0,,18,77,19,9,9,2,5,,1,14,7.11984,2.49041,2.8589,1.00628,0.184291,0.0644622,0.11982908844947815,0.263182,1.31612,0.304481,0.685666,,,3.97161,0.0118523,-0.00215512,749.5700073242188,,,,,,,69.20000000000002,3.8444444444444454,74,4.111111111111111,,,,,,,,,,,,,,,,,,,"Cooper Criswell","24975",681867
"Sam Aldegheri","LAA",2,3,1,5.14796,21,3,0,0,,31,136,30,19,18,5,15,,2,26,7.659,4.36465,1.75478,1.48412,0.192326,0.109601,0.08272480219602585,0.251321,1.46181,0.282814,0.682462,,,5.12619,0.0118217,-0.0563225,999,,,,,,,90.89999999999998,2.9322580645161285,91,2.935483870967742,,,,,,,,,,,,,,,,,,,"Sam Aldegheri","26443",691951
"Justin Garza","NYM",0,0,0,4.1974,18,0,0,0,,18,81,17,9,8,2,8,,1,18,8.91153,3.81189,2.33783,1.01181,0.221719,0.0948399,0.12687944620847702,0.23201,1.34924,0.281673,0.695604,,,3.97981,0.011727,-0.0214643,999,,,,,,,73.40000000000002,4.077777777777779,73,4.055555555555555,,,,,,,,,,,,,,,,,,,"Justin Garza","19784",621057
"Jack Little","LAD",0,0,0,4.1974,12,0,0,0,,12,55,11,6,6,1,5,,1,12,8.91153,3.81189,2.33783,1.01181,0.221719,0.0948399,0.12687946110963821,0.23201,1.34923,0.281673,0.695604,,,3.97981,0.011662,-0.0106482,999,,,,,,,53.90000000000001,4.491666666666668,53,4.416666666666667,,,,,,,,,,,,,,,,,,,"Jack Little","26152",669193
"Anthony Molina","COL",1,1,0,4.95328,26,0,0,2,,26,114,29,16,14,3,8,,1,18,6.13402,2.74994,2.2306,1.08346,0.155236,0.0695936,0.085642009973526,0.279913,1.43672,0.312046,0.661183,,,4.32044,0.0115892,-0.0577908,999,,,,,,,97.1,3.7346153846153842,108,4.153846153846154,,,,,,,,,,,,,,,,,,,"Anthony Molina","26952",683627
"Sean Newcomb","ATH",1,2,0,4.24632,28,0,0,4,,28,123,26,14,13,3,15,,2,29,9.31514,4.71672,1.97492,0.99321,0.234002,0.118487,0.11551520228385925,0.242725,1.45681,0.30488,0.724841,,,4.17636,0.0113955,-0.0280041,713.280029296875,,,,,,,125.70000000000005,4.489285714285716,124,4.428571428571429,,,,,,,,,,,,,,,,,,,"Sean Newcomb","16943",656794
"Sam Moll","CIN",1,1,0,4.22821,17,0,0,0,,17,75,16,9,8,2,8,,1,17,8.74055,4.24278,2.0601,0.989587,0.222679,0.108091,0.11458761990070343,0.239854,1.38963,0.294224,0.711323,,,4.15702,0.0112159,-0.0084771,999,,,,,,,66.60000000000002,3.9176470588235306,66,3.8823529411764706,,,,,,,,,,,,,,,,,,,"Sam Moll","14874",594580
"Trevor McDonald","SFG",1,1,0,3.92654,20,0,0,0,,20,85,20,9,9,2,7,,1,16,7.14856,3.12983,2.28401,0.73141,0.18418,0.0806387,0.1035410612821579,0.255987,1.34898,0.303049,0.708191,,,3.74254,0.0111408,0.0130922,999,,,,,,,79.4,3.97,82,4.1,,,,,,,,,,,,,,,,,,,"Trevor McDonald","26448",686790
"Davis Daniel","ATL",1,2,0,4.27005,21,0,0,0,,21,90,21,11,10,3,6,,1,18,7.80166,2.68145,2.90949,1.177,0.203755,0.0700313,0.13372398167848587,0.257075,1.30489,0.300129,0.703496,,,4.04932,0.011012,-0.0242033,747.5900268554688,,,,,,,78.9,3.7571428571428576,81,3.857142857142857,,,,,,,,,,,,,,,,,,,"Davis Daniel","27582",669721
"Daniel Robert","PHI",1,1,0,4.2916,19,0,0,0,,19,81,17,10,9,2,8,,1,18,8.77691,3.6813,2.38419,1.17376,0.225653,0.0946457,0.13100754469633102,0.241039,1.33322,0.290912,0.708228,,,4.27828,0.0108079,-0.0252367,999,,,,,,,80.8,4.252631578947368,78,4.105263157894737,,,,,,,,,,,,,,,,,,,"Daniel Robert","21229",642016
"Fraser Ellard","CHW",1,1,0,4.18913,13,0,0,0,,13,57,11,7,6,1,7,,1,14,9.45157,4.84386,1.95125,0.975606,0.240172,0.123086,0.11708582192659378,0.229779,1.40634,0.290024,0.717696,,,4.16288,0.0106549,-0.0270361,750.6699829101562,,,,,,,59.300000000000004,4.561538461538462,56,4.3076923076923075,,,,,,,,,,,,,,,,,,,"Fraser Ellard","29530",686642
"Ryan Fernandez","STL",1,2,0,4.05028,25,0,0,0,,25,107,24,12,11,3,10,,1,24,8.72059,3.71622,2.34663,0.976193,0.224695,0.0957523,0.12894251197576523,0.247152,1.36823,0.303761,0.722692,,,3.88377,0.0104784,-0.00548459,666.4099731445312,,,,,,,100.69999999999999,4.028,101,4.04,,,,,,,,,,,,,,,,,,,"Ryan Fernandez","24862",681676
"Brent Headrick","NYY",1,1,0,4.17687,21,0,0,0,,21,88,19,11,10,3,8,,1,22,9.4731,3.22999,2.93285,1.32324,0.249677,0.0851312,0.16454613208770752,0.237277,1.26416,0.289886,0.717842,,,4.07816,0.00990701,-0.0358008,999,,,,,,,86.1,4.1,83,3.9523809523809526,,,,,,,,,,,,,,,,,,,"Brent Headrick","27702",687396
"Josiah Gray","WSN",1,1,0,4.8142,8,1,0,0,,11,48,11,6,6,2,5,,0,10,8.24246,3.71813,2.21683,1.48751,0.211763,0.0955251,0.11623771488666534,0.248354,1.37463,0.285344,0.693821,,,4.74748,0.0098983,0.0245571,999,,,,,,,33.2,3.0181818181818185,34,3.090909090909091,,,,,,,,,,,,,,,,,,,"Josiah Gray","24580",680686
"Brian Van Belle","CIN",0,0,0,4.1974,6,0,0,0,,6,25,5,3,3,1,2,,0,6,8.91153,3.81189,2.33783,1.01181,0.221719,0.0948399,0.12687946110963821,0.23201,1.34923,0.281673,0.695604,,,3.97981,0.00985883,0.00215308,999,,,,,,,25.10000000000001,4.1833333333333345,23,3.8333333333333335,,,,,,,,,,,,,,,,,,,"Brian Van Belle","sa3014925",687003
"Joel Payamps","MIL",0,1,0,3.82851,9,0,0,0,,9,39,9,4,4,1,3,,0,9,8.64871,2.7512,3.14361,1.1794,0.229764,0.0730893,0.15667493641376495,0.240309,1.22671,0.288244,0.732645,,,3.90148,0.00969481,0.0105445,498.67999267578125,,,,,,,39.90000000000001,4.4333333333333345,41,4.555555555555555,,,,,,,,,,,,,,,,,,,"Joel Payamps","14332",606303
"Edgardo Henriquez","LAD",1,0,0,4.30018,11,0,0,0,,11,49,10,6,5,1,6,,0,12,9.57279,4.90276,1.95253,1.06184,0.243974,0.124953,0.11902094632387161,0.232233,1.42496,0.2922,0.718865,,,4.1855,0.00959716,-0.0254649,999,,,,,,,49.10000000000001,4.463636363636365,48,4.363636363636363,,,,,,,,,,,,,,,,,,,"Edgardo Henriquez","26944",683618
"Tim Mayza","PIT",1,1,0,4.12152,14,0,0,0,,14,62,15,7,7,1,5,,1,11,7.10588,2.88189,2.4657,0.933009,0.182933,0.0741913,0.10874195396900177,0.26519,1.37042,0.308621,0.712202,,,3.90666,0.00910849,-0.00293246,999,,,,,,,56.30000000000001,4.021428571428572,61,4.357142857142857,,,,,,,,,,,,,,,,,,,"Tim Mayza","15042",641835
"Josh White","MIA",0,0,0,4.1974,12,0,0,0,,12,52,11,6,5,1,5,,1,12,8.91153,3.81189,2.33783,1.01181,0.221719,0.0948399,0.12687944620847702,0.23201,1.34923,0.281673,0.695604,,,3.97981,0.00898552,-0.00244941,999,,,,,,,53.90000000000001,4.491666666666668,53,4.416666666666667,,,,,,,,,,,,,,,,,,,"Josh White","sa3019953",687985
"Jackson Rutledge","WSN",1,2,0,4.41983,30,0,0,6,,30,130,28,16,15,4,14,,2,28,8.55412,4.24406,2.01555,1.10069,0.215763,0.107049,0.10871364176273346,0.246293,1.42248,0.297192,0.710231,,,4.3922,0.00883221,-0.0632451,999,,,,,,,132,4.4,130,4.333333333333333,,,,,,,,,,,,,,,,,,,"Jackson Rutledge","26215",671131
"Yosver Zulueta","CIN",1,1,0,4.49272,21,0,0,0,,21,93,20,11,10,2,11,,1,20,8.61894,4.64545,1.85535,0.916325,0.214431,0.115574,0.09885662794113159,0.250423,1.48835,0.308347,0.702738,,,4.23049,0.00882207,-0.00704765,999,,,,,,,82.80000000000001,3.9428571428571435,83,3.9523809523809526,,,,,,,,,,,,,,,,,,,"Yosver Zulueta","27765",691172
"Eric Reyzelman","NYY",0,0,0,4.1974,7,0,0,0,,7,30,6,4,3,1,3,,0,7,8.91153,3.81189,2.33783,1.01181,0.221719,0.0948399,0.12687945365905762,0.23201,1.34923,0.281673,0.695604,,,3.97981,0.00852939,-0.0223077,999,,,,,,,28.900000000000013,4.128571428571431,27,3.857142857142857,,,,,,,,,,,,,,,,,,,"Eric Reyzelman","sa3020611",801432
"Brandon Waddell","NYM",0,0,0,4.1974,13,0,0,0,,13,60,12,7,6,2,6,,1,13,8.91153,3.81189,2.33783,1.01181,0.221719,0.0948399,0.12687945365905762,0.23201,1.34923,0.281673,0.695604,,,3.97981,0.0084695,-0.0314938,999,,,,,,,45.39999999999999,3.4923076923076914,44,3.3846153846153846,,,,,,,,,,,,,,,,,,,"Brandon Waddell","18347",663399
"Jacob Webb","TEX",1,2,0,4.29942,28,0,0,4,,28,120,25,15,13,4,12,,1,27,8.55139,3.81486,2.2416,1.21041,0.222573,0.0992921,0.12328130006790161,0.234206,1.31385,0.27823,0.705954,,,4.32561,0.00835263,-0.0582457,746.3400268554688,,,,,,,124.00000000000006,4.428571428571431,119,4.25,,,,,,,,,,,,,,,,,,,"Jacob Webb","19274",657097
"T.J. McFarland","ATH",1,2,0,4.37089,30,0,1,7,,30,133,32,16,15,3,10,,2,21,6.23017,3.06371,2.03354,0.898232,0.158011,0.0777026,0.08030849695205688,0.265966,1.39481,0.30091,0.690729,,,4.23332,0.0079582,-0.102124,999,,,,,,,140.89999999999998,4.696666666666666,150,5,,,,,,,,,,,,,,,,,,,"T.J. McFarland","3237",519008
"Wikelman González","CHW",1,1,0,4.6694,26,0,0,2,,26,115,24,15,13,3,14,,2,26,8.91917,4.81884,1.8509,1.01321,0.223241,0.120612,0.10262859612703323,0.242308,1.46604,0.298878,0.689454,,,4.34799,0.00772436,-0.116325,999,,,,,,,105.1,4.042307692307692,103,3.9615384615384617,,,,,,,,,,,,,,,,,,,"Wikelman Gonzalez","26641",682790
"Kendall Graveman","ARI",2,1,0,3.97438,26,0,0,2,,26,115,24,13,12,3,12,,2,25,8.48431,4.22712,2.00711,1.01034,0.215638,0.107437,0.10820085555315018,0.242796,1.40277,0.294401,0.740821,,,4.23045,0.00767369,0.0099607,749.8499755859375,,,,,,,109.1,4.196153846153846,107,4.115384615384615,,,,,,,,,,,,,,,,,,,"Kendall Graveman","15514",608665
"Matt Krook","CLE",0,0,0,4.1974,12,0,0,0,,12,52,11,6,5,1,5,,1,12,8.91153,3.81189,2.33783,1.01181,0.221719,0.0948399,0.12687944620847702,0.23201,1.34923,0.281673,0.695604,,,3.97981,0.00723708,-0.0138365,999,,,,,,,53.90000000000001,4.491666666666668,53,4.416666666666667,,,,,,,,,,,,,,,,,,,"Matt Krook","19315",640454
"Juan Morillo","ARI",0,0,0,4.1974,28,0,0,4,,28,124,26,14,13,3,12,,1,28,8.91153,3.81189,2.33783,1.01181,0.221719,0.0948399,0.12687946110963821,0.23201,1.34924,0.281673,0.695604,,,3.97981,0.00691654,-0.00994508,999,,,,,,,135.70000000000005,4.846428571428573,134,4.785714285714286,,,,,,,,,,,,,,,,,,,"Juan Morillo","21924",666661
"Luis Contreras","HOU",1,1,0,4.40154,24,0,0,0,,24,104,22,13,12,3,11,,1,24,9.0617,3.96701,2.28426,1.19954,0.231909,0.101525,0.1303844153881073,0.244138,1.38069,0.297673,0.711084,,,4.26467,0.00667704,-0.0605043,999,,,,,,,95.50000000000001,3.9791666666666674,93,3.875,,,,,,,,,,,,,,,,,,,"Luis Contreras","25839",664351
"Eduarniel Núñez","SDP",0,0,0,4.1974,10,0,0,0,,10,45,9,5,5,1,4,,1,10,8.91153,3.81189,2.33783,1.01181,0.221719,0.0948399,0.12687943875789642,0.23201,1.34923,0.281673,0.695604,,,3.97981,0.00648852,-0.0122044,999,,,,,,,43.300000000000004,4.33,42,4.2,,,,,,,,,,,,,,,,,,,"Eduarniel Nunez","sa3005284",674384
"Franco Aleman","CLE",1,1,0,3.94736,8,0,0,0,,8,36,8,4,4,1,3,,1,8,8.82658,3.34783,2.63651,1.03011,0.229366,0.086996,0.14236968755722046,0.242563,1.30388,0.297609,0.723258,,,3.89895,0.00643872,-0.00922432,999,,,,,,,30.100000000000005,3.7625000000000006,31,3.875,,,,,,,,,,,,,,,,,,,"Franco Aleman","sa3018178",680916
"Luis Guerrero","BOS",2,2,0,4.4926,28,0,0,4,,28,123,25,15,14,3,14,,2,28,9.05728,4.60776,1.96566,0.94091,0.231279,0.11766,0.11361899226903915,0.231221,1.3872,0.288178,0.680681,,,4.11527,0.00634092,-0.0330772,747.9099731445312,,,,,,,129.30000000000004,4.617857142857145,125,4.464285714285714,,,,,,,,,,,,,,,,,,,"Luis Guerrero","31184",692285
"Grant Holman","ATH",1,1,0,4.04843,13,0,0,0,,13,54,12,6,6,1,5,,1,11,7.89956,3.61149,2.18734,0.96768,0.204795,0.0936274,0.11116759479045868,0.24183,1.32947,0.287658,0.712951,,,4.05606,0.00630267,0.00276073,745.9000244140625,,,,,,,56.7,4.361538461538462,56,4.3076923076923075,,,,,,,,,,,,,,,,,,,"Grant Holman","30002",680880
"Tyler Owens","DET",1,1,0,4.5398,21,0,0,0,,21,91,21,12,11,2,7,,1,17,7.08801,3.0199,2.3471,0.966821,0.182438,0.0777294,0.10470913350582123,0.259794,1.35688,0.30099,0.670207,,,4.04855,0.00613797,-0.0713176,999,,,,,,,86.20000000000002,4.104761904761905,89,4.238095238095238,,,,,,,,,,,,,,,,,,,"Tyler Owens","26030",687074
"Josh Winckowski","BOS",0,0,0,4.06086,6,0,0,0,,6,27,6,3,3,1,2,,0,5,7.34713,3.03796,2.41844,0.973749,0.18887,0.0780957,0.11077403277158737,0.262509,1.37336,0.307029,0.722586,,,3.97388,0.00605866,-0.000718373,999,,,,,,,20.500000000000007,3.416666666666668,21,3.5,,,,,,,,,,,,,,,,,,,"Josh Winckowski","22387",670174
"Ty Madden","DET",0,0,0,4.18031,7,0,0,0,,7,31,7,4,3,1,3,,0,7,8.41412,3.45352,2.43639,1.12726,0.218506,0.0896844,0.1288217306137085,0.245545,1.33081,0.293835,0.714817,,,4.09368,0.00584286,-0.0237725,999,,,,,,,26.300000000000015,3.7571428571428593,27,3.857142857142857,,,,,,,,,,,,,,,,,,,"Ty Madden","30140",680744
"Samy Natera Jr.","LAA",0,0,0,4.1974,5,0,0,0,,5,23,5,3,2,1,2,,0,5,8.91153,3.81189,2.33783,1.01181,0.221719,0.0948399,0.12687946110963821,0.23201,1.34924,0.281673,0.695604,,,3.97981,0.00583417,-0.0187843,999,,,,,,,15.7,3.1399999999999997,16,3.2,,,,,,,,,,,,,,,,,,,"Samy Natera Jr.","sa3020862",696519
"Zak Kent","CLE",1,1,0,4.11076,16,0,0,0,,16,69,15,8,7,2,7,,1,15,8.57458,3.78978,2.26255,1.01574,0.219803,0.0971484,0.12265508621931076,0.248089,1.38122,0.302109,0.7233,,,4.02536,0.0057872,-0.0184486,999,,,,,,,60.80000000000001,3.8000000000000007,60,3.75,,,,,,,,,,,,,,,,,,,"Zak Kent","25703",687849
"Kyle Amendt","ARI",1,1,0,3.90177,14,0,0,0,,14,59,12,6,6,1,7,,0,14,9.50149,4.44565,2.13726,0.955996,0.244458,0.114379,0.1300787255167961,0.233242,1.37916,0.295823,0.737887,,,3.91035,0.00576901,0.0257339,999,,,,,,,67.10000000000002,4.7928571428571445,64,4.571428571428571,,,,,,,,,,,,,,,,,,,"Kyle Amendt","sa3022904",694900
"Kyle Nelson","ARI",1,1,0,4.15016,10,0,0,0,,10,45,10,5,5,1,4,,0,10,8.48142,3.41282,2.48517,1.11702,0.219568,0.0883513,0.13121648877859116,0.247881,1.33827,0.297925,0.718794,,,4.06808,0.00563474,-0.00355181,999,,,,,,,43.7,4.37,45,4.5,,,,,,,,,,,,,,,,,,,"Kyle Nelson","20515",669459
"Nate Pearson","CHC",1,1,0,4.24832,26,0,0,0,,26,112,24,13,12,4,10,,1,27,9.34884,3.58838,2.60531,1.27562,0.242581,0.0931102,0.1494704931974411,0.239616,1.31745,0.292798,0.718814,,,4.17945,0.00537901,-0.0267369,703.52001953125,,,,,,,101.79999999999998,3.915384615384615,99,3.8076923076923075,,,,,,,,,,,,,,,,,,,"Nate Pearson","20160",663878
"Kevin Herget","ATL",1,1,0,4.21339,23,0,0,0,,23,96,22,12,11,3,6,,1,20,7.716,2.52886,3.05118,1.31729,0.203634,0.0667394,0.1368943154811859,0.252491,1.26391,0.289546,0.712983,,,4.21047,0.00532862,-0.0250531,999,,,,,,,95.10000000000001,4.1347826086956525,95,4.130434782608695,,,,,,,,,,,,,,,,,,,"Kevin Herget","15369",643361
"Yerry De los Santos","NYY",1,1,0,4.23219,18,0,0,0,,18,77,18,9,8,2,6,,1,14,7.28533,3.07606,2.3684,1.05273,0.188662,0.0796582,0.10900425165891647,0.254538,1.33541,0.294458,0.703515,,,4.13332,0.00515532,-0.0172735,999,,,,,,,68.80000000000003,3.8222222222222237,71,3.9444444444444446,,,,,,,,,,,,,,,,,,,"Yerry De los Santos","21420",660787
"Marc Church","TEX",1,1,0,4.48437,20,0,0,0,,20,86,19,11,10,2,9,,0,21,9.50487,4.28832,2.21645,1.13417,0.242643,0.109473,0.13316930830478668,0.244995,1.42076,0.306217,0.706539,,,4.0913,0.00457399,-0.0505046,597.5900268554688,,,,,,,89,4.45,89,4.45,,,,,,,,,,,,,,,,,,,"Marc Church","26353",687847
"James McArthur","KCR",0,0,0,4.09085,5,0,0,0,,5,22,5,3,2,1,2,,0,5,7.99779,3.05339,2.61931,0.965405,0.206992,0.0790253,0.1279667764902115,0.253776,1.3289,0.303873,0.708252,,,3.86833,0.00456774,-0.0164827,750.3800048828125,,,,,,,15.7,3.1399999999999997,16,3.2,,,,,,,,,,,,,,,,,,,"James McArthur","21527",663704
"Robinson Piña","MIA",0,0,0,4.1974,6,0,0,0,,6,28,6,3,3,1,3,,0,6,8.91153,3.81189,2.33783,1.01181,0.221719,0.0948399,0.12687945365905762,0.23201,1.34923,0.281673,0.695604,,,3.97981,0.00449276,-0.0012247,999,,,,,,,19.500000000000007,3.2500000000000013,20,3.3333333333333335,,,,,,,,,,,,,,,,,,,"Robinson Pina","23091",673820
"Gavin Hollowell","CHC",1,1,0,4.20951,18,0,0,0,,18,80,16,9,9,2,9,,1,20,9.67715,4.29604,2.25257,0.958728,0.248116,0.110148,0.13796842843294144,0.23453,1.36892,0.299662,0.705474,,,3.90106,0.00445197,-0.0185102,999,,,,,,,77.00000000000003,4.2777777777777795,74,4.111111111111111,,,,,,,,,,,,,,,,,,,"Gavin Hollowell","25427",668970
"Ryan Johnson","LAA",0,0,0,4.19039,8,0,0,0,,8,34,8,4,4,1,3,,0,8,8.76631,3.53894,2.4771,1.18805,0.225961,0.0912199,0.13474074751138687,0.249467,1.36046,0.301399,0.726723,,,4.13883,0.00440284,-0.0055518,999,,,,,,,33.10000000000001,4.137500000000001,34,4.25,,,,,,,,,,,,,,,,,,,"Ryan Johnson","35325",696270
"Zack Thompson","STL",1,1,0,4.22568,12,0,0,0,,12,54,12,6,6,2,6,,1,13,9.23467,4.36388,2.11616,1.09222,0.234605,0.110864,0.12374155968427658,0.242016,1.41401,0.300098,0.726351,,,4.19963,0.00404061,-0.0101927,999,,,,,,,38.000000000000014,3.166666666666668,39,3.25,,,,,,,,,,,,,,,,,,,"Zack Thompson","25918",668868
"Jaden Hill","COL",1,1,0,4.69058,18,0,0,0,,18,78,18,10,9,2,8,,1,17,8.91023,3.85967,2.30855,1.10168,0.222708,0.0964712,0.12623708695173264,0.259934,1.45093,0.319072,0.691204,,,4.22186,0.00402771,-0.00517793,999,,,,,,,68.80000000000003,3.8222222222222237,71,3.9444444444444446,,,,,,,,,,,,,,,,,,,"Jaden Hill","30250",677955
"José Leclerc","ATH",1,1,0,4.18847,11,0,0,0,,11,48,10,6,5,2,5,,1,13,10.155,4.27407,2.37596,1.21857,0.262451,0.110461,0.1519896537065506,0.228606,1.33729,0.289794,0.724414,,,4.15461,0.00373471,-0.0266605,595.3599853515625,,,,,,,38.80000000000001,3.5272727272727282,37,3.3636363636363638,,,,,,,,,,,,,,,,,,,"Jose Leclerc","14524",600917
"Scott Effross","NYY",2,1,0,4.20619,22,0,0,0,,22,91,21,11,10,3,7,,1,18,7.49303,2.73022,2.74448,1.19491,0.19709,0.0718134,0.12527676671743393,0.249677,1.27169,0.286838,0.703338,,,4.1693,0.00364272,-0.0211121,999,,,,,,,83.30000000000001,3.786363636363637,83,3.772727272727273,,,,,,,,,,,,,,,,,,,"Scott Effross","18384",664123
"Elvis Peguero","MIL",1,1,0,3.97967,18,0,0,0,,18,79,17,9,8,2,8,,1,16,7.8173,3.95208,1.97802,0.874736,0.199457,0.100836,0.09862041473388672,0.247917,1.39838,0.296907,0.727033,,,4.05353,0.00330375,-0.00994793,750.5599975585938,,,,,,,69.40000000000002,3.8555555555555565,69,3.8333333333333335,,,,,,,,,,,,,,,,,,,"Elvis Peguero","21652",665625
"Mason Montgomery","TBR",1,2,0,4.23302,30,0,1,7,,30,128,28,15,14,4,12,,1,33,9.76756,3.56584,2.73921,1.27445,0.254505,0.0929119,0.16159284859895706,0.240242,1.31637,0.29907,0.720079,,,4.04336,0.00327632,-0.0552387,588.3099975585938,,,,,,,160,5.333333333333333,158,5.266666666666667,,,,,,,,,,,,,,,,,,,"Mason Montgomery","29770",682254
"Anthony Gose","ARI",0,0,0,4.1974,13,0,0,0,,13,56,12,7,6,1,5,,1,12,8.91153,3.81189,2.33783,1.01181,0.221719,0.0948399,0.12687943875789642,0.23201,1.34924,0.281673,0.695604,,,3.97981,0.00321125,-0.0198422,999,,,,,,,58.7,4.515384615384615,58,4.461538461538462,,,,,,,,,,,,,,,,,,,"Anthony Gose","5097",543238
"Chris Murphy","BOS",0,0,0,4.33119,7,0,0,0,,7,29,7,3,3,1,3,,0,6,8.14866,3.64677,2.23449,1.04741,0.209159,0.0936049,0.11555422097444534,0.252336,1.38732,0.301617,0.705845,,,4.08278,0.00318472,0.0141435,999,,,,,,,24.3,3.4714285714285715,25,3.5714285714285716,,,,,,,,,,,,,,,,,,,"Chris Murphy","26214",669684
"Dylan Dodd","ATL",1,1,0,4.38204,29,0,0,4,,29,123,30,15,14,4,9,,1,23,7.29064,2.66905,2.73155,1.15592,0.188502,0.069009,0.11949267983436584,0.267602,1.35981,0.308038,0.70388,,,4.09267,0.00310029,-0.0276008,999,,,,,,,119.40000000000003,4.117241379310346,125,4.310344827586207,,,,,,,,,,,,,,,,,,,"Dylan Dodd","29928",689266
"Trent Harris","SFG",0,0,0,4.1974,21,0,0,0,,21,93,19,11,10,2,9,,1,21,8.91153,3.81189,2.33783,1.01181,0.221719,0.0948399,0.12687945365905762,0.23201,1.34924,0.281673,0.695604,,,3.97981,0.003079,-0.0353393,999,,,,,,,93.4,4.447619047619048,91,4.333333333333333,,,,,,,,,,,,,,,,,,,"Trent Harris","sa3022526",805345
"Cionel Pérez","BAL",0,0,0,4.04401,8,0,0,0,,8,35,8,4,4,1,4,,0,7,8.01207,4.50999,1.77652,0.703607,0.201364,0.113348,0.0880163162946701,0.24731,1.45724,0.302981,0.718832,,,3.9711,0.00292569,-0.0109773,750.2000122070312,,,,,,,28.100000000000005,3.5125000000000006,29,3.625,,,,,,,,,,,,,,,,,,,"Cionel Perez","19614",672335
"Zack Kelly","BOS",2,1,0,4.1633,25,0,1,0,,25,107,22,12,11,3,12,,1,25,9.28784,4.22362,2.19902,1.10734,0.237846,0.10816,0.1296858862042427,0.236298,1.36968,0.292747,0.723941,,,4.19163,0.00288409,0.0119309,999,,,,,,,106.89999999999999,4.276,102,4.08,,,,,,,,,,,,,,,,,,,"Zack Kelly","20349",677161
"Justin Wrobleski","LAD",1,1,0,4.49457,15,0,0,0,,15,66,15,8,8,2,6,,1,14,7.90637,3.28091,2.40981,1.22243,0.204197,0.0847359,0.11946143209934235,0.25389,1.35478,0.29606,0.697184,,,4.28514,0.00280668,-0.0290293,738.22998046875,,,,,,,54.400000000000006,3.626666666666667,56,3.7333333333333334,,,,,,,,,,,,,,,,,,,"Justin Wrobleski","31204",680736
"Emiliano Teodo","TEX",0,0,0,4.2357,7,0,0,0,,7,30,6,3,3,1,4,,0,7,9.37152,4.78152,1.95994,0.968864,0.237269,0.121059,0.11621014028787613,0.234764,1.42403,0.295837,0.716609,,,4.14511,0.00270106,0.00902651,712.4400024414062,,,,,,,25.900000000000013,3.700000000000002,24,3.4285714285714284,,,,,,,,,,,,,,,,,,,"Emiliano Teodo","sa3015158",693713
"Collin Snider","SEA",1,1,0,4.00246,22,0,0,0,,22,94,21,11,10,3,9,,1,19,7.86479,3.54351,2.2195,1.08627,0.202868,0.0914027,0.1114652156829834,0.248962,1.35836,0.293027,0.735649,,,4.19075,0.00268166,-0.0439681,735.75,,,,,,,79.30000000000001,3.604545454545455,79,3.590909090909091,,,,,,,,,,,,,,,,,,,"Collin Snider","23307",676092
"Tyler Ivey","HOU",0,0,0,4.1974,4,0,0,0,,4,19,4,2,2,0,2,,0,4,8.91153,3.81189,2.33783,1.01181,0.221719,0.0948399,0.12687945365905762,0.23201,1.34924,0.281673,0.695604,,,3.97981,0.00262393,-0.00480179,999,,,,,,,21.200000000000003,5.300000000000001,22,5.5,,,,,,,,,,,,,,,,,,,"Tyler Ivey","20237",663959
"Ken Waldichuk","ATH",1,1,1,5.09879,9,2,0,0,,16,69,15,10,9,3,7,,1,15,8.51553,4.31249,1.97462,1.48381,0.212637,0.107685,0.10495179891586304,0.253227,1.46593,0.29504,0.688305,,,4.9804,0.00226979,0.0172604,999,,,,,,,48.5,3.03125,47,2.9375,,,,,,,,,,,,,,,,,,,"Ken Waldichuk","27681",686610
"Jacob Waguespack","TBR",1,1,0,4.15002,11,0,0,0,,11,49,11,6,5,1,5,,0,12,9.1024,3.74703,2.42923,1.10099,0.235365,0.0968887,0.13847608119249344,0.242409,1.34746,0.298731,0.719481,,,4.00605,0.00205772,-0.0338616,999,,,,,,,49.50000000000001,4.500000000000001,51,4.636363636363637,,,,,,,,,,,,,,,,,,,"Jacob Waguespack","18318",621097
"Luinder Avila","KCR",1,1,0,4.42884,9,0,0,0,,9,41,9,5,5,1,4,,1,8,7.55545,3.89951,1.93754,0.872806,0.190308,0.0982212,0.09208644181489944,0.257473,1.44233,0.3058,0.69453,,,4.12898,0.00190437,-0.0177506,999,,,,,,,31.900000000000013,3.544444444444446,33,3.6666666666666665,,,,,,,,,,,,,,,,,,,"Luinder Avila","sa3006507",679883
"Brandyn Garcia","SEA",1,1,0,3.87252,10,0,0,0,,10,41,9,4,4,1,4,,1,9,8.17705,3.62088,2.25831,0.910335,0.211098,0.0934762,0.11762159317731857,0.241423,1.32845,0.291883,0.725248,,,3.97201,0.00188982,0.0135593,999,,,,,,,41.300000000000004,4.130000000000001,40,4,,,,,,,,,,,,,,,,,,,"Brandyn Garcia","sa3022951",805299
"Tyson Miller","CHC",0,0,0,3.95679,5,0,0,0,,5,22,5,3,2,1,2,,0,5,8.12551,2.83384,2.86732,1.13924,0.215427,0.0751318,0.14029481261968613,0.238227,1.22491,0.280745,0.713028,,,4.02319,0.00187299,-0.0209065,749.780029296875,,,,,,,15.7,3.1399999999999997,16,3.2,,,,,,,,,,,,,,,,,,,"Tyson Miller","19976",668338
"Bryan Hoeing","SDP",1,1,0,4.11129,28,0,0,4,,28,118,27,14,13,3,9,,1,22,7.16238,2.75839,2.59658,1.05204,0.188126,0.0724513,0.11567442119121552,0.251647,1.28503,0.289548,0.703148,,,4.02379,0.00183112,-0.0341724,999,,,,,,,130.10000000000002,4.646428571428572,131,4.678571428571429,,,,,,,,,,,,,,,,,,,"Bryan Hoeing","26304",663773
"Brooks Kriske","CHC",0,0,0,4.1974,4,0,0,0,,4,19,4,2,2,0,2,,0,4,8.91153,3.81189,2.33783,1.01181,0.221719,0.0948399,0.12687945365905762,0.23201,1.34924,0.281673,0.695604,,,3.97981,0.0016212,-0.00411338,999,,,,,,,21.200000000000003,5.300000000000001,22,5.5,,,,,,,,,,,,,,,,,,,"Brooks Kriske","21189",621139
"Justin Hagenman","NYM",0,1,0,4.44403,18,0,0,0,,18,75,17,9,9,3,6,,1,16,8.37531,2.86138,2.92702,1.2833,0.218784,0.0747465,0.14403777569532394,0.254149,1.30951,0.300167,0.696281,,,4.11876,0.00154165,-0.0214643,999,,,,,,,63.10000000000001,3.505555555555556,62,3.4444444444444446,,,,,,,,,,,,,,,,,,,"Justin Hagenman","21546",663795
"Connor Thomas","MIL",0,0,0,4.23089,3,0,0,0,,3,13,3,2,1,0,1,,0,2,6.88274,2.77606,2.47932,1.01341,0.176648,0.0712484,0.10539927333593369,0.268226,1.37509,0.307824,0.709773,,,4.06276,0.0014868,-0.0169133,750.489990234375,,,,,,,15.400000000000002,5.133333333333334,16,5.333333333333333,,,,,,,,,,,,,,,,,,,"Connor Thomas","25873",671162
"Cory Lewis","MIN",0,0,0,4.26311,5,0,0,0,,5,22,5,3,2,1,2,,0,5,8.59548,3.70567,2.31955,1.14552,0.222957,0.0961208,0.12683618813753128,0.245296,1.35756,0.29513,0.714528,,,4.09846,0.00135067,-0.0209741,999,,,,,,,15.7,3.1399999999999997,16,3.2,,,,,,,,,,,,,,,,,,,"Cory Lewis","sa3020702",675375
"Sean Reynolds","SDP",1,1,0,4.28417,25,0,0,0,,25,111,24,13,12,3,13,,1,27,9.76079,4.6388,2.10416,0.986463,0.245164,0.116514,0.12865003943443298,0.24391,1.45417,0.31234,0.720184,,,4.05135,0.00134437,-0.0465522,999,,,,,,,97.69999999999999,3.9079999999999995,98,3.92,,,,,,,,,,,,,,,,,,,"Sean Reynolds","22253",669308
"Colten Brewer","NYY",1,1,0,4.43598,13,0,0,0,,13,55,12,7,6,2,5,,1,12,8.33605,3.82805,2.17762,1.19884,0.213174,0.097893,0.11528114229440689,0.247066,1.38022,0.292885,0.707422,,,4.39003,0.0011185,-0.0281057,999,,,,,,,46.39999999999999,3.5692307692307685,45,3.4615384615384617,,,,,,,,,,,,,,,,,,,"Colten Brewer","12997",605155
"Wandy Peralta","SDP",2,1,0,3.70665,27,0,0,2,,27,116,24,12,11,3,11,,2,23,7.56122,3.66717,2.06187,0.944233,0.196889,0.0954905,0.10139824450016022,0.234036,1.2966,0.274771,0.738386,,,4.15805,0.0010765,0.0521025,999,,,,,,,115.5,4.277777777777778,111,4.111111111111111,,,,,,,,,,,,,,,,,,,"Wandy Peralta","14295",593974
"Miguel Díaz","SFG",0,0,0,4.1974,7,0,0,0,,7,32,7,4,3,1,3,,0,7,8.91153,3.81189,2.33783,1.01181,0.221719,0.0948399,0.12687946110963821,0.23201,1.34923,0.281673,0.695604,,,3.97981,0.00102633,-0.0222351,999,,,,,,,26.300000000000015,3.7571428571428593,27,3.857142857142857,,,,,,,,,,,,,,,,,,,"Miguel Diaz","18815",622766
"Sauryn Lao","SEA",0,0,0,4.1974,4,0,0,0,,4,19,4,2,2,0,2,,0,4,8.91153,3.81189,2.33783,1.01181,0.221719,0.0948399,0.12687945365905762,0.23201,1.34924,0.281673,0.695604,,,3.97981,0.000978653,-0.0079942,999,,,,,,,21.200000000000003,5.300000000000001,22,5.5,,,,,,,,,,,,,,,,,,,"Sauryn Lao","21922",666659
"Dylan Floro","ATH",0,0,0,4.24677,7,0,0,0,,7,28,7,3,3,1,2,,0,5,6.7945,2.81633,2.41253,1.01403,0.175773,0.0728584,0.10291493684053421,0.262775,1.35016,0.30022,0.702156,,,4.06874,0.000858205,0.00880273,999,,,,,,,25.3,3.6142857142857143,26,3.7142857142857144,,,,,,,,,,,,,,,,,,,"Dylan Floro","13394",571670
"Tyler Wells","BAL",0,0,0,4.24283,4,0,0,0,,4,18,4,2,2,1,1,,0,4,8.48256,2.6349,3.21931,1.46718,0.225941,0.070183,0.15575797110795975,0.244907,1.23659,0.284106,0.718166,,,4.25783,0.000788457,-0.00548867,999,,,,,,,11.9,2.975,12,3,,,,,,,,,,,,,,,,,,,"Tyler Wells","20000",669330
"Justin Lawrence","PIT",1,1,0,4.39725,12,0,0,0,,12,55,12,7,6,1,6,,1,12,8.57729,4.45013,1.92743,0.817592,0.214905,0.111498,0.10340651124715805,0.246719,1.44756,0.305849,0.694112,,,4.06026,0.000725486,-0.0325937,749.8900146484375,,,,,,,48.30000000000001,4.025000000000001,50,4.166666666666667,,,,,,,,,,,,,,,,,,,"Justin Lawrence","17639",664875
"Dane Dunning","TEX",0,0,0,4.3351,5,0,0,0,,5,22,5,3,2,1,2,,0,5,8.30635,3.21892,2.58048,1.16621,0.213994,0.0829279,0.13106569647789001,0.251779,1.33688,0.299517,0.703885,,,4.18027,0.000706427,-0.0203751,740.989990234375,,,,,,,15.7,3.1399999999999997,16,3.2,,,,,,,,,,,,,,,,,,,"Dane Dunning","19409",641540
"Ryan Webb","CLE",0,0,0,4.05428,6,0,0,0,,6,28,6,3,3,1,2,,0,6,8.2542,3.50234,2.35677,1.03303,0.211751,0.089848,0.12190309911966324,0.248981,1.35388,0.298983,0.724307,,,4.09789,0.000647414,-0.00691824,999,,,,,,,22.500000000000007,3.7500000000000013,23,3.8333333333333335,,,,,,,,,,,,,,,,,,,"Ryan Webb","sa3018280",669067
"Michael Tonkin","MIN",1,1,0,4.25803,20,0,0,0,,20,88,19,11,10,3,8,,1,20,8.98031,3.53839,2.53797,1.16712,0.232424,0.0915787,0.1408451348543167,0.242259,1.32352,0.295142,0.708658,,,4.119,0.000637992,-0.0527179,750.9299926757812,,,,,,,74.69999999999999,3.7349999999999994,74,3.7,,,,,,,,,,,,,,,,,,,"Michael Tonkin","10315",543859
"Zach Agnos","COL",1,2,0,4.61547,25,0,1,0,,25,107,25,14,13,4,8,,1,21,7.5164,2.97268,2.5285,1.29165,0.194005,0.0767276,0.11727780103683472,0.260077,1.35314,0.297655,0.690596,,,4.38196,0.000631356,-0.0102321,999,,,,,,,90.80000000000001,3.6320000000000006,93,3.72,,,,,,,,,,,,,,,,,,,"Zach Agnos","31552",688642
"Cristian Javier","HOU",0,0,0,4.18519,7,0,0,0,,7,28,6,3,3,1,3,,0,7,9.57728,3.79468,2.52387,1.39505,0.252467,0.100032,0.1524352878332138,0.225523,1.269,0.272776,0.725806,,,4.33025,0.000347379,0.00758722,727.489990234375,,,,,,,28.900000000000013,4.128571428571431,27,3.857142857142857,,,,,,,,,,,,,,,,,,,"Cristian Javier","17606",664299
"Jack Neely","CHC",0,0,0,4.26451,14,0,0,0,,14,58,12,7,6,2,6,,0,14,9.14352,3.68961,2.47818,1.28565,0.238748,0.0963401,0.14240773767232895,0.238401,1.32086,0.288514,0.718927,,,4.19903,0.000260037,-0.0143968,999,,,,,,,57.800000000000026,4.128571428571431,54,3.857142857142857,,,,,,,,,,,,,,,,,,,"Jack Neely","30106",680891
"Drew Smith","NYM",0,0,0,4.25987,4,0,0,0,,4,18,4,2,2,1,2,,0,4,9.14138,3.85857,2.36911,1.2832,0.237724,0.100343,0.13738061487674713,0.235746,1.32636,0.284997,0.720553,,,4.28779,0.0000613532,-0.00476985,999,,,,,,,8.9,2.225,9,2.25,,,,,,,,,,,,,,,,,,,"Drew Smith","17755",622098
"Grant Anderson","MIL",1,1,0,4.34322,26,0,0,0,,26,114,25,14,13,4,11,,1,27,9.03351,3.60055,2.50892,1.24469,0.23336,0.0930119,0.14034800976514816,0.244392,1.34238,0.296277,0.711928,,,4.19737,-0.0000718123,-0.0451813,999,,,,,,,96.19999999999999,3.6999999999999997,96,3.6923076923076925,,,,,,,,,,,,,,,,,,,"Grant Anderson","20546",681982
"Eli Morgan","CHC",1,1,0,4.19005,12,0,0,0,,12,48,11,6,5,2,4,,0,10,8.18146,2.82336,2.89778,1.30278,0.216389,0.0746743,0.14171504974365234,0.245797,1.26208,0.28654,0.713628,,,4.16221,-0.000260179,-0.0123401,999,,,,,,,43.600000000000016,3.6333333333333346,42,3.5,,,,,,,,,,,,,,,,,,,"Eli Morgan","20203",669212
"Doug Nikhazy","CLE",1,1,0,4.51837,20,1,0,0,,24,107,23,13,12,3,12,,1,23,8.34196,4.56867,1.82591,1.18849,0.211424,0.115791,0.09563294798135757,0.240876,1.431,0.285216,0.710444,,,4.58551,-0.000315249,-0.0399574,999,,,,,,,87.90000000000002,3.662500000000001,88,3.6666666666666665,,,,,,,,,,,,,,,,,,,"Doug Nikhazy","30142",680951
"Cristian Mena","ARI",0,0,0,4.43451,8,0,0,0,,8,36,8,4,4,1,3,,0,8,8.09562,3.64593,2.22045,1.14156,0.207946,0.0936504,0.11429601162672043,0.251217,1.38141,0.297021,0.702623,,,4.23872,-0.000376449,-0.00284145,999,,,,,,,33.10000000000001,4.137500000000001,34,4.25,,,,,,,,,,,,,,,,,,,"Cristian Mena","27974",691441
"Zach Penrod","LAD",0,0,0,4.19524,3,0,0,0,,3,14,3,2,1,0,2,,0,3,9.65437,6.66997,1.44744,0.64726,0.230672,0.159366,0.07130622863769531,0.226066,1.59112,0.297505,0.727605,,,4.53124,-0.000921153,-0.0182179,999,,,,,,,14.400000000000002,4.800000000000001,15,5,,,,,,,,,,,,,,,,,,,"Zach Penrod","25368",683068
"Nick Hernandez","HOU",2,1,0,4.37232,27,0,0,2,,27,116,24,14,13,4,12,,2,28,9.31968,3.90368,2.38741,1.3124,0.240521,0.100746,0.13977544754743576,0.23454,1.32538,0.28463,0.711114,,,4.40635,-0.00093473,-0.0541531,999,,,,,,,110.20000000000002,4.081481481481482,105,3.888888888888889,,,,,,,,,,,,,,,,,,,"Nick Hernandez","19281",663321
"Anthony Misiewicz","MIN",1,1,0,4.27878,19,0,0,0,,19,81,19,10,9,2,7,,1,17,8.2616,3.20387,2.57863,1.17497,0.21374,0.0828888,0.13085072487592697,0.255419,1.35422,0.303415,0.714893,,,4.09143,-0.000979885,-0.0359702,999,,,,,,,76.6,4.031578947368421,79,4.157894736842105,,,,,,,,,,,,,,,,,,,"Anthony Misiewicz","18152",664948
"Zach Maxwell","CIN",1,1,0,4.64851,7,0,0,0,,7,32,7,4,4,1,4,,0,8,9.42643,4.88155,1.93103,1.20696,0.23632,0.12238,0.11393974721431732,0.241643,1.46964,0.298648,0.708505,,,4.50368,-0.00100579,-0.0120212,999,,,,,,,25.300000000000015,3.6142857142857165,26,3.7142857142857144,,,,,,,,,,,,,,,,,,,"Zach Maxwell","sa3020255",687209
"Tyler Mattison","DET",0,0,0,4.23138,6,0,0,0,,6,27,6,3,3,1,3,,0,6,8.65954,4.2811,2.02274,1.06227,0.222264,0.109883,0.1123812273144722,0.239545,1.39234,0.290785,0.7182,,,4.1876,-0.00116082,-0.00686889,999,,,,,,,19.500000000000007,3.2500000000000013,20,3.3333333333333335,,,,,,,,,,,,,,,,,,,"Tyler Mattison","sa3018117",694331
"Cam Booser","CHW",1,2,0,4.36989,23,0,0,0,,23,99,21,12,11,3,11,,1,24,9.36537,4.18196,2.23947,1.312,0.239651,0.107012,0.13263848423957825,0.241215,1.38974,0.29422,0.727006,,,4.40573,-0.00166259,-0.0358841,999,,,,,,,90.70000000000002,3.9434782608695658,88,3.8260869565217392,,,,,,,,,,,,,,,,,,,"Cam Booser","16061",592155
"Matt Svanson","STL",1,1,0,4.51194,20,0,0,0,,20,87,21,11,10,2,8,,1,14,6.51676,3.48173,1.8717,0.788488,0.163378,0.0872882,0.07608941197395325,0.26864,1.45575,0.309826,0.683243,,,4.12066,-0.00178564,-0.0483154,999,,,,,,,69.80000000000001,3.4900000000000007,75,3.75,,,,,,,,,,,,,,,,,,,"Matt Svanson","29629",694335
"Carlos Rodriguez","MIL",0,1,0,4.35504,8,0,0,0,,8,33,7,4,4,1,3,,0,7,8.50612,3.39163,2.50798,1.30299,0.221116,0.0881651,0.13295084238052368,0.243412,1.31306,0.287136,0.708852,,,4.34688,-0.00210533,-0.0044213,999,,,,,,,33.7,4.2125,32,4,,,,,,,,,,,,,,,,,,,"Carlos Rodriguez","30161",692230
"Joey Wentz","MIN",1,2,0,4.59815,27,0,0,2,,27,117,26,15,14,4,12,,1,25,8.53195,3.91771,2.17779,1.19485,0.217109,0.0996922,0.1174166277050972,0.252758,1.41962,0.302662,0.700534,,,4.31694,-0.0021568,-0.10011,999,,,,,,,102.00000000000003,3.777777777777779,102,3.7777777777777777,,,,,,,,,,,,,,,,,,,"Joey Wentz","19962",666214
"Gabriel Hughes","COL",1,1,0,4.86384,16,0,0,0,,16,71,17,9,9,2,6,,1,13,7.47675,3.37003,2.2186,1.22982,0.188451,0.0849411,0.10350941121578217,0.271162,1.4571,0.312703,0.687063,,,4.43254,-0.00226662,-0.00764259,999,,,,,,,54.60000000000001,3.4125000000000005,59,3.6875,,,,,,,,,,,,,,,,,,,"Gabriel Hughes","sa3020661",687312
"Andrew Saalfrank","ARI",1,1,0,3.98068,19,0,0,0,,19,84,18,9,8,1,10,,1,17,7.9717,4.78342,1.66653,0.675041,0.199801,0.11989,0.0799102932214737,0.24833,1.49287,0.304531,0.729259,,,3.9595,-0.00230398,0.00855179,999,,,,,,,82.49999999999999,4.342105263157894,83,4.368421052631579,,,,,,,,,,,,,,,,,,,"Andrew Saalfrank","26203",685314
"Francis Pena","SDP",1,1,0,4.16657,14,0,0,0,,14,59,13,7,6,2,6,,1,12,7.62988,3.75096,2.03411,0.997362,0.195527,0.0961238,0.09940305352210999,0.249406,1.3837,0.293355,0.716689,,,4.19235,-0.00242475,-0.0170862,999,,,,,,,48.2,3.442857142857143,47,3.357142857142857,,,,,,,,,,,,,,,,,,,"Francis Pena","sa3019374",800212
"Chad Green","TOR",2,1,0,4.11775,26,0,0,2,,26,109,24,13,12,4,8,,1,25,8.50971,2.61856,3.24976,1.49411,0.227256,0.0699299,0.15732578933238983,0.240971,1.21492,0.278372,0.730388,,,4.31652,-0.00244319,-0.0253243,488.30999755859375,,,,,,,111.79999999999998,4.299999999999999,109,4.1923076923076925,,,,,,,,,,,,,,,,,,,"Chad Green","15552",643338
"Ryan Jensen","MIN",0,0,0,4.51405,4,0,0,0,,4,19,4,2,2,0,3,,0,4,9.20291,5.56493,1.65373,0.949437,0.228318,0.138062,0.09025602042675018,0.237497,1.52471,0.297911,0.711343,,,4.38361,-0.00285994,-0.00425865,999,,,,,,,18.200000000000003,4.550000000000001,19,4.75,,,,,,,,,,,,,,,,,,,"Ryan Jensen","sa3011496",686754
"Erik Swanson","TOR",1,0,0,4.11603,9,0,0,0,,9,40,9,5,4,2,3,,0,9,8.91085,3.08577,2.88772,1.45004,0.23528,0.081476,0.15380383282899857,0.240667,1.26509,0.283917,0.738783,,,4.31351,-0.00315697,-0.0263261,750.8699951171875,,,,,,,27.60000000000001,3.0666666666666678,28,3.111111111111111,,,,,,,,,,,,,,,,,,,"Erik Swanson","16587",657024
"Matt Bowman","BAL",0,0,0,4.55976,3,0,0,0,,3,14,3,2,2,0,1,,0,3,7.21067,3.11293,2.31636,1.30969,0.186698,0.0805998,0.10609810799360275,0.253184,1.33242,0.285108,0.692595,,,4.54447,-0.0033483,-0.0199614,999,,,,,,,17.400000000000002,5.800000000000001,18,6,,,,,,,,,,,,,,,,,,,"Matt Bowman","13528",621199
"Antonio Jimenez","SFG",0,0,0,4.30848,8,0,0,0,,8,36,8,4,4,1,3,,0,7,7.15681,3.72955,1.91895,0.894603,0.182028,0.094858,0.08716952055692673,0.25763,1.42427,0.300957,0.703382,,,4.11855,-0.00348676,-0.00745438,999,,,,,,,31.100000000000005,3.8875000000000006,32,4,,,,,,,,,,,,,,,,,,,"Antonio Jimenez","sa3008074",682607
"Nick Anderson","COL",1,1,0,4.46239,13,0,0,0,,13,58,13,7,7,2,5,,1,11,7.58159,3.21967,2.35477,1.292,0.195839,0.0831669,0.11267213523387909,0.254792,1.35269,0.291673,0.706559,,,4.44168,-0.00349983,0.00235036,750.9500122070312,,,,,,,41.8,3.215384615384615,43,3.3076923076923075,,,,,,,,,,,,,,,,,,,"Nick Anderson","18337",623433
"Nick Frasso","LAD",0,0,0,4.44138,4,0,0,0,,4,18,4,2,2,1,1,,0,3,7.29261,3.20438,2.27583,1.30483,0.188438,0.0827999,0.10563819855451584,0.255682,1.35566,0.289282,0.710742,,,4.50606,-0.00360324,-0.0035494,750.8800048828125,,,,,,,9.9,2.475,10,2.5,,,,,,,,,,,,,,,,,,,"Nick Frasso","sa3014492",693308
"Scott Blewett","BAL",2,2,0,4.42537,29,0,0,4,,29,126,30,15,14,3,11,,1,25,7.85141,3.36454,2.33358,1.04751,0.199169,0.0853494,0.11382003873586655,0.265609,1.42631,0.314786,0.705928,,,4.09181,-0.00360423,-0.055828,999,,,,,,,129.70000000000002,4.472413793103449,136,4.689655172413793,,,,,,,,,,,,,,,,,,,"Scott Blewett","16427",656240
"Max Rajcic","STL",0,0,0,4.47378,5,0,0,0,,5,22,5,3,3,1,2,,0,4,6.92061,2.89134,2.39356,1.176,0.178861,0.0747258,0.10413514077663422,0.261543,1.35191,0.295947,0.694281,,,4.30702,-0.00371717,-0.0198496,999,,,,,,,13.7,2.7399999999999998,14,2.8,,,,,,,,,,,,,,,,,,,"Max Rajcic","sa3020746",691008
"Jesse Chavez","ATL",1,1,0,4.07972,14,0,0,0,,14,59,14,7,6,2,5,,0,13,8.38846,3.1237,2.68543,1.18232,0.217746,0.0810844,0.13666170090436935,0.253948,1.33761,0.30283,0.732335,,,4.05409,-0.00385901,-0.00593226,999,,,,,,,53.60000000000003,3.8285714285714305,55,3.9285714285714284,,,,,,,,,,,,,,,,,,,"Jesse Chavez","5448",445926
"Nick Sandlin","TOR",2,2,0,3.95955,27,0,0,4,,27,116,23,13,12,4,12,,2,29,9.72895,4.09126,2.37798,1.29059,0.25369,0.106683,0.14700712263584137,0.222179,1.2858,0.273289,0.744299,,,4.33243,-0.00425509,-0.0156809,749.5,,,,,,,122.80000000000003,4.548148148148149,115,4.2592592592592595,,,,,,,,,,,,,,,,,,,"Nick Sandlin","20517",680704
"Luis Curvelo","TEX",1,0,0,4.57939,9,0,0,0,,9,40,9,5,5,1,3,,1,9,8.34451,3.36132,2.48251,1.31225,0.21664,0.0872666,0.1293736919760704,0.244022,1.3128,0.285812,0.685263,,,4.4031,-0.00441366,-0.0242823,999,,,,,,,36.90000000000001,4.100000000000001,38,4.222222222222222,,,,,,,,,,,,,,,,,,,"Luis Curvelo","sa3008169",681168
"Sam Bachman","LAA",1,1,0,4.51304,28,0,0,4,,28,125,28,15,14,4,13,,1,24,7.47115,4.08193,1.8303,1.13763,0.188451,0.102962,0.0854889526963234,0.255097,1.4501,0.294963,0.710879,,,4.54903,-0.00441906,-0.0502117,999,,,,,,,107.2,3.8285714285714287,110,3.9285714285714284,,,,,,,,,,,,,,,,,,,"Sam Bachman","29754",696147
"Ron Marinaccio","SDP",1,1,0,4.20857,15,0,0,0,,15,64,13,7,7,2,7,,1,15,9.0077,4.25303,2.11795,1.1483,0.231342,0.109229,0.12211251258850098,0.229306,1.33837,0.278853,0.715751,,,4.37907,-0.00470481,-0.0021965,999,,,,,,,58.60000000000001,3.906666666666667,55,3.6666666666666665,,,,,,,,,,,,,,,,,,,"Ron Marinaccio","23488",676760
"Jacob Wallace","KCR",0,0,0,4.64515,4,0,0,0,,4,19,4,2,2,0,2,,0,4,8.30407,5.2675,1.57647,1.01491,0.205604,0.13042,0.07518362998962402,0.246666,1.53811,0.297116,0.707923,,,4.56571,-0.00516097,-0.00121804,999,,,,,,,21.200000000000003,5.300000000000001,22,5.5,,,,,,,,,,,,,,,,,,,"Jacob Wallace","sa3010374",686608
"Bobby Miller","LAD",0,0,0,4.43747,8,0,0,0,,8,35,8,4,4,1,3,,0,8,8.54681,3.62182,2.35981,1.25851,0.2204,0.0933974,0.12700261175632477,0.245484,1.35017,0.291534,0.705339,,,4.33323,-0.00522949,-0.00709881,509.9700012207031,,,,,,,33.10000000000001,4.137500000000001,34,4.25,,,,,,,,,,,,,,,,,,,"Bobby Miller","27483",676272
"Juan Mejia","COL",1,2,0,4.78645,28,0,0,3,,28,126,29,16,15,3,13,,2,26,8.35121,4.27861,1.95185,1.108,0.206722,0.105911,0.10081109404563904,0.262201,1.50956,0.314901,0.696594,,,4.4489,-0.00547664,-0.0202071,999,,,,,,,113.90000000000003,4.067857142857144,120,4.285714285714286,,,,,,,,,,,,,,,,,,,"Juan Mejia","23237",675848
"Kade Strowd","BAL",1,1,0,4.25207,15,0,0,0,,15,64,14,8,7,2,7,,1,14,8.53591,4.05861,2.10316,1.0949,0.216335,0.102862,0.11347290873527527,0.253061,1.43686,0.30584,0.729012,,,4.21993,-0.00556591,-0.0365969,999,,,,,,,54.00000000000001,3.6000000000000005,53,3.533333333333333,,,,,,,,,,,,,,,,,,,"Kade Strowd","26191",669704
"Max Kranick","NYM",1,1,0,4.32985,16,0,0,0,,16,66,15,8,7,2,5,,1,12,7.2111,2.83943,2.53963,1.29826,0.188243,0.0741221,0.11412082612514496,0.253091,1.30155,0.285303,0.708096,,,4.4244,-0.00571142,-0.0190794,749.6300048828125,,,,,,,60.80000000000001,3.8000000000000007,60,3.75,,,,,,,,,,,,,,,,,,,"Max Kranick","22175",668820
"Ethan Roberts","CHC",1,1,0,4.27242,23,0,0,0,,23,99,22,12,11,3,9,,1,23,8.79548,3.45777,2.54368,1.24461,0.227229,0.0893308,0.13789860904216766,0.246168,1.33447,0.295836,0.717419,,,4.23555,-0.00593933,-0.0395147,999,,,,,,,92.10000000000001,4.004347826086957,92,4,,,,,,,,,,,,,,,,,,,"Ethan Roberts","24930",681799
"Michael Darrell-Hicks","PIT",1,1,0,4.7058,16,0,0,0,,16,72,17,9,9,2,6,,1,14,7.76637,3.1093,2.49778,1.17632,0.197776,0.0791806,0.11859536916017532,0.263114,1.38453,0.30735,0.679288,,,4.28627,-0.00599117,-0.0334787,999,,,,,,,56.60000000000001,3.5375000000000005,61,3.8125,,,,,,,,,,,,,,,,,,,"Michael Darrell-Hicks","31501",690382
"Easton Lucas","TOR",1,1,0,4.59185,17,0,0,0,,17,73,16,9,9,2,7,,1,15,8.27868,3.89059,2.12787,1.21229,0.211422,0.0993585,0.11206384003162384,0.249416,1.39927,0.294882,0.6977,,,4.40345,-0.00640463,-0.0357145,999,,,,,,,65.60000000000002,3.858823529411766,65,3.823529411764706,,,,,,,,,,,,,,,,,,,"Easton Lucas","26058",687922
"Eric Cerantola","KCR",0,0,0,4.62043,6,0,0,0,,6,28,6,3,3,1,4,,0,6,8.45738,5.10868,1.65549,0.995796,0.209099,0.126306,0.082792729139328,0.245041,1.51215,0.297369,0.702986,,,4.54831,-0.00738375,-0.00182706,999,,,,,,,16.500000000000007,2.7500000000000013,17,2.8333333333333335,,,,,,,,,,,,,,,,,,,"Eric Cerantola","sa3017914",672021
"Shaun Anderson","LAA",0,0,0,6,9,0,0,0,,9,42,10,6,6,1,3,,0,7,7.5,3,2.5,1.5,0.178571,0.0714286,0.1071428433060646,0.269231,1.5,0.3,0.657895,,,4.57065,-0.00741219,-0.0519555,999,,,,,,,33.30000000000001,3.700000000000001,37,4.111111111111111,,,,,,,,,,,,,,,,,,,"Shaun Anderson","19453",641312
"Tom Cosgrove","CHC",1,1,0,4.35285,20,0,0,0,,20,87,18,10,10,2,9,,2,19,8.6124,4.0658,2.11825,1.06157,0.219098,0.103433,0.11566492170095444,0.240022,1.37081,0.29087,0.700937,,,4.30577,-0.00743128,-0.0205669,999,,,,,,,81.60000000000001,4.08,79,3.95,,,,,,,,,,,,,,,,,,,"Tom Cosgrove","23443",676680
"Scott Alexander","SFG",1,1,0,4.31487,11,0,0,0,,11,50,12,6,5,1,4,,0,8,6.47437,3.22937,2.00484,0.864531,0.164337,0.0819699,0.08236658573150635,0.267974,1.42409,0.306727,0.700189,,,4.08721,-0.007503,-0.0259945,999,,,,,,,41.900000000000006,3.8090909090909095,46,4.181818181818182,,,,,,,,,,,,,,,,,,,"Scott Alexander","10591",518397
"J.P. France","HOU",1,1,0,4.3747,12,0,0,0,,12,54,12,7,6,2,5,,0,11,7.98936,3.48541,2.29223,1.2685,0.206224,0.0899664,0.1162571981549263,0.252171,1.36853,0.29355,0.717367,,,4.36746,-0.0076749,-0.0459945,999,,,,,,,40.000000000000014,3.3333333333333344,41,3.4166666666666665,,,,,,,,,,,,,,,,,,,"J.P. France","21212",641585
"Génesis Cabrera","CHC",0,0,0,4.32317,7,0,0,0,,7,32,7,4,4,1,3,,0,7,8.14096,4.07448,1.99804,1.2125,0.207358,0.103781,0.10357701033353806,0.246386,1.40411,0.289382,0.725619,,,4.51559,-0.00781037,-0.0229988,999,,,,,,,26.300000000000015,3.7571428571428593,27,3.857142857142857,,,,,,,,,,,,,,,,,,,"Genesis Cabrera","17490",650893
"Brett de Geus","PHI",1,1,0,4.77452,11,0,0,0,,11,51,12,7,6,1,5,,1,8,6.36733,3.61702,1.76038,0.905934,0.157641,0.0895494,0.06809166073799133,0.271793,1.48801,0.309117,0.676553,,,4.43969,-0.00783852,-0.0514803,999,,,,,,,35.900000000000006,3.263636363636364,40,3.6363636363636362,,,,,,,,,,,,,,,,,,,"Brett de Geus","23592",676969
"Nate Lavender","TBR",0,0,0,4.20564,10,0,0,0,,10,43,9,5,5,1,5,,1,10,8.96555,4.45555,2.01222,1.07968,0.22733,0.112974,0.11435509473085403,0.240981,1.41896,0.295807,0.728237,,,4.28234,-0.0079234,-0.0160461,999,,,,,,,40.300000000000004,4.03,39,3.9,,,,,,,,,,,,,,,,,,,"Nate Lavender","sa3017917",681320
"Jared Shuster","CHW",1,1,0,4.63316,17,0,0,0,,17,72,17,9,9,2,7,,0,13,6.94871,3.55012,1.95732,1.23729,0.177737,0.0908062,0.08693032711744308,0.258138,1.40702,0.290437,0.697756,,,4.57786,-0.00794934,-0.0305781,999,,,,,,,62.000000000000014,3.6470588235294126,64,3.764705882352941,,,,,,,,,,,,,,,,,,,"Jared Shuster","27472",694363
"Gus Varland","CHW",0,1,0,4.57363,12,0,0,0,,12,52,12,7,6,2,5,,1,11,8.15355,3.57797,2.27882,1.27163,0.207501,0.0910564,0.11644482612609863,0.257114,1.40471,0.301704,0.706221,,,4.44207,-0.00795377,-0.0416049,749.72998046875,,,,,,,37.000000000000014,3.0833333333333344,38,3.1666666666666665,,,,,,,,,,,,,,,,,,,"Gus Varland","24737",681402
"Blas Castaño","SEA",1,1,0,4.1549,11,0,0,0,,11,48,11,6,5,1,4,,1,9,6.9719,2.94315,2.36886,1.06864,0.180182,0.076063,0.10411932319402695,0.255913,1.32785,0.292333,0.711122,,,4.23028,-0.00807113,-0.0385536,999,,,,,,,43.50000000000001,3.954545454545455,45,4.090909090909091,,,,,,,,,,,,,,,,,,,"Blas Castano","26117",680604
"Devin Sweet","PHI",1,0,0,4.65055,8,0,0,0,,8,36,8,5,4,1,3,,1,8,8.98309,3.75862,2.39,1.4317,0.229821,0.0961595,0.1336614266037941,0.246611,1.37017,0.293296,0.704608,,,4.5839,-0.00830981,-0.0346923,999,,,,,,,30.100000000000005,3.7625000000000006,31,3.875,,,,,,,,,,,,,,,,,,,"Devin Sweet","25348",682967
"Hunter Bigge","TBR",0,1,0,4.39613,13,0,0,0,,13,58,12,7,7,2,6,,1,14,9.57523,3.88664,2.46363,1.37481,0.248444,0.100845,0.1475990116596222,0.235641,1.32896,0.287347,0.715654,,,4.35427,-0.00847968,-0.0370801,685.6300048828125,,,,,,,47.39999999999999,3.6461538461538456,46,3.5384615384615383,,,,,,,,,,,,,,,,,,,"Hunter Bigge","26259",685801
"Angel Chivilli","COL",1,2,0,4.79609,24,0,0,0,,24,105,25,14,13,3,9,,1,20,7.71101,3.557,2.16784,1.2359,0.195134,0.0900134,0.10512097924947739,0.262938,1.43333,0.304937,0.688185,,,4.47008,-0.00907246,-0.0251178,750.6599731445312,,,,,,,85.70000000000002,3.570833333333334,91,3.7916666666666665,,,,,,,,,,,,,,,,,,,"Angel Chivilli","26790",683409
"Josh Simpson","MIA",2,2,0,4.21531,29,0,0,4,,29,127,26,15,13,3,15,,1,28,8.80258,4.85792,1.81201,0.96325,0.221396,0.122183,0.09921327978372574,0.240596,1.46172,0.296674,0.726151,,,4.26316,-0.00907336,-0.0210296,999,,,,,,,134.10000000000002,4.6241379310344835,130,4.482758620689655,,,,,,,,,,,,,,,,,,,"Josh Simpson","25957",681006
"Elvis Alvarado","ATH",1,1,0,4.39803,15,0,0,0,,15,67,14,8,7,2,8,,1,15,8.78211,4.50396,1.94986,1.08737,0.222764,0.114246,0.10851818323135376,0.238758,1.41314,0.290483,0.708989,,,4.36273,-0.00908393,-0.030676,999,,,,,,,53.00000000000001,3.5333333333333337,52,3.466666666666667,,,,,,,,,,,,,,,,,,,"Elvis Alvarado","21662",665660
"Mason Thompson","WSN",1,1,0,4.34586,21,0,0,0,,21,91,21,11,10,2,9,,1,17,7.41278,3.71978,1.9928,1.04479,0.188346,0.0945131,0.09383277595043182,0.255699,1.41301,0.297517,0.710242,,,4.32247,-0.00912101,-0.0296021,999,,,,,,,80.20000000000002,3.8190476190476197,83,3.9523809523809526,,,,,,,,,,,,,,,,,,,"Mason Thompson","21850",666168
"Austin Warren","NYM",1,0,0,4.31629,7,0,0,0,,7,32,7,4,3,1,3,,0,6,7.93648,4.07474,1.94773,1.14283,0.202705,0.104072,0.09863214194774628,0.245233,1.39824,0.287532,0.718536,,,4.44224,-0.00968365,-0.0242969,999,,,,,,,24.3,3.4714285714285715,25,3.5714285714285716,,,,,,,,,,,,,,,,,,,"Austin Warren","24937",681810
"Caleb Boushley","TEX",1,1,0,4.62365,17,0,0,0,,17,73,18,10,9,3,4,,1,12,6.55943,2.34354,2.79894,1.36246,0.170427,0.06089,0.10953715071082115,0.269314,1.33295,0.296928,0.690929,,,4.46271,-0.00977727,-0.0630948,999,,,,,,,51.10000000000001,3.005882352941177,55,3.235294117647059,,,,,,,,,,,,,,,,,,,"Caleb Boushley","19736",676961
"Darren McCaughan","MIN",0,1,0,4.70057,13,0,0,0,,13,57,14,7,7,2,4,,1,11,7.57375,2.66667,2.84015,1.37983,0.195231,0.0687396,0.12649135291576385,0.26356,1.33774,0.300388,0.685635,,,4.45762,-0.0101562,-0.0295672,999,,,,,,,42.199999999999996,3.2461538461538457,46,3.5384615384615383,,,,,,,,,,,,,,,,,,,"Darren McCaughan","20038",670766
"Chris Roycroft","STL",1,2,0,4.42888,20,0,0,0,,20,90,20,11,10,2,10,,1,17,7.44522,4.30384,1.7299,0.788024,0.186076,0.107564,0.07851153612136841,0.255185,1.47522,0.303941,0.695182,,,4.17063,-0.0103962,-0.0483154,999,,,,,,,72.4,3.62,75,3.75,,,,,,,,,,,,,,,,,,,"Chris Roycroft","31261",688297
"Jesse Scholtens","CHW",0,0,0,5.42292,9,0,0,0,,9,41,10,6,6,1,3,,0,7,6.74801,3.34902,2.01492,1.37446,0.170172,0.0844559,0.0857158675789833,0.277415,1.48932,0.308665,0.65415,,,4.69283,-0.0104718,-0.0541635,999,,,,,,,33.30000000000001,3.700000000000001,37,4.111111111111111,,,,,,,,,,,,,,,,,,,"Jesse Scholtens","19205",669947
"Cody Poteet","BAL",0,0,0,4.4041,10,0,0,0,,10,43,10,5,5,1,4,,0,9,8.02562,3.20329,2.50543,1.29324,0.207932,0.0829925,0.12493911385536194,0.254203,1.34779,0.295897,0.711564,,,4.3154,-0.0105407,-0.0137217,750.1300048828125,,,,,,,41.7,4.17,43,4.3,,,,,,,,,,,,,,,,,,,"Cody Poteet","18769",547001
"Alek Jacob","SDP",1,0,0,4.24002,21,0,0,0,,21,91,20,11,10,3,8,,1,20,8.48604,3.35481,2.52951,1.27332,0.21808,0.0862141,0.13186562061309814,0.249909,1.34229,0.296244,0.725569,,,4.35638,-0.0106374,-0.0416655,999,,,,,,,79.5,3.7857142857142856,79,3.761904761904762,,,,,,,,,,,,,,,,,,,"Alek Jacob","29628",689690
"Tayler Saucedo","SEA",1,1,0,3.98887,23,0,0,0,,23,101,21,11,10,2,11,,1,21,8.06014,4.09627,1.96768,0.956196,0.206256,0.104822,0.10143392533063889,0.240149,1.37484,0.287655,0.728402,,,4.1977,-0.0107946,-0.029304,999,,,,,,,97.00000000000003,4.217391304347827,95,4.130434782608695,,,,,,,,,,,,,,,,,,,"Tayler Saucedo","17888",642048
"Luarbert Arias","MIA",0,1,0,4.80704,8,0,0,0,,8,35,8,5,4,1,3,,0,7,8.02021,3.47434,2.30841,1.34043,0.202778,0.0878432,0.11493484675884247,0.262794,1.42338,0.30558,0.693753,,,4.56643,-0.0108574,-0.0316095,999,,,,,,,31.100000000000005,3.8875000000000006,32,4,,,,,,,,,,,,,,,,,,,"Luarbert Arias","23811",678215
"Triston McKenzie","CLE",0,0,0,4.51882,6,0,0,0,,6,25,5,3,3,1,3,,0,6,8.96621,4.37449,2.04966,1.44906,0.230552,0.112483,0.11806849390268326,0.235928,1.3846,0.27818,0.72365,,,4.70903,-0.0110949,-0.00691824,581.25,,,,,,,22.10000000000001,3.683333333333335,20,3.3333333333333335,,,,,,,,,,,,,,,,,,,"Triston McKenzie","18000",663474
"Nick Robertson","HOU",1,1,0,4.36044,17,0,0,0,,17,72,16,9,8,2,7,,1,15,8.21795,3.7319,2.20208,1.16711,0.210942,0.0957921,0.11514993757009506,0.248991,1.37944,0.294883,0.711934,,,4.29201,-0.0115177,-0.0362698,999,,,,,,,65.60000000000002,3.858823529411766,65,3.823529411764706,,,,,,,,,,,,,,,,,,,"Nick Robertson","26226",687798
"Luis Patiño","SDP",0,0,0,4.56634,8,0,0,0,,8,34,7,4,4,1,3,,0,6,7.3294,3.81765,1.91987,1.21844,0.18863,0.0982516,0.09037875384092331,0.246638,1.37687,0.280578,0.695153,,,4.56579,-0.0117419,-0.00976354,999,,,,,,,31.700000000000006,3.962500000000001,30,3.75,,,,,,,,,,,,,,,,,,,"Luis Patino","22815",672715
"Joel Peguero","SFG",1,1,0,4.58581,18,0,0,0,,18,79,19,10,9,2,7,,1,14,7.08993,3.80308,1.86426,0.877637,0.176216,0.094523,0.08169259876012802,0.272015,1.5099,0.318061,0.696136,,,4.18226,-0.0119584,-0.0482367,999,,,,,,,63.200000000000024,3.5111111111111124,68,3.7777777777777777,,,,,,,,,,,,,,,,,,,"Joel Peguero","sa917689",666711
"Bailey Horn","DET",1,1,0,4.80168,11,0,0,0,,11,48,11,6,6,1,6,,0,10,8.37487,4.89557,1.7107,1.11823,0.207854,0.121502,0.08635174483060837,0.253098,1.53005,0.303328,0.700637,,,4.56722,-0.0122942,-0.0283842,999,,,,,,,42.50000000000001,3.863636363636364,44,4,,,,,,,,,,,,,,,,,,,"Bailey Horn","27753",690544
"Will Klein","LAD",1,1,0,4.50112,15,0,0,0,,15,67,14,8,7,2,9,,1,15,9.08655,5.53649,1.64121,0.942751,0.22546,0.137374,0.08808591961860657,0.238413,1.52613,0.297871,0.712237,,,4.38436,-0.0124082,-0.0290293,999,,,,,,,50.00000000000001,3.333333333333334,49,3.2666666666666666,,,,,,,,,,,,,,,,,,,"Will Klein","27787",694361
"Ryan Loutos","WSN",1,1,0,4.42534,22,0,0,0,,22,96,22,12,11,2,9,,1,18,7.4856,3.81012,1.96466,1.01466,0.189532,0.0964705,0.0930614247918129,0.258334,1.43694,0.30239,0.705556,,,4.26706,-0.0129215,-0.0457513,999,,,,,,,87.00000000000001,3.954545454545455,90,4.090909090909091,,,,,,,,,,,,,,,,,,,"Ryan Loutos","29521",702795
"Carson Ragsdale","SFG",1,1,0,4.25626,15,0,0,0,,15,63,14,7,7,2,6,,1,14,8.54115,3.73928,2.28417,1.15985,0.219734,0.0961987,0.12353537231683731,0.245242,1.36102,0.294014,0.717413,,,4.23814,-0.0129679,0.00186612,999,,,,,,,57.00000000000001,3.8000000000000003,56,3.7333333333333334,,,,,,,,,,,,,,,,,,,"Carson Ragsdale","sa3014922",685068
"Jefry Yan","COL",1,1,0,5.05729,12,0,0,0,,12,57,12,8,7,1,8,,1,13,9.23535,5.97762,1.54499,1.05123,0.224361,0.145218,0.0791422426700592,0.243472,1.6007,0.303198,0.688793,,,4.71822,-0.0129807,-0.0396738,999,,,,,,,44.30000000000001,3.6916666666666678,46,3.8333333333333335,,,,,,,,,,,,,,,,,,,"Jefry Yan","sa828460",642376
"Joey Estes","ATH",1,2,1,5.30373,11,2,0,0,,20,88,22,13,12,4,6,,1,15,6.75297,2.51173,2.68858,1.87186,0.173475,0.064523,0.10895206779241562,0.268243,1.34581,0.284502,0.668729,,,5.31947,-0.0130381,-0.109792,713.8900146484375,,,,,,,50.599999999999994,2.53,57,2.85,,,,,,,,,,,,,,,,,,,"Joey Estes","26257",683155
"Connor Gillispie","MIA",0,1,0,4.79691,10,0,0,0,,10,42,10,6,5,1,4,,0,8,7.62452,3.62682,2.10226,1.40415,0.194423,0.0924826,0.10193998366594315,0.255283,1.4005,0.289741,0.694679,,,4.75404,-0.013146,-0.0320739,999,,,,,,,39.7,3.97,41,4.1,,,,,,,,,,,,,,,,,,,"Connor Gillispie","26171",687362
"Alexis Díaz","LAD",1,1,0,4.50375,20,0,0,0,,20,90,18,11,10,3,11,,2,21,9.18412,4.67562,1.96426,1.24941,0.23323,0.118737,0.1144927591085434,0.230038,1.38799,0.27891,0.70713,,,4.63439,-0.013152,-0.0491439,172.6199951171875,,,,,,,67.3,3.3649999999999998,64,3.2,,,,,,,,,,,,,,,,,,,"Alexis Diaz","21132",664747
"Bryse Wilson","CHW",0,0,0,4.89708,7,0,0,0,,7,32,8,4,4,1,2,,0,5,6.45315,2.94088,2.19429,1.58616,0.164576,0.0750018,0.08957412093877792,0.270564,1.40615,0.291701,0.702695,,,5.02984,-0.01376,-0.0216996,747.4500122070312,,,,,,,22.7,3.242857142857143,26,3.7142857142857144,,,,,,,,,,,,,,,,,,,"Bryse Wilson","19990",669060
"Mason Englert","TBR",1,1,0,4.51784,25,0,0,0,,25,106,25,14,12,4,8,,1,22,8.07116,2.78861,2.89433,1.34951,0.210016,0.072561,0.13745469599962234,0.256572,1.31415,0.297938,0.695977,,,4.29386,-0.0140047,-0.0886905,999,,,,,,,87.80000000000001,3.5120000000000005,90,3.6,,,,,,,,,,,,,,,,,,,"Mason Englert","22288",669438
"José Ruiz","ATL",0,0,0,4.45527,9,0,0,0,,9,39,9,5,4,1,4,,0,9,8.6944,3.69432,2.35345,1.36239,0.223163,0.0948237,0.12833910435438156,0.24963,1.37857,0.295839,0.720438,,,4.45883,-0.0152856,-0.0190814,999,,,,,,,36.90000000000001,4.100000000000001,38,4.222222222222222,,,,,,,,,,,,,,,,,,,"Jose Ruiz","14552",614179
"Jackson Kowar","SEA",1,2,0,4.35718,27,0,0,0,,27,116,25,14,13,3,12,,1,25,8.45308,4.14877,2.03749,1.13743,0.214663,0.105357,0.10930652916431427,0.245876,1.40976,0.294433,0.716671,,,4.38489,-0.0154408,-0.0705676,999,,,,,,,108.9,4.033333333333333,107,3.962962962962963,,,,,,,,,,,,,,,,,,,"Jackson Kowar","21549",663804
"Mike Clevinger","CHW",0,1,0,4.76293,9,0,0,0,,9,38,9,5,5,1,3,,0,7,7.39895,3.34539,2.21169,1.45577,0.189938,0.0858792,0.10405861586332321,0.255469,1.37021,0.286103,0.695058,,,4.78858,-0.0163067,-0.0234843,456.57000732421875,,,,,,,35.90000000000001,3.9888888888888903,37,4.111111111111111,,,,,,,,,,,,,,,,,,,"Mike Clevinger","12808",605182
"Michael Petersen","ATL",1,1,0,4.63478,23,0,0,0,,23,102,23,13,12,3,9,,1,23,8.72561,3.5346,2.46863,1.17383,0.223044,0.0903515,0.13269279152154922,0.25278,1.37717,0.305604,0.684272,,,4.18402,-0.0168703,-0.0555155,999,,,,,,,89.50000000000001,3.8913043478260874,92,4,,,,,,,,,,,,,,,,,,,"Michael Petersen","20827",656848
"Carlos Carrasco","NYY",0,1,0,5.13992,8,0,0,0,,8,37,9,5,5,1,3,,0,7,7.21809,3.03155,2.38099,1.60548,0.18362,0.0771192,0.10650079697370529,0.270169,1.41406,0.298932,0.681341,,,4.92731,-0.0172388,-0.0387277,649.6500244140625,,,,,,,28.500000000000007,3.562500000000001,32,4,,,,,,,,,,,,,,,,,,,"Carlos Carrasco","6632",471911
"Kyle Tyler","BAL",0,1,0,4.6938,9,0,0,0,,9,42,10,5,5,1,4,,0,7,6.83101,3.57667,1.90988,1.19323,0.172486,0.0903127,0.08217372745275497,0.265243,1.4479,0.299101,0.697953,,,4.59577,-0.0173856,-0.0283354,999,,,,,,,30.30000000000001,3.366666666666668,34,3.7777777777777777,,,,,,,,,,,,,,,,,,,"Kyle Tyler","22092",667725
"Andry Lara","WSN",1,1,0,4.63988,12,0,0,0,,12,54,13,7,6,2,5,,1,10,6.97951,3.30167,2.11394,1.28842,0.178516,0.0844473,0.09406884014606476,0.259816,1.38831,0.291522,0.696981,,,4.61879,-0.0173869,-0.0389601,999,,,,,,,32.40000000000002,2.7000000000000015,36,3,,,,,,,,,,,,,,,,,,,"Andry Lara","sa3014716",691251
"Eduardo Salazar","WSN",1,1,0,4.79961,27,0,0,4,,27,121,30,16,14,3,10,,2,20,6.76438,3.49456,1.93569,0.950546,0.167892,0.086735,0.08115697652101517,0.274638,1.49007,0.315787,0.678292,,,4.33512,-0.0174957,-0.0953348,999,,,,,,,104.9,3.8851851851851853,116,4.296296296296297,,,,,,,,,,,,,,,,,,,"Eduardo Salazar","23135",674285
"Lucas Gilbreath","COL",0,0,0,5.05746,9,0,0,0,,9,43,10,6,5,1,5,,1,8,7.82912,4.75179,1.64762,1.30301,0.187607,0.113866,0.0737413763999939,0.265076,1.57757,0.307247,0.703164,,,5.24464,-0.0193541,-0.0297553,999,,,,,,,26.30000000000001,2.9222222222222234,30,3.3333333333333335,,,,,,,,,,,,,,,,,,,"Lucas Gilbreath","21290",656458
"Bradgley Rodriguez","SDP",1,1,0,4.27999,20,0,0,0,,20,87,18,10,9,3,10,,1,19,8.51576,4.39595,1.93718,1.13671,0.21665,0.111837,0.10481224954128265,0.239465,1.40469,0.286863,0.723028,,,4.44361,-0.0209028,-0.0244089,999,,,,,,,69.3,3.465,66,3.3,,,,,,,,,,,,,,,,,,,"Bradgley Rodriguez","29107",699134
"Chris Devenski","NYM",1,1,0,4.65175,25,0,0,0,,25,107,24,14,13,4,10,,1,23,8.32415,3.46587,2.40175,1.46085,0.215169,0.0895883,0.1255805343389511,0.25012,1.35572,0.289362,0.703527,,,4.58462,-0.0209472,-0.0777042,999,,,,,,,86.4,3.4560000000000004,86,3.44,,,,,,,,,,,,,,,,,,,"Chris Devenski","12763",606965
"Elvin Rodriguez","MIL",0,1,0,4.64644,13,0,0,0,,13,56,13,7,7,2,5,,1,12,8.34417,3.27797,2.54553,1.63628,0.215479,0.08465,0.13082881271839142,0.252458,1.34698,0.287716,0.719316,,,4.80958,-0.0210147,-0.0225906,999,,,,,,,43.8,3.369230769230769,45,3.4615384615384617,,,,,,,,,,,,,,,,,,,"Elvin Rodriguez","20962",660730
"Andre Granillo","STL",2,2,0,4.48181,27,0,0,3,,27,120,25,15,14,4,13,,1,28,9.0569,4.3367,2.08843,1.15904,0.23142,0.110811,0.12060966342687607,0.24017,1.40166,0.293548,0.704442,,,4.28815,-0.0217231,-0.0901804,999,,,,,,,111.60000000000002,4.133333333333334,109,4.037037037037037,,,,,,,,,,,,,,,,,,,"Andre Granillo","29542",701552
"Jonathan Bowlan","KCR",1,2,0,4.53188,25,0,0,0,,25,108,26,14,13,4,8,,1,20,7.33837,3.0554,2.40177,1.3116,0.187621,0.0781176,0.10950309783220291,0.265865,1.39334,0.302429,0.711344,,,4.48049,-0.0221585,-0.0526279,999,,,,,,,81.20000000000002,3.2480000000000007,86,3.44,,,,,,,,,,,,,,,,,,,"Jonathan Bowlan","24607",680742
"Carlos Hernández","DET",1,2,0,4.73753,25,0,0,0,,25,107,23,14,13,3,11,,1,23,8.46248,4.18833,2.02049,1.2603,0.215408,0.106612,0.1087963804602623,0.245496,1.41221,0.29058,0.690733,,,4.53527,-0.0224996,-0.0759395,999,,,,,,,98.3,3.932,96,3.84,,,,,,,,,,,,,,,,,,,"Carlos Hernandez","22713",672578
"Orlando Ribalta","WSN",1,1,0,4.92839,20,0,0,0,,20,88,19,12,11,3,10,,2,19,8.49948,4.74412,1.79158,1.18302,0.211043,0.117797,0.09324599802494049,0.247579,1.48464,0.295904,0.683849,,,4.7127,-0.0225223,-0.0751604,999,,,,,,,63.699999999999996,3.1849999999999996,63,3.15,,,,,,,,,,,,,,,,,,,"Orlando Ribalta","26247",687377
"Logan Gillaspie","SDP",0,0,0,4.56564,12,0,0,0,,12,50,12,6,6,2,4,,1,9,6.98298,3.08495,2.26357,1.28573,0.177571,0.0784475,0.09912364929914474,0.265628,1.39534,0.298871,0.706021,,,4.59666,-0.0225989,-0.0146453,999,,,,,,,36.000000000000014,3.0000000000000013,37,3.0833333333333335,,,,,,,,,,,,,,,,,,,"Logan Gillaspie","22461",670810
"Sam Long","KCR",1,2,0,4.53266,28,0,0,4,,28,122,28,15,14,4,12,,1,24,7.86596,3.80301,2.06835,1.16695,0.200365,0.0968719,0.10349302738904953,0.254409,1.4155,0.297757,0.703481,,,4.38547,-0.0227198,-0.0385911,999,,,,,,,110.2,3.935714285714286,113,4.035714285714286,,,,,,,,,,,,,,,,,,,"Sam Long","25379",669674
"Jake Eder","LAA",1,1,0,4.708,22,0,0,0,,22,98,21,13,12,3,11,,2,20,8.33118,4.31782,1.92949,1.2017,0.208099,0.107852,0.10024694353342056,0.247653,1.43765,0.293508,0.694842,,,4.69628,-0.0230779,-0.0765677,999,,,,,,,72.30000000000001,3.286363636363637,72,3.272727272727273,,,,,,,,,,,,,,,,,,,"Jake Eder","27590",671109
"Seth Martinez","MIA",0,0,0,4.18645,14,0,0,0,,14,60,13,7,6,2,5,,1,11,7.29572,3.5344,2.0642,1.41969,0.187913,0.0910342,0.09687899053096771,0.247615,1.35041,0.275912,0.747897,,,4.83859,-0.0232771,-0.00285764,999,,,,,,,49.2,3.5142857142857147,48,3.4285714285714284,,,,,,,,,,,,,,,,,,,"Seth Martinez","21045",661527
"Connor Phillips","CIN",1,2,0,4.6919,22,0,0,0,,22,97,21,12,11,3,12,,1,22,9.29155,5.0047,1.85656,1.29099,0.230747,0.124287,0.10645974427461624,0.24677,1.50944,0.301362,0.720443,,,4.70297,-0.0245139,-0.0212264,749.97998046875,,,,,,,76.30000000000001,3.4681818181818187,76,3.4545454545454546,,,,,,,,,,,,,,,,,,,"Connor Phillips","27649",683175
"Ryan Cusick","PHI",0,1,0,5.07643,8,0,0,0,,8,35,8,5,4,1,4,,0,7,7.59904,5.0549,1.5033,1.37426,0.18707,0.12444,0.06263073533773422,0.254515,1.55515,0.289287,0.702304,,,5.19694,-0.0247215,-0.0346923,999,,,,,,,28.100000000000005,3.5125000000000006,29,3.625,,,,,,,,,,,,,,,,,,,"Ryan Cusick","sa3017385",680743
"Joan Adon","WSN",1,1,0,5.0087,15,0,0,0,,15,65,15,9,8,2,7,,1,11,7.03737,4.09442,1.71877,1.11869,0.175929,0.102357,0.07357151061296463,0.258951,1.4718,0.295489,0.667975,,,4.67585,-0.0248558,-0.0563703,999,,,,,,,45.400000000000006,3.026666666666667,47,3.1333333333333333,,,,,,,,,,,,,,,,,,,"Joan Adon","22925",672851
"Logan VanWey","HOU",1,1,0,4.37433,25,0,0,0,,25,109,24,13,12,3,12,,1,23,8.37666,4.26053,1.96611,1.13317,0.212159,0.107908,0.10425093024969101,0.245799,1.42178,0.293561,0.717362,,,4.43176,-0.0249518,-0.0458853,999,,,,,,,92.69999999999999,3.7079999999999997,93,3.72,,,,,,,,,,,,,,,,,,,"Logan VanWey","31884",701121
"Grant Wolfram","BAL",0,1,0,4.80175,16,0,0,0,,16,70,16,9,8,2,8,,1,14,8.15503,4.49839,1.81288,1.15167,0.203305,0.112145,0.09116015583276749,0.255498,1.49847,0.302893,0.696228,,,4.56675,-0.0253007,-0.0539087,999,,,,,,,53.20000000000001,3.3250000000000006,55,3.4375,,,,,,,,,,,,,,,,,,,"Grant Wolfram","21623",664991
"Jairo Iriarte","CHW",0,1,0,5.02354,11,0,0,0,,11,49,11,7,6,2,5,,1,9,7.39513,4.44954,1.662,1.28544,0.184451,0.110982,0.07346972078084946,0.254135,1.48591,0.288963,0.683697,,,4.94371,-0.0255655,-0.0560373,750.4600219726562,,,,,,,28.200000000000003,2.563636363636364,29,2.6363636363636362,,,,,,,,,,,,,,,,,,,"Jairo Iriarte","26907",683568
"Anthony Veneziano","MIA",1,1,0,4.63755,18,0,0,0,,18,79,19,10,9,2,8,,1,15,7.46827,4.03815,1.84943,1.10048,0.185061,0.100064,0.08499705791473389,0.270165,1.52589,0.314626,0.712922,,,4.49092,-0.0259428,-0.0338074,999,,,,,,,62.200000000000024,3.455555555555557,67,3.7222222222222223,,,,,,,,,,,,,,,,,,,"Anthony Veneziano","27453",685107
"Luis Mey","CIN",1,1,0,5.16381,18,0,0,0,,18,81,18,11,10,2,11,,1,17,8.53049,5.58847,1.52644,1.13917,0.205268,0.134475,0.07079346477985382,0.258093,1.63327,0.311017,0.693389,,,4.90606,-0.0260544,-0.0515063,750.5499877929688,,,,,,,59.800000000000026,3.3222222222222237,62,3.4444444444444446,,,,,,,,,,,,,,,,,,,"Luis Mey","25620",682825
"John McMillon","PHI",1,2,0,4.59437,21,0,0,0,,21,93,19,12,11,3,13,,1,22,9.74461,5.71174,1.70607,1.13854,0.241729,0.141688,0.10004137456417084,0.23499,1.52851,0.295752,0.720462,,,4.57546,-0.028276,-0.0568914,999,,,,,,,71.1,3.3857142857142852,68,3.238095238095238,,,,,,,,,,,,,,,,,,,"John McMillon","27942",669111
"Daniel Bard","SEA",1,1,0,4.59982,15,0,0,0,,15,66,13,8,8,2,9,,1,14,8.54612,5.19492,1.64509,1.00171,0.212847,0.129383,0.08346402645111084,0.237341,1.48281,0.28834,0.698783,,,4.55543,-0.0283403,-0.0465645,999,,,,,,,50.60000000000001,3.373333333333334,47,3.1333333333333333,,,,,,,,,,,,,,,,,,,"Daniel Bard","7115",453268
"Bradley Blalock","COL",1,1,0,5.4921,18,1,0,0,,22,96,24,14,13,4,9,,1,16,6.45168,3.62194,1.78128,1.48627,0.160979,0.0903726,0.07060598582029343,0.274956,1.50599,0.299662,0.661041,,,5.10242,-0.0292346,-0.00497298,999,,,,,,,53.20000000000001,2.4181818181818184,60,2.727272727272727,,,,,,,,,,,,,,,,,,,"Bradley Blalock","26419",687134
"Alex Faedo","TBR",1,1,0,4.39584,12,0,0,0,,12,53,12,7,6,2,5,,0,12,8.71725,3.7369,2.33275,1.52159,0.225514,0.0966732,0.1288410946726799,0.242403,1.3463,0.281873,0.734856,,,4.69306,-0.0293952,-0.0515775,999,,,,,,,42.000000000000014,3.5000000000000013,43,3.5833333333333335,,,,,,,,,,,,,,,,,,,"Alex Faedo","19874",656412
"Seth Johnson","PHI",1,4,0,5.88863,22,0,0,0,,22,101,24,16,15,3,11,,1,19,7.73417,4.54116,1.70313,1.30948,0.190574,0.111896,0.07867731899023056,0.266303,1.56079,0.307533,0.626045,,,4.87266,-0.029415,-0.162948,999,,,,,,,65.5,2.977272727272727,73,3.3181818181818183,,,,,,,,,,,,,,,,,,,"Seth Johnson","26020",686751
"Taijuan Walker","PHI",2,2,0,4.75399,34,1,0,6,,37,163,38,21,20,6,14,,2,28,6.75955,3.40422,1.98564,1.36879,0.172641,0.0869451,0.08569621294736862,0.258969,1.39521,0.286021,0.694464,,,4.81602,-0.029881,-0.145424,731.5599975585938,,,,,,,133.2,3.5999999999999996,139,3.7567567567567566,,,,,,,,,,,,,,,,,,,"Taijuan Walker","11836",592836
"Casey Legumina","SEA",2,1,0,4.48693,29,0,0,4,,29,123,28,16,14,4,10,,1,25,7.73218,3.224,2.39832,1.28393,0.199695,0.0832647,0.11643067747354507,0.252494,1.34117,0.290641,0.700225,,,4.43473,-0.0306061,-0.107641,999,,,,,,,125.60000000000004,4.331034482758622,126,4.344827586206897,,,,,,,,,,,,,,,,,,,"Casey Legumina","25921",668984
"Cole Sulser","TBR",1,1,0,4.4241,23,0,0,0,,23,99,22,12,11,3,10,,1,21,8.33665,3.83605,2.17324,1.2852,0.214373,0.0986423,0.115730881690979,0.246653,1.37899,0.289927,0.716394,,,4.44902,-0.0318145,-0.0531483,999,,,,,,,85.10000000000001,3.7,85,3.6956521739130435,,,,,,,,,,,,,,,,,,,"Cole Sulser","15256",642121
"Nick Nastrini","CHW",0,1,1,5.73484,3,3,0,0,,13,59,13,9,8,3,7,,1,11,7.31053,5.06983,1.44197,1.77059,0.180686,0.125306,0.0553809255361557,0.251038,1.53869,0.270705,0.669755,,,5.83406,-0.031996,-0.10639,999,,,,,,,23.500000000000007,1.8076923076923082,24,1.8461538461538463,,,,,,,,,,,,,,,,,,,"Nick Nastrini","29833",680897
"Spencer Bivens","SFG",2,1,0,4.05232,29,0,0,6,,29,125,29,14,13,3,10,,1,22,6.74863,2.99203,2.25554,1.07121,0.174351,0.0772992,0.09705226123332977,0.257394,1.34108,0.291697,0.725165,,,4.26472,-0.0328944,0.0304227,999,,,,,,,137.3,4.73448275862069,141,4.862068965517241,,,,,,,,,,,,,,,,,,,"Spencer Bivens","30226",702352
"Owen White","CHW",0,2,0,5.26716,19,0,0,0,,19,85,21,12,11,3,8,,1,15,6.8274,3.7762,1.80801,1.27671,0.170387,0.0942404,0.0761469155550003,0.270703,1.49972,0.303683,0.663727,,,4.78378,-0.0341235,-0.0940126,999,,,,,,,52.09999999999999,2.742105263157894,59,3.1052631578947367,,,,,,,,,,,,,,,,,,,"Owen White","22273",669391
"Luis Peralta","COL",1,1,0,5.02638,22,0,0,0,,22,99,21,13,12,3,13,,2,21,8.68933,5.185,1.67586,1.15259,0.213406,0.127341,0.0860648900270462,0.247808,1.5348,0.299309,0.684431,,,4.7709,-0.0348111,-0.0275672,748.8300170898438,,,,,,,68.30000000000001,3.104545454545455,68,3.090909090909091,,,,,,,,,,,,,,,,,,,"Luis Peralta","24203",678821
"Brad Keller","CHC",2,2,0,4.34045,33,0,1,7,,33,143,33,17,16,3,14,,1,27,7.40055,3.89382,1.90059,0.920612,0.186899,0.0983376,0.0885617658495903,0.258019,1.44458,0.303481,0.70723,,,4.18888,-0.0356553,-0.0534005,999,,,,,,,163.50000000000006,4.954545454545456,168,5.090909090909091,,,,,,,,,,,,,,,,,,,"Brad Keller","15734",641745
"Taylor Clarke","KCR",1,2,0,4.67665,27,0,0,2,,27,117,29,15,14,4,8,,1,22,7.43716,2.76725,2.68756,1.34563,0.190435,0.0708578,0.11957697570323944,0.271208,1.39038,0.309374,0.699007,,,4.40077,-0.0367753,-0.0624262,999,,,,,,,100.20000000000002,3.7111111111111117,108,4,,,,,,,,,,,,,,,,,,,"Taylor Clarke","17611",664199
"Alan Rangel","PHI",2,2,0,4.77166,26,0,0,2,,26,112,26,15,14,4,10,,1,23,8.03661,3.3674,2.38659,1.45382,0.206688,0.0866039,0.12008441239595413,0.256759,1.37944,0.294936,0.696402,,,4.59975,-0.0388906,-0.0993026,999,,,,,,,96.6,3.715384615384615,99,3.8076923076923075,,,,,,,,,,,,,,,,,,,"Alan Rangel","19524",660604
"Kyle Nicolas","PIT",1,1,0,4.6968,24,0,0,0,,24,106,23,13,12,3,13,,2,23,8.65002,4.97824,1.73757,1.10656,0.212781,0.122459,0.09032156318426132,0.253073,1.5391,0.306915,0.710956,,,4.60966,-0.0396942,-0.0352017,999,,,,,,,81.90000000000002,3.412500000000001,82,3.4166666666666665,,,,,,,,,,,,,,,,,,,"Kyle Nicolas","27775",693312
"Victor Mederos","LAA",1,1,0,5.43009,13,1,0,0,,15,70,17,10,9,2,8,,1,12,6.77189,4.41548,1.53367,1.35335,0.16534,0.107807,0.057533398270606995,0.270063,1.56726,0.300364,0.671795,,,5.21314,-0.0400877,-0.0853905,999,,,,,,,39.2,2.6133333333333337,46,3.066666666666667,,,,,,,,,,,,,,,,,,,"Victor Mederos","31533",682989
"Jordan Leasure","CHW",1,2,0,4.73806,31,0,0,6,,31,137,29,18,16,5,15,,1,32,9.15289,4.48062,2.04277,1.48999,0.231689,0.113419,0.11826986819505692,0.244614,1.44018,0.290952,0.718262,,,4.80025,-0.0456469,-0.204195,741.52001953125,,,,,,,132.49999999999997,4.274193548387096,130,4.193548387096774,,,,,,,,,,,,,,,,,,,"Jordan Leasure","29950",673929
"Luke Little","CHC",1,0,0,5.91125,16,0,0,0,,16,74,13,11,10,1,14,,1,18,10.4458,7.8364,1.33298,0.838282,0.24855,0.186461,0.062088727951049805,0.215211,1.66871,0.287204,0.620676,,,4.84517,-0.0461548,-0.110393,999,,,,,,,63.30000000000001,3.9562500000000007,58,3.625,,,,,,,,,,,,,,,,,,,"Luke Little","28036",681432
"Tyler Zuber","NYM",1,1,0,4.89707,23,0,0,0,,23,101,23,13,12,4,11,,1,20,8.03311,4.30288,1.86691,1.43051,0.201786,0.108085,0.09370065480470657,0.254139,1.46963,0.292134,0.704187,,,4.91723,-0.0463285,-0.0752993,999,,,,,,,65.20000000000002,2.834782608695653,67,2.9130434782608696,,,,,,,,,,,,,,,,,,,"Tyler Zuber","20379",676604
"Bryce Jarvis","ARI",1,2,1,4.2794,24,3,0,0,,35,153,33,18,16,4,17,,2,27,6.97471,4.39346,1.58752,1.13564,0.175319,0.110436,0.06488335132598877,0.249418,1.45516,0.282545,0.733923,,,4.79107,-0.0464563,0.148508,999,,,,,,,121.00000000000001,3.4571428571428577,120,3.4285714285714284,,,,,,,,,,,,,,,,,,,"Bryce Jarvis","27477",686826
"Anthony Maldonado","ATH",0,0,0,5.14286,28,0,0,5,,28,126,28,16,16,4,12,,0,24,7.71429,3.85714,2,1.28571,0.193548,0.0967742,0.09677419811487198,0.25,1.42857,0.285714,0.697674,,,4.49922,-0.0468126,-0.156592,999,,,,,,,117.2,4.185714285714286,120,4.285714285714286,,,,,,,,,,,,,,,,,,,"Anthony Maldonado","26034",687424
"Austin Cox","ATL",1,1,0,4.39768,27,0,0,2,,27,116,27,14,13,3,11,,1,22,7.42365,3.82166,1.94252,1.06218,0.188557,0.0970681,0.09148882329463959,0.257029,1.43134,0.298836,0.71101,,,4.3287,-0.0471386,-0.0182595,999,,,,,,,108.7,4.025925925925926,112,4.148148148148148,,,,,,,,,,,,,,,,,,,"Austin Cox","24604",680735
"Zach Brzykcy","WSN",1,1,0,4.43956,29,0,0,5,,29,126,26,16,14,4,14,,1,28,8.78402,4.37262,2.00887,1.16671,0.224687,0.111848,0.11283964663743973,0.237642,1.39295,0.286734,0.707221,,,4.38406,-0.0480617,-0.097269,750.8400268554688,,,,,,,128.80000000000004,4.441379310344829,124,4.275862068965517,,,,,,,,,,,,,,,,,,,"Zach Brzykcy","27783",694350
"Eric Orze","TBR",2,2,0,4.20799,31,0,1,7,,31,136,29,16,15,4,14,,3,30,8.74351,4.04819,2.15986,1.17562,0.221609,0.102604,0.11900567263364792,0.240252,1.37002,0.289431,0.72595,,,4.48665,-0.0482642,-0.11418,999,,,,,,,146.79999999999998,4.735483870967742,145,4.67741935483871,,,,,,,,,,,,,,,,,,,"Eric Orze","27626",679358
"Hunter Strickland","LAA",1,1,0,4.56428,30,0,0,7,,30,130,28,17,15,5,12,,2,25,7.35798,3.69036,1.99384,1.35011,0.190917,0.0957535,0.09516362845897675,0.238055,1.31921,0.266222,0.692368,,,4.77491,-0.0489659,-0.146159,999,,,,,,,123.7,4.123333333333333,121,4.033333333333333,,,,,,,,,,,,,,,,,,,"Hunter Strickland","7836",519326
"Carlos Vargas","SEA",2,2,0,4.03887,32,0,1,7,,32,138,32,16,14,3,12,,2,25,7.08109,3.33307,2.1245,0.959921,0.181828,0.0855863,0.09624157100915909,0.254204,1.36221,0.294245,0.720943,,,4.15932,-0.0498993,-0.103971,999,,,,,,,157.7,4.928125,162,5.0625,,,,,,,,,,,,,,,,,,,"Carlos Vargas","22915",672841
"Lyon Richardson","CIN",1,1,0,4.80434,26,0,0,2,,26,115,26,15,14,4,13,,1,24,8.19727,4.47998,1.82976,1.32729,0.204584,0.11181,0.09277474880218506,0.256728,1.5029,0.300208,0.711695,,,4.77685,-0.0502031,-0.0559467,999,,,,,,,89.6,3.446153846153846,92,3.5384615384615383,,,,,,,,,,,,,,,,,,,"Lyon Richardson","24581",680689
"Connor Seabold","TBR",1,1,0,5.625,21,0,0,0,,21,93,23,15,13,4,5,,1,17,7.3125,2.25,3.25,1.6875,0.185714,0.0571429,0.12857141718268394,0.261538,1.3125,0.285714,0.595238,,,4.82065,-0.0547068,-0.177619,750.9400024414062,,,,,,,62.400000000000006,2.9714285714285715,69,3.2857142857142856,,,,,,,,,,,,,,,,,,,"Connor Seabold","19695",657756
"George Soriano","MIA",0,1,0,5.18155,22,0,0,0,,22,96,21,14,13,4,10,,2,21,8.65016,4.12739,2.09579,1.4871,0.216909,0.103497,0.11341168731451035,0.252802,1.44315,0.295976,0.674487,,,4.90584,-0.0582359,-0.0943437,999,,,,,,,65,2.9545454545454546,64,2.909090909090909,,,,,,,,,,,,,,,,,,,"George Soriano","21863",666277
"Tayler Scott","ARI",2,2,0,4.13332,29,0,0,6,,29,128,27,15,13,4,14,,2,29,8.97087,4.39126,2.04289,1.13362,0.228523,0.111863,0.11666066199541092,0.237631,1.39497,0.289903,0.735069,,,4.3487,-0.0593111,-0.00306174,749.2899780273438,,,,,,,129.20000000000005,4.455172413793105,127,4.379310344827586,,,,,,,,,,,,,,,,,,,"Tayler Scott","13652",605463
"Rafael Montero","ATL",1,1,0,4.53048,30,0,0,5,,30,132,29,16,15,4,14,,2,28,8.56976,4.38623,1.95379,1.07524,0.215247,0.110169,0.1050778329372406,0.250776,1.46138,0.303855,0.706441,,,4.33854,-0.0638093,-0.0425277,999,,,,,,,125.4,4.180000000000001,126,4.2,,,,,,,,,,,,,,,,,,,"Rafael Montero","12760",606160
"Hogan Harris","ATH",1,2,0,4.50679,29,0,1,6,,29,129,28,16,15,4,14,,1,26,8.08943,4.39659,1.83993,1.15898,0.204715,0.111262,0.09345272928476334,0.244425,1.43024,0.287747,0.708778,,,4.56044,-0.0665931,-0.131862,750.9400024414062,,,,,,,128.60000000000002,4.434482758620691,129,4.448275862068965,,,,,,,,,,,,,,,,,,,"Hogan Harris","21520",663687
"Lake Bachar","MIA",2,2,0,4.48415,30,0,0,5,,30,132,30,16,15,4,14,,1,30,9.11867,4.27088,2.13508,1.34931,0.228974,0.107244,0.12173029035329819,0.254897,1.47004,0.308336,0.7368,,,4.55145,-0.0668351,-0.0262126,999,,,,,,,129.8,4.326666666666667,133,4.433333333333334,,,,,,,,,,,,,,,,,,,"Lake Bachar","19222",669199
"Cole Henry","WSN",1,2,0,4.47086,32,0,1,8,,32,139,30,17,16,4,15,,2,30,8.60404,4.18611,2.05538,1.17871,0.218174,0.106148,0.11202595382928848,0.244066,1.40467,0.292689,0.708015,,,4.45813,-0.0684331,-0.0695332,999,,,,,,,155.60000000000002,4.862500000000001,154,4.8125,,,,,,,,,,,,,,,,,,,"Cole Henry","27570",669371
"Tyler Phillips","MIA",1,2,0,4.94301,32,0,1,6,,32,140,35,19,17,4,12,,1,23,6.53547,3.28158,1.99156,1.13672,0.164654,0.0826757,0.08197800070047379,0.273738,1.46144,0.307675,0.67293,,,4.47055,-0.0775371,-0.213033,750.7999877929688,,,,,,,132.60000000000002,4.143750000000001,144,4.5,,,,,,,,,,,,,,,,,,,"Tyler Phillips","20629",663969
"Roddery Muñoz","STL",1,1,0,5.10849,18,0,0,0,,18,81,18,11,10,3,9,,1,16,7.77509,4.30546,1.80587,1.67613,0.194473,0.10769,0.08678361028432846,0.256331,1.48142,0.285303,0.708166,,,5.35158,-0.079723,-0.0776454,999,,,,,,,51.500000000000014,2.861111111111112,53,2.9444444444444446,,,,,,,,,,,,,,,,,,,"Roddery Munoz","25311",682610
"Michael Mercado","PHI",1,1,0,5.10186,25,0,0,0,,25,110,25,15,14,4,12,,1,22,7.87055,4.23131,1.86007,1.57249,0.197625,0.106246,0.0913788303732872,0.254217,1.46208,0.28647,0.694814,,,5.16246,-0.0806259,-0.0894682,999,,,,,,,75.80000000000001,3.0320000000000005,78,3.12,,,,,,,,,,,,,,,,,,,"Michael Mercado","23223",675650
"Jeff Brigham","ARI",0,0,0,4.5,20,0,0,0,,20,90,18,12,10,4,10,,2,22,9.9,4.5,2.2,1.8,0.244444,0.111111,0.13333332538604736,0.230769,1.4,0.269231,0.714286,,,5.27065,-0.0863669,-0.067719,999,,,,,,,60,3,56,2.8,,,,,,,,,,,,,,,,,,,"Jeff Brigham","16631",656257
"Kaleb Ort","HOU",1,2,0,4.34629,33,0,0,7,,33,141,31,17,16,6,12,,1,34,9.17924,3.36401,2.72866,1.51141,0.239891,0.0879152,0.15197573602199554,0.241567,1.30064,0.286493,0.728015,,,4.45814,-0.0912999,-0.0723623,999,,,,,,,146.80000000000004,4.44848484848485,144,4.363636363636363,,,,,,,,,,,,,,,,,,,"Kaleb Ort","20061",672391
"Ty Adcock","NYM",0,1,0,5.63044,17,0,0,0,,17,78,19,12,11,4,9,,1,14,7.4724,4.88661,1.52916,1.84437,0.18132,0.118575,0.06274493783712387,0.272523,1.63309,0.298556,0.707988,,,5.81087,-0.102987,-0.130733,999,,,,,,,25.20000000000001,1.482352941176471,31,1.8235294117647058,,,,,,,,,,,,,,,,,,,"Ty Adcock","25651",686654
"Michael Kelly","ATH",2,1,0,4.39357,32,0,1,7,,32,138,31,17,16,4,13,,1,29,8.07252,3.71237,2.17449,1.26834,0.207305,0.0953348,0.11196988075971603,0.248284,1.37363,0.289494,0.716638,,,4.4755,-0.113246,-0.124055,999,,,,,,,156.00000000000003,4.875000000000001,157,4.90625,,,,,,,,,,,,,,,,,,,"Michael Kelly","12791",547184
"Connor Brogdon","LAA",2,2,0,4.7321,30,0,0,6,,30,129,29,17,16,6,12,,1,29,8.57695,3.71351,2.30966,1.80607,0.220261,0.0953647,0.12489579617977142,0.248565,1.3752,0.280227,0.734463,,,5.13567,-0.129023,-0.133374,999,,,,,,,115.79999999999998,3.8599999999999994,115,3.8333333333333335,,,,,,,,,,,,,,,,,,,"Connor Brogdon","21205",641401
"Valente Bellozo","MIA",2,3,1,4.70031,28,2,0,2,,35,155,38,20,18,7,13,,1,25,6.32449,3.30276,1.91491,1.70131,0.159279,0.0831785,0.0761009082198143,0.273686,1.46351,0.291353,0.747241,,,5.33867,-0.135774,0.00669726,745.6799926757812,,,,,,,90.10000000000001,2.5742857142857147,100,2.857142857142857,,,,,,,,,,,,,,,,,,,"Valente Bellozo","23899",678368
"Dan Altavilla","CHW",0,5,0,4.99509,31,0,1,6,,31,136,30,18,17,5,15,,2,28,8.10141,4.36888,1.85435,1.40892,0.202431,0.109166,0.09326513111591339,0.251397,1.46267,0.289943,0.69111,,,4.98392,-0.150191,-0.243909,999,,,,,,,123.89999999999998,3.9967741935483865,124,4,,,,,,,,,,,,,,,,,,,"Dan Altavilla","16507",656186
"Zach Pop","SEA",1,2,0,4.90814,28,0,0,3,,28,120,27,17,15,5,10,,1,21,6.61069,3.20812,2.06061,1.54755,0.172422,0.0836751,0.08874683082103729,0.247487,1.3135,0.265183,0.67184,,,5.01589,-0.161592,-0.230813,999,,,,,,,96.50000000000001,3.446428571428572,96,3.4285714285714284,,,,,,,,,,,,,,,,,,,"Zach Pop","20185",647315
"Steven Wilson","CHW",1,3,0,4.65846,33,0,2,6,,33,143,28,18,17,6,18,,2,34,9.39252,4.96231,1.89277,1.54872,0.2391,0.126323,0.11277724802494049,0.225149,1.39693,0.265164,0.721714,,,5.04806,-0.199528,-0.176693,999,,,,,,,139.60000000000002,4.230303030303031,129,3.909090909090909,,,,,,,,,,,,,,,,,,,"Steven Wilson","20353",621051