Name,Team,G,PA,AB,H,1B,2B,3B,HR,R,RBI,BB,IBB,SO,HBP,SF,SH,GDP,SB,CS,AVG,BB%,K%,BB/K,OBP,SLG,wOBA,OPS,ISO,Spd,BABIP,UBR,wSB,wRC,wRAA,wRC+,BsR,Fld,Off,Def,WAR,ADP,InterSD,InterSK,IntraSD,Vol,Skew,Dim,FPTS,FPTS/G,SPTS,SPTS/G,P10,P20,P30,P40,P50,P60,P70,P80,P90,TT10,TT20,TT30,TT40,TT50,TT60,TT70,TT80,TT90,NameASCII,PlayerId,MLBAMID
"Aaron Judge","NYY",81,352,286,84,44,14,1,26,60,65,61,7,86,3,2,0,,5,1,0.294716,0.17212,0.244565,0.703779,0.420733,0.621782,0.437037,1.04251,0.327066,3.95481,0.331037,-0.316763,-0.2299,75.3248,34.5994,187.176,-0.546663,-1.00139,34.48628103733063,-5.18842613697052,4.26227,3.119999885559082,,,,,,,673.8,8.318518518,673.8,8.318518518,,,,,,,,,,,,,,,,,,,"Aaron Judge","15640",592450
"Bobby Witt Jr.","KCR",82,356,322,95,56,20,4,15,55,49,27,3,57,4,3,0,,19,6,0.295405,0.0758539,0.160898,0.47144,0.353574,0.520268,0.372863,0.873842,0.224862,7.00449,0.317053,1.54428,0.911301,57.8354,16.6902,137.763,2.45558,1.52307,17.78787112236023,5.334179759025574,3.63365,1.6299999952316284,,,,,,,544.1,6.635365853,544.1,6.635365853,,,,,,,,,,,,,,,,,,,"Bobby Witt Jr.","25764",677951
"Fernando Tatis Jr.","SDP",81,348,311,89,53,16,1,18,56,49,31,1,69,3,2,0,,13,3,0.286355,0.0901099,0.198796,0.453279,0.356314,0.523612,0.378518,0.879926,0.237257,5.71169,0.31407,1.23105,0.898048,58.232,17.9264,146.904,2.1291,2.30246,21.286086320877075,-1.5345797538757324,3.22389,11.619999885559082,,,,,,,527,6.506172839,527,6.506172839,,,,,,,,,,,,,,,,,,,"Fernando Tatis Jr.","19709",665487
"Juan Soto","NYM",81,351,281,77,44,14,1,17,56,49,66,3,57,2,2,0,,4,2,0.273933,0.188415,0.16247,1.15969,0.41325,0.517033,0.402118,0.930283,0.2431,3.91264,0.285915,-1.36434,-0.474018,65.3746,24.7193,162.85,-1.83836,-1.69463,24.054316520690918,-5.665304780006409,3.09262,7.079999923706055,,,,,,,562.3,6.941975308,562.3,6.941975308,,,,,,,,,,,,,,,,,,,"Juan Soto","20123",665742
"Kyle Tucker","CHC",81,352,301,85,49,16,2,17,54,53,47,3,51,1,2,0,,13,3,0.281514,0.133226,0.145986,0.912592,0.378022,0.518114,0.384177,0.896136,0.236601,5.79175,0.28829,1.17986,0.873513,60.4328,19.7074,149.626,2.05338,-0.0106695,22.533167123794556,-4.197706484235823,3.08909,8.710000038146973,,,,,,,552.9,6.825925925,552.9,6.825925925,,,,,,,,,,,,,,,,,,,"Kyle Tucker","18345",663656
"Shohei Ohtani","LAD",77,334,286,82,44,15,3,21,60,52,43,6,76,2,2,0,,18,4,0.28733,0.128021,0.228307,0.56074,0.381499,0.579281,0.404874,0.960781,0.291951,7.26547,0.321057,1.45733,1.17972,62.7748,24.1936,162.9,2.63705,0,27.22829842567444,-8.338425636291504,3.08424,1.5499999523162842,,,,,,,589.2,7.651948051,589.2,7.651948051,,,,,,,,,,,,,,,,,,,"Shohei Ohtani","19755",660271
"Mookie Betts","LAD",78,337,292,82,50,17,2,14,53,47,40,1,42,3,2,0,,7,2,0.280291,0.118509,0.125794,0.942089,0.369907,0.491879,0.373617,0.861787,0.211588,5.26214,0.285533,0.123392,0.213443,55.0178,16.0218,141.562,0.336835,-1.59508,16.760527342557907,1.8888731002807617,3.07135,13.65999984741211,,,,,,,496.2,6.361538461,496.2,6.361538461,,,,,,,,,,,,,,,,,,,"Mookie Betts","13611",605141
"Gunnar Henderson","BAL",80,345,305,80,46,16,3,16,52,45,35,1,79,3,2,0,,9,2,0.262344,0.100769,0.228406,0.441185,0.340887,0.487794,0.357676,0.828681,0.22545,6.25615,0.302068,0.739477,0.370665,51.8745,11.9888,134.147,1.11014,-0.941661,14.549821496009827,2.6231541633605957,2.97825,9.329999923706055,,,,,,,482.4,6.03,482.4,6.03,,,,,,,,,,,,,,,,,,,"Gunnar Henderson","26289",683002
"Francisco Lindor","NYM",81,348,309,81,50,15,1,15,51,45,31,1,63,6,3,0,,12,3,0.262077,0.0877706,0.181967,0.482344,0.337172,0.46083,0.347184,0.798003,0.198753,5.69955,0.284217,0.78539,0.780898,49.4154,9.17489,125.348,1.56629,1.89137,11.902628064155579,5.490602493286133,2.97716,14.149999618530273,,,,,,,460.2,5.681481481,460.2,5.681481481,,,,,,,,,,,,,,,,,,,"Francisco Lindor","12916",596019
"José Ramírez","CLE",83,357,318,87,51,20,1,16,50,53,34,7,43,2,3,0,,17,4,0.274447,0.0950192,0.119447,0.795489,0.344347,0.492336,0.354987,0.836683,0.21789,5.65576,0.272569,1.68243,1.35925,52.9012,11.636,130.893,3.04169,-0.00164998,15.621301412582397,1.0600783807458356,2.96855,4.900000095367432,,,,,,,512.4,6.173493975,512.4,6.173493975,,,,,,,,,,,,,,,,,,,"Jose Ramirez","13510",608070
"Julio Rodríguez","SEA",82,356,322,87,56,15,2,15,50,46,27,2,83,5,2,0,,15,4,0.270162,0.0761099,0.233502,0.325949,0.333881,0.462783,0.345043,0.796665,0.192621,5.95606,0.319714,1.18746,0.897262,49.9959,8.78566,129.014,2.08472,1.74447,13.883102893829346,2.806972622871399,2.9678,13.710000038146973,,,,,,,474.4,5.785365853,474.4,5.785365853,,,,,,,,,,,,,,,,,,,"Julio Rodriguez","23697",677594
"Ronald Acuña Jr.","ATL",77,334,288,83,52,16,1,14,58,41,40,1,62,5,2,1,,20,6,0.287381,0.118458,0.184209,0.643064,0.380471,0.49464,0.380237,0.875111,0.207259,6.40312,0.32183,2.63685,0.810386,56.3159,17.6548,143.165,3.44724,-0.723285,20.357802152633667,-4.5141796469688416,2.77029,37.599998474121094,,,,,,,516.7,6.71038961,516.7,6.71038961,,,,,,,,,,,,,,,,,,,"Ronald Acuna Jr.","18401",660670
"Jackson Merrill","SDP",76,330,305,86,54,16,2,13,43,47,20,1,54,1,3,2,,8,2,0.280232,0.0592595,0.164693,0.359817,0.323229,0.481373,0.345557,0.804603,0.201142,5.44503,0.300319,0.0650412,0.322767,46.4873,8.28099,124.402,0.387808,2.35976,9.835263818502426,3.4356844425201416,2.48995,27.280000686645508,,,,,,,429.2,5.647368421,429.2,5.647368421,,,,,,,,,,,,,,,,,,,"Jackson Merrill","29490",701538
"Ketel Marte","ARI",75,323,282,79,46,16,2,14,48,46,36,2,56,3,2,0,,4,1,0.278632,0.110922,0.172819,0.641838,0.362583,0.502027,0.372171,0.864611,0.223396,4.69402,0.299424,-0.442857,-0.191923,52.3452,14.9786,137.212,-0.63478,-0.28921,13.455758929252625,-0.27624717354774475,2.45601,30.65999984741211,,,,,,,471.6,6.288,471.6,6.288,,,,,,,,,,,,,,,,,,,"Ketel Marte","13613",606466
"Cal Raleigh","SEA",79,317,279,63,32,12,1,18,40,47,34,2,85,2,2,0,,3,1,0.226412,0.106706,0.269408,0.396075,0.313415,0.46895,0.337185,0.782365,0.242538,3.40533,0.253815,-0.754081,-0.158438,42.4948,5.82438,123.505,-0.912519,1.71502,7.5926931500434875,5.453442692756653,2.45342,85.55000305175781,,,,,,,394.4,4.992405063,394.4,4.992405063,,,,,,,,,,,,,,,,,,,"Cal Raleigh","21534",663728
"Elly De La Cruz","CIN",80,344,307,78,46,16,3,13,51,42,32,1,102,3,2,1,,29,7,0.254931,0.0941027,0.297534,0.316275,0.329468,0.452445,0.33909,0.781912,0.197513,8.11532,0.338689,2.21551,2.55702,46.6762,6.85051,109.747,4.77253,-0.0517092,8.706154823303223,3.6371796168386936,2.44078,4.300000190734863,,,,,,,456,5.7,456,5.7,,,,,,,,,,,,,,,,,,,"Elly De La Cruz","26668",682829
"Corey Seager","TEX",66,283,251,71,42,13,0,15,39,43,28,4,48,2,2,0,,1,0,0.283038,0.099558,0.169373,0.587803,0.358151,0.522066,0.374976,0.880217,0.239029,2.58113,0.294304,-1.01596,-0.411819,46.5465,13.7733,143.692,-1.42777,-0.0519225,12.70194387435913,0.5500836744904518,2.35801,46.439998626708984,,,,,,,417.2,6.321212121,417.2,6.321212121,,,,,,,,,,,,,,,,,,,"Corey Seager","13624",608369
"William Contreras","MIL",80,321,280,75,49,14,1,11,41,43,37,2,65,2,2,0,,4,1,0.26942,0.114584,0.202479,0.565903,0.356103,0.446094,0.350314,0.802197,0.176674,3.82992,0.311826,-0.6347,-0.117412,46.3913,9.26802,123.565,-0.752111,0.32905,8.112770140171051,3.403123438358307,2.2762,24.790000915527344,,,,,,,411.5,5.14375,411.5,5.14375,,,,,,,,,,,,,,,,,,,"William Contreras","20503",661388
"Trea Turner","PHI",80,345,317,89,60,17,1,10,50,40,23,0,65,3,2,0,,13,3,0.279921,0.0663046,0.188001,0.352682,0.332633,0.43909,0.336925,0.771722,0.159169,5.84276,0.321328,1.36532,0.992186,46.1491,6.2634,114.206,2.3575,-1.20165,8.099115133285522,2.4927912950515747,2.26068,24.110000610351562,,,,,,,424.7,5.30875,424.7,5.30875,,,,,,,,,,,,,,,,,,,"Trea Turner","16252",607208
"Austin Riley","ATL",82,356,320,86,51,17,1,17,49,51,28,1,89,5,2,0,,1,0,0.268744,0.0797593,0.248904,0.320442,0.335343,0.491465,0.356581,0.826808,0.222721,3.03947,0.317159,-0.583503,-0.459818,53.285,12.0748,127.015,-1.04332,-1.33537,10.238162517547607,-0.06299614906311035,2.25597,29.6200008392334,,,,,,,477.3,5.820731707,477.3,5.820731707,,,,,,,,,,,,,,,,,,,"Austin Riley","18360",663586
"Vladimir Guerrero Jr.","TOR",82,356,313,92,58,18,0,16,49,53,37,4,52,3,2,0,,2,1,0.293443,0.105152,0.145385,0.723267,0.372667,0.506681,0.377701,0.879348,0.213238,2.73385,0.305874,-1.4899,-0.601578,59.3059,18.0957,146.921,-2.09148,-1.10222,16.988816738128662,-7.437870502471924,2.22658,13.180000305175781,,,,,,,525.8,6.412195121,525.8,6.412195121,,,,,,,,,,,,,,,,,,,"Vladimir Guerrero Jr.","19611",665489
"Corbin Carroll","ARI",68,294,257,68,39,13,5,11,49,36,29,1,59,5,2,1,,16,3,0.263364,0.0994309,0.202203,0.491738,0.347391,0.481415,0.358683,0.828806,0.218051,8.3988,0.299482,2.2376,1.4875,44.4669,10.4592,128.005,3.72511,1.10653,13.376012086868286,-1.8879106044769287,2.18264,7.889999866485596,,,,,,,417.4,6.138235294,417.4,6.138235294,,,,,,,,,,,,,,,,,,,"Corbin Carroll","25878",682998
"Freddie Freeman","LAD",77,334,288,83,52,18,1,12,49,48,38,4,53,4,3,0,,5,1,0.289448,0.115246,0.158352,0.727785,0.378571,0.485978,0.372753,0.864549,0.19653,4.31106,0.315455,-0.18739,-0.225917,54.2018,15.6207,140.972,-0.413307,0.555187,15.60501104593277,-5.452065348625183,2.17713,26.920000076293945,,,,,,,480.2,6.236363636,480.2,6.236363636,,,,,,,,,,,,,,,,,,,"Freddie Freeman","5361",518692
"Will Smith","LAD",66,263,227,59,37,11,1,10,35,37,28,1,48,5,3,0,,1,0,0.259703,0.107226,0.181716,0.590073,0.350945,0.447393,0.348171,0.798339,0.18769,3.5411,0.285418,-0.756215,-0.327892,37.6007,7.15061,124.191,-1.08411,1.15501,6.3803300857543945,5.817352771759033,2.15275,107.08000183105469,,,,,,,335.9,5.089393939,335.9,5.089393939,,,,,,,,,,,,,,,,,,,"Will Smith","19197",669257
"Wyatt Langford","TEX",80,344,305,81,50,16,2,13,47,44,33,1,68,3,2,0,,11,3,0.265566,0.0963599,0.197887,0.486945,0.341099,0.462505,0.34854,0.803604,0.196939,5.84564,0.299924,0.485137,0.656279,49.2796,9.45389,125.159,1.14142,1.13107,11.02847146987915,-1.840533971786499,2.1474,41.31999969482422,,,,,,,449.1,5.61375,449.1,5.61375,,,,,,,,,,,,,,,,,,,"Wyatt Langford","33333",694671
"Zach Neto","LAA",77,334,300,75,44,16,1,13,44,41,22,1,77,9,2,2,,15,4,0.248806,0.064524,0.229537,0.281104,0.316923,0.439848,0.330156,0.75677,0.191041,5.69189,0.289815,0.881365,0.842347,42.883,4.25684,110.497,1.72371,-0.300911,5.724620819091797,3.2768668234348297,2.0921,197.19000244140625,,,,,,,404.6,5.254545454,404.6,5.254545454,,,,,,,,,,,,,,,,,,,"Zach Neto","31347",687263
"Pete Crow-Armstrong","CHC",76,327,296,75,47,14,3,10,44,40,20,1,80,4,2,6,,21,4,0.252907,0.0596957,0.243687,0.244969,0.305534,0.428622,0.318228,0.734156,0.175715,7.98771,0.310303,1.39127,2.06098,38.8329,1.04644,104.605,3.45226,3.15359,5.215368151664734,4.3202584981918335,2.08991,127.38999938964844,,,,,,,376.4,4.952631578,376.4,4.952631578,,,,,,,,,,,,,,,,,,,"Pete Crow-Armstrong","27769",691718
"Steven Kwan","CLE",83,357,317,91,68,15,2,6,50,32,34,1,35,3,2,1,,9,2,0.288355,0.0952512,0.0975887,0.976047,0.360889,0.409155,0.34089,0.770044,0.1208,5.45225,0.306657,0.47371,0.394903,48.877,7.61178,121.011,0.868613,2.41277,9.4240243434906,-1.409454584121704,2.06872,144.2899932861328,,,,,,,426.4,5.137349397,426.4,5.137349397,,,,,,,,,,,,,,,,,,,"Steven Kwan","24610",680757
"Matt Chapman","SFG",71,309,268,64,36,14,1,13,40,39,36,1,78,3,2,0,,5,1,0.240108,0.115538,0.252584,0.457422,0.334701,0.444263,0.340466,0.778964,0.204154,4.47429,0.287602,0.244299,0.0187886,42.1655,6.47831,119.202,0.263088,1.42886,7.207190603017807,2.5307096242904663,2.0498,125.16999816894531,,,,,,,382.6,5.388732394,382.6,5.388732394,,,,,,,,,,,,,,,,,,,"Matt Chapman","16505",656305
"Dansby Swanson","CHC",81,352,318,77,49,14,1,12,46,43,30,0,88,2,2,0,,9,2,0.241088,0.084045,0.24873,0.337897,0.307529,0.406695,0.312976,0.714224,0.165607,5.1986,0.29323,0.779177,0.380722,40.3735,-0.35183,101.019,1.1599,2.61293,1.5804782509803772,6.385153293609619,2.01245,170.38999938964844,,,,,,,379.8,4.688888888,379.8,4.688888888,,,,,,,,,,,,,,,,,,,"Dansby Swanson","18314",621020
"Manny Machado","SDP",79,341,310,83,52,16,1,15,44,49,28,2,64,1,2,0,,6,2,0.267023,0.0819832,0.187121,0.438129,0.327151,0.462712,0.340291,0.789863,0.195689,4.03326,0.291215,-0.402976,0.0994165,46.5823,7.11648,120.807,-0.30356,-0.355919,8.017835319042206,0.03296995162963867,1.98463,37.45000076293945,,,,,,,440.7,5.578481012,440.7,5.578481012,,,,,,,,,,,,,,,,,,,"Manny Machado","11493",592518
"Jazz Chisholm Jr.","NYY",71,305,273,66,40,11,1,14,42,40,27,1,79,3,2,1,,19,4,0.243092,0.0884903,0.260527,0.339659,0.31597,0.449794,0.332101,0.765764,0.206702,6.50442,0.287656,1.29658,1.54345,39.6285,4.36118,113.611,2.84002,-0.270235,7.576604604721069,0.8186540901660919,1.9285,21.799999237060547,,,,,,,380.7,5.36197183,380.7,5.36197183,,,,,,,,,,,,,,,,,,,"Jazz Chisholm Jr.","20454",665862
"Mike Trout","LAA",68,294,253,63,33,10,2,18,42,43,35,3,78,4,2,0,,5,1,0.25041,0.119806,0.26404,0.453742,0.348427,0.519446,0.370722,0.867873,0.269037,5.10744,0.285177,-0.215102,0.0354071,47.2991,13.2913,138.936,-0.179695,-0.0447277,12.886320024728775,-4.17991291359067,1.92306,111.9000015258789,,,,,,,433.1,6.369117647,433.1,6.369117647,,,,,,,,,,,,,,,,,,,"Mike Trout","10155",545361
"Yordan Alvarez","HOU",52,225,192,56,31,11,1,13,33,37,28,4,37,3,2,0,,1,0,0.294176,0.125041,0.165374,0.75611,0.390337,0.565952,0.404776,0.956288,0.271776,3.11646,0.301252,-0.555357,-0.20412,42.3364,16.3057,166.097,-0.759477,-0.0387229,16.218350052833557,-5.353537425398827,1.9081,17.149999618530273,,,,,,,376.3,7.236538461,376.3,7.236538461,,,,,,,,,,,,,,,,,,,"Yordan Alvarez","19556",670541
"Bryce Harper","PHI",70,301,257,71,42,16,0,13,43,43,41,4,63,2,2,0,,5,2,0.277278,0.134893,0.20938,0.644248,0.377303,0.495103,0.375104,0.872406,0.217826,3.8135,0.318429,-0.715235,-0.176702,49.5232,14.6757,140.269,-0.891936,0.6457,13.327916145324707,-4.7857813239097595,1.90121,22.260000228881836,,,,,,,442.1,6.315714285,442.1,6.315714285,,,,,,,,,,,,,,,,,,,"Bryce Harper","11579",547180
"Jeremy Peña","HOU",81,352,324,86,61,15,1,9,44,37,19,1,63,6,2,1,,10,3,0.266126,0.0542269,0.178407,0.30395,0.316533,0.403557,0.315882,0.72009,0.137431,5.33845,0.303827,0.513288,0.379797,41.1923,0.466886,103.778,0.893086,0.116923,2.411508083343506,3.8891449198126793,1.87459,156.9499969482422,,,,,,,377,4.654320987,377,4.654320987,,,,,,,,,,,,,,,,,,,"Jeremy Pena","21636",665161
"Riley Greene","DET",76,330,293,79,49,14,2,13,44,42,32,1,84,3,2,0,,3,1,0.26824,0.0974611,0.25585,0.38093,0.343656,0.462531,0.349938,0.806187,0.194291,4.61484,0.333331,-0.339426,-0.275129,47.5953,9.42905,127.302,-0.614555,1.09232,9.667642056941986,-2.6990357637405396,1.86725,109.87000274658203,,,,,,,431.5,5.677631578,431.5,5.677631578,,,,,,,,,,,,,,,,,,,"Riley Greene","25976",682985
"Michael Harris II","ATL",73,316,294,81,53,16,2,11,43,39,17,1,60,3,2,1,,11,3,0.275045,0.0531073,0.189017,0.280966,0.317784,0.448719,0.331522,0.766503,0.173674,5.86656,0.311065,0.945253,0.549603,40.9088,4.37189,109.909,1.49486,1.40139,5.163409113883972,2.52947735786438,1.86221,41.880001068115234,,,,,,,393.3,5.387671232,393.3,5.387671232,,,,,,,,,,,,,,,,,,,"Michael Harris II","25931",671739
"Oneil Cruz","PIT",73,315,279,71,41,14,1,14,43,42,32,2,90,2,2,0,,14,3,0.252502,0.0999301,0.2864,0.348918,0.32986,0.461081,0.341234,0.79094,0.208578,6.26581,0.320124,1.28395,1.32517,43.2924,6.81549,115.133,2.60911,-1.45673,8.202674627304077,-0.5329636335372925,1.85806,37.369998931884766,,,,,,,416.7,5.708219178,416.7,5.708219178,,,,,,,,,,,,,,,,,,,"Oneil Cruz","21711",665833
"Carlos Correa","MIN",72,312,276,73,47,15,1,10,39,38,31,2,59,2,2,0,,0,0,0.263081,0.100519,0.189611,0.530134,0.340313,0.432995,0.337651,0.773308,0.169914,2.13126,0.298795,-0.803604,-0.505158,41.9585,5.85143,118.178,-1.30876,-0.650032,5.167967915534973,1.9166342616081238,1.81759,237.5800018310547,,,,,,,375,5.208333333,375,5.208333333,,,,,,,,,,,,,,,,,,,"Carlos Correa","14162",621043
"Anthony Volpe","NYY",81,352,318,76,48,17,2,9,45,37,28,0,81,4,2,1,,15,4,0.238004,0.0795393,0.22985,0.346049,0.305013,0.389871,0.305849,0.694884,0.151867,6.36607,0.289449,1.44688,0.906398,38.3658,-2.35957,95.2072,2.35328,1.47599,0.4272078275680542,5.248215675354004,1.80968,142.30999755859375,,,,,,,366.2,4.520987654,366.2,4.520987654,,,,,,,,,,,,,,,,,,,"Anthony Volpe","27647",683011
"Andrés Giménez","TOR",76,327,296,75,53,14,1,6,39,33,19,1,55,9,2,2,,16,3,0.254792,0.0571957,0.168818,0.338801,0.316231,0.376897,0.306538,0.693128,0.122106,6.33812,0.291886,1.28652,1.39361,35.8008,-2.01063,97.0324,2.68013,3.66665,1.5728790760040283,4.8603187799453735,1.80103,163.10000610351562,,,,,,,332.7,4.377631578,332.7,4.377631578,,,,,,,,,,,,,,,,,,,"Andres Gimenez","19950",665926
"Willy Adames","SFG",80,345,306,73,44,16,1,12,44,43,35,1,82,1,3,0,,7,2,0.238622,0.101603,0.237548,0.427714,0.317252,0.418118,0.321656,0.735371,0.179497,4.4629,0.282946,0.10832,0.0864841,41.9359,2.05026,106.361,0.194804,-0.376669,2.765657901763916,3.3177758157253265,1.79259,91.93000030517578,,,,,,,383.4,4.7925,383.4,4.7925,,,,,,,,,,,,,,,,,,,"Willy Adames","15986",642715
"Pete Alonso","NYM",81,348,300,75,41,14,1,19,48,54,39,3,76,7,2,0,,2,1,0.249152,0.110919,0.219187,0.506047,0.346515,0.490103,0.360528,0.836618,0.240951,3.18747,0.269082,-1.17698,-0.396395,53.1301,12.8895,134.458,-1.57337,-0.260891,12.477591395378113,-6.626785784959793,1.77876,47.630001068115234,,,,,,,483.9,5.974074074,483.9,5.974074074,,,,,,,,,,,,,,,,,,,"Pete Alonso","19251",624413
"Nico Hoerner","CHC",77,334,304,84,64,15,2,3,41,31,22,1,35,5,2,0,,16,4,0.275789,0.066434,0.106252,0.625246,0.333914,0.367169,0.311788,0.701083,0.0913793,5.90196,0.301271,1.43907,1.1668,37.9749,-0.651229,100.208,2.60587,2.35614,2.687236674129963,3.574656844139099,1.77445,203.32000732421875,,,,,,,349.7,4.541558441,349.7,4.541558441,,,,,,,,,,,,,,,,,,,"Nico Hoerner","21479",663538
"Isaac Paredes","HOU",73,316,271,66,41,12,1,12,38,41,36,0,52,7,2,0,,1,0,0.241853,0.113492,0.164053,0.691801,0.342872,0.421082,0.33781,0.763954,0.17923,2.48378,0.256983,-1.0082,-0.510472,42.4863,5.95944,119.151,-1.51867,-0.0217067,5.383899450302124,1.1060710456222296,1.76843,184.41000366210938,,,,,,,382.8,5.243835616,382.8,5.243835616,,,,,,,,,,,,,,,,,,,"Isaac Paredes","20036",670623
"Xander Bogaerts","SDP",76,327,295,78,54,15,1,8,39,35,27,1,58,3,3,0,,8,2,0.26377,0.0815099,0.178806,0.455857,0.328006,0.398138,0.319749,0.726144,0.134368,4.688,0.302785,0.374586,0.318201,39.2305,1.44409,106.784,0.692786,-0.466537,3.2905150055885315,2.774204194545746,1.72954,155.3699951171875,,,,,,,365.8,4.813157894,365.8,4.813157894,,,,,,,,,,,,,,,,,,,"Xander Bogaerts","12161",593428
"Matt Olson","ATL",83,360,309,78,44,15,1,18,49,54,46,3,82,3,2,0,,0,0,0.251483,0.126897,0.227211,0.558501,0.351486,0.477301,0.358531,0.828787,0.225818,2.26199,0.283757,-0.884286,-0.529489,54.396,12.7609,128.346,-1.41378,0.670853,10.545680165290833,-5.756616592407227,1.70912,33.970001220703125,,,,,,,493.2,5.942168674,493.2,5.942168674,,,,,,,,,,,,,,,,,,,"Matt Olson","14344",621566
"Bo Bichette","TOR",79,342,319,89,62,18,1,9,41,39,19,1,61,2,2,0,,6,2,0.278594,0.0545584,0.179782,0.30347,0.320731,0.420037,0.323081,0.740768,0.141442,4.25276,0.320016,0.0351111,-0.16219,41.9315,2.42072,108.63,-0.127079,-2.03599,3.237620234489441,1.6237308979034424,1.68876,113.95999908447266,,,,,,,390.7,4.94556962,390.7,4.94556962,,,,,,,,,,,,,,,,,,,"Bo Bichette","19612",666182
"Brent Rooker","ATH",73,315,280,71,39,13,1,19,43,48,29,1,91,4,2,0,,4,1,0.254847,0.0908744,0.287255,0.316355,0.330835,0.508315,0.359961,0.83915,0.253468,4.26599,0.304991,-0.321338,-0.189993,48.0179,11.541,133.404,-0.511331,-0.289528,11.512225151062012,-5.794158011674881,1.68679,62.2400016784668,,,,,,,443.4,6.073972602,443.4,6.073972602,,,,,,,,,,,,,,,,,,,"Brent Rooker","19627",667670
"Luis Robert Jr.","CHW",76,330,300,73,44,15,0,14,44,40,24,2,96,4,2,0,,18,5,0.24288,0.0738253,0.292421,0.252462,0.305974,0.433548,0.32082,0.739522,0.190668,5.60073,0.308229,1.18233,1.21364,39.9076,1.74129,105.202,2.39597,0.50174,4.355021357536316,0.860381543636322,1.68523,87.75,,,,,,,388.1,5.106578947,388.1,5.106578947,,,,,,,,,,,,,,,,,,,"Luis Robert Jr.","20043",673357
"Masyn Winn","STL",79,341,310,79,54,15,2,8,45,34,24,0,63,2,3,2,,8,2,0.255027,0.0716832,0.18531,0.386829,0.310918,0.395194,0.309786,0.706113,0.140168,5.71952,0.294436,0.55428,0.151127,38.2006,-1.21026,97.754,0.705406,1.65598,-0.19156402349472046,5.306439518928528,1.67821,157.3800048828125,,,,,,,350.1,4.431645569,350.1,4.431645569,,,,,,,,,,,,,,,,,,,"Masyn Winn","27479",691026
"CJ Abrams","WSN",74,319,290,73,46,15,2,10,43,35,19,1,63,7,2,1,,19,5,0.250745,0.0594845,0.198548,0.299597,0.309976,0.420162,0.318232,0.730139,0.169417,7.32015,0.2872,1.6383,1.45393,37.9452,1.02345,102.406,3.09223,-1.6122,3.9924776554107666,1.6796241998672485,1.66361,49.619998931884766,,,,,,,367.8,4.97027027,367.8,4.97027027,,,,,,,,,,,,,,,,,,,"CJ Abrams","25768",682928
"Adley Rutschman","BAL",62,251,219,56,36,11,1,8,31,30,29,1,40,1,2,0,,1,0,0.256946,0.114066,0.15786,0.722576,0.344201,0.424402,0.337304,0.768604,0.167456,2.63142,0.278032,-0.336809,-0.376388,33.6505,4.63287,119.866,-0.713197,0.455142,4.975197970867157,2.6069937646389008,1.6568,61.56999969482422,,,,,,,299.3,4.827419354,299.3,4.827419354,,,,,,,,,,,,,,,,,,,"Adley Rutschman","26288",668939
"Tommy Edman","LAD",73,316,288,73,47,14,2,10,43,38,21,1,54,3,3,1,,12,2,0.254591,0.0662602,0.17136,0.386673,0.308913,0.420973,0.317701,0.729885,0.166382,6.18295,0.278974,1.11327,0.930856,37.3848,0.877908,103.39,2.04412,1.22866,3.2982805967330933,2.3814343214035034,1.65232,169.00999450683594,,,,,,,356,4.876712328,356,4.876712328,,,,,,,,,,,,,,,,,,,"Tommy Edman","19470",669242
"Jackson Chourio","MIL",81,351,326,87,55,18,2,13,47,47,21,1,73,2,2,1,,14,4,0.266438,0.0588037,0.208651,0.281828,0.312519,0.448908,0.328769,0.761427,0.18247,5.98402,0.306391,1.00633,0.844345,44.7458,4.09043,108.857,1.85067,1.13065,5.499614238739014,-1.1492853164672852,1.63505,16.420000076293945,,,,,,,431.4,5.325925925,431.4,5.325925925,,,,,,,,,,,,,,,,,,,"Jackson Chourio","28806",694192
"Geraldo Perdomo","ARI",76,327,278,70,50,13,1,5,42,31,37,0,50,3,3,6,,10,2,0.249982,0.112657,0.153998,0.731548,0.340978,0.361777,0.315348,0.702754,0.111795,5.61579,0.285942,0.895786,0.489248,38.08,0.293589,98.4214,1.38503,0.768319,0.7805616855621338,4.2683186531066895,1.62407,430.2699890136719,,,,,,,337.8,4.444736842,337.8,4.444736842,,,,,,,,,,,,,,,,,,,"Geraldo Perdomo","22799",672695
"Ozzie Albies","ATL",80,345,315,82,52,17,2,12,45,44,24,0,52,3,3,0,,7,2,0.260637,0.070191,0.151959,0.461907,0.317376,0.436411,0.32782,0.753787,0.175774,5.26048,0.277847,0.586423,0.23626,43.6915,3.75589,107.381,0.822682,-0.63438,3.8098106384277344,0.5986446738243103,1.62014,69.22000122070312,,,,,,,406.4,5.08,406.4,5.08,,,,,,,,,,,,,,,,,,,"Ozzie Albies","16556",645277
"J.P. Crawford","SEA",74,320,274,66,46,13,1,7,38,30,39,0,62,3,2,1,,2,1,0.240813,0.12288,0.193736,0.634262,0.341259,0.36745,0.318754,0.708709,0.126637,3.50841,0.28589,-0.33105,-0.323495,38.1197,1.15802,110.584,-0.654545,-1.75406,3.205606520175934,1.669555425643921,1.6138,442.010009765625,,,,,,,331.8,4.483783783,331.8,4.483783783,,,,,,,,,,,,,,,,,,,"J.P. Crawford","15491",641487
"Jarren Duran","BOS",71,308,281,76,46,17,4,8,43,33,23,1,67,3,2,1,,15,3,0.269828,0.0731408,0.218382,0.334921,0.328514,0.448732,0.337278,0.777247,0.178904,7.74076,0.327161,1.42673,1.38275,41.3437,5.68648,111.502,2.80948,0.363923,6.856353282928467,-1.622805804014206,1.61192,21.389999389648438,,,,,,,390,5.492957746,390,5.492957746,,,,,,,,,,,,,,,,,,,"Jarren Duran","24617",680776
"Ha-Seong Kim","TBR",60,261,227,57,39,11,1,6,32,27,28,1,46,2,2,2,,12,3,0.249562,0.108799,0.174247,0.624396,0.335949,0.389144,0.321189,0.725093,0.139582,5.53292,0.283964,0.653709,0.807263,31.6854,1.45627,109.982,1.46097,-0.510353,4.438446044921875,2.289646863937378,1.60443,382.4700012207031,,,,,,,290.6,4.843333333,290.6,4.843333333,,,,,,,,,,,,,,,,,,,"Ha-Seong Kim","27506",673490
"J.T. Realmuto","PHI",65,256,231,58,37,11,1,9,32,32,19,1,62,4,2,0,,4,1,0.252084,0.0757911,0.24332,0.311487,0.317916,0.424817,0.324062,0.742732,0.172732,4.9637,0.306797,-0.0742601,-0.15232,31.6457,2.01637,105.425,-0.22658,1.04432,1.402171179652214,5.723952531814575,1.60231,140.24000549316406,,,,,,,289.8,4.458461538,289.8,4.458461538,,,,,,,,,,,,,,,,,,,"J.T. Realmuto","11739",592663
"Jung Hoo Lee","SFG",76,327,296,83,57,19,2,5,41,35,25,1,33,3,2,0,,5,2,0.281484,0.0770898,0.0999691,0.771136,0.340423,0.416662,0.331451,0.757085,0.135178,4.85111,0.299214,-0.567659,-0.390658,42.2893,4.50284,113.048,-0.958318,-0.537168,4.037718176841736,0.6294984221458435,1.58445,233.94000244140625,,,,,,,370.2,4.871052631,370.2,4.871052631,,,,,,,,,,,,,,,,,,,"Jung Hoo Lee","33824",808982
"Jordan Westburg","BAL",68,294,268,70,43,14,2,11,37,38,20,0,66,4,2,1,,5,1,0.262609,0.0683845,0.223869,0.305466,0.320953,0.456235,0.33703,0.777187,0.193626,5.35275,0.307559,-0.233914,0.00683882,39.3727,5.36495,119.673,-0.227075,-0.0198313,6.374918922781944,-0.9402017127722502,1.58338,90.2300033569336,,,,,,,358.1,5.26617647,358.1,5.26617647,,,,,,,,,,,,,,,,,,,"Jordan Westburg","27815",676059
"Rafael Devers","SFG",81,348,303,81,46,18,1,16,48,51,39,5,78,3,2,0,,2,0,0.265342,0.112004,0.223136,0.501952,0.352692,0.489609,0.360263,0.842301,0.224267,3.59566,0.304156,-0.667255,-0.408292,53.142,12.8364,132.717,-1.07555,-0.0630311,12.286959886550903,-8.385252870619297,1.57829,40.939998626708984,,,,,,,488.7,6.033333333,488.7,6.033333333,,,,,,,,,,,,,,,,,,,"Rafael Devers","17350",646240
"Jacob Wilson","ATH",74,319,296,86,63,17,1,4,38,32,16,0,28,3,2,2,,2,1,0.2895,0.0503562,0.0890672,0.565373,0.329359,0.40208,0.320744,0.731439,0.112581,3.92741,0.306219,-0.516817,-0.331829,38.5503,1.66354,105.911,-0.848645,-0.199629,1.302849292755127,3.217037409543991,1.57467,327.1499938964844,,,,,,,336.2,4.543243243,336.2,4.543243243,,,,,,,,,,,,,,,,,,,"Jacob Wilson","33266",805779
"James Wood","WSN",76,326,285,74,44,15,2,12,44,41,38,1,88,2,2,0,,11,3,0.260033,0.115294,0.270897,0.4256,0.348877,0.456976,0.351365,0.805853,0.196943,5.64599,0.332437,0.00812115,0.431999,47.4507,9.69926,125.025,0.44012,-0.928686,10.01340600848198,-5.450136184692383,1.57263,53.29999923706055,,,,,,,429.6,5.652631578,429.6,5.652631578,,,,,,,,,,,,,,,,,,,"James Wood","29518",695578
"Byron Buxton","MIN",65,279,253,62,32,14,2,14,41,39,19,1,79,5,2,0,,7,1,0.244329,0.0683028,0.284251,0.24029,0.307567,0.480367,0.338751,0.787933,0.236037,6.40952,0.295487,0.692064,0.443689,37.8133,5.48491,118.949,1.13575,0.00993708,7.180519223213196,-1.4808036973699927,1.56056,224.94000244140625,,,,,,,360.3,5.543076923,360.3,5.543076923,,,,,,,,,,,,,,,,,,,"Byron Buxton","14161",621439
"Alex Bregman","BOS",64,276,243,64,40,13,1,10,37,37,27,0,38,3,2,0,,1,0,0.264122,0.0990233,0.135954,0.728357,0.344305,0.451085,0.347368,0.79539,0.186963,3.43407,0.273784,-0.974176,-0.378897,39.298,7.3295,118.575,-1.35307,0.402888,4.506437063217163,1.187455415725708,1.54918,110.41000366210938,,,,,,,344.7,5.3859375,344.7,5.3859375,,,,,,,,,,,,,,,,,,,"Alex Bregman","17678",608324
"Junior Caminero","TBR",75,323,299,78,50,13,1,13,39,44,20,1,67,2,2,0,,2,1,0.259773,0.0621228,0.208586,0.297828,0.30913,0.443424,0.325552,0.752554,0.183651,3.64001,0.292251,-0.521311,-0.319716,40.2946,2.92803,113.041,-0.841027,-0.918573,3.9673827290534973,0.1314268708229065,1.54533,73.0999984741211,,,,,,,370.4,4.938666666,370.4,4.938666666,,,,,,,,,,,,,,,,,,,"Junior Caminero","28163",691406
"Randy Arozarena","SEA",80,345,296,70,43,14,1,12,44,40,39,0,87,9,2,0,,13,4,0.237425,0.112022,0.252395,0.443836,0.341012,0.412127,0.334217,0.753139,0.174703,5.37602,0.293644,-0.0100905,0.40582,45.4589,5.52322,121.424,0.39573,-1.70379,8.838492959737778,-5.5078006982803345,1.54257,134.9199981689453,,,,,,,412.6,5.1575,412.6,5.1575,,,,,,,,,,,,,,,,,,,"Randy Arozarena","19290",668227
"Cedric Mullins","BAL",68,294,261,63,40,12,1,9,38,34,27,1,59,3,2,1,,15,3,0.240933,0.0915373,0.199578,0.458655,0.316622,0.404117,0.317016,0.720739,0.163184,6.2918,0.274831,1.05761,1.25316,34.6645,0.656692,105.643,2.31077,-0.331278,4.204505562782288,0.7187215089797974,1.53027,211.2100067138672,,,,,,,327,4.808823529,327,4.808823529,,,,,,,,,,,,,,,,,,,"Cedric Mullins","17929",656775
"Yainer Diaz","HOU",74,299,282,78,52,14,1,11,35,41,13,0,54,2,2,0,,1,0,0.27616,0.0427585,0.180669,0.236668,0.310015,0.449714,0.32822,0.759729,0.173555,2.86516,0.30539,-1.05402,-0.436264,37.958,3.3504,112.428,-1.49028,-0.136117,2.753692388534546,1.9898088425397873,1.52959,60.08000183105469,,,,,,,351.4,4.748648648,351.4,4.748648648,,,,,,,,,,,,,,,,,,,"Yainer Diaz","23003",673237
"Marcus Semien","TEX",77,334,299,72,46,14,1,10,44,37,30,0,52,2,2,0,,5,2,0.241151,0.0906093,0.156765,0.577995,0.312471,0.400419,0.313418,0.71289,0.159269,4.86394,0.259033,0.0762109,-0.169775,38.3659,-0.21529,100.537,-0.0935645,2.36705,0.11076990514993668,3.4557842016220093,1.52647,104.12000274658203,,,,,,,344.4,4.472727272,344.4,4.472727272,,,,,,,,,,,,,,,,,,,"Marcus Semien","12533",543760
"Kyle Schwarber","PHI",81,348,289,66,34,10,1,21,52,53,54,2,96,4,2,0,,2,1,0.229385,0.154478,0.275202,0.561327,0.35498,0.484453,0.36367,0.839433,0.255068,3.62003,0.261908,-0.875251,-0.493331,54.092,13.7865,132.464,-1.36858,-0.0133428,11.890647172927856,-8.620750376023352,1.51269,75.9000015258789,,,,,,,487.7,6.020987654,487.7,6.020987654,,,,,,,,,,,,,,,,,,,"Kyle Schwarber","16478",656941
"Teoscar Hernández","LAD",76,326,299,81,49,15,1,16,45,51,22,1,88,3,2,0,,5,1,0.269435,0.0674794,0.269036,0.25082,0.324636,0.483629,0.348429,0.808266,0.214195,4.6402,0.328368,-0.454306,0.0656625,46.684,8.9326,124.367,-0.388643,-1.49136,8.93302920460701,-4.988120198249817,1.50843,56.880001068115234,,,,,,,435.9,5.735526315,435.9,5.735526315,,,,,,,,,,,,,,,,,,,"Teoscar Hernandez","13066",606192
"Bryson Stott","PHI",71,305,274,71,50,12,2,6,38,31,26,1,52,2,2,0,,14,2,0.25777,0.0846336,0.172135,0.491671,0.323366,0.384354,0.312439,0.70772,0.126584,6.38483,0.295791,1.37904,1.38734,34.8317,-0.435628,97.4901,2.76638,1.39658,1.8693815469741821,2.511390447616577,1.48138,172.64999389648438,,,,,,,331.2,4.664788732,331.2,4.664788732,,,,,,,,,,,,,,,,,,,"Bryson Stott","26294",681082
"Brandon Lowe","TBR",64,276,246,58,34,11,1,12,35,39,25,1,71,3,2,0,,3,1,0.237648,0.0909594,0.256199,0.355034,0.313193,0.441207,0.328172,0.7544,0.203559,4.12103,0.27908,0.0720455,-0.106208,34.9871,3.07857,114.877,-0.0341624,-0.308314,4.650121338665485,0.391686350107193,1.47968,211.94000244140625,,,,,,,316.1,4.9390625,316.1,4.9390625,,,,,,,,,,,,,,,,,,,"Brandon Lowe","18882",664040
"Brenton Doyle","COL",77,334,305,76,48,13,2,12,43,39,23,0,92,2,2,2,,15,3,0.249855,0.0685153,0.274912,0.249226,0.304547,0.427339,0.318078,0.731886,0.177484,6.67865,0.315028,1.2934,1.26103,39.6557,1.02955,88.7138,2.55443,4.0829,-1.8631491661071777,5.275493621826172,1.4786,71.72000122070312,,,,,,,377.6,4.903896103,377.6,4.903896103,,,,,,,,,,,,,,,,,,,"Brenton Doyle","25479",686668
"Alejandro Kirk","TOR",65,260,232,61,43,11,0,6,24,31,23,1,32,3,2,0,,0,0,0.261334,0.0885827,0.124465,0.711709,0.33216,0.388537,0.318747,0.720698,0.127203,1.47105,0.279164,-1.62741,-0.434147,30.9951,0.940141,105.591,-2.06155,1.52475,-0.40335214138031006,5.945270657539368,1.47605,255.17999267578125,,,,,,,275.9,4.244615384,275.9,4.244615384,,,,,,,,,,,,,,,,,,,"Alejandro Kirk","22581",672386
"Jose Altuve","HOU",78,338,305,82,56,15,0,11,46,36,27,1,58,3,2,0,,9,3,0.268209,0.0810527,0.172619,0.469548,0.333515,0.42321,0.332105,0.756725,0.155001,4.62314,0.299681,-0.239778,0.145373,43.8756,4.82959,115.151,-0.0944048,-0.691916,5.743355631828308,-2.8567304611206055,1.4698,61.189998626708984,,,,,,,399.8,5.125641025,399.8,5.125641025,,,,,,,,,,,,,,,,,,,"Jose Altuve","5417",514888
"Gleyber Torres","DET",77,334,297,77,53,14,1,9,41,36,32,0,57,2,3,1,,5,2,0.260965,0.0947112,0.170306,0.556125,0.333307,0.405447,0.325942,0.738754,0.144482,3.87439,0.292847,-0.58572,-0.411364,41.7084,3.12726,110.48,-0.997084,-1.2186,2.992601990699768,-0.027401089668273926,1.46403,228.8800048828125,,,,,,,371,4.818181818,371,4.818181818,,,,,,,,,,,,,,,,,,,"Gleyber Torres","16997",650402
"Austin Wells","NYY",64,253,223,52,29,11,1,10,28,33,24,0,56,3,2,0,,2,1,0.231129,0.0951963,0.222428,0.427987,0.31042,0.426367,0.321503,0.736787,0.195239,3.2777,0.259544,-0.302613,-0.278787,30.718,1.47248,106.181,-0.5814,-0.190183,1.2023855447769165,4.424631550908089,1.46063,175.14999389648438,,,,,,,281.8,4.403125,281.8,4.403125,,,,,,,,,,,,,,,,,,,"Austin Wells","27562",669224
"Ian Happ","CHC",76,330,285,71,44,16,1,10,45,39,40,1,76,3,2,0,,6,1,0.24945,0.120787,0.228762,0.528003,0.344897,0.419119,0.337026,0.764017,0.16967,4.60864,0.302145,-0.160031,-0.00825292,44.2325,6.02622,117.437,-0.168284,0.318161,6.582566350698471,-3.324431210756302,1.45037,130.16000366210938,,,,,,,396.3,5.214473684,396.3,5.214473684,,,,,,,,,,,,,,,,,,,"Ian Happ","17919",664023
"Colton Cowser","BAL",67,290,254,61,37,12,1,11,39,36,30,1,86,4,2,0,,5,1,0.241631,0.104261,0.295593,0.352717,0.330719,0.429844,0.333161,0.760564,0.188214,4.53713,0.315204,0.079312,-0.115694,37.9878,4.39987,116.961,-0.0363818,1.1851,5.585254080593586,-1.4074968099594116,1.44029,161.9499969482422,,,,,,,340.2,5.07761194,340.2,5.07761194,,,,,,,,,,,,,,,,,,,"Colton Cowser","29591",681297
"Logan O'Hoppe","LAA",65,260,235,57,35,9,1,13,32,34,20,0,71,3,1,0,,1,1,0.244334,0.0765858,0.272188,0.281371,0.310873,0.451507,0.331311,0.762381,0.207173,3.19589,0.291906,-0.589993,-0.35647,33.6547,3.55749,111.307,-0.946462,-0.370477,2.41160386800766,2.286929965019226,1.38975,135.80999755859375,,,,,,,306.3,4.712307692,306.3,4.712307692,,,,,,,,,,,,,,,,,,,"Logan O'Hoppe","24729",681351
"Gabriel Moreno","ARI",53,210,186,50,36,10,1,4,25,24,20,0,34,2,1,0,,2,1,0.271152,0.0969265,0.164437,0.589444,0.346391,0.391362,0.327402,0.737753,0.12021,3.56094,0.312863,-0.684656,-0.253337,26.4662,2.21096,106.65,-0.937993,2.0793,0.6964937448501587,5.851526975631714,1.38586,184.36000061035156,,,,,,,233.3,4.401886792,233.3,4.401886792,,,,,,,,,,,,,,,,,,,"Gabriel Moreno","22664",672515
"Lars Nootbaar","STL",61,262,223,56,35,11,1,9,34,29,35,1,50,1,2,1,,5,1,0.250755,0.135351,0.190061,0.712142,0.353873,0.434421,0.345749,0.788294,0.183666,4.67304,0.281906,0.0705828,0.0282034,36.8883,6.60419,122.305,0.0987862,0.196654,6.943707302212715,-2.1473279297351837,1.37948,258.2900085449219,,,,,,,327.5,5.368852459,327.5,5.368852459,,,,,,,,,,,,,,,,,,,"Lars Nootbaar","21454",663457
"Nolan Arenado","STL",78,337,306,78,52,16,1,10,38,42,26,2,46,2,3,0,,2,1,0.256251,0.0774102,0.137446,0.563206,0.31725,0.409515,0.316832,0.726765,0.153264,2.97928,0.271233,-0.763693,-0.448247,39.6994,0.703403,102.564,-1.21194,1.46172,-0.19855046272277832,2.460793197154999,1.36996,222.5399932861328,,,,,,,361.9,4.639743589,361.9,4.639743589,,,,,,,,,,,,,,,,,,,"Nolan Arenado","9777",571448
"Lawrence Butler","ATH",72,312,284,71,43,15,1,13,41,36,25,1,74,1,2,0,,10,2,0.250034,0.0786191,0.237057,0.331646,0.309457,0.443856,0.326599,0.753313,0.193822,5.53252,0.292347,0.47958,0.833949,39.1544,3.08733,110.015,1.31353,1.17177,4.877968430519104,-2.118351936340332,1.36735,60.90999984741211,,,,,,,376.4,5.227777777,376.4,5.227777777,,,,,,,,,,,,,,,,,,,"Lawrence Butler","22542",671732
"Brendan Donovan","STL",71,305,271,76,54,14,1,7,37,34,26,1,39,6,2,1,,3,1,0.281662,0.0850335,0.128587,0.661292,0.354467,0.413594,0.339302,0.768061,0.131932,3.91966,0.307234,-0.51039,-0.423883,41.3796,6.11725,117.904,-0.934273,-0.546918,5.463281571865082,-2.352936029434204,1.34933,248.27000427246094,,,,,,,365.6,5.149295774,365.6,5.149295774,,,,,,,,,,,,,,,,,,,"Brendan Donovan","24679",680977
"Royce Lewis","MIN",52,225,203,52,30,10,0,11,29,33,19,1,51,1,2,0,,2,1,0.257838,0.0832214,0.227531,0.365758,0.3222,0.476702,0.344382,0.798903,0.218865,3.60586,0.290105,-0.221903,-0.217413,31.4611,5.43044,122.896,-0.439315,-0.130753,5.441913992166519,-0.15667903423309326,1.32881,163.9600067138672,,,,,,,281.6,5.415384615,281.6,5.415384615,,,,,,,,,,,,,,,,,,,"Royce Lewis","20437",668904
"Brice Turang","MIL",75,323,291,73,55,12,2,5,40,29,27,1,60,1,2,2,,21,4,0.25287,0.0833608,0.186601,0.446734,0.316784,0.354003,0.298485,0.670787,0.101133,6.57941,0.302057,1.82586,2.18396,33.2711,-4.06546,88.183,4.00982,1.49239,-0.46110057830810547,2.773251533508301,1.32684,145.1300048828125,,,,,,,323.7,4.316,323.7,4.316,,,,,,,,,,,,,,,,,,,"Brice Turang","22186",668930
"Jonathan Aranda","TBR",66,283,248,64,40,13,1,11,36,36,29,1,69,5,2,0,,0,0,0.258047,0.101414,0.24246,0.41827,0.343921,0.447902,0.34612,0.791824,0.189855,2.47379,0.311303,-0.462019,-0.449462,39.9738,7.22553,127.459,-0.911481,0.422246,7.962018966674805,-4.7110875248909,1.3189,318.1600036621094,,,,,,,359.2,5.442424242,359.2,5.442424242,,,,,,,,,,,,,,,,,,,"Jonathan Aranda","21837",666018
"Parker Meadows","DET",61,265,237,57,36,11,3,8,34,27,24,1,61,2,2,1,,10,2,0.241982,0.0894206,0.231114,0.386912,0.313347,0.408252,0.315767,0.721599,0.16627,6.85579,0.292908,0.799831,0.592555,31.0265,0.327529,103.347,1.39239,0.319736,2.406145453453064,1.2675755620002747,1.30139,287.75,,,,,,,297.8,4.881967213,297.8,4.881967213,,,,,,,,,,,,,,,,,,,"Parker Meadows","23800",678009
"Matt Wallner","MIN",60,261,225,54,28,12,2,12,32,34,28,1,87,7,1,0,,2,0,0.238001,0.105407,0.33411,0.315487,0.338394,0.464086,0.349319,0.80248,0.226084,4.43291,0.327529,-0.222351,-0.189749,37.5679,7.33879,126.358,-0.4121,-0.661724,7.450196921825409,-3.6691317558288574,1.29845,264.8399963378906,,,,,,,345.2,5.753333333,345.2,5.753333333,,,,,,,,,,,,,,,,,,,"Matt Wallner","26466",670242
"Jake Cronenworth","SDP",75,323,283,69,44,15,2,8,38,37,31,1,59,6,2,1,,2,1,0.242503,0.0966821,0.183641,0.526474,0.327138,0.39866,0.320483,0.725797,0.156156,4.34167,0.276532,-0.125415,-0.291645,38.9842,1.61767,107.285,-0.41706,-1.07402,2.3414362967014313,-0.3869786858558655,1.29057,284.07000732421875,,,,,,,345.5,4.606666666,345.5,4.606666666,,,,,,,,,,,,,,,,,,,"Jake Cronenworth","18036",630105
"Andy Pages","LAD",71,308,276,68,41,15,1,12,41,38,25,1,74,5,2,0,,3,1,0.246531,0.0811179,0.239953,0.338058,0.318678,0.435899,0.32904,0.754576,0.189367,4.08898,0.292111,-0.363837,-0.397155,39.3337,3.65655,111.131,-0.760992,0.22802,3.263259470462799,-0.8735231310129166,1.28659,381.8599853515625,,,,,,,359.7,5.066197183,359.7,5.066197183,,,,,,,,,,,,,,,,,,,"Andy Pages","24816",681624
"Chase Meidroth","CHW",71,305,261,65,48,11,1,4,35,25,37,0,51,5,2,1,,6,1,0.248674,0.121566,0.168498,0.721473,0.350616,0.347043,0.316922,0.69766,0.0983689,4.50229,0.29295,-0.264044,-0.0520033,35.9203,0.657925,102.469,-0.316047,-0.493707,0.5430742800235748,1.5684837996959686,1.27595,999,,,,,,,312.8,4.405633802,312.8,4.405633802,,,,,,,,,,,,,,,,,,,"Chase Meidroth","31580",805367
"Christian Walker","HOU",78,338,298,70,40,14,1,16,42,47,32,1,79,5,3,0,,2,1,0.235619,0.0955798,0.232712,0.410721,0.317431,0.447163,0.331988,0.764594,0.211544,3.32372,0.262848,-0.3629,-0.333498,43.844,4.79798,115.069,-0.696398,1.97364,5.109754860401154,-4.105990767478943,1.27432,110.98999786376953,,,,,,,402.7,5.162820512,402.7,5.162820512,,,,,,,,,,,,,,,,,,,"Christian Walker","13419",572233
"Eugenio Suárez","ARI",74,319,282,67,39,13,1,14,40,46,29,0,89,5,3,0,,1,0,0.235996,0.0916165,0.279832,0.327398,0.315859,0.437178,0.328592,0.753037,0.201183,2.97833,0.289172,-0.859446,-0.389284,40.6189,3.67212,107.463,-1.24873,-0.185973,1.5452872514724731,0.35847118496894836,1.27309,168.66000366210938,,,,,,,372.1,5.028378378,372.1,5.028378378,,,,,,,,,,,,,,,,,,,"Eugenio Suarez","12552",553993
"Jackson Holliday","BAL",69,298,260,62,40,12,2,7,39,30,33,1,78,2,2,0,,6,2,0.236379,0.110495,0.262971,0.420178,0.325462,0.380408,0.31354,0.70587,0.144029,5.42343,0.307054,-0.106288,0.0385109,34.2646,-0.16301,103.206,-0.0677771,0.0469397,1.021527424454689,1.1876804754137993,1.26107,206.38999938964844,,,,,,,310,4.492753623,310,4.492753623,,,,,,,,,,,,,,,,,,,"Jackson Holliday","31781",702616
"Otto Lopez","MIA",70,301,276,74,54,14,2,4,33,27,20,1,50,2,2,1,,12,3,0.267677,0.06558,0.166626,0.393576,0.31944,0.377131,0.307104,0.69657,0.109454,5.66377,0.311793,0.28309,0.743799,33.1024,-1.71505,91.7977,1.02689,1.1327,-1.8670488595962524,4.224982023239136,1.25827,322.1099853515625,,,,,,,308.4,4.405714285,308.4,4.405714285,,,,,,,,,,,,,,,,,,,"Otto Lopez","19608",672640
"Matt McLain","CIN",67,290,256,62,37,13,1,10,39,35,28,0,81,4,2,0,,10,3,0.241112,0.0969873,0.278269,0.348538,0.323553,0.424904,0.328267,0.748457,0.183792,6.01076,0.307922,0.241879,0.480211,36.8672,3.26427,102.359,0.72209,0.159471,1.5252366065979004,1.1201187670230865,1.25275,86.18000030517578,,,,,,,335.2,5.002985074,335.2,5.002985074,,,,,,,,,,,,,,,,,,,"Matt McLain","29695",680574
"Taylor Ward","LAA",81,348,309,77,48,15,1,14,43,41,33,1,81,4,3,0,,3,1,0.24844,0.0949464,0.233533,0.406565,0.326183,0.433255,0.332108,0.759438,0.184815,3.60062,0.291661,-0.420505,-0.391127,45.2917,4.9862,111.865,-0.811632,0.255112,3.907504379749298,-3.478221595287323,1.25242,180.19000244140625,,,,,,,416.9,5.14691358,416.9,5.14691358,,,,,,,,,,,,,,,,,,,"Taylor Ward","17548",621493
"Maikel Garcia","KCR",73,316,287,75,54,15,2,4,39,30,24,0,54,1,2,1,,17,4,0.262435,0.076431,0.172423,0.443277,0.318901,0.374457,0.306507,0.693359,0.112023,6.1927,0.307348,1.05289,1.16053,34.5767,-1.9502,91.2448,2.21342,1.28779,-0.9422931671142578,2.4414979219436646,1.25026,206.8800048828125,,,,,,,321.6,4.405479452,321.6,4.405479452,,,,,,,,,,,,,,,,,,,"Maikel Garcia","22715",672580
"Marcell Ozuna","ATL",73,316,276,73,44,13,0,16,42,46,36,1,74,2,2,0,,1,0,0.263552,0.115138,0.23385,0.492359,0.350777,0.480358,0.36075,0.831135,0.216806,1.93441,0.303056,-0.996222,-0.450278,48.2962,11.7593,129.861,-1.4465,0,9.609440684318542,-7.896605014801025,1.24134,68.76000213623047,,,,,,,436.8,5.983561643,436.8,5.983561643,,,,,,,,,,,,,,,,,,,"Marcell Ozuna","10324",542303
"Josh Jung","TEX",72,312,290,74,47,14,1,11,36,38,17,0,80,3,2,0,,4,1,0.254754,0.0544992,0.257968,0.211264,0.300477,0.430138,0.317286,0.730615,0.175384,4.33146,0.312205,-0.795198,-0.165444,36.8562,0.764189,103.248,-0.960642,0.160585,0.1960986852645874,1.069998174905777,1.21303,207.57000732421875,,,,,,,338.9,4.706944444,338.9,4.706944444,,,,,,,,,,,,,,,,,,,"Josh Jung","26299",673962
"Sean Murphy","ATL",46,182,158,37,21,7,0,8,22,24,18,0,44,4,1,0,,0,0,0.233523,0.0983818,0.240937,0.40833,0.326195,0.433418,0.333185,0.759613,0.199895,2.43656,0.270245,-0.424769,-0.272772,23.7677,2.75599,111.044,-0.697541,0.743086,1.6539704203605652,4.127344846725464,1.21185,295.67999267578125,,,,,,,210.7,4.580434782,210.7,4.580434782,,,,,,,,,,,,,,,,,,,"Sean Murphy","19352",669221
"Evan Carter","TEX",58,251,219,53,33,11,2,7,32,27,27,1,63,3,2,0,,7,2,0.241564,0.107957,0.250158,0.431558,0.330264,0.410132,0.325578,0.740396,0.168568,6.17316,0.303063,0.167847,0.284532,31.3204,2.28079,109.062,0.452379,-0.260495,3.0490143299102783,0.22623345255851746,1.21029,306.04998779296875,,,,,,,284.6,4.906896551,284.6,4.906896551,,,,,,,,,,,,,,,,,,,"Evan Carter","27790",694497
"Cody Bellinger","NYY",69,298,268,67,42,13,1,11,39,40,25,2,52,2,3,0,,7,2,0.250918,0.0831066,0.174251,0.476936,0.315328,0.429863,0.322684,0.745192,0.178945,5.19252,0.270539,0.213129,0.161922,36.4423,2.01463,107.009,0.375051,-0.103836,2.7561443746089935,-1.1408726647496223,1.19941,92.4000015258789,,,,,,,342.7,4.966666666,342.7,4.966666666,,,,,,,,,,,,,,,,,,,"Cody Bellinger","15998",641355
"Yandy Díaz","TBR",77,334,297,83,58,16,0,9,39,38,32,0,48,3,2,0,,1,0,0.281277,0.0959676,0.143369,0.669374,0.354615,0.428556,0.345057,0.783171,0.147278,2.27545,0.307456,-1.47728,-0.602121,46.8646,8.23846,126.714,-2.0794,-0.0428807,8.102818250656128,-7.742880493402481,1.19489,195.6999969482422,,,,,,,405.7,5.268831168,405.7,5.268831168,,,,,,,,,,,,,,,,,,,"Yandy Diaz","16578",650490
"Daulton Varsho","TOR",64,275,247,55,31,11,2,11,35,34,24,1,69,2,2,1,,7,2,0.223344,0.0884617,0.250828,0.352678,0.297105,0.419047,0.31192,0.716152,0.195704,5.914,0.261458,0.54005,0.223872,31.3555,-0.508069,100.805,0.763921,0.388377,1.017125427722931,1.1622967422008514,1.18114,315.2699890136719,,,,,,,293.4,4.584375,293.4,4.584375,,,,,,,,,,,,,,,,,,,"Daulton Varsho","19918",662139
"Ryan Jeffers","MIN",51,205,181,44,26,9,1,8,24,26,17,0,45,5,1,1,,1,0,0.240769,0.0836812,0.220681,0.379195,0.320197,0.428418,0.328185,0.748615,0.187649,3.44516,0.275866,-0.488154,-0.193399,26.032,2.29252,111.541,-0.681553,-0.0801557,2.022085130214691,2.473548114299774,1.17816,232.5800018310547,,,,,,,240.3,4.711764705,240.3,4.711764705,,,,,,,,,,,,,,,,,,,"Ryan Jeffers","24618",680777
"Christian Yelich","MIL",70,301,259,67,45,12,1,9,41,35,38,2,66,2,2,1,,12,2,0.257704,0.126154,0.220154,0.573025,0.354722,0.416482,0.339176,0.771204,0.158778,5.73435,0.311745,1.05889,0.979542,40.8622,6.01476,115.961,2.03843,-0.124426,7.674762725830078,-6.118869885802269,1.17587,112.05000305175781,,,,,,,378.5,5.407142857,378.5,5.407142857,,,,,,,,,,,,,,,,,,,"Christian Yelich","11477",592885
"Josh Lowe","TBR",56,243,221,56,34,13,1,8,30,30,19,1,70,1,2,0,,13,2,0.254208,0.0801741,0.28595,0.280378,0.314972,0.430843,0.323117,0.745815,0.176635,6.23886,0.331663,0.990134,1.34842,29.8602,1.73033,111.333,2.33855,0.339969,5.4844441413879395,-2.3174384236335754,1.17179,146.6199951171875,,,,,,,290.3,5.183928571,290.3,5.183928571,,,,,,,,,,,,,,,,,,,"Josh Lowe","19953",666139
"Shea Langeliers","ATH",48,191,174,41,23,8,1,10,23,27,15,0,48,2,2,0,,1,0,0.236766,0.07646,0.248385,0.307829,0.29952,0.459323,0.327018,0.758842,0.222557,3.60419,0.265366,-0.447709,-0.156131,24.1035,1.95976,110.309,-0.60384,-0.416788,1.6488438844680786,3.1643853187561035,1.16332,119.69000244140625,,,,,,,231.4,4.820833333,231.4,4.820833333,,,,,,,,,,,,,,,,,,,"Shea Langeliers","25816",669127
"Max Muncy","LAD",65,280,233,49,26,10,1,12,36,37,40,2,75,4,2,0,,1,0,0.21015,0.143365,0.26717,0.536606,0.332042,0.412976,0.328266,0.745018,0.202826,3.24622,0.24884,-0.504799,-0.366734,35.5014,3.14302,110.602,-0.871534,-1.30854,2.604979634284973,-0.5400165915489197,1.15627,260.94000244140625,,,,,,,322.8,4.966153846,322.8,4.966153846,,,,,,,,,,,,,,,,,,,"Max Muncy","13301",571970
"Jake Meyers","HOU",61,265,240,58,38,11,1,7,31,30,19,0,62,4,2,1,,8,2,0.240543,0.072061,0.234661,0.307085,0.304603,0.38511,0.30427,0.689712,0.144566,5.59872,0.294855,0.424514,0.498607,28.5383,-2.1107,95.6376,0.92312,1.69882,-0.39622122049331665,2.645115554332733,1.15196,454.8800048828125,,,,,,,266.8,4.373770491,266.8,4.373770491,,,,,,,,,,,,,,,,,,,"Jake Meyers","20308",676694
"Nick Gonzales","PIT",61,262,237,63,40,15,2,6,31,30,18,1,59,4,2,1,,3,1,0.264872,0.0675378,0.224655,0.300628,0.323468,0.420217,0.324607,0.743685,0.155344,4.8594,0.325177,-0.167731,-0.284515,32.5075,2.17835,103.782,-0.452245,0.742542,0.7101183235645294,1.7801962494850159,1.14136,408.55999755859375,,,,,,,296,4.852459016,296,4.852459016,,,,,,,,,,,,,,,,,,,"Nick Gonzales","27490",693304
"Seiya Suzuki","CHC",62,269,236,63,39,11,2,11,36,37,28,1,68,2,2,0,,5,2,0.265676,0.104168,0.254448,0.409386,0.346152,0.46891,0.353089,0.815062,0.203234,5.25595,0.325818,-0.581737,-0.177994,39.4217,8.3529,128.403,-0.759731,-0.0752154,8.182434737682343,-6.0122524201869965,1.12966,84.3499984741211,,,,,,,357.4,5.764516129,357.4,5.764516129,,,,,,,,,,,,,,,,,,,"Seiya Suzuki","30116",673548
"Luis García Jr.","WSN",65,280,261,71,48,13,1,8,32,34,16,1,43,1,2,0,,9,2,0.271227,0.056282,0.154042,0.365367,0.311813,0.422639,0.318545,0.734452,0.151411,5.11123,0.295652,-0.156293,0.397229,33.3255,0.967118,102.62,0.240937,-0.418014,1.100076898932457,0.5810598731040955,1.11642,127.55999755859375,,,,,,,317.7,4.887692307,317.7,4.887692307,,,,,,,,,,,,,,,,,,,"Luis Garcia Jr.","20391",671277
"Mark Vientos","NYM",68,294,266,64,38,12,1,13,35,41,24,0,82,2,2,0,,0,0,0.241836,0.0802873,0.278568,0.288215,0.307494,0.443284,0.32611,0.750779,0.201448,2.39207,0.295073,-0.936985,-0.403917,36.8147,2.79693,110.962,-1.3409,-0.690202,2.437871217727661,-1.2281644344329834,1.11577,105.8499984741211,,,,,,,333.1,4.898529411,333.1,4.898529411,,,,,,,,,,,,,,,,,,,"Mark Vientos","22184",668901
"Wilyer Abreu","BOS",60,259,226,56,33,13,1,10,34,34,30,1,67,1,2,0,,6,2,0.247604,0.114885,0.260189,0.441544,0.336929,0.44014,0.33892,0.777069,0.192536,4.75492,0.307473,-0.124061,0.103481,35.0305,5.11124,112.653,-0.0205798,1.20577,3.714898591861129,-1.616143822669983,1.1145,331.239990234375,,,,,,,323.8,5.396666666,323.8,5.396666666,,,,,,,,,,,,,,,,,,,"Wilyer Abreu","23772",677800
"Xavier Edwards","MIA",66,286,255,71,57,11,2,1,34,20,26,1,44,1,2,3,,17,3,0.279048,0.0893888,0.152545,0.585985,0.345147,0.354042,0.312245,0.699189,0.0749935,6.44705,0.329344,1.18034,1.59812,32.6448,-0.453299,95.3071,2.77846,-0.957223,1.2044869661331177,0.25049257278442383,1.11447,139.80999755859375,,,,,,,300.2,4.548484848,300.2,4.548484848,,,,,,,,,,,,,,,,,,,"Xavier Edwards","22266",669364
"Carson Kelly","CHC",45,179,158,38,25,6,1,6,20,22,18,0,33,2,1,0,,0,0,0.239923,0.100767,0.184672,0.545653,0.324201,0.401411,0.320808,0.725612,0.161488,2.82231,0.265505,-0.463518,-0.242866,21.6726,0.94402,106.366,-0.706384,0.772229,0.6307799816131592,4.2722291350364685,1.11241,533.52001953125,,,,,,,194.3,4.317777777,194.3,4.317777777,,,,,,,,,,,,,,,,,,,"Carson Kelly","13620",608348
"Brandon Nimmo","NYM",63,273,237,59,38,11,1,9,35,33,29,1,58,4,2,1,,3,1,0.248332,0.1075,0.211733,0.507718,0.339621,0.418241,0.334224,0.757862,0.169909,4.81264,0.290769,-0.49551,-0.105189,35.8905,4.36185,116.501,-0.600699,0.624485,4.671154856681824,-2.859465777873993,1.10582,193.07000732421875,,,,,,,317.5,5.039682539,317.5,5.039682539,,,,,,,,,,,,,,,,,,,"Brandon Nimmo","12927",607043
"George Springer","TOR",75,323,286,71,46,13,1,10,41,37,32,0,62,3,2,0,,8,2,0.247554,0.100237,0.193153,0.518952,0.328101,0.410204,0.325298,0.738305,0.162651,5.32425,0.280765,0.118404,0.442275,40.2505,2.86388,110.184,0.560679,-0.437287,4.317787945270538,-4.634817600250244,1.08746,242.92999267578125,,,,,,,363.6,4.848,363.6,4.848,,,,,,,,,,,,,,,,,,,"George Springer","12856",543807
"Alec Bohm","PHI",76,327,300,81,56,17,1,8,38,42,21,1,50,3,3,0,,2,1,0.271546,0.0632792,0.154179,0.410428,0.322527,0.4117,0.321077,0.734227,0.140153,3.75029,0.30162,-0.858426,-0.306169,39.5777,1.79125,103.387,-1.1646,-0.854544,0.13232684135437012,-0.31009936332702637,1.08141,164.69000244140625,,,,,,,356.8,4.694736842,356.8,4.694736842,,,,,,,,,,,,,,,,,,,"Alec Bohm","21618",664761
"Iván Herrera","STL",46,191,166,45,30,8,1,6,24,22,21,0,40,2,2,1,,3,1,0.267478,0.107242,0.209955,0.510783,0.352889,0.426268,0.343476,0.779157,0.158791,4.23341,0.318618,0.0385378,-0.0649507,26.6072,4.4779,120.753,-0.0264129,-0.31741,4.62739660218358,-0.5735828876495361,1.06502,225.9600067138672,,,,,,,243.2,5.286956521,243.2,5.286956521,,,,,,,,,,,,,,,,,,,"Ivan Herrera","20599",671056
"Josh Smith","TEX",68,294,257,63,42,13,1,7,36,29,27,1,60,7,2,2,,6,2,0.246384,0.0917381,0.202623,0.452752,0.332644,0.386412,0.319702,0.719056,0.140028,5.18139,0.293545,-0.385137,0.0933413,35.3067,1.28889,104.942,-0.291795,-0.0710928,1.3670823574066162,-0.9933150261640549,1.05823,399.80999755859375,,,,,,,312.8,4.6,312.8,4.6,,,,,,,,,,,,,,,,,,,"Josh Smith","26396",669701
"Bo Naylor","CLE",62,245,215,45,26,10,1,9,27,28,26,1,65,1,1,1,,4,1,0.209942,0.106171,0.266711,0.398075,0.297209,0.385143,0.300852,0.682352,0.175201,4.24992,0.254967,-0.114202,-0.0977971,25.6784,-2.61772,92.9422,-0.211999,-0.752689,-2.1826571226119995,4.0250890254974365,1.03925,278.79998779296875,,,,,,,242.1,3.904838709,242.1,3.904838709,,,,,,,,,,,,,,,,,,,"Bo Naylor","21865",666310
"Ryan O'Hearn","BAL",67,290,263,71,46,13,1,11,37,39,23,1,50,2,2,0,,2,1,0.269518,0.0802094,0.172118,0.466014,0.331834,0.449622,0.339496,0.781456,0.180104,3.77287,0.294108,-0.649851,-0.286657,39.4596,5.87169,121.402,-0.936508,-0.13135,6.156947553157806,-5.938757836818695,1.02919,359.2900085449219,,,,,,,357.4,5.334328358,357.4,5.334328358,,,,,,,,,,,,,,,,,,,"Ryan O'Hearn","16442",656811
"Ezequiel Tovar","COL",65,279,262,68,42,15,2,9,33,32,12,0,72,2,2,1,,4,2,0.260023,0.0428425,0.257834,0.166163,0.29605,0.434406,0.31564,0.730455,0.174383,5.0301,0.323558,-0.19667,-0.191384,32.6449,0.316505,87.0496,-0.388054,2.44699,-4.630557417869568,5.441438913345337,1.02519,129.3000030517578,,,,,,,302.3,4.65076923,302.3,4.65076923,,,,,,,,,,,,,,,,,,,"Ezequiel Tovar","24064",678662
"Kerry Carpenter","DET",58,251,230,61,36,11,1,13,33,37,16,1,58,3,2,0,,1,1,0.265327,0.0639709,0.230712,0.277276,0.320827,0.489126,0.347996,0.809953,0.223799,3.82271,0.300826,-0.716426,-0.468368,35.8237,6.78415,125.94,-1.18479,-0.0858708,6.248494744300842,-4.773833855986595,1.02334,191.8800048828125,,,,,,,327.5,5.646551724,327.5,5.646551724,,,,,,,,,,,,,,,,,,,"Kerry Carpenter","25961",681481
"Tyler Stephenson","CIN",56,227,202,52,33,10,1,8,28,29,21,1,54,3,1,0,,1,0,0.256082,0.0932044,0.236314,0.394409,0.332931,0.426089,0.332807,0.759019,0.170007,2.70367,0.310346,-0.691989,-0.298686,29.6691,3.37939,105.457,-0.990676,-0.234019,0.46322357654571533,1.994684025645256,1.02042,185.97000122070312,,,,,,,273,4.875,273,4.875,,,,,,,,,,,,,,,,,,,"Tyler Stephenson","17988",663886
"Brandon Marsh","PHI",55,236,207,50,32,10,2,7,29,27,25,1,72,1,2,1,,7,2,0.240585,0.105944,0.307124,0.344956,0.324279,0.401117,0.319554,0.725396,0.160532,5.90939,0.332016,0.480356,0.38571,28.2963,1.00614,102.347,0.866066,0.307261,1.5151967406272888,0.6313350200653076,1.01722,309.3299865722656,,,,,,,264.9,4.816363636,264.9,4.816363636,,,,,,,,,,,,,,,,,,,"Brandon Marsh","20202",669016
"Bryan Reynolds","PIT",76,330,294,77,51,14,2,11,40,40,29,2,74,4,2,0,,5,2,0.261645,0.0877335,0.225477,0.389102,0.334605,0.429245,0.333604,0.76385,0.1676,4.51778,0.313439,-0.063028,-0.141667,43.226,5.10974,109.923,-0.204695,-0.481996,3.628195360302925,-4.518724352121353,1.01702,98.11000061035156,,,,,,,395.5,5.203947368,395.5,5.203947368,,,,,,,,,,,,,,,,,,,"Bryan Reynolds","19326",668804
"Matt Shaw","CHC",64,276,246,60,42,10,1,7,34,30,25,0,58,3,2,0,,9,2,0.244917,0.0891255,0.209093,0.426249,0.318579,0.385098,0.311642,0.703676,0.140181,5.5861,0.288911,-0.040951,0.507746,31.3384,-0.570159,100.108,0.466795,-0.646104,0.5018233545124531,0.3390812873840332,1.01609,999,,,,,,,286,4.46875,286,4.46875,,,,,,,,,,,,,,,,,,,"Matt Shaw","33322",807713
"Danny Jansen","TBR",45,179,155,34,20,7,0,7,21,21,20,0,36,3,1,0,,0,0,0.219071,0.110295,0.201093,0.548479,0.315844,0.402145,0.317692,0.717989,0.183075,2.22973,0.238127,-0.349569,-0.239854,21.2256,0.497095,107.53,-0.589422,-0.705468,0.9507828950881958,2.7945321202278137,1.01003,304.8299865722656,,,,,,,190.5,4.233333333,190.5,4.233333333,,,,,,,,,,,,,,,,,,,"Danny Jansen","16535",643376
"Jonathan India","KCR",73,316,269,66,44,15,1,7,40,30,35,0,58,8,2,1,,6,2,0.2465,0.112164,0.18499,0.606324,0.348363,0.382691,0.327867,0.731054,0.136191,4.63938,0.288734,-0.187821,-0.184865,39.974,3.44712,106.219,-0.372686,-1.00321,1.8689214289188385,-2.7791318893432617,1.00011,232.60000610351562,,,,,,,350.4,4.8,350.4,4.8,,,,,,,,,,,,,,,,,,,"Jonathan India","21523",663697
"Jeff McNeil","NYM",69,298,269,70,49,14,1,6,34,30,21,1,37,5,2,1,,3,1,0.261832,0.0700239,0.125494,0.557987,0.325323,0.386622,0.314359,0.711945,0.12479,4.12194,0.284066,-0.700507,-0.129833,34.4646,0.0320131,102.94,-0.83034,-0.898465,0.19549167156219482,-0.2196066975593567,0.999747,446.95001220703125,,,,,,,306.6,4.44347826,306.6,4.44347826,,,,,,,,,,,,,,,,,,,"Jeff McNeil","15362",643446
"Patrick Bailey","SFG",66,259,234,53,36,11,1,5,26,26,20,0,64,1,2,1,,1,0,0.226887,0.0789489,0.246558,0.320204,0.289918,0.344724,0.281861,0.634642,0.117837,3.54774,0.287839,-0.340741,-0.192095,23.2378,-6.70347,79.1941,-0.532836,2.85995,-6.845502853393555,7.915500640869141,0.98261,307.2900085449219,,,,,,,212.3,3.216666666,212.3,3.216666666,,,,,,,,,,,,,,,,,,,"Patrick Bailey","27478",672275
"Trevor Story","BOS",67,291,264,63,40,13,1,8,34,33,22,1,85,3,2,0,,12,3,0.237477,0.0762246,0.291714,0.261299,0.302372,0.388952,0.302952,0.691324,0.151475,5.61328,0.314631,0.670755,0.830745,30.987,-2.62092,87.437,1.5015,-0.69939,-2.6648029088974,2.4135724902153015,0.981053,253.11000061035156,,,,,,,296.8,4.429850746,296.8,4.429850746,,,,,,,,,,,,,,,,,,,"Trevor Story","12564",596115
"Willson Contreras","STL",76,326,282,69,43,14,0,12,40,39,32,1,80,10,2,1,,3,1,0.244394,0.0991337,0.244999,0.40463,0.34073,0.421765,0.336626,0.762495,0.17737,3.52372,0.297151,-0.827056,-0.321772,43.6017,5.85027,116.077,-1.14883,0.0955545,5.001534581184387,-6.16787177324295,0.977759,72.54000091552734,,,,,,,386.7,5.088157894,386.7,5.088157894,,,,,,,,,,,,,,,,,,,"Willson Contreras","11609",575929
"TJ Friedl","CIN",72,312,276,68,47,12,2,8,38,33,25,0,51,6,2,2,,11,3,0.246577,0.0801991,0.162295,0.494155,0.321007,0.388325,0.313987,0.709332,0.141748,6.03146,0.27421,0.801892,0.613574,36.0326,-0.0594879,92.6096,1.41547,-0.579523,-1.2874460220336914,0.534828782081604,0.972412,247.4199981689453,,,,,,,331.7,4.606944444,331.7,4.606944444,,,,,,,,,,,,,,,,,,,"TJ Friedl","19522",670770
"Luis Arraez","SDP",76,330,306,94,73,15,1,3,40,31,18,2,16,3,2,1,,4,2,0.305709,0.0552397,0.0485662,1.13741,0.347755,0.396923,0.326378,0.744678,0.0912141,4.07368,0.312667,-0.361164,-0.437384,41.4184,3.21208,111.309,-0.798548,1.04489,3.5799931287765503,-5.008813381195068,0.963746,185.14999389648438,,,,,,,362.8,4.77368421,362.8,4.77368421,,,,,,,,,,,,,,,,,,,"Luis Arraez","18568",650333
"Michael Busch","CHC",68,294,258,63,38,13,1,11,37,38,31,0,78,4,2,0,,2,1,0.244583,0.104001,0.266089,0.390848,0.330969,0.432391,0.334486,0.76336,0.187808,3.85572,0.305823,-0.500848,-0.325708,38.7744,4.76664,115.703,-0.826555,0.237342,4.585081875324249,-4.8571018278598785,0.961642,252.30999755859375,,,,,,,347.6,5.111764705,347.6,5.111764705,,,,,,,,,,,,,,,,,,,"Michael Busch","26319",683737
"Salvador Perez","KCR",74,303,280,72,46,14,0,12,32,44,16,2,64,5,2,0,,0,0,0.256281,0.0534989,0.210336,0.25435,0.305367,0.437288,0.319817,0.742655,0.181007,1.49689,0.28909,-1.24656,-0.421666,36.4322,1.35684,100.576,-1.66822,0.00371822,-1.4689903557300568,0.5740886572748423,0.9582,74.0199966430664,,,,,,,339.6,4.589189189,339.6,4.589189189,,,,,,,,,,,,,,,,,,,"Salvador Perez","7304",521692
"Trent Grisham","NYY",47,203,175,38,21,8,1,9,26,25,23,1,53,2,1,1,,3,1,0.217328,0.114143,0.259473,0.439904,0.314778,0.420622,0.322606,0.7354,0.203294,4.43507,0.254618,0.0213109,-0.0752506,24.8747,1.36313,106.954,-0.0539396,0.102472,1.5594615265727043,0.8283978775143623,0.952496,728.6599731445312,,,,,,,229.2,4.876595744,229.2,4.876595744,,,,,,,,,,,,,,,,,,,"Trent Grisham","18564",663757
"Jorge Polanco","SEA",65,283,251,60,38,10,0,12,33,37,27,1,70,2,2,0,,3,1,0.23854,0.0968147,0.248268,0.38996,0.316093,0.419326,0.321724,0.735419,0.180786,3.10769,0.282187,-0.368765,-0.3084,34.4103,1.69702,112.666,-0.677165,-0.53951,3.41139554977417,-3.72700959444046,0.947557,412.9800109863281,,,,,,,316.7,4.872307692,316.7,4.872307692,,,,,,,,,,,,,,,,,,,"Jorge Polanco","13152",593871
"Heliot Ramos","SFG",72,312,284,72,46,14,1,11,38,37,23,1,80,3,2,0,,5,1,0.253533,0.0744613,0.257795,0.288839,0.314488,0.430274,0.324421,0.744763,0.176742,4.59762,0.312676,-0.412564,-0.113659,38.6539,2.54685,108.249,-0.526223,-0.239744,2.4919009804725647,-3.584188550710678,0.937582,200.07000732421875,,,,,,,353.6,4.911111111,353.6,4.911111111,,,,,,,,,,,,,,,,,,,"Heliot Ramos","22515",671218
"Josh Naylor","ARI",73,316,282,76,48,16,0,11,39,47,28,3,47,3,2,0,,5,2,0.268477,0.0899302,0.148138,0.607072,0.338819,0.444101,0.339,0.78292,0.175624,3.58325,0.285611,-0.755918,-0.0988959,42.787,6.26014,114.567,-0.854814,0.199482,4.53720098733902,-5.750518232584,0.937237,100.47000122070312,,,,,,,390.3,5.346575342,390.3,5.346575342,,,,,,,,,,,,,,,,,,,"Josh Naylor","18839",647304
"Tyler O'Neill","BAL",53,229,201,48,27,8,1,11,31,31,23,1,69,3,2,0,,3,1,0.236922,0.100082,0.300435,0.333124,0.321245,0.454061,0.335697,0.775306,0.217139,4.20839,0.295281,-0.179439,-0.0839579,30.3793,3.92884,118.739,-0.263397,-0.813011,4.627586454153061,-3.366714596748352,0.923558,200.11000061035156,,,,,,,281,5.301886792,281,5.301886792,,,,,,,,,,,,,,,,,,,"Tyler O'Neill","15711",641933
"Dalton Rushing","LAD",19,76,66,16,8,4,0,3,8,9,7,0,19,2,0,0,,0,0,0.234583,0.0989945,0.250694,0.394882,0.331647,0.423484,0.334231,0.755131,0.188901,1.95777,0.289461,0,-0.0995447,9.97152,1.21224,114.674,-0.0995447,3.83189,1.2029710859060287,5.151182055473328,0.914681,999,,,,,,,90.4,4.757894736,90.4,4.757894736,,,,,,,,,,,,,,,,,,,"Dalton Rushing","31382",687221
"Dylan Moore","SEA",47,202,173,37,21,8,1,7,27,21,22,0,56,5,1,1,,13,4,0.214434,0.108418,0.277634,0.390505,0.317214,0.390238,0.31391,0.707451,0.175804,7.21311,0.272389,0.673752,0.894374,23.3157,-0.0509502,107.188,1.56813,-0.463518,3.2254196405410767,-1.3161409795284271,0.898463,360.739990234375,,,,,,,223.4,4.753191489,223.4,4.753191489,,,,,,,,,,,,,,,,,,,"Dylan Moore","18042",664238
"Paul Goldschmidt","NYY",66,287,257,66,42,13,0,10,36,36,26,1,69,2,2,0,,3,1,0.257444,0.0923443,0.240366,0.384182,0.328635,0.432607,0.332245,0.761242,0.175163,3.64272,0.310749,-0.218595,-0.0773484,37.3026,4.13456,113.711,-0.295943,0.0582069,4.191675066947937,-5.1140152513980865,0.898194,174.5399932861328,,,,,,,331.2,5.018181818,331.2,5.018181818,,,,,,,,,,,,,,,,,,,"Paul Goldschmidt","9218",502671
"Dillon Dingler","DET",46,184,170,40,26,8,1,5,18,22,10,0,53,3,1,0,,1,0,0.237644,0.0553473,0.285893,0.193594,0.289519,0.392393,0.298674,0.681912,0.15475,3.8679,0.309279,-0.24472,-0.200597,18.9871,-2.28885,91.3632,-0.445317,1.33565,-2.258576512336731,4.768369555473328,0.89816,577.3599853515625,,,,,,,170.8,3.713043478,170.8,3.713043478,,,,,,,,,,,,,,,,,,,"Dillon Dingler","27464",693307
"Victor Scott II","STL",66,287,260,61,44,11,2,5,33,25,20,0,61,3,2,2,,19,3,0.235684,0.0679972,0.212601,0.319835,0.294285,0.348144,0.28499,0.642429,0.112459,7.31341,0.287842,1.56665,1.99595,26.4763,-6.71179,80.8272,3.56261,1.14452,-2.8853683471679688,2.1692121028900146,0.89167,321.8500061035156,,,,,,,268.6,4.069696969,268.6,4.069696969,,,,,,,,,,,,,,,,,,,"Victor Scott II","31349",687363
"Spencer Horwitz","PIT",62,266,230,61,40,14,1,6,31,29,31,1,50,3,2,0,,1,1,0.266246,0.115159,0.186587,0.617187,0.358509,0.414419,0.341824,0.772928,0.148173,3.02053,0.312952,-0.898831,-0.410108,36.6078,5.86886,115.535,-1.30894,1.20656,3.530200242996216,-3.5894312858581543,0.888588,382.5899963378906,,,,,,,315.4,5.087096774,315.4,5.087096774,,,,,,,,,,,,,,,,,,,"Spencer Horwitz","26477",687462
"Ke'Bryan Hayes","PIT",69,298,274,69,50,12,2,5,31,28,19,0,56,2,2,0,,8,2,0.252447,0.0653346,0.189662,0.344479,0.305268,0.367991,0.29707,0.673258,0.115543,5.0807,0.297919,0.150909,0.188116,30.3419,-4.08569,84.983,0.339024,2.58381,-4.899951159954071,3.646772861480713,0.871995,362.1099853515625,,,,,,,278.2,4.031884057,278.2,4.031884057,,,,,,,,,,,,,,,,,,,"Ke'Bryan Hayes","18577",663647
"Gabriel Arias","CLE",58,249,229,54,35,12,2,6,28,25,16,0,72,2,2,0,,6,2,0.237331,0.065037,0.290061,0.224219,0.292707,0.386252,0.297909,0.678959,0.14892,5.45159,0.315559,-0.0783871,0.0972326,25.549,-3.25065,90.879,0.0188455,0.118344,-2.5732258409261703,2.3347014859318733,0.838281,654.6400146484375,,,,,,,235.8,4.065517241,235.8,4.065517241,,,,,,,,,,,,,,,,,,,"Gabriel Arias","22563",672356
"Reese McGuire","CHC",14,56,50,11,9,1,0,1,5,5,4,0,14,0,1,1,,1,0,0.222104,0.0797462,0.250559,0.318272,0.285472,0.295217,0.262393,0.580688,0.0731129,3.82667,0.287962,0,0.0771541,4.18585,-2.33981,66.4882,0.0771541,7.26736,-2.138887509703636,8.369211554527283,0.836809,999,,,,,,,37.8,2.7,37.8,2.7,,,,,,,,,,,,,,,,,,,"Reese McGuire","15674",624512
"Alek Thomas","ARI",60,261,240,60,40,13,2,5,31,29,16,0,49,2,2,1,,6,2,0.251805,0.0621447,0.189393,0.328126,0.303477,0.391636,0.30424,0.695113,0.139831,6.17331,0.294817,0.315432,0.171879,28.1411,-2.08807,90.8381,0.487311,0.955153,-2.319209575653076,1.8884862661361694,0.835178,558.010009765625,,,,,,,251.9,4.198333333,251.9,4.198333333,,,,,,,,,,,,,,,,,,,"Alek Thomas","23792",677950
"Luke Raley","SEA",60,261,231,53,32,10,1,11,33,32,19,0,76,8,2,1,,6,2,0.230548,0.0742881,0.292745,0.253764,0.309913,0.41873,0.319894,0.728643,0.188181,5.4554,0.292516,0.00968099,0.203744,31.3471,1.18291,111.383,0.213425,0.110826,3.6015256196260452,-4.388402931392193,0.822239,296.989990234375,,,,,,,290.7,4.845,290.7,4.845,,,,,,,,,,,,,,,,,,,"Luke Raley","19354",670042
"Kristian Campbell","BOS",48,206,180,47,31,10,1,5,26,23,21,0,48,3,1,0,,5,2,0.263082,0.103748,0.23124,0.448659,0.347484,0.417291,0.337291,0.764775,0.154209,5.11426,0.326296,-0.143939,0.0879239,27.5645,3.79305,111.51,-0.0560154,-0.502025,2.643960077315569,-1.6409136056900024,0.816506,285.70001220703125,,,,,,,240.8,5.016666666,240.8,5.016666666,,,,,,,,,,,,,,,,,,,"Kristian Campbell","33644",692225
"Zack Gelof","ATH",48,209,189,44,27,9,1,7,26,22,16,0,65,2,1,1,,8,2,0.231654,0.0772921,0.308702,0.250378,0.295612,0.404937,0.306458,0.700549,0.173282,5.74314,0.306703,0.680061,0.617846,22.8821,-1.29922,95.8957,1.29791,-0.204261,0.31857097148895264,0.5423437654972076,0.814032,245.74000549316406,,,,,,,218.6,4.554166666,218.6,4.554166666,,,,,,,,,,,,,,,,,,,"Zack Gelof","29766",680869
"Connor Norby","MIA",74,320,290,70,44,15,1,10,39,34,24,0,90,3,2,0,,6,2,0.241646,0.0750994,0.282678,0.265671,0.304056,0.400649,0.309278,0.704705,0.159003,4.69256,0.314013,-0.222024,-0.1117,35.7017,-1.26502,93.2817,-0.333724,-0.863793,-2.8504088521003723,0.2775648236274719,0.808887,282.1600036621094,,,,,,,332,4.486486486,332,4.486486486,,,,,,,,,,,,,,,,,,,"Connor Norby","29592",681393
"Addison Barger","TOR",63,272,245,56,34,14,0,8,29,31,22,0,68,3,2,0,,2,1,0.228162,0.0795215,0.24959,0.318609,0.296807,0.384857,0.300257,0.681664,0.156696,3.13935,0.279656,-0.336907,-0.299933,28.401,-3.03774,92.6292,-0.63684,1.34368,-2.923455595970154,1.5797861218452454,0.802625,641.8200073242188,,,,,,,260.4,4.133333333,260.4,4.133333333,,,,,,,,,,,,,,,,,,,"Addison Barger","24598",680718
"Vinnie Pasquantino","KCR",75,323,289,75,45,16,1,12,38,46,28,2,44,3,3,0,,1,0,0.258057,0.0874136,0.137255,0.636868,0.326932,0.451536,0.336735,0.778468,0.193479,2.79912,0.264605,-1.01466,-0.373897,43.1853,5.81876,112.436,-1.38856,0.215563,3.196981430053711,-6.252955123782158,0.802487,119.11000061035156,,,,,,,390.8,5.210666666,390.8,5.210666666,,,,,,,,,,,,,,,,,,,"Vinnie Pasquantino","27676",686469
"Ramón Urías","BAL",44,189,170,43,29,7,1,6,22,22,15,0,40,3,1,0,,1,0,0.252989,0.0780803,0.211181,0.369732,0.319852,0.405449,0.319313,0.725301,0.15246,3.61198,0.297535,-0.261979,-0.211564,22.6007,0.768511,107.254,-0.473543,-0.182812,1.089118480682373,0.33570635318756104,0.802182,689.4400024414062,,,,,,,209.1,4.752272727,209.1,4.752272727,,,,,,,,,,,,,,,,,,,"Ramon Urias","18795",602104
"Willi Castro","MIN",66,283,253,62,41,13,2,6,36,27,20,0,65,7,2,1,,9,3,0.2464,0.0718546,0.229462,0.313144,0.319017,0.38307,0.311186,0.702087,0.136671,6.32427,0.306847,0.412712,0.245879,32.0597,-0.688513,99.6244,0.65859,-1.70817,0.5372056439518929,-2.2785428166389465,0.80058,228.25,,,,,,,289.4,4.384848484,289.4,4.384848484,,,,,,,,,,,,,,,,,,,"Willi Castro","17338",650489
"Jo Adell","LAA",71,305,277,62,35,12,1,13,36,39,22,1,89,4,2,0,,8,3,0.222549,0.0733618,0.291488,0.25168,0.288584,0.419702,0.30812,0.708286,0.197153,5.02512,0.273371,-0.100829,0.177,33.778,-1.48932,95.049,0.0761709,-1.86248,-1.646825134754181,-0.877297580242157,0.794798,285.45001220703125,,,,,,,317.7,4.474647887,317.7,4.474647887,,,,,,,,,,,,,,,,,,,"Jo Adell","20220",666176
"Caleb Durbin","MIL",55,237,210,51,35,11,1,4,27,25,18,1,28,6,2,1,,11,2,0.24348,0.0764036,0.119581,0.63893,0.317596,0.362804,0.302776,0.6804,0.119324,5.99471,0.262282,0.63026,0.995789,25.2117,-2.16849,91.1127,1.62605,-0.175071,-0.8397717475891113,0.7215335667133331,0.784695,392.44000244140625,,,,,,,238.1,4.329090909,238.1,4.329090909,,,,,,,,,,,,,,,,,,,"Caleb Durbin","29646",702332
"Joey Ortiz","MIL",71,305,273,64,43,14,2,6,34,31,25,0,59,3,2,1,,7,2,0.235895,0.0824548,0.19457,0.42378,0.304299,0.364978,0.296664,0.669277,0.129083,5.35889,0.278392,0.0746547,0.052961,30.9786,-4.28371,86.9402,0.127616,-1.0515,-4.539025977253914,2.163467526435852,0.77976,265.2799987792969,,,,,,,285.5,4.02112676,285.5,4.02112676,,,,,,,,,,,,,,,,,,,"Joey Ortiz","25493",687401
"Ryan McMahon","COL",73,316,277,65,41,13,1,10,36,35,35,1,92,2,2,0,,3,1,0.235285,0.109925,0.290157,0.378847,0.322085,0.397173,0.317166,0.719258,0.161888,3.46409,0.310388,-0.434835,-0.521835,37.2701,0.743181,88.0913,-0.956671,1.48986,-5.3645777106285095,2.6176337003707886,0.778009,272.17999267578125,,,,,,,338.3,4.634246575,338.3,4.634246575,,,,,,,,,,,,,,,,,,,"Ryan McMahon","15112",641857
"Jacob Young","WSN",61,262,234,58,45,10,1,1,31,18,18,0,48,4,1,4,,16,3,0.247272,0.06692,0.181864,0.367968,0.309945,0.318535,0.283273,0.628481,0.0712631,6.66614,0.303017,1.1384,1.3956,23.7998,-6.48437,78.5408,2.534,1.97022,-4.051420211791992,2.9052510857582092,0.762497,294.55999755859375,,,,,,,222.9,3.65409836,222.9,3.65409836,,,,,,,,,,,,,,,,,,,"Jacob Young","29931",696285
"Edgar Quero","CHW",51,206,183,46,32,9,0,5,20,24,18,0,39,3,1,0,,1,0,0.249568,0.0891253,0.187555,0.475194,0.326469,0.381711,0.314837,0.70818,0.132143,2.39851,0.288425,-0.415079,-0.276882,23.949,0.101021,101.007,-0.691961,0.046363,-0.45487017929553986,0.8789246343076229,0.758686,999,,,,,,,212.6,4.16862745,212.6,4.16862745,,,,,,,,,,,,,,,,,,,"Edgar Quero","28022",700337
"Kyle Manzardo","CLE",65,279,244,58,32,13,1,12,34,36,31,1,65,2,2,0,,1,0,0.23619,0.109992,0.23339,0.471281,0.32513,0.442243,0.334131,0.767373,0.206053,2.89885,0.270681,-0.447681,-0.422809,36.6778,4.43935,116.272,-0.870489,0.0337147,4.306076288223267,-6.349927473813295,0.753894,355.8800048828125,,,,,,,337.9,5.198461538,337.9,5.198461538,,,,,,,,,,,,,,,,,,,"Kyle Manzardo","29794",700932
"Lane Thomas","CLE",54,234,211,51,32,11,1,7,29,26,18,0,60,3,2,0,,10,3,0.239209,0.0773021,0.258019,0.299598,0.30628,0.395442,0.308624,0.701721,0.156233,5.85344,0.300302,0.421364,0.295416,26.0311,-1.04922,98.391,0.71678,-1.18901,0.2868250608444214,-0.8837602436542511,0.749544,170.22999572753906,,,,,,,251.6,4.659259259,251.6,4.659259259,,,,,,,,,,,,,,,,,,,"Lane Thomas","16939",657041
"Sal Frelick","MIL",61,262,235,61,45,11,2,3,31,23,22,0,38,3,2,1,,10,2,0.260588,0.0827471,0.143577,0.576327,0.327792,0.359664,0.306543,0.687456,0.0990762,6.40672,0.298742,0.43996,0.800945,28.6747,-1.60941,93.684,1.24091,1.95628,-0.6973726749420166,-0.5926425457000732,0.747562,350.260009765625,,,,,,,266.5,4.368852459,266.5,4.368852459,,,,,,,,,,,,,,,,,,,"Sal Frelick","29622",686217
"Keibert Ruiz","WSN",65,256,238,59,41,11,0,7,25,30,13,0,29,3,2,0,,1,0,0.248406,0.0519415,0.112315,0.462463,0.294452,0.379114,0.295982,0.673566,0.130708,2.59133,0.257092,-0.869836,-0.265278,25.8513,-3.7335,87.2172,-1.13511,-1.13875,-4.9673391580581665,3.8566242456436157,0.745823,209.4499969482422,,,,,,,240,3.692307692,240,3.692307692,,,,,,,,,,,,,,,,,,,"Keibert Ruiz","19610",660688
"Mike Tauchman","CHW",61,262,224,55,38,10,1,6,34,25,33,0,55,2,2,1,,4,1,0.244576,0.126262,0.209463,0.602791,0.345738,0.37474,0.323018,0.720477,0.130164,4.6027,0.297075,-0.184268,-0.0116548,32.1262,1.84204,106.742,-0.195923,-0.0461763,1.8189142644405365,-3.466083839535713,0.736514,519.6300048828125,,,,,,,284.9,4.670491803,284.9,4.670491803,,,,,,,,,,,,,,,,,,,"Mike Tauchman","15274",643565
"Brooks Lee","MIN",61,265,244,61,41,13,1,6,27,31,18,1,42,1,2,0,,3,1,0.249905,0.0697574,0.157333,0.443375,0.302814,0.384293,0.300692,0.687106,0.134387,3.88147,0.27723,-0.383549,-0.132374,27.7797,-2.86926,92.2678,-0.515923,-0.227592,-2.8544065952301025,1.0816676020622253,0.734411,420.2699890136719,,,,,,,257.3,4.218032786,257.3,4.218032786,,,,,,,,,,,,,,,,,,,"Brooks Lee","31595",686797
"Nathaniel Lowe","WSN",71,305,267,69,48,12,1,8,34,37,34,1,69,2,2,0,,1,0,0.258077,0.111005,0.227673,0.487561,0.344104,0.401056,0.330222,0.745161,0.142979,2.70984,0.31678,-1.15511,-0.440799,39.1646,3.90224,110.591,-1.59591,0.428703,2.1886614561080933,-5.014969736337662,0.732961,262.8599853515625,,,,,,,345,4.859154929,345,4.859154929,,,,,,,,,,,,,,,,,,,"Nathaniel Lowe","19566",663993
"Jasson Domínguez","NYY",60,261,233,56,37,11,1,8,35,30,25,1,68,1,1,0,,10,2,0.240961,0.0971456,0.260908,0.372337,0.317024,0.395797,0.314047,0.712821,0.154836,6.05693,0.305288,0.312715,0.902753,30.1919,-0.0372828,100.954,1.21547,-0.453668,1.4999605417251587,-3.3055204153060913,0.718422,141.52000427246094,,,,,,,284.8,4.746666666,284.8,4.746666666,,,,,,,,,,,,,,,,,,,"Jasson Dominguez","28080",691176
"Spencer Torkelson","DET",70,301,264,61,34,14,1,13,38,39,31,1,80,3,2,0,,1,0,0.230988,0.104166,0.265807,0.391885,0.317839,0.430046,0.326978,0.747886,0.199058,2.90942,0.279201,-0.523535,-0.347916,37.9218,3.07436,111.206,-0.871451,-0.108812,2.981876313686371,-6.154490679502487,0.714886,375.9800109863281,,,,,,,350,5,350,5,,,,,,,,,,,,,,,,,,,"Spencer Torkelson","27465",679529
"Joey Bart","PIT",41,162,144,35,24,6,0,5,17,19,14,0,44,3,1,0,,0,0,0.242905,0.0875749,0.273419,0.320295,0.323158,0.389876,0.316759,0.713033,0.14697,2.96706,0.315591,-0.341619,-0.210012,19.1003,0.329014,98.4239,-0.551631,-0.595738,-0.8514303267002106,2.4159902930259705,0.708826,258.5799865722656,,,,,,,167.4,4.082926829,167.4,4.082926829,,,,,,,,,,,,,,,,,,,"Joey Bart","21524",663698
"Colt Keith","DET",62,269,243,61,41,12,2,8,32,31,23,1,54,1,2,0,,2,1,0.253364,0.0863071,0.20159,0.428132,0.32002,0.408485,0.319081,0.728506,0.155121,4.39974,0.295156,-0.363586,-0.191326,32.1591,1.04532,105.67,-0.554912,0.371135,1.1859116554260254,-3.356179356575012,0.707068,257.2099914550781,,,,,,,293,4.725806451,293,4.725806451,,,,,,,,,,,,,,,,,,,"Colt Keith","27899",690993
"Ben Williamson","SEA",47,202,181,43,29,8,1,5,22,21,17,0,46,2,1,1,,4,1,0.235119,0.0820585,0.2294,0.357709,0.304612,0.373243,0.299742,0.677855,0.138124,4.48719,0.285351,0,-0.0441114,21.0255,-2.34107,97.2555,-0.0441114,0,-0.6769332140684128,0.7214506268501282,0.704855,999,,,,,,,197.5,4.202127659,197.5,4.202127659,,,,,,,,,,,,,,,,,,,"Ben Williamson","33197",810938
"Pedro Pagés","STL",51,203,186,43,29,8,1,5,20,23,13,0,50,2,2,1,,1,0,0.23224,0.0662645,0.247673,0.267549,0.28746,0.367062,0.287973,0.654522,0.134822,3.46155,0.288044,-0.340294,-0.170248,19.2455,-4.27063,82.8631,-0.510542,0.818913,-4.594241261482239,4.789592444896698,0.70478,565.75,,,,,,,177.6,3.482352941,177.6,3.482352941,,,,,,,,,,,,,,,,,,,"Pedro Pages","25782",686780
"Trevor Larnach","MIN",56,243,214,52,33,10,1,9,31,30,26,1,60,2,2,0,,2,1,0.2424,0.106486,0.247078,0.430981,0.327492,0.417563,0.326815,0.745055,0.175163,3.84039,0.293965,-0.573227,-0.229484,30.5798,2.44991,110.581,-0.802711,-0.500703,2.134349226951599,-3.5210736989974976,0.698999,321.239990234375,,,,,,,281.5,5.026785714,281.5,5.026785714,,,,,,,,,,,,,,,,,,,"Trevor Larnach","21501",663616
"Trey Sweeney","DET",46,197,177,40,26,8,1,5,22,20,17,0,50,2,1,0,,5,1,0.226765,0.0843241,0.255627,0.329872,0.297219,0.365753,0.293248,0.662972,0.138988,5.4674,0.287183,-0.0500429,0.161142,19.5058,-3.31096,87.5597,0.111099,0.709195,-2.689826399087906,2.822621166706085,0.697544,499.0199890136719,,,,,,,186.6,4.056521739,186.6,4.056521739,,,,,,,,,,,,,,,,,,,"Trey Sweeney","29575",700242
"Adolis García","TEX",67,290,263,62,37,12,1,12,36,40,22,1,78,3,2,0,,6,2,0.234504,0.0758809,0.268898,0.282192,0.299307,0.423198,0.31446,0.722505,0.188694,4.54576,0.283742,0.0115382,0.0533851,33.6575,0.0545977,101.267,0.0649234,-0.0334681,0.4850005432963371,-3.5046099610626698,0.693476,151.52000427246094,,,,,,,318.3,4.750746268,318.3,4.750746268,,,,,,,,,,,,,,,,,,,"Adolis Garcia","19287",666969
"Anthony Santander","TOR",55,239,213,51,28,10,0,12,30,35,21,1,49,3,2,0,,1,0,0.238367,0.0888684,0.20481,0.433906,0.312381,0.462411,0.334995,0.774792,0.224043,2.79477,0.251311,-0.379832,-0.279536,31.5829,3.96779,116.982,-0.659368,-0.0346177,3.968187093734741,-5.2946484833955765,0.689828,99.44999694824219,,,,,,,288.3,5.241818181,288.3,5.241818181,,,,,,,,,,,,,,,,,,,"Anthony Santander","14551",623993
"Jonah Heim","TEX",46,181,166,39,26,7,0,6,19,22,13,0,34,1,1,0,,1,0,0.233742,0.0695949,0.186618,0.372927,0.289451,0.385596,0.295949,0.675047,0.151854,3.10393,0.258754,-0.295907,-0.146383,18.2858,-2.64644,88.2898,-0.44229,0.244609,-2.8610624969005585,3.459578588604927,0.689421,307.239990234375,,,,,,,173,3.760869565,173,3.760869565,,,,,,,,,,,,,,,,,,,"Jonah Heim","16930",641680
"Mike Yastrzemski","SFG",61,265,233,54,31,12,2,9,33,30,27,1,66,3,1,1,,3,1,0.230296,0.101098,0.247407,0.408633,0.315077,0.415358,0.319734,0.730434,0.185062,4.76462,0.278338,-0.277838,-0.287024,31.817,1.16803,105.049,-0.564862,-0.209143,1.0032053589820862,-3.048031449317932,0.679815,440.7799987792969,,,,,,,293.1,4.804918032,293.1,4.804918032,,,,,,,,,,,,,,,,,,,"Mike Yastrzemski","14854",573262
"Harrison Bader","MIN",55,240,220,53,36,10,1,6,29,26,14,0,51,3,2,0,,10,3,0.241389,0.0587594,0.211948,0.277235,0.295348,0.375768,0.295242,0.671115,0.134378,5.78638,0.286121,0.448998,0.391158,24.0713,-3.63877,88.4474,0.840155,1.67078,-2.3187374472618103,0.8670799136161804,0.679675,472.25,,,,,,,229.5,4.172727272,229.5,4.172727272,,,,,,,,,,,,,,,,,,,"Harrison Bader","18030",664056
"JJ Bleday","ATH",46,198,173,41,23,10,1,7,25,22,23,0,42,1,1,0,,1,1,0.234556,0.116159,0.210269,0.552431,0.325956,0.423501,0.328752,0.749457,0.188944,3.85204,0.26718,-0.404528,-0.254597,25.2583,2.30656,111.525,-0.659125,-1.57754,1.9510536789894104,-2.0330917835235596,0.679283,263.0799865722656,,,,,,,228.2,4.960869565,228.2,4.960869565,,,,,,,,,,,,,,,,,,,"JJ Bleday","26368",668709
"Chandler Simpson","TBR",45,192,177,49,40,7,1,1,24,14,12,0,23,1,1,2,,18,4,0.276753,0.061175,0.120407,0.508069,0.321915,0.337806,0.293642,0.65972,0.0610532,7.10598,0.313421,1.53346,1.85655,19.0836,-3.16843,90.67,3.39001,-0.270573,1.3413512706756592,-1.242795467376709,0.677064,999,,,,,,,194.8,4.328888888,194.8,4.328888888,,,,,,,,,,,,,,,,,,,"Chandler Simpson","31912",802415
"Kyle Teel","CHW",54,216,192,45,32,8,0,5,24,22,21,0,56,2,2,0,,3,1,0.234377,0.0954764,0.26095,0.365881,0.31305,0.353109,0.298034,0.666159,0.118732,3.91482,0.304595,-0.15502,0.0309838,22.2084,-2.80123,89.2274,-0.124036,-0.664578,-2.7825728431344032,2.0636630058288574,0.674828,999,,,,,,,202.1,3.742592592,202.1,3.742592592,,,,,,,,,,,,,,,,,,,"Kyle Teel","33549",691019
"Luis Torrens","NYM",46,184,168,39,26,8,0,4,18,20,12,0,46,2,1,0,,1,0,0.229729,0.0680593,0.252309,0.269746,0.287357,0.361884,0.286656,0.649241,0.132156,2.52436,0.288172,-0.393972,-0.286789,17.1895,-4.05084,84.0279,-0.680761,1.06528,-4.118546307086945,4.651695013046265,0.67361,622.3400268554688,,,,,,,155.1,3.37173913,155.1,3.37173913,,,,,,,,,,,,,,,,,,,"Luis Torrens","15905",620443
"Ceddanne Rafaela","BOS",59,255,239,59,39,12,2,7,32,30,10,0,61,3,2,1,,10,3,0.247673,0.0405898,0.238524,0.170171,0.28576,0.396206,0.29673,0.681965,0.148533,6.79712,0.303295,0.491546,0.548615,25.938,-3.57139,83.0753,1.04016,0.948737,-3.8881458044052124,1.8345399498939514,0.6711,188.11000061035156,,,,,,,253,4.288135593,253,4.288135593,,,,,,,,,,,,,,,,,,,"Ceddanne Rafaela","24262",678882
"Ben Rice","NYY",46,197,172,40,23,8,0,9,27,27,21,0,49,3,2,0,,2,1,0.235288,0.106243,0.249961,0.425037,0.325994,0.447214,0.337801,0.773209,0.211926,3.87654,0.270567,-0.218476,-0.180723,26.523,3.71919,117.607,-0.399198,-0.541801,3.5627282559871674,-3.7177270650863647,0.667274,400.7200012207031,,,,,,,232.8,5.060869565,232.8,5.060869565,,,,,,,,,,,,,,,,,,,"Ben Rice","29576",700250
"Thairo Estrada","COL",68,294,274,72,50,13,1,8,35,33,13,0,57,5,2,1,,7,2,0.262893,0.0440209,0.193643,0.22733,0.306202,0.403859,0.310769,0.710061,0.140966,5.13891,0.304718,0.420785,0.0902137,33.1949,-0.812927,83.7245,0.510999,0.918637,-5.0977694392204285,1.9686365723609924,0.665003,334.20001220703125,,,,,,,309.5,4.551470588,309.5,4.551470588,,,,,,,,,,,,,,,,,,,"Thairo Estrada","16426",642731
"Freddy Fermin","KCR",39,156,143,36,26,6,0,3,16,17,10,0,29,1,1,1,,1,0,0.25278,0.0662199,0.18809,0.352065,0.306768,0.374127,0.300595,0.680894,0.121347,3.142,0.294995,-0.262838,-0.173411,16.3404,-1.7011,87.1002,-0.436249,0.739198,-2.732782870531082,3.785494327545166,0.649952,376.2200012207031,,,,,,,139.1,3.566666666,139.1,3.566666666,,,,,,,,,,,,,,,,,,,"Freddy Fermin","21840",666023
"Jurickson Profar","ATL",71,309,266,68,46,14,0,8,39,34,34,1,49,5,2,1,,3,1,0.254921,0.109569,0.158689,0.690463,0.346572,0.395304,0.32958,0.741876,0.140383,3.64638,0.283892,-0.634795,-0.247894,39.4781,3.79089,108.583,-0.882688,-2.60801,2.2212201356887817,-5.992269515991211,0.647239,192.1999969482422,,,,,,,350.5,4.936619718,350.5,4.936619718,,,,,,,,,,,,,,,,,,,"Jurickson Profar","10815",595777
"Jesús Sánchez","MIA",66,286,257,63,39,13,1,10,33,34,25,1,73,2,2,1,,6,1,0.245383,0.0877467,0.254449,0.34485,0.315816,0.421387,0.321892,0.737203,0.176004,4.8378,0.301711,-0.387294,0.242234,34.8536,1.75553,101.893,-0.14506,-0.868558,0.48979561030864716,-3.6157801747322083,0.638852,271.2699890136719,,,,,,,322.8,4.89090909,322.8,4.89090909,,,,,,,,,,,,,,,,,,,"Jesus Sanchez","19913",660821
"Tyler Soderstrom","ATH",64,276,250,61,35,11,1,13,33,36,22,1,68,2,2,0,,1,0,0.243099,0.08007,0.245209,0.326538,0.308778,0.45179,0.329071,0.760568,0.208691,2.86746,0.278878,-0.555178,-0.378413,35.2517,3.28323,111.748,-0.933591,-0.235129,2.772531569004059,-5.853647023439407,0.638112,269.05999755859375,,,,,,,325.3,5.0828125,325.3,5.0828125,,,,,,,,,,,,,,,,,,,"Tyler Soderstrom","27467",691016
"Lourdes Gurriel Jr.","ARI",67,290,269,73,48,15,1,9,34,38,16,0,48,3,2,0,,3,1,0.270406,0.0551826,0.166736,0.330957,0.315337,0.430908,0.324314,0.746245,0.160502,3.76675,0.297924,-0.527363,-0.180475,35.9321,2.34414,104.542,-0.707838,-0.103785,0.8380241990089417,-4.122303448617458,0.636674,219.75999450683594,,,,,,,333.5,4.97761194,333.5,4.97761194,,,,,,,,,,,,,,,,,,,"Lourdes Gurriel Jr.","19238",666971
"DJ LeMahieu","NYY",57,247,218,54,39,9,1,5,26,24,24,0,44,1,2,1,,1,1,0.245751,0.0975108,0.177994,0.547832,0.321802,0.35759,0.303405,0.679392,0.111838,3.17725,0.285125,-0.87675,-0.409723,26.4128,-2.13699,93.4932,-1.28647,0.096053,-3.119565010070801,0.9775344431400299,0.633161,651.9500122070312,,,,,,,237.3,4.163157894,237.3,4.163157894,,,,,,,,,,,,,,,,,,,"DJ LeMahieu","9874",518934
"Jorge Soler","LAA",54,232,203,48,26,10,0,12,30,30,25,0,60,3,1,0,,0,0,0.235039,0.106216,0.258862,0.41032,0.323886,0.454619,0.33886,0.778505,0.21958,2.3008,0.272309,-0.888792,-0.289586,31.4495,4.57917,116.599,-1.17838,-0.157143,3.2227472066879272,-4.927513882517815,0.628233,205.88999938964844,,,,,,,291.6,5.4,291.6,5.4,,,,,,,,,,,,,,,,,,,"Jorge Soler","14221",624585
"Nick Allen","ATL",76,327,296,72,54,14,1,3,35,27,22,0,57,2,2,5,,8,3,0.244148,0.0670503,0.172925,0.387741,0.29945,0.333173,0.282337,0.632624,0.0890254,4.88115,0.289447,0.016712,-0.0986321,29.4704,-8.34098,76.3313,-0.0819201,1.03252,-9.150772511959076,4.534833312034607,0.62135,746.8900146484375,,,,,,,260.5,3.427631578,260.5,3.427631578,,,,,,,,,,,,,,,,,,,"Nick Allen","22277",669397
"Alex Call","WSN",46,197,169,40,27,8,1,4,22,20,23,0,36,3,1,1,,5,2,0.234845,0.117294,0.181531,0.646141,0.333466,0.370361,0.31559,0.703827,0.135516,4.96728,0.270827,-0.0697566,0.025931,23.0323,0.21552,100.603,-0.0438257,0.757565,0.09555594995617867,-0.5361078977584839,0.618402,734.739990234375,,,,,,,203.4,4.42173913,203.4,4.42173913,,,,,,,,,,,,,,,,,,,"Alex Call","19296",669743
"Jake Rogers","DET",37,144,130,28,17,6,1,5,16,16,11,0,42,1,1,0,,1,0,0.213578,0.0775363,0.292438,0.265137,0.28099,0.380512,0.290633,0.661503,0.166934,3.73513,0.271806,-0.0988267,-0.132491,13.9652,-2.72366,85.7263,-0.231317,0.888535,-2.5819181948900223,3.7064362168312073,0.616872,475.260009765625,,,,,,,134.8,3.643243243,134.8,3.643243243,,,,,,,,,,,,,,,,,,,"Jake Rogers","19452",668670
"Dane Myers","MIA",48,208,189,48,34,8,1,5,25,23,15,0,59,3,2,0,,6,1,0.255547,0.0701887,0.285113,0.246178,0.316092,0.390015,0.311545,0.706107,0.134467,5.52976,0.342205,0.0737387,0.363437,23.6251,-0.446262,94.8292,0.437176,0.366116,-0.8241209089756012,-0.005488961935043335,0.614525,658.6900024414062,,,,,,,218.3,4.547916666,218.3,4.547916666,,,,,,,,,,,,,,,,,,,"Dane Myers","22054",667472
"Luis Rengifo","LAA",48,207,190,48,34,8,1,5,24,20,13,0,33,2,1,0,,7,2,0.252178,0.0619828,0.161408,0.384013,0.304565,0.379297,0.301401,0.683862,0.127118,5.61431,0.28187,0.159245,0.216832,21.8085,-2.12293,90.3387,0.376077,0.0590455,-1.9054172337055206,0.8497862666845322,0.607557,177.5500030517578,,,,,,,207.4,4.320833333,207.4,4.320833333,,,,,,,,,,,,,,,,,,,"Luis Rengifo","19858",650859
"Francisco Alvarez","NYM",32,125,111,26,16,5,0,5,15,17,12,0,31,1,1,0,,0,0,0.233721,0.0933938,0.248757,0.375441,0.311572,0.419574,0.31987,0.731146,0.185853,2.9983,0.275235,-0.347073,-0.177874,15.0498,0.565598,106.702,-0.524947,-0.852115,0.45870542526245117,1.2741193175315857,0.601511,244.35000610351562,,,,,,,135.1,4.221875,135.1,4.221875,,,,,,,,,,,,,,,,,,,"Francisco Alvarez","26121",682626
"Zach McKinstry","DET",48,208,186,44,29,9,2,4,24,18,18,0,45,2,1,1,,7,1,0.23597,0.085953,0.218374,0.393605,0.306382,0.36731,0.297906,0.673692,0.13134,6.69382,0.290467,0.31511,0.447951,21.3451,-2.71621,90.8253,0.763062,-0.251589,-1.4152911305427551,0.2351396083831787,0.598523,557.5800170898438,,,,,,,206,4.291666666,206,4.291666666,,,,,,,,,,,,,,,,,,,"Zach McKinstry","19392",656716
"Tyler Fitzgerald","SFG",36,156,142,34,21,7,1,5,20,16,10,0,45,2,1,1,,6,1,0.237345,0.0662747,0.290517,0.228126,0.296703,0.395102,0.303706,0.691805,0.157758,6.4785,0.313207,0.460137,0.486064,16.7398,-1.31373,94.1069,0.9462,0.245441,-0.1318950057029724,0.8287747353315353,0.597848,242.5800018310547,,,,,,,166,4.611111111,166,4.611111111,,,,,,,,,,,,,,,,,,,"Tyler Fitzgerald","26208",666149
"Tyrone Taylor","NYM",51,222,205,48,29,11,2,6,27,24,11,0,51,4,1,0,,6,1,0.231961,0.0507565,0.229231,0.22142,0.2832,0.393733,0.295508,0.676933,0.161771,6.39779,0.276106,0.253483,0.349669,22.3905,-3.33031,90.0708,0.603152,0.301294,-1.9847878217697144,0.5318500101566315,0.597818,669.5599975585938,,,,,,,217.1,4.256862745,217.1,4.256862745,,,,,,,,,,,,,,,,,,,"Tyrone Taylor","13675",621438
"Hunter Goodman","COL",71,287,263,63,35,14,1,13,33,41,18,0,75,4,2,0,,1,0,0.24093,0.0615315,0.261929,0.234916,0.295179,0.449991,0.321972,0.745171,0.209061,3.175,0.284641,-0.491197,-0.33748,34.9583,1.77826,91.3723,-0.828677,-1.22497,-3.7295316457748413,0.175032377243042,0.596747,315.19000244140625,,,,,,,326.2,4.594366197,326.2,4.594366197,,,,,,,,,,,,,,,,,,,"Hunter Goodman","29715",696100
"Isiah Kiner-Falefa","PIT",67,291,268,70,55,11,1,3,32,25,15,0,47,4,2,2,,9,3,0.261844,0.0513607,0.160131,0.320741,0.308091,0.346829,0.291047,0.65492,0.084985,5.53994,0.304216,0.362449,0.324679,28.2193,-5.38866,80.8714,0.687128,-0.945179,-5.827353298664093,2.142475128173828,0.595664,373.9700012207031,,,,,,,255.5,3.813432835,255.5,3.813432835,,,,,,,,,,,,,,,,,,,"Isiah Kiner-Falefa","16512",643396
"Carlos Narváez","BOS",52,207,184,40,26,8,0,5,22,22,19,0,62,2,1,0,,2,1,0.215375,0.0923179,0.29685,0.310991,0.29601,0.343132,0.285826,0.639141,0.127757,3.09308,0.2911,-0.254015,-0.195133,19.2707,-4.71151,75.4309,-0.449148,1.00939,-6.263419896364212,5.058769464492798,0.593609,733.510009765625,,,,,,,174.2,3.35,174.2,3.35,,,,,,,,,,,,,,,,,,,"Carlos Narvaez","19722",665966
"Drake Baldwin","ATL",46,184,163,39,27,7,0,5,20,21,18,0,39,2,1,0,,0,0,0.2402,0.0963188,0.213758,0.450597,0.319008,0.372572,0.307874,0.69158,0.132372,2.34228,0.287118,-0.336263,-0.239911,20.3324,-0.934257,93.7651,-0.576173,-0.637659,-1.9198135733604431,1.6447489261627197,0.590462,999,,,,,,,182.7,3.97173913,182.7,3.97173913,,,,,,,,,,,,,,,,,,,"Drake Baldwin","31539",686948
"Nolan Gorman","STL",57,247,221,49,27,10,0,11,30,33,23,1,80,1,2,0,,3,1,0.219965,0.094136,0.32374,0.290777,0.2962,0.419738,0.311717,0.715938,0.199773,3.60378,0.283561,-0.148322,-0.082345,28.1281,-0.496613,99.0724,-0.230667,0.0126931,-0.4997355043888092,-1.870177292264998,0.587141,384.6400146484375,,,,,,,260.7,4.57368421,260.7,4.57368421,,,,,,,,,,,,,,,,,,,"Nolan Gorman","22263",669357
"Jake Mangum","TBR",49,211,196,51,37,11,1,2,22,20,10,0,40,2,2,0,,8,2,0.259308,0.048612,0.188041,0.258518,0.301617,0.35591,0.290424,0.657527,0.0966021,5.58381,0.312051,0.0590576,0.489621,20.3418,-4.00942,88.414,0.548679,0.89786,-2.2353312373161316,0.6645262539386749,0.566651,999,,,,,,,191.6,3.910204081,191.6,3.910204081,,,,,,,,,,,,,,,,,,,"Jake Mangum","26202",663968
"Travis d'Arnaud","LAA",34,137,125,29,18,6,0,5,15,17,9,0,34,2,1,0,,0,0,0.234806,0.0660981,0.249173,0.26527,0.296428,0.407879,0.308469,0.704307,0.173073,2.61663,0.280968,-0.417467,-0.167659,15.2499,-0.632432,95.2931,-0.585126,0.141212,-1.3227935433387756,2.176397517323494,0.564574,417.82000732421875,,,,,,,134.8,3.964705882,134.8,3.964705882,,,,,,,,,,,,,,,,,,,"Travis d'Arnaud","7739",518595
"Carlos Santana","CLE",69,297,260,59,38,11,0,10,33,34,34,1,51,2,2,0,,2,0,0.229234,0.11311,0.172321,0.656395,0.320613,0.38688,0.313221,0.707493,0.157647,2.75054,0.24791,-0.640924,-0.181363,34.1489,-0.238782,101.614,-0.822287,1.17175,-0.2747063636779785,-4.2165207862854,0.564202,353.5799865722656,,,,,,,308.1,4.465217391,308.1,4.465217391,,,,,,,,,,,,,,,,,,,"Carlos Santana","2396",467793
"Dylan Crews","WSN",49,212,192,46,30,8,2,6,26,22,15,0,49,3,1,0,,11,3,0.239011,0.0704772,0.22922,0.307466,0.302181,0.388822,0.304341,0.691003,0.14981,6.82937,0.288497,0.527883,0.844529,22.8026,-1.67356,92.9232,1.37241,0.941911,-0.3828256130218506,-1.069046139717102,0.561703,123.19000244140625,,,,,,,223.1,4.553061224,223.1,4.553061224,,,,,,,,,,,,,,,,,,,"Dylan Crews","33541",686611
"José Caballero","TBR",33,142,126,28,19,6,1,3,17,13,11,0,37,3,1,1,,13,3,0.225844,0.0793101,0.258018,0.307382,0.303973,0.34634,0.29122,0.650313,0.120496,7.11664,0.293995,0.841113,0.975958,13.7683,-2.60584,88.972,1.81707,0.296444,0.03521585464477539,0.5945926308631897,0.556077,327.0899963378906,,,,,,,140.4,4.254545454,140.4,4.254545454,,,,,,,,,,,,,,,,,,,"Jose Caballero","23401",676609
"Daniel Schneemann","CLE",54,234,207,47,30,10,1,6,24,24,24,0,66,1,2,1,,3,1,0.226865,0.101318,0.283385,0.357527,0.306192,0.373562,0.301472,0.679754,0.146697,4.53514,0.30097,-0.434352,-0.161644,24.6912,-2.38907,93.377,-0.595995,-0.708703,-2.3658047318458557,-0.11148041486740112,0.554317,723.2000122070312,,,,,,,225.2,4.17037037,225.2,4.17037037,,,,,,,,,,,,,,,,,,,"Daniel Schneemann","25180",682177
"Max Kepler","PHI",55,240,215,53,34,11,1,8,29,29,20,0,46,2,2,0,,1,0,0.246339,0.0852688,0.193795,0.439994,0.316694,0.410879,0.319072,0.727573,0.16454,3.34945,0.278339,-0.359555,-0.241041,28.6392,0.929168,102.018,-0.600596,0.145705,-0.033934175968170166,-2.4209611266851425,0.551694,347.260009765625,,,,,,,262.5,4.772727272,262.5,4.772727272,,,,,,,,,,,,,,,,,,,"Max Kepler","12144",596146
"Will Benson","CIN",42,183,159,34,20,7,1,6,24,20,21,0,63,2,1,0,,7,2,0.214429,0.113195,0.347058,0.326156,0.310716,0.386694,0.309256,0.69741,0.172265,6.35461,0.310759,0.082147,0.326281,20.4301,-0.727283,89.3801,0.408428,2.68304,-1.8684487342834473,1.23566734790802,0.550143,686.0499877929688,,,,,,,190.5,4.535714285,190.5,4.535714285,,,,,,,,,,,,,,,,,,,"Will Benson","21853",666181
"Hyeseong Kim","LAD",46,197,181,45,33,8,1,3,24,20,13,0,37,1,1,0,,8,2,0.249849,0.066303,0.188145,0.352404,0.303464,0.359291,0.293065,0.662755,0.109441,6.45995,0.296957,0.425898,0.678156,19.4769,-3.33986,86.572,1.10405,0.132615,-2.0006498098373413,0.8627080172300339,0.545996,487.30999755859375,,,,,,,179.7,3.906521739,179.7,3.906521739,,,,,,,,,,,,,,,,,,,"Hyeseong Kim","35322",808975
"Agustín Ramírez","MIA",73,304,275,65,39,15,1,10,34,38,24,1,64,2,2,0,,7,1,0.23508,0.0797967,0.209404,0.381066,0.300812,0.406375,0.308691,0.707187,0.171295,4.64555,0.267662,0.0419975,0.415416,33.8272,-1.34643,92.8811,0.457414,-0.538559,-2.0799671411514282,-2.542571187019348,0.543886,437.8900146484375,,,,,,,320.7,4.393150684,320.7,4.393150684,,,,,,,,,,,,,,,,,,,"Agustin Ramirez","26546",682663
"Spencer Steer","CIN",66,287,252,61,37,14,1,9,35,36,29,0,59,4,2,0,,8,2,0.241357,0.100179,0.207016,0.483919,0.326367,0.414969,0.326428,0.741336,0.173612,5.28212,0.278935,0.227483,0.404165,35.9898,2.80176,101.103,0.631648,0.232018,1.002678006887436,-5.070759996771812,0.543657,177.8000030517578,,,,,,,329.1,4.986363636,329.1,4.986363636,,,,,,,,,,,,,,,,,,,"Spencer Steer","26323",668715
"Jonny DeLuca","TBR",32,138,125,30,19,6,1,4,16,15,10,0,27,2,1,0,,6,1,0.2382,0.0710069,0.198586,0.357563,0.301412,0.389361,0.303269,0.690774,0.151162,6.69827,0.276646,0.191127,0.440207,14.7451,-1.20917,97.4191,0.631334,0.404175,0.2250162959098816,0.37824884057044983,0.540739,359.5799865722656,,,,,,,148.3,4.634375,148.3,4.634375,,,,,,,,,,,,,,,,,,,"Jonny DeLuca","26365",676356
"Wenceel Pérez","DET",56,244,220,54,35,11,3,5,30,24,19,0,48,2,2,1,,6,2,0.24457,0.0798436,0.198637,0.401957,0.308984,0.391975,0.307651,0.700959,0.147405,6.39835,0.287622,0.327193,0.0872573,26.927,-1.28291,97.6566,0.41445,-0.474241,-0.23786768317222595,-2.7797965109348297,0.532063,522.469970703125,,,,,,,247.2,4.414285714,247.2,4.414285714,,,,,,,,,,,,,,,,,,,"Wenceel Perez","22857",672761
"Christopher Morel","TBR",39,167,148,34,20,6,1,7,21,22,15,1,47,2,1,0,,3,1,0.230747,0.0917729,0.284308,0.322794,0.308815,0.432848,0.322851,0.741664,0.202101,4.64415,0.28374,-0.0354698,-0.159484,20.4655,1.15245,111.147,-0.194954,-0.402578,1.929376944899559,-2.3988742232322693,0.530014,267.8699951171875,,,,,,,185.2,4.748717948,185.2,4.748717948,,,,,,,,,,,,,,,,,,,"Christopher Morel","21897",666624
"Yoán Moncada","LAA",49,211,188,45,29,10,1,5,23,22,20,0,58,1,1,0,,1,0,0.239893,0.0929543,0.276796,0.335822,0.314535,0.384461,0.309125,0.698996,0.144568,3.79445,0.316585,-0.253187,-0.187189,23.4922,-0.859069,95.7534,-0.440376,-0.404303,-1.4607948958873749,-0.4820810556411743,0.528021,529.9299926757812,,,,,,,210.6,4.297959183,210.6,4.297959183,,,,,,,,,,,,,,,,,,,"Yoan Moncada","17232",660162
"Matt Thaiss","TBR",38,149,127,27,19,5,0,3,14,14,19,0,39,1,1,0,,2,0,0.21348,0.128159,0.262937,0.487415,0.320119,0.33196,0.295992,0.652078,0.11848,3.26311,0.277389,-0.328088,-0.0371247,15.095,-2.17879,92.3173,-0.365213,-1.1543,-1.6747470796108246,1.7623686790466309,0.526745,747.6799926757812,,,,,,,130.7,3.439473684,130.7,3.439473684,,,,,,,,,,,,,,,,,,,"Matt Thaiss","19318",642136
"Nolan Jones","CLE",48,208,180,41,25,10,1,6,23,22,25,1,65,1,1,1,,5,1,0.228196,0.118246,0.310876,0.380363,0.323177,0.381135,0.311124,0.704312,0.152939,4.80317,0.319825,-0.114854,0.0275128,23.5551,-0.5163,100.144,-0.0873407,-0.185393,-0.05318697914481163,-1.9372450560331345,0.514696,264.760009765625,,,,,,,225.4,4.695833333,225.4,4.695833333,,,,,,,,,,,,,,,,,,,"Nolan Jones","20529",666134
"Johan Rojas","PHI",37,160,147,37,27,6,1,2,20,14,7,0,32,2,1,3,,10,2,0.249915,0.0462639,0.20326,0.227609,0.291984,0.357866,0.286308,0.64985,0.107951,7.61294,0.304561,0.790196,1.13343,14.9058,-3.5676,79.6511,1.92363,1.07957,-1.8856453895568848,1.6499415040016174,0.513243,581.510009765625,,,,,,,142.5,3.851351351,142.5,3.851351351,,,,,,,,,,,,,,,,,,,"Johan Rojas","24336",679032
"Miguel Vargas","CHW",70,301,263,59,36,14,1,8,34,31,32,0,64,3,2,0,,5,2,0.223835,0.106193,0.213274,0.497916,0.313367,0.375847,0.306502,0.689214,0.152012,4.33387,0.262673,-0.175928,-0.162628,32.9856,-1.86183,95.1638,-0.338556,-0.315586,-2.001560151576996,-3.1334875524044037,0.511137,388.3399963378906,,,,,,,297.8,4.254285714,297.8,4.254285714,,,,,,,,,,,,,,,,,,,"Miguel Vargas","20178",678246
"Ty France","MIN",69,298,264,68,46,14,0,7,32,32,22,0,53,9,2,0,,0,0,0.255429,0.0733583,0.177712,0.412793,0.331194,0.391447,0.321119,0.722641,0.136018,1.92705,0.292116,-1.12715,-0.448184,36.0696,1.642,106.588,-1.57534,-0.156595,0.6628745794296265,-5.6788170337677,0.510921,421.17999267578125,,,,,,,316.2,4.582608695,316.2,4.582608695,,,,,,,,,,,,,,,,,,,"Ty France","17982",664034
"Victor Caratini","HOU",34,139,124,30,21,5,0,4,15,15,12,0,28,2,1,0,,0,0,0.243752,0.088438,0.199265,0.443821,0.320371,0.37626,0.30898,0.696631,0.132508,2.01596,0.283056,-0.584165,-0.27213,15.5142,-0.584055,98.9399,-0.856295,0.0914738,-1.0246905982494354,1.271103322505951,0.508003,568.1599731445312,,,,,,,138.1,4.061764705,138.1,4.061764705,,,,,,,,,,,,,,,,,,,"Victor Caratini","14968",605170
"Gavin Lux","CIN",61,265,236,60,41,12,2,6,32,28,27,0,58,1,1,0,,3,1,0.256483,0.100848,0.219427,0.459599,0.333218,0.397563,0.323149,0.730782,0.14108,4.68127,0.314855,0.0347831,-0.155633,32.5942,1.89527,98.8648,-0.12085,-0.15912,-0.474007323384285,-3.2588110715150833,0.506014,329.2300109863281,,,,,,,289.5,4.745901639,289.5,4.745901639,,,,,,,,,,,,,,,,,,,"Gavin Lux","19955",666158
"Angel Martínez","CLE",44,190,171,43,30,9,1,3,20,18,13,0,38,2,2,1,,3,1,0.25147,0.0694044,0.19807,0.350404,0.309341,0.370732,0.300606,0.680073,0.119261,4.6723,0.30215,-0.145675,-0.0859929,19.8569,-2.06526,92.7702,-0.231668,-0.475383,-1.7956214249134064,0.3341844975948334,0.505212,745.6400146484375,,,,,,,177.7,4.038636363,177.7,4.038636363,,,,,,,,,,,,,,,,,,,"Angel Martinez","26540",682657
"Luis Urías","ATH",34,149,130,29,18,6,0,5,16,17,15,0,33,4,1,0,,1,0,0.222529,0.0979436,0.220681,0.443825,0.315914,0.382894,0.3114,0.698808,0.160365,3.07125,0.258307,-0.241463,-0.213397,16.8774,-0.336392,99.3602,-0.45486,-0.162676,-0.5635388642549515,0.44473110139369965,0.503515,727.219970703125,,,,,,,155.7,4.579411764,155.7,4.579411764,,,,,,,,,,,,,,,,,,,"Luis Urias","16622",649966
"Cam Smith","HOU",68,294,263,62,42,10,2,8,35,33,25,1,78,4,2,1,,3,1,0.235065,0.0839318,0.263877,0.318071,0.30829,0.383079,0.304494,0.691368,0.148014,5.01799,0.299618,-0.246729,-0.198291,31.7185,-2.28926,95.7948,-0.44502,0.22909,-1.8561924993991852,-3.1283168494701385,0.501603,999,,,,,,,289.7,4.260294117,289.7,4.260294117,,,,,,,,,,,,,,,,,,,"Cam Smith","35108",701358
"Josh Rojas","CHW",45,194,172,41,29,8,1,4,22,18,19,0,42,1,1,1,,5,1,0.238889,0.0959061,0.217658,0.440628,0.313518,0.357072,0.298315,0.67059,0.118183,5.17704,0.29381,0.289481,0.137518,19.9365,-2.46549,89.425,0.426999,-0.433768,-1.9106771647930145,0.2578989863395691,0.499725,589.5999755859375,,,,,,,190.8,4.24,190.8,4.24,,,,,,,,,,,,,,,,,,,"Josh Rojas","19734",668942
"Casey Schmitt","SFG",45,196,182,43,29,9,0,5,21,22,10,0,46,2,2,0,,2,0,0.238959,0.0507984,0.233089,0.217935,0.28445,0.378796,0.290277,0.663247,0.139837,3.8796,0.288464,-0.234819,-0.060237,18.9159,-3.75591,84.9397,-0.295056,1.45933,-3.7550475001335144,2.1593316197395325,0.494248,743.6099853515625,,,,,,,171.7,3.815555555,171.7,3.815555555,,,,,,,,,,,,,,,,,,,"Casey Schmitt","27577",669477
"Kyle Isbel","KCR",64,276,252,59,39,12,3,5,33,27,17,0,57,3,2,3,,7,2,0.234537,0.0599372,0.207238,0.289219,0.286914,0.369541,0.288342,0.656454,0.135004,6.51645,0.280411,0.645069,0.25559,26.1952,-5.71333,78.51,0.900658,0.398064,-5.865766167640686,1.383249044418335,0.490814,543.1400146484375,,,,,,,245,3.828125,245,3.828125,,,,,,,,,,,,,,,,,,,"Kyle Isbel","21614",664728
"Christian Moore","LAA",66,283,257,58,37,11,2,8,32,29,21,0,80,2,2,0,,4,1,0.226762,0.07583,0.283091,0.267864,0.29008,0.376289,0.293079,0.666369,0.149527,5.51428,0.295586,-0.102881,-0.0685515,27.9577,-4.79053,84.5041,-0.171432,-0.579964,-5.178948774933815,0.4311472177505493,0.488434,999,,,,,,,260.1,3.94090909,260.1,3.94090909,,,,,,,,,,,,,,,,,,,"Christian Moore","34979",695681
"Giancarlo Stanton","NYY",50,218,195,45,24,7,0,14,27,35,20,1,64,1,1,0,,0,0,0.229824,0.0939709,0.295678,0.317815,0.305285,0.478266,0.336786,0.783551,0.248442,1.36441,0.263754,-1.07612,-0.287586,29.1226,3.9316,116.895,-1.36371,0,2.8360395431518555,-5.44444465637207,0.484086,576.510009765625,,,,,,,271.9,5.438,271.9,5.438,,,,,,,,,,,,,,,,,,,"Giancarlo Stanton","4949",519317
"Roman Anthony","BOS",66,283,249,62,39,14,1,7,36,30,30,1,71,2,2,1,,6,2,0.247111,0.106325,0.250871,0.423822,0.330025,0.398886,0.321588,0.728911,0.151775,5.37171,0.315356,-0.180239,0.132778,34.4583,1.67004,100.502,-0.0474606,-0.059919,0.11489124223589897,-4.919178087264299,0.483768,999,,,,,,,312.1,4.728787878,312.1,4.728787878,,,,,,,,,,,,,,,,,,,"Roman Anthony","31812",701350
"Garrett Mitchell","MIL",31,133,117,27,18,5,1,3,16,13,13,0,41,1,1,1,,6,1,0.232775,0.095931,0.308137,0.311326,0.312475,0.381856,0.307546,0.694331,0.149081,6.78703,0.323364,0.336317,0.476604,14.6403,-0.709212,94.3688,0.812921,0.184785,-0.06297814846038818,0.4025314748287201,0.482041,244.66000366210938,,,,,,,133.2,4.296774193,133.2,4.296774193,,,,,,,,,,,,,,,,,,,"Garrett Mitchell","27555",669003
"Rhys Hoskins","MIL",68,294,255,57,33,11,1,13,34,41,33,1,78,4,2,0,,2,1,0.22431,0.112661,0.264902,0.425293,0.319444,0.427268,0.327068,0.746712,0.202958,3.01566,0.264398,-1.12972,-0.340631,37.0401,3.02236,107.696,-1.47035,-0.549826,1.182601809501648,-6.185627996921539,0.470737,259.55999755859375,,,,,,,336,4.94117647,336,4.94117647,,,,,,,,,,,,,,,,,,,"Rhys Hoskins","16472",656555
"Nolan Schanuel","LAA",72,312,269,68,50,11,1,6,37,28,36,1,50,4,2,1,,4,1,0.25441,0.114992,0.159393,0.721437,0.34869,0.365856,0.32081,0.714546,0.111446,4.23235,0.291133,-0.785282,-0.121146,37.752,1.64494,103.945,-0.906428,-0.84773,0.49927204847335815,-6.421804130077362,0.467122,309.1099853515625,,,,,,,330.6,4.591666666,330.6,4.591666666,,,,,,,,,,,,,,,,,,,"Nolan Schanuel","33189",694384
"Ernie Clement","TOR",41,176,165,42,30,8,1,4,19,19,7,0,18,1,1,1,,4,1,0.255792,0.0399269,0.102954,0.387813,0.288916,0.380046,0.292034,0.668962,0.124254,4.75033,0.266861,-0.145747,0.0205477,17.2622,-3.13048,86.8644,-0.1252,0.903288,-2.7684657722711563,1.3755106329917908,0.466489,372.2900085449219,,,,,,,165.5,4.036585365,165.5,4.036585365,,,,,,,,,,,,,,,,,,,"Ernie Clement","20352",676391
"Mitch Garver","SEA",33,137,117,24,14,5,0,5,15,16,17,0,38,2,1,0,,0,0,0.207493,0.122023,0.280976,0.434283,0.312824,0.383002,0.310219,0.695826,0.175509,2.09108,0.255987,-0.313802,-0.199035,15.3664,-0.437918,104.601,-0.512837,-0.0384329,0.2046392560005188,-0.2876613885164261,0.464992,422.7900085449219,,,,,,,135.9,4.118181818,135.9,4.118181818,,,,,,,,,,,,,,,,,,,"Mitch Garver","15161",641598
"Alec Burleson","STL",56,244,224,59,41,10,1,7,28,29,16,0,33,2,2,1,,3,1,0.26492,0.0647886,0.137286,0.471925,0.315577,0.412473,0.318198,0.728049,0.147553,3.89782,0.281643,-0.507194,-0.0913269,28.9852,0.775341,103.497,-0.598521,-0.263452,0.4010661840438843,-3.8498720228672028,0.46305,247.38999938964844,,,,,,,263.8,4.710714285,263.8,4.710714285,,,,,,,,,,,,,,,,,,,"Alec Burleson","27615",676475
"Javier Báez","DET",46,201,187,44,30,9,1,5,22,23,9,0,47,3,1,0,,4,1,0.23508,0.0456811,0.234102,0.195133,0.279005,0.368876,0.284064,0.647881,0.133796,4.95561,0.285442,0.100961,0.115181,18.3845,-4.8472,81.121,0.216142,0.185653,-4.111751765012741,1.8507766425609589,0.461443,631.5399780273438,,,,,,,179,3.891304347,179,3.891304347,,,,,,,,,,,,,,,,,,,"Javier Baez","12979",595879
"Kyle Higashioka","TEX",42,165,153,33,19,7,0,7,17,22,10,0,42,0,1,1,,1,0,0.218266,0.0576506,0.255798,0.225376,0.264416,0.404171,0.2901,0.668587,0.185905,2.63363,0.250684,-0.400559,-0.118365,15.9182,-3.18868,84.1898,-0.518924,-0.204793,-3.4997885823249817,2.382552444934845,0.456583,368.2300109863281,,,,,,,149.8,3.566666666,149.8,3.566666666,,,,,,,,,,,,,,,,,,,"Kyle Higashioka","5517",543309
"Pavin Smith","ARI",49,211,182,45,28,9,1,7,27,27,25,1,46,1,2,0,,1,0,0.245253,0.120839,0.219859,0.549622,0.338189,0.420379,0.333658,0.758567,0.175126,3.47269,0.287658,-0.577073,-0.243482,27.6249,3.27363,110.921,-0.820555,-0.0938435,1.8743215203285217,-4.345695488154888,0.452216,388.0400085449219,,,,,,,247.5,5.051020408,247.5,5.051020408,,,,,,,,,,,,,,,,,,,"Pavin Smith","19892",656976
"Miguel Andujar","ATH",39,170,159,43,31,8,1,4,19,19,9,0,23,1,1,0,,2,1,0.272046,0.0543646,0.137879,0.394291,0.313192,0.402096,0.312687,0.715287,0.13005,3.91247,0.296556,-0.219562,-0.146262,19.4637,-0.209249,100.263,-0.365824,-0.180133,-0.31482964381575584,-1.0153178870677948,0.451441,530.1199951171875,,,,,,,179.3,4.597435897,179.3,4.597435897,,,,,,,,,,,,,,,,,,,"Miguel Andujar","15878",609280
"Brayan Rocchio","CLE",33,141,125,30,20,7,0,2,16,13,12,0,27,2,1,1,,3,1,0.236065,0.0847045,0.193004,0.438874,0.311332,0.347025,0.294346,0.658356,0.110959,4.59189,0.28263,-0.15339,-0.0630652,14.0879,-2.24625,88.3812,-0.216455,0.170139,-2.0891807228326797,1.6831018328666687,0.447328,438.5400085449219,,,,,,,127,3.848484848,127,3.848484848,,,,,,,,,,,,,,,,,,,"Brayan Rocchio","23690",677587
"Gary Sánchez","BAL",34,139,123,26,16,4,0,6,15,18,12,0,38,3,1,0,,0,0,0.208939,0.0883322,0.270786,0.326206,0.292389,0.384233,0.299238,0.676622,0.175294,1.96291,0.247958,-0.403249,-0.192007,14.397,-1.66525,93.1798,-0.595257,0.073889,-1.6762346625328064,1.3312964215874672,0.445528,522.8200073242188,,,,,,,135.6,3.988235294,135.6,3.988235294,,,,,,,,,,,,,,,,,,,"Gary Sanchez","11442",596142
"Jake Fraley","CIN",51,219,194,49,33,9,1,5,26,23,21,0,42,2,1,0,,10,3,0.251588,0.0947632,0.18979,0.499306,0.328719,0.391547,0.318586,0.720266,0.139959,5.47223,0.292103,0.25514,0.532239,26.0694,0.763539,95.7498,0.787379,0.259932,-0.30251675844192505,-2.5451609790325165,0.440934,377.7200012207031,,,,,,,238.8,4.682352941,238.8,4.682352941,,,,,,,,,,,,,,,,,,,"Jake Fraley","19260",641584
"Matt Vierling","DET",32,136,123,32,21,6,1,3,17,14,11,0,28,1,1,0,,2,1,0.256907,0.0776693,0.20572,0.377549,0.31823,0.405702,0.31745,0.723932,0.148795,5.09064,0.304142,0.00198953,-0.0610202,16.1161,0.35174,104.526,-0.0590307,-0.22541,0.6450979225337505,-0.9683116674423218,0.438856,389.1600036621094,,,,,,,144.5,4.515625,144.5,4.515625,,,,,,,,,,,,,,,,,,,"Matt Vierling","21558",663837
"Marcelo Mayer","BOS",66,287,263,65,41,16,1,7,34,31,20,2,64,2,2,0,,5,1,0.246179,0.0699733,0.224385,0.311845,0.301473,0.391655,0.302191,0.693128,0.145476,4.44737,0.298117,-0.100413,0.0856967,30.4344,-2.76371,86.9036,-0.0147159,-2.24449,-4.304956680163741,-1.0676337480545044,0.437046,999,,,,,,,291.6,4.418181818,291.6,4.418181818,,,,,,,,,,,,,,,,,,,"Marcelo Mayer","29668",691785
"Jose Trevino","CIN",37,148,135,33,23,6,0,4,16,17,9,0,24,1,1,1,,1,0,0.241796,0.0636933,0.163563,0.389412,0.294325,0.378423,0.295831,0.672748,0.136627,3.09726,0.264876,-0.357744,-0.209471,14.8964,-2.17178,80.2157,-0.567216,0.517572,-3.9890862703323364,3.399515926837921,0.435601,579.6099853515625,,,,,,,136.7,3.694594594,136.7,3.694594594,,,,,,,,,,,,,,,,,,,"Jose Trevino","16725",624431
"Miguel Amaya","CHC",24,93,83,20,13,4,0,3,10,11,7,0,18,2,1,1,,0,0,0.240722,0.0742046,0.19881,0.373244,0.311771,0.395473,0.31167,0.707244,0.154751,2.49308,0.276248,-0.205234,-0.140682,10.5582,-0.189927,100.128,-0.345916,-0.359466,-0.3319906238466501,1.4553492367267609,0.429485,340.9800109863281,,,,,,,95.8,3.991666666,95.8,3.991666666,,,,,,,,,,,,,,,,,,,"Miguel Amaya","21693",665804
"Jake Burger","TEX",51,222,204,48,27,9,1,11,27,31,13,0,59,4,2,0,,1,0,0.235634,0.0591074,0.266847,0.221503,0.291732,0.454429,0.321697,0.746161,0.218795,3.01562,0.271831,-0.377354,-0.30433,27.0502,1.32943,106.34,-0.681685,-0.202173,0.9274952411651611,-4.249703869223595,0.425852,108.66000366210938,,,,,,,252.9,4.958823529,252.9,4.958823529,,,,,,,,,,,,,,,,,,,"Jake Burger","22275",669394
"Ramón Laureano","BAL",34,149,135,31,19,6,1,5,18,17,10,0,42,3,1,0,,4,1,0.231442,0.0684034,0.284637,0.240318,0.299482,0.405507,0.309556,0.704989,0.174066,5.36885,0.294802,-0.036451,0.127068,16.6579,-0.555965,100.413,0.0906167,0.340136,0.16080868244171143,-1.0469014644622803,0.423852,626.47998046875,,,,,,,152.5,4.485294117,152.5,4.485294117,,,,,,,,,,,,,,,,,,,"Ramon Laureano","17128",657656
"Denzel Clarke","ATH",48,206,189,42,28,9,0,5,24,19,15,0,66,1,1,0,,9,1,0.221515,0.072258,0.323156,0.223601,0.282141,0.355148,0.282499,0.637289,0.133634,6.06869,0.311081,0.240846,0.951392,18.5543,-5.2172,79.099,1.19224,0.154944,-3.7105062007904053,0.888894647359848,0.419412,739.5,,,,,,,181.6,3.783333333,181.6,3.783333333,,,,,,,,,,,,,,,,,,,"Denzel Clarke","29858",672016
"Connor Wong","BOS",29,113,103,25,17,5,0,3,13,12,7,0,29,2,1,1,,2,1,0.245885,0.0613773,0.258764,0.237194,0.301593,0.389221,0.303409,0.690813,0.143336,4.61155,0.312742,-0.011399,-0.0632983,12.134,-0.981328,87.7575,-0.0746973,-0.34263,-1.6590993627905846,1.8718765676021576,0.415121,230.80999755859375,,,,,,,107.7,3.713793103,107.7,3.713793103,,,,,,,,,,,,,,,,,,,"Connor Wong","19896",657136
"Noelvi Marte","CIN",50,215,199,50,33,10,1,6,25,25,13,0,51,2,1,0,,8,2,0.25011,0.0619354,0.234752,0.263834,0.301047,0.395208,0.304828,0.696255,0.145098,5.39116,0.305692,0.308437,0.356109,23.2731,-1.618,86.3576,0.664546,-1.05809,-2.7765032052993774,-0.28957146406173706,0.406184,499.42999267578125,,,,,,,226.7,4.534,226.7,4.534,,,,,,,,,,,,,,,,,,,"Noelvi Marte","26517",682622
"Elias Díaz","SDP",40,159,146,34,23,6,0,4,15,18,11,0,34,1,1,0,,0,0,0.229691,0.0680946,0.214613,0.317291,0.285348,0.354173,0.282689,0.639521,0.124482,1.85331,0.272092,-0.543698,-0.219786,14.4058,-4.01961,81.4845,-0.763484,-0.168856,-4.220555484294891,2.9422555714845657,0.403599,481.6700134277344,,,,,,,135.4,3.385,135.4,3.385,,,,,,,,,,,,,,,,,,,"Elias Diaz","11680",553869
"Nathan Lukes","TOR",34,147,132,34,25,7,0,2,16,15,11,0,26,2,1,1,,2,1,0.260866,0.0768434,0.174088,0.441405,0.323793,0.367961,0.307092,0.691755,0.107095,3.92256,0.305864,-0.203817,-0.159599,16.1554,-0.838491,97.421,-0.363416,1.13082,-0.795895129442215,-0.23337316513061523,0.402396,743.3200073242188,,,,,,,137.5,4.044117647,137.5,4.044117647,,,,,,,,,,,,,,,,,,,"Nathan Lukes","18123",664770
"Cole Young","SEA",61,264,235,52,38,11,1,3,26,23,23,0,51,3,2,1,,5,2,0.223077,0.0867837,0.191421,0.453367,0.298903,0.318442,0.278409,0.617346,0.0953655,4.47148,0.268174,-0.182721,-0.166894,23.0103,-7.57876,82.3004,-0.349615,-0.421912,-5.692125380039215,0.6274707019329071,0.390831,999,,,,,,,203.9,3.34262295,203.9,3.34262295,,,,,,,,,,,,,,,,,,,"Cole Young","31680",702284
"Austin Wynns","ATH",18,71,65,16,11,2,0,2,7,8,5,0,19,0,0,0,,0,0,0.23847,0.071594,0.260827,0.274489,0.297597,0.358409,0.291524,0.656006,0.119939,2.10086,0.305559,-0.168514,-0.102836,6.94931,-1.29458,85.4265,-0.27135,1.43419,-1.4568767845630646,2.8261648416519165,0.389213,750.3699951171875,,,,,,,64.2,3.566666666,64.2,3.566666666,,,,,,,,,,,,,,,,,,,"Austin Wynns","15271",642851
"Edmundo Sosa","PHI",28,120,110,28,18,5,1,3,14,13,5,0,28,3,1,1,,2,1,0.251333,0.0446414,0.235556,0.189515,0.30356,0.395772,0.307034,0.699332,0.144438,5.58684,0.310744,0.0826472,0.0248683,13.1659,-0.68917,93.8003,0.107516,0.0741823,-0.762907512485981,0.6056638211011887,0.386961,531.2100219726562,,,,,,,120.2,4.292857142,120.2,4.292857142,,,,,,,,,,,,,,,,,,,"Edmundo Sosa","17022",624641
"Michael Conforto","LAD",44,190,166,38,23,8,0,7,23,24,20,1,46,3,1,0,,1,0,0.231062,0.105025,0.243636,0.431075,0.320576,0.410345,0.321385,0.730922,0.179283,3.33708,0.274672,-0.371745,-0.236331,23.0762,1.08911,105.905,-0.608076,-1.11146,0.7076383829116821,-3.1480342149734497,0.386618,272.1300048828125,,,,,,,206.7,4.697727272,206.7,4.697727272,,,,,,,,,,,,,,,,,,,"Michael Conforto","16376",624424
"Andrew Benintendi","CHW",60,258,233,59,41,11,1,7,29,29,22,1,43,1,2,0,,3,1,0.254891,0.0860838,0.166933,0.51568,0.320721,0.398079,0.315822,0.7188,0.143187,3.63686,0.283253,-0.251731,-0.196083,30.1992,0.329948,101.698,-0.447814,-1.29989,0.05255889892578125,-4.988778710365295,0.382597,402.7900085449219,,,,,,,272.7,4.545,272.7,4.545,,,,,,,,,,,,,,,,,,,"Andrew Benintendi","17901",643217
"Jon Berti","CHC",22,94,85,21,16,3,0,1,12,8,8,0,19,1,0,1,,6,1,0.251522,0.0820633,0.206183,0.398012,0.319888,0.346677,0.298371,0.666565,0.0951546,6.51279,0.310881,0.430427,0.533014,9.71886,-1.19722,91.0485,0.963441,0.426459,-0.026744604110717773,0.6338662356138229,0.380775,573.9199829101562,,,,,,,86.3,3.922727272,86.3,3.922727272,,,,,,,,,,,,,,,,,,,"Jon Berti","12037",542932
"Kyle Stowers","MIA",64,279,250,58,35,12,1,10,31,35,23,0,85,4,2,0,,2,1,0.231491,0.0833565,0.304348,0.273885,0.304367,0.405386,0.311609,0.709753,0.173896,3.9232,0.30677,-0.418068,-0.327172,31.655,-0.583372,94.8729,-0.745241,-0.188775,-2.4201778173446655,-2.9625405073165894,0.379523,552.760009765625,,,,,,,291.3,4.5515625,291.3,4.5515625,,,,,,,,,,,,,,,,,,,"Kyle Stowers","26151",669065
"Jose Siri","NYM",25,108,98,20,12,4,1,4,14,13,7,0,38,1,1,0,,4,1,0.208006,0.0690716,0.356384,0.193812,0.269658,0.393252,0.289613,0.662911,0.185246,6.67285,0.285909,0.375934,0.273915,10.3266,-2.11898,86.0464,0.649849,0.790988,-1.1099159121513367,1.1752472221851349,0.369042,441.3900146484375,,,,,,,97.7,3.908,97.7,3.908,,,,,,,,,,,,,,,,,,,"Jose Siri","17452",642350
"Abraham Toro","BOS",46,198,180,45,29,10,1,4,22,22,15,0,37,2,1,0,,2,1,0.248053,0.0746181,0.185132,0.403053,0.310545,0.39049,0.308491,0.701035,0.142437,3.96674,0.287014,-0.291014,-0.285819,22.0414,-0.910379,91.3204,-0.576833,2.90245,-2.5425922870635986,-0.6154508590698242,0.359917,749.6500244140625,,,,,,,196.3,4.267391304,196.3,4.267391304,,,,,,,,,,,,,,,,,,,"Abraham Toro","19844",647351
"Drew Waters","KCR",53,229,206,49,31,11,2,5,28,23,19,0,67,3,1,0,,6,2,0.237387,0.0815389,0.294718,0.276668,0.306976,0.383913,0.304809,0.690889,0.146526,6.53737,0.327253,0.0744844,0.162058,24.7275,-1.72297,90.0541,0.236542,-0.0439829,-2.3593886494636536,-1.8199087791144848,0.358733,999,,,,,,,230.5,4.349056603,230.5,4.349056603,,,,,,,,,,,,,,,,,,,"Drew Waters","20505",671221
"Austin Hays","CIN",46,201,184,47,29,11,1,7,25,25,12,0,47,3,1,0,,2,1,0.257631,0.0612398,0.234108,0.261588,0.312711,0.436877,0.32571,0.749588,0.179246,4.0578,0.307495,-0.29425,-0.165481,25.0775,1.84584,100.613,-0.459731,-0.243545,-0.3154061883687973,-2.7540387213230133,0.357533,359.239990234375,,,,,,,228.6,4.969565217,228.6,4.969565217,,,,,,,,,,,,,,,,,,,"Austin Hays","19363",669720
"Victor Robles","SEA",17,73,65,16,12,3,0,1,9,6,5,0,14,2,1,1,,5,1,0.254392,0.0700815,0.195167,0.359085,0.324815,0.365899,0.308102,0.690715,0.111507,7.04151,0.3084,0.373974,0.597116,8.13704,-0.359907,103.116,0.97109,0.364641,1.2323628664016724,-0.31745773553848267,0.34962,186.6199951171875,,,,,,,70.4,4.14117647,70.4,4.14117647,,,,,,,,,,,,,,,,,,,"Victor Robles","18363",645302
"Javier Sanoja","MIA",32,137,128,34,25,7,1,2,15,13,8,0,16,1,1,0,,3,1,0.266411,0.0595426,0.116378,0.51163,0.311662,0.37045,0.300008,0.682112,0.104038,5.25327,0.293101,-0.0966078,-0.0527701,14.3401,-1.56416,86.9533,-0.149378,0.491504,-2.2520427852869034,1.141812413930893,0.347666,738.0499877929688,,,,,,,137.1,4.284375,137.1,4.284375,,,,,,,,,,,,,,,,,,,"Javier Sanoja","28253",691594
"Brett Baty","NYM",40,172,155,35,24,6,0,5,19,18,14,0,45,2,1,0,,1,0,0.229013,0.0832591,0.258955,0.321519,0.299536,0.364231,0.294467,0.663766,0.135217,2.7178,0.288219,-0.207849,-0.213745,17.1912,-2.72168,89.3602,-0.421594,-0.329178,-2.568536788225174,0.2856371998786926,0.342593,465.25,,,,,,,155.3,3.8825,155.3,3.8825,,,,,,,,,,,,,,,,,,,"Brett Baty","26123",683146
"Jordan Lawlar","ARI",21,91,81,21,14,4,0,2,12,10,7,0,22,1,0,0,,4,1,0.252887,0.0820166,0.246183,0.333153,0.322176,0.393207,0.315108,0.715384,0.14032,6.56306,0.321415,0.160664,0.405989,10.5604,0.0641421,98.2577,0.566653,0.344338,0.3813340365886688,-0.05751416087150574,0.339141,403.510009765625,,,,,,,95.8,4.561904761,95.8,4.561904761,,,,,,,,,,,,,,,,,,,"Jordan Lawlar","29976",691783
"Nick Castellanos","PHI",79,341,315,82,52,17,1,12,41,46,21,1,76,3,2,0,,3,1,0.259697,0.061515,0.223112,0.275713,0.310484,0.428846,0.321585,0.73933,0.169149,3.73911,0.306102,-0.90633,-0.205124,41.4753,2.00943,103.734,-1.11145,-4.43342,0.3816794157028198,-8.192679405212402,0.337779,172.5399932861328,,,,,,,386.9,4.897468354,386.9,4.897468354,,,,,,,,,,,,,,,,,,,"Nick Castellanos","11737",592206
"Ryan Mountcastle","BAL",37,160,147,38,25,7,0,6,19,21,10,0,37,1,1,0,,1,0,0.258662,0.0644938,0.234215,0.275362,0.30822,0.425892,0.318901,0.734113,0.167231,3.36107,0.308039,-0.294737,-0.187184,19.071,0.597633,106.965,-0.48192,0.166488,0.7876864969730377,-2.8927714228630066,0.335036,227.75,,,,,,,177.4,4.794594594,177.4,4.794594594,,,,,,,,,,,,,,,,,,,"Ryan Mountcastle","18373",663624
"Joc Pederson","TEX",29,126,108,25,14,4,1,6,16,16,14,1,29,3,1,0,,1,0,0.231973,0.108942,0.230305,0.473035,0.332102,0.440198,0.337075,0.7723,0.208225,4.06974,0.261581,-0.274588,-0.124251,16.815,2.29519,117.121,-0.398839,0,2.0542755126953125,-3.1381173133850098,0.322588,311.3399963378906,,,,,,,158.6,5.468965517,158.6,5.468965517,,,,,,,,,,,,,,,,,,,"Joc Pederson","11899",592626
"Christian Vázquez","MIN",39,156,144,33,24,6,0,3,15,15,9,0,31,1,1,1,,1,1,0.232283,0.0566371,0.201138,0.281584,0.277774,0.338415,0.272119,0.616189,0.106131,3.03957,0.27525,-0.728056,-0.257936,12.7865,-5.25501,72.2372,-0.985992,0.730005,-5.928559482097626,3.776301622390747,0.317197,639.0999755859375,,,,,,,115.5,2.961538461,115.5,2.961538461,,,,,,,,,,,,,,,,,,,"Christian Vazquez","9774",543877
"Jake McCarthy","ARI",28,120,108,28,20,5,1,2,15,12,8,0,20,2,1,1,,7,1,0.258614,0.0698727,0.170829,0.40902,0.323223,0.373921,0.309114,0.697143,0.115307,7.36225,0.303447,0.567182,0.60553,13.3651,-0.489875,94.1654,1.17271,-0.583682,0.3535480499267578,-1.2447930574417114,0.310753,220.74000549316406,,,,,,,128.3,4.582142857,128.3,4.582142857,,,,,,,,,,,,,,,,,,,"Jake McCarthy","21622",664983
"Tyler Heineman","TOR",22,87,77,17,12,3,0,1,9,8,7,0,20,2,1,1,,1,0,0.219583,0.084523,0.231203,0.365579,0.300182,0.316693,0.279421,0.616875,0.0971102,4.01816,0.277022,-0.127774,0.0264592,7.66771,-2.43152,78.0221,-0.101315,0.588675,-2.291551262140274,2.293922185897827,0.302892,747.0800170898438,,,,,,,65.2,2.963636363,65.2,2.963636363,,,,,,,,,,,,,,,,,,,"Tyler Heineman","13897",623168
"Jonatan Clase","TOR",30,129,117,27,18,6,0,3,16,12,10,0,37,1,0,0,,8,2,0.226952,0.0807992,0.285241,0.283267,0.292284,0.344661,0.284051,0.636944,0.117709,6.18203,0.307557,0.441036,0.68105,11.7659,-3.10378,81.2681,1.12209,1.06566,-1.6264349222183228,0.16056883335113525,0.293409,709.0700073242188,,,,,,,122.4,4.08,122.4,4.08,,,,,,,,,,,,,,,,,,,"Jonatan Clase","26599",682729
"Jared Triolo","PIT",34,149,133,32,22,6,1,3,16,14,14,0,37,1,1,0,,3,1,0.23912,0.0911589,0.246114,0.370394,0.313859,0.3523,0.297897,0.666159,0.11318,5.02892,0.309062,-0.0394173,0.12295,15.2695,-1.94428,85.5481,0.0835326,0.601308,-2.437383621931076,0.3988390266895294,0.289401,630.4500122070312,,,,,,,145.4,4.276470588,145.4,4.276470588,,,,,,,,,,,,,,,,,,,"Jared Triolo","25807",669707
"Austin Slater","CHW",32,140,122,29,21,5,0,3,17,14,14,0,38,2,1,0,,3,1,0.240098,0.103046,0.273809,0.376341,0.327554,0.367096,0.311225,0.69465,0.126998,4.17796,0.318506,0.0767757,-0.00589414,15.8434,-0.335801,98.4749,0.0708815,-0.217377,-0.17260611057281494,-1.7159876823425293,0.288763,747.72998046875,,,,,,,134,4.1875,134,4.1875,,,,,,,,,,,,,,,,,,,"Austin Slater","16153",596103
"Jordan Walker","STL",53,230,209,51,33,10,1,6,24,25,16,0,56,2,2,0,,3,1,0.244744,0.0706773,0.242721,0.291187,0.304794,0.396431,0.307862,0.701225,0.151687,4.25854,0.301235,-0.219579,-0.212966,25.3819,-1.16861,96.4409,-0.432546,-0.867998,-1.3900978863239288,-3.32725727558136,0.283041,295.69000244140625,,,,,,,224.6,4.237735849,224.6,4.237735849,,,,,,,,,,,,,,,,,,,"Jordan Walker","27475",691023
"Christian Encarnacion-Strand","CIN",52,226,208,53,32,10,1,10,26,33,13,0,59,3,2,0,,1,1,0.255022,0.055589,0.258997,0.214631,0.303943,0.450759,0.326097,0.754702,0.195737,3.41109,0.30591,-0.387301,-0.268802,28.2821,2.14647,100.877,-0.656103,-0.0388425,-0.42383846640586853,-4.201650872826576,0.280504,213.66000366210938,,,,,,,264.6,5.088461538,264.6,5.088461538,,,,,,,,,,,,,,,,,,,"Christian Encarnacion-Strand","30011",687952
"David Fry","CLE",32,137,121,30,19,7,0,4,16,17,13,1,32,3,1,0,,1,0,0.250116,0.0913226,0.232836,0.392219,0.331071,0.416232,0.326916,0.747304,0.166116,3.64437,0.302551,-0.166965,-0.0459893,17.3006,1.39627,111.214,-0.212955,0,1.5470101535320282,-3.4373457431793213,0.280344,512.1400146484375,,,,,,,154.8,4.8375,154.8,4.8375,,,,,,,,,,,,,,,,,,,"David Fry","24934",681807
"Randal Grichuk","ARI",33,142,130,33,20,7,1,5,17,19,9,0,28,1,1,0,,0,0,0.255477,0.0637376,0.199795,0.319015,0.309055,0.433785,0.322585,0.742841,0.178308,3.65467,0.290155,-0.279041,-0.143461,17.3211,0.947021,103.362,-0.422503,-0.127519,0.1353585124015808,-2.0590000450611115,0.276889,575.7000122070312,,,,,,,157.8,4.781818181,157.8,4.781818181,,,,,,,,,,,,,,,,,,,"Randal Grichuk","10243",545341
"Luke Keaschall","MIN",17,73,63,16,11,3,0,2,9,8,7,0,15,2,0,0,,2,1,0.251577,0.0973172,0.205686,0.473134,0.339321,0.384211,0.322225,0.723532,0.132634,4.94915,0.303425,0.0514156,0.139283,8.86168,0.464693,107.363,0.190699,-0.0451276,0.8008086234331131,-0.563646137714386,0.276258,999,,,,,,,82.1,4.829411764,82.1,4.829411764,,,,,,,,,,,,,,,,,,,"Luke Keaschall","33321",807712
"Chas McCormick","HOU",21,91,81,19,13,3,0,3,11,10,8,0,24,1,1,0,,3,1,0.237212,0.0844571,0.262444,0.321811,0.312205,0.381492,0.307653,0.693697,0.14428,5.50304,0.300177,-0.0433213,0.0792711,10.019,-0.477207,98.0092,0.0359498,0.240345,-0.1702430360019207,-0.21335886418819427,0.274716,433.80999755859375,,,,,,,92.2,4.39047619,92.2,4.39047619,,,,,,,,,,,,,,,,,,,"Chas McCormick","19599",676801
"Rob Refsnyder","BOS",22,96,84,22,15,4,0,3,12,12,9,0,23,2,1,0,,1,0,0.264036,0.0968579,0.24546,0.394597,0.34572,0.423255,0.338276,0.768975,0.159219,4.55758,0.332268,-0.148308,-0.0542465,12.9072,1.84118,112.201,-0.202554,-0.384224,1.129779428243637,-1.6876187026500702,0.273701,735.4199829101562,,,,,,,113.9,5.177272727,113.9,5.177272727,,,,,,,,,,,,,,,,,,,"Rob Refsnyder","13770",608701
"Willie MacIver","ATH",16,62,55,13,9,2,0,2,7,6,5,0,14,1,0,0,,1,0,0.235119,0.0820585,0.2294,0.357709,0.304612,0.373243,0.299742,0.677855,0.138124,4.48719,0.285351,0,-0.0134406,6.40641,-0.713314,91.1874,-0.0134406,0,-0.6325715612620115,1.2021604776382446,0.272496,999,,,,,,,62.3,3.89375,62.3,3.89375,,,,,,,,,,,,,,,,,,,"Willie MacIver","24641",680862
"Michael Massey","KCR",36,156,145,35,22,8,1,5,17,19,8,0,28,2,1,1,,1,0,0.244198,0.0487499,0.181643,0.268383,0.287869,0.40116,0.299541,0.689028,0.156961,4.08982,0.272324,-0.0773914,-0.10627,16.2197,-1.83383,86.3615,-0.183661,-0.00735903,-2.6133188009262085,-0.02032199688255787,0.267577,388.0299987792969,,,,,,,158.8,4.411111111,158.8,4.411111111,,,,,,,,,,,,,,,,,,,"Michael Massey","27684",686681
"David Hamilton","BOS",16,71,64,15,9,3,1,2,9,6,6,0,18,0,1,0,,6,1,0.227647,0.0820498,0.248758,0.329838,0.293529,0.366699,0.291554,0.660227,0.139052,8.09131,0.286885,0.517876,0.674437,6.91153,-1.28553,79.447,1.19231,0.369211,-0.4701380729675293,0.6729147732257843,0.266696,375.3900146484375,,,,,,,79.8,4.9875,79.8,4.9875,,,,,,,,,,,,,,,,,,,"David Hamilton","27531",666152
"Blake Perkins","MIL",21,90,79,18,12,3,0,2,10,9,9,0,23,1,1,0,,4,1,0.228956,0.102106,0.257061,0.397207,0.311124,0.347225,0.294661,0.658349,0.118269,6.14939,0.299253,0.205377,0.272619,8.96766,-1.40361,85.5729,0.477996,0.370939,-1.0382437705993652,0.6911547780036926,0.265846,653.9299926757812,,,,,,,84.1,4.004761904,84.1,4.004761904,,,,,,,,,,,,,,,,,,,"Blake Perkins","19921",663368
"Jacob Melton","HOU",20,87,81,18,11,3,0,3,10,9,6,0,23,0,0,0,,4,0,0.218645,0.0667821,0.266265,0.25081,0.272348,0.362578,0.279564,0.634925,0.143933,5.90152,0.272682,0.177538,0.470468,7.66034,-2.41604,78.318,0.648006,1.48984,-1.5078575015068054,1.12688148021698,0.262406,999,,,,,,,82.3,4.115,82.3,4.115,,,,,,,,,,,,,,,,,,,"Jacob Melton","31661",689200
"Andruw Monasterio","MIL",25,108,95,22,16,4,0,2,12,10,11,0,27,1,0,0,,3,1,0.229459,0.099127,0.252033,0.393309,0.313473,0.32915,0.291035,0.642623,0.099691,4.49973,0.30197,0.00830284,0.0351584,10.449,-1.99655,83.0972,0.0434613,0.475604,-2.0882447324693203,1.1160361766815186,0.26132,750.3099975585938,,,,,,,97.5,3.9,97.5,3.9,,,,,,,,,,,,,,,,,,,"Andruw Monasterio","19455",655316
"James McCann","ARI",19,76,70,17,11,3,0,2,8,9,4,0,19,1,1,0,,1,0,0.236827,0.0585494,0.248885,0.235247,0.292413,0.367398,0.291469,0.659812,0.130571,3.76903,0.294983,-0.186135,-0.0189963,7.43901,-1.38982,82.12,-0.205132,0.348792,-1.8047819584608078,1.8395326137542725,0.260594,744.8300170898438,,,,,,,69.6,3.663157894,69.6,3.663157894,,,,,,,,,,,,,,,,,,,"James McCann","12859",543510
"Oswald Peraza","NYY",32,138,125,28,19,5,0,4,16,14,10,0,34,2,1,0,,4,1,0.223356,0.0735309,0.243008,0.302587,0.290809,0.356672,0.287668,0.647481,0.133316,4.81922,0.272655,0.0861583,0.0647475,13.0232,-2.93103,82.461,0.150906,-0.070794,-2.610301375389099,0.4995763599872589,0.25896,733.0800170898438,,,,,,,124.7,3.896875,124.7,3.896875,,,,,,,,,,,,,,,,,,,"Oswald Peraza","22823",672724
"Richie Palacios","TBR",20,87,75,18,13,4,0,1,11,8,10,0,16,1,1,0,,4,1,0.242079,0.111915,0.184293,0.607269,0.335091,0.362295,0.312341,0.697386,0.120216,6.18811,0.287341,0.116817,0.307034,9.94504,-0.131344,103.779,0.423851,-0.258481,0.7995747923851013,-1.2436664998531342,0.255854,517.989990234375,,,,,,,84.6,4.23,84.6,4.23,,,,,,,,,,,,,,,,,,,"Richie Palacios","24589",680700
"Taylor Walls","TBR",22,94,82,17,11,4,1,2,11,8,11,0,23,0,1,0,,5,1,0.20474,0.113575,0.247844,0.458253,0.296197,0.315427,0.277148,0.611624,0.110686,6.45709,0.263674,0.308437,0.355139,8.11627,-2.7998,79.1074,0.663576,0.106123,-1.5869050025939941,0.8839009255170822,0.254135,699.02001953125,,,,,,,89,4.045454545,89,4.045454545,,,,,,,,,,,,,,,,,,,"Taylor Walls","22458",670764
"Masataka Yoshida","BOS",33,142,128,36,25,7,0,4,17,18,11,0,18,2,1,0,,1,0,0.279812,0.0754761,0.128331,0.588137,0.344702,0.422691,0.337169,0.767393,0.142878,3.18827,0.300574,-0.539965,-0.11744,18.9962,2.60213,111.425,-0.657405,-0.000921484,1.1908843517303467,-3.493514056841377,0.252216,487.239990234375,,,,,,,172.4,5.224242424,172.4,5.224242424,,,,,,,,,,,,,,,,,,,"Masataka Yoshida","31837",807799
"Braxton Fulford","COL",25,100,89,21,14,4,0,3,11,10,8,0,23,1,1,0,,2,1,0.235119,0.0820585,0.2294,0.357709,0.304612,0.373243,0.299742,0.677855,0.138124,4.48719,0.285351,0,-0.0217396,10.3621,-1.15376,76.1965,-0.0217396,0,-2.7994846049696207,1.9444444179534912,0.246425,999,,,,,,,96.4,3.856,96.4,3.856,,,,,,,,,,,,,,,,,,,"Braxton Fulford","29704",690924
"Ryan Noda","CHW",37,158,134,26,12,7,0,7,19,17,21,0,56,1,0,0,,1,0,0.195774,0.134333,0.353451,0.380062,0.310249,0.403054,0.315988,0.713303,0.20728,2.49804,0.269002,-0.219305,-0.234714,18.4761,0.222655,101.814,-0.454018,0.0604975,-0.12721428275108337,-2.80863831192255,0.242191,748.8599853515625,,,,,,,165.6,4.475675675,165.6,4.475675675,,,,,,,,,,,,,,,,,,,"Ryan Noda","23312",676116
"Chase DeLauter","CLE",15,63,58,15,9,4,0,2,8,8,5,0,12,0,0,0,,1,0,0.256951,0.0818808,0.183385,0.446496,0.318907,0.423709,0.325847,0.742616,0.166758,4.0448,0.291037,0,0.111631,7.89487,0.587498,110.465,0.111631,0,0.8662312254309654,-0.6768518686294556,0.238644,999,,,,,,,73.3,4.886666666,73.3,4.886666666,,,,,,,,,,,,,,,,,,,"Chase DeLauter","sa3021053",800050
"Starling Marte","NYM",36,154,140,36,26,6,1,3,19,16,10,0,32,3,1,1,,7,1,0.256568,0.0631169,0.207706,0.303876,0.316774,0.376727,0.306841,0.693501,0.120159,6.15091,0.309649,0.472387,0.526152,16.9274,-0.9112,97.8075,0.998539,-0.0248815,0.6022081673145294,-3.316702477633953,0.237407,457,,,,,,,162.4,4.511111111,162.4,4.511111111,,,,,,,,,,,,,,,,,,,"Starling Marte","9241",516782
"Tyler Freeman","COL",55,236,209,56,39,11,2,5,29,24,16,0,33,7,2,1,,8,2,0.266242,0.0692154,0.139444,0.496367,0.337527,0.399423,0.325995,0.73695,0.133181,5.88014,0.29372,0.239049,0.194978,29.5122,2.22205,94.1186,0.434027,-0.321854,-1.192441314458847,-4.171854168176651,0.237405,603,,,,,,,273.5,4.972727272,273.5,4.972727272,,,,,,,,,,,,,,,,,,,"Tyler Freeman","22532",671289
"Dairon Blanco","KCR",11,47,43,11,7,2,0,1,7,4,3,0,12,1,0,0,,7,1,0.251541,0.0624657,0.244325,0.255666,0.308058,0.38141,0.30399,0.689469,0.129869,8.63557,0.320061,0.4181,0.885964,5.07162,-0.386422,89.4806,1.30406,0.193174,0.7375084757804871,-0.053122296929359436,0.234619,659.2100219726562,,,,,,,56.3,5.118181818,56.3,5.118181818,,,,,,,,,,,,,,,,,,,"Dairon Blanco","19779",680118
"Henry Davis","PIT",38,150,132,29,19,6,0,4,16,15,13,1,40,3,1,0,,2,1,0.22004,0.087076,0.265707,0.327715,0.302652,0.354554,0.292711,0.657206,0.134514,3.75201,0.281343,-0.153358,-0.175065,14.7615,-2.58111,82.0071,-0.328424,-1.60348,-3.4904878735542297,0.851460337638855,0.230805,541.4000244140625,,,,,,,134.4,3.536842105,134.4,3.536842105,,,,,,,,,,,,,,,,,,,"Henry Davis","29617",680779
"Mauricio Dubón","HOU",32,138,129,33,24,6,0,2,15,14,6,0,18,1,1,1,,2,1,0.257688,0.0459839,0.131284,0.350263,0.294769,0.360452,0.288221,0.655221,0.102764,4.43617,0.284115,-0.132871,-0.0934293,13.0843,-2.86993,84.387,-0.2263,0.220549,-2.68428897857666,0.2983269616961479,0.230383,457.1700134277344,,,,,,,114,3.5625,114,3.5625,,,,,,,,,,,,,,,,,,,"Mauricio Dubon","16530",643289
"Jose Iglesias","SDP",33,142,133,35,27,7,0,1,15,14,6,0,22,2,1,0,,2,1,0.265309,0.0390708,0.15827,0.246861,0.304814,0.35304,0.291279,0.657854,0.0877315,4.04996,0.308494,-0.285609,-0.0961912,13.7751,-2.59906,87.3489,-0.3818,-0.123494,-2.48094379901886,0.09687648713588715,0.229086,643.3099975585938,,,,,,,117.7,3.566666666,117.7,3.566666666,,,,,,,,,,,,,,,,,,,"Jose Iglesias","10231",578428
"Jonah Bride","MIN",13,58,50,12,8,2,0,1,6,6,6,0,12,1,0,0,,0,0,0.233086,0.109781,0.205765,0.533527,0.331814,0.358544,0.310782,0.690357,0.125457,2.11933,0.279667,-0.17061,-0.106538,6.55758,-0.160005,99.3412,-0.277149,0.768711,-0.32082008570432663,0.5872296243906021,0.228967,460.9800109863281,,,,,,,53.4,4.107692307,53.4,4.107692307,,,,,,,,,,,,,,,,,,,"Jonah Bride","24703",681146
"Johnathan Rodríguez","CLE",10,45,41,9,6,2,0,1,5,5,4,0,14,0,0,0,,0,0,0.234,0.0883462,0.317673,0.278104,0.302479,0.385555,0.304138,0.688034,0.151555,1.7115,0.321189,-0.0481308,-0.0708376,4.79821,-0.359934,95.2459,-0.118968,1.58189,-0.36094793677330017,1.0510305762290955,0.226223,678.4199829101562,,,,,,,36.6,3.66,36.6,3.66,,,,,,,,,,,,,,,,,,,"Johnathan Rodriguez","22530",671286
"Sam Haggerty","TEX",36,154,138,32,22,6,1,4,17,16,13,0,35,2,1,1,,3,1,0.235119,0.0820585,0.2294,0.357709,0.304612,0.373243,0.299742,0.677855,0.138124,4.48719,0.285351,0,-0.0336756,16.0514,-1.78722,90.9491,-0.0336756,0,-1.626876201480627,-1.3449074029922485,0.226028,999,,,,,,,149.8,4.161111111,149.8,4.161111111,,,,,,,,,,,,,,,,,,,"Sam Haggerty","18054",664059
"Colson Montgomery","CHW",41,176,155,31,21,6,1,4,16,16,15,0,54,3,1,0,,2,0,0.202477,0.0867901,0.309345,0.280561,0.285994,0.328388,0.27574,0.614382,0.125911,4.09672,0.278446,-0.156168,-0.107185,14.9159,-5.4118,73.5985,-0.263353,-0.0165931,-5.559167832136154,1.8662772607058287,0.225751,576.3300170898438,,,,,,,137.1,3.343902439,137.1,3.343902439,,,,,,,,,,,,,,,,,,,"Colson Montgomery","sa3017170",695657
"Enrique Hernández","LAD",32,140,127,29,19,6,0,4,16,17,10,0,28,1,1,0,,0,0,0.23132,0.074069,0.200976,0.368547,0.290465,0.383465,0.296136,0.673931,0.152146,2.86078,0.262221,-0.141307,-0.142868,14.1546,-2.02458,88.6683,-0.284175,0.224097,-2.142010658979416,-0.22420519590377808,0.225265,556.4500122070312,,,,,,,123.4,3.85625,123.4,3.85625,,,,,,,,,,,,,,,,,,,"Enrique Hernandez","10472",571771
"Rafael Marchán","PHI",18,73,65,15,11,3,0,1,7,7,6,0,13,1,1,0,,0,0,0.229931,0.083601,0.17219,0.485515,0.304998,0.324765,0.283959,0.629763,0.0948333,2.54297,0.268257,-0.152182,-0.107344,6.67682,-1.76815,78.0474,-0.259527,0.488018,-2.1381506621837616,1.913944035768509,0.222534,707.3800048828125,,,,,,,58.1,3.227777777,58.1,3.227777777,,,,,,,,,,,,,,,,,,,"Rafael Marchan","21646",665561
"Andrew Knizner","SFG",13,50,45,10,7,2,0,1,5,5,4,0,11,1,0,0,,1,0,0.235119,0.0820585,0.2294,0.357709,0.304612,0.373243,0.299742,0.677855,0.138124,4.48719,0.285351,0,-0.0108698,5.18105,-0.576878,91.4011,-0.0108698,0,-0.512594279833138,0.9722222089767456,0.21532,999,,,,,,,43.1,3.315384615,43.1,3.315384615,,,,,,,,,,,,,,,,,,,"Andrew Knizner","19514",668800
"Luisangel Acuña","NYM",18,79,73,18,14,3,0,1,10,7,5,0,15,0,0,0,,4,1,0.251819,0.0612216,0.190154,0.321958,0.299492,0.353557,0.28909,0.65305,0.101739,6.46419,0.301295,0.224379,0.319812,7.53982,-1.58691,85.6897,0.544191,-0.0555916,-0.7792935371398926,0.2774330750107765,0.213551,417.0899963378906,,,,,,,65.7,3.65,65.7,3.65,,,,,,,,,,,,,,,,,,,"Luisangel Acuna","26548",682668
"Alan Roden","TOR",28,121,108,27,18,6,0,2,14,12,10,0,21,2,1,0,,2,0,0.247589,0.0848093,0.172594,0.49138,0.324921,0.369864,0.309077,0.694785,0.122275,4.64571,0.286145,-0.090477,0.0393163,13.5207,-0.499235,98.8126,-0.0511607,0.201929,-0.21543531492352486,-1.778781235218048,0.21309,999,,,,,,,119.2,4.257142857,119.2,4.257142857,,,,,,,,,,,,,,,,,,,"Alan Roden","31564",702176
"Brendan Rodgers","HOU",20,87,80,19,13,4,0,2,10,9,6,0,21,1,1,0,,0,0,0.243574,0.0664768,0.237324,0.28011,0.29939,0.370163,0.295635,0.669553,0.126589,2.70296,0.302056,-0.131178,-0.103951,8.78056,-1.29582,89.5842,-0.235129,0.0932186,-1.270780012011528,0.40432970970869064,0.212002,561.8900146484375,,,,,,,77.8,3.89,77.8,3.89,,,,,,,,,,,,,,,,,,,"Brendan Rodgers","17907",663898
"LaMonte Wade Jr.","LAA",28,120,101,23,15,4,0,3,14,12,16,1,25,1,1,1,,1,0,0.229767,0.135381,0.212096,0.638304,0.341425,0.370201,0.318019,0.711627,0.140434,3.22153,0.275389,-0.278498,-0.170792,14.2187,0.36369,101.989,-0.44929,0.0737404,-0.17740201950073242,-1.779963307082653,0.211974,433.6000061035156,,,,,,,120.5,4.303571428,120.5,4.303571428,,,,,,,,,,,,,,,,,,,"LaMonte Wade Jr.","18126",664774
"Mark Canha","KCR",25,109,94,23,17,5,0,2,12,11,11,0,21,3,1,0,,1,0,0.250265,0.100837,0.190892,0.52824,0.346475,0.367424,0.321091,0.713899,0.117159,3.79741,0.29972,-0.159691,-0.032436,13.1938,0.5983,101.469,-0.192127,-0.252014,-0.009521305561065674,-1.626088172197342,0.207635,613.0499877929688,,,,,,,112,4.48,112,4.48,,,,,,,,,,,,,,,,,,,"Mark Canha","11445",592192
"Gio Urshela","ATH",25,106,99,26,19,5,0,2,10,11,6,0,17,0,1,0,,0,0,0.262126,0.0554633,0.161808,0.342773,0.30398,0.37527,0.298127,0.67925,0.113144,2.87733,0.29846,-0.297918,-0.124731,10.9263,-1.36923,90.0553,-0.422649,-0.174511,-1.6292305290699005,0.0785752385854721,0.207468,522.22998046875,,,,,,,97.9,3.916,97.9,3.916,,,,,,,,,,,,,,,,,,,"Gio Urshela","10681",570482
"Thomas Saggese","STL",24,104,96,24,16,5,1,3,12,12,5,0,26,1,1,0,,1,0,0.246629,0.0509122,0.246202,0.20679,0.293756,0.392999,0.300124,0.686754,0.14637,4.57498,0.307139,-0.0996329,-0.0905611,10.8571,-1.17358,91.158,-0.190194,-0.0216621,-1.2681351900100708,-0.11132265068590641,0.206962,694.5,,,,,,,106.7,4.445833333,106.7,4.445833333,,,,,,,,,,,,,,,,,,,"Thomas Saggese","27883",695336
"Brady House","WSN",60,258,241,55,37,11,0,7,25,27,13,1,73,3,1,0,,1,0,0.229569,0.0500514,0.281503,0.177801,0.277301,0.366135,0.282521,0.643436,0.136566,2.71769,0.297602,-0.253249,-0.293302,23.3184,-6.55084,78.0277,-0.546551,0.0968007,-7.197063744068146,0.8140846937894821,0.206711,999,,,,,,,214.6,3.576666666,214.6,3.576666666,,,,,,,,,,,,,,,,,,,"Brady House","29993",691781
"Santiago Espinal","CIN",37,161,147,39,29,7,0,2,17,16,11,0,22,1,1,1,,3,1,0.262507,0.068509,0.13334,0.51379,0.316118,0.360951,0.300291,0.677069,0.0984448,3.64787,0.292299,-0.0987742,-0.0216393,16.8688,-1.79948,83.26,-0.120414,-0.0986619,-3.2871847227215767,-0.009001404047012329,0.201163,657.530029296875,,,,,,,149.4,4.037837837,149.4,4.037837837,,,,,,,,,,,,,,,,,,,"Santiago Espinal","19997",669289
"Jesse Winker","NYM",23,100,85,20,13,4,0,3,12,11,13,0,21,1,1,0,,2,0,0.235287,0.129658,0.212944,0.608882,0.344238,0.380397,0.32413,0.724635,0.14511,4.24402,0.282176,-0.343135,-0.04356,12.4118,0.795933,109.61,-0.386695,-0.202706,0.7445021569728851,-2.098384603857994,0.197542,400.7099914550781,,,,,,,112.6,4.895652173,112.6,4.895652173,,,,,,,,,,,,,,,,,,,"Jesse Winker","13590",608385
"Amed Rosario","WSN",21,90,85,22,16,4,1,1,10,9,4,0,16,1,1,0,,3,1,0.262765,0.0397517,0.183374,0.21678,0.295353,0.371286,0.29226,0.666639,0.108521,5.85563,0.310169,0.111799,0.127518,8.79537,-1.5759,84.6758,0.239318,0.0596663,-1.3711949586868286,0.32864782959222794,0.193641,571.9000244140625,,,,,,,82.8,3.942857142,82.8,3.942857142,,,,,,,,,,,,,,,,,,,"Amed Rosario","15518",642708
"Wilmer Flores","SFG",49,211,189,45,29,8,0,7,23,27,17,0,34,2,2,0,,1,0,0.237644,0.0806645,0.160251,0.503364,0.305781,0.398047,0.309084,0.703828,0.160403,2.44841,0.251504,-0.672787,-0.237707,23.4852,-0.866008,97.7785,-0.910495,0.210376,-1.4586646556854248,-3.522957369685173,0.19159,619.8200073242188,,,,,,,210.9,4.304081632,210.9,4.304081632,,,,,,,,,,,,,,,,,,,"Wilmer Flores","5827",527038
"Romy Gonzalez","BOS",32,138,128,32,21,7,1,4,17,16,8,0,38,1,1,0,,6,2,0.251049,0.0571522,0.277737,0.205778,0.297353,0.401521,0.304822,0.698874,0.150473,6.37953,0.327108,0.21208,0.373356,14.9445,-1.03976,88.748,0.585435,0.421801,-1.1893216967582703,-1.6408536732196808,0.185161,672.9099731445312,,,,,,,147.6,4.6125,147.6,4.6125,,,,,,,,,,,,,,,,,,,"Romy Gonzalez","21562",663853
"Justin Turner","CHC",43,185,163,41,29,8,0,4,21,21,18,0,34,3,2,0,,1,0,0.248975,0.0953112,0.183259,0.520089,0.330386,0.366621,0.311464,0.697007,0.117646,2.36102,0.289989,-0.833731,-0.323249,21.0033,-0.409012,99.9866,-1.15698,0.130297,-1.1598801610525697,-3.1493328511714935,0.175857,537.5399780273438,,,,,,,192.3,4.472093023,192.3,4.472093023,,,,,,,,,,,,,,,,,,,"Justin Turner","5235",457759
"Eli White","ATL",15,66,59,14,10,3,0,1,8,6,5,0,18,1,0,0,,3,1,0.239257,0.0782145,0.275906,0.283483,0.310178,0.370254,0.302329,0.680432,0.130996,6.73668,0.318592,0.0968778,0.221393,7.01794,-0.62931,89.9795,0.318271,0.137288,-0.458248496055603,0.006115436553955078,0.17565,750.8099975585938,,,,,,,58.4,3.893333333,58.4,3.893333333,,,,,,,,,,,,,,,,,,,"Eli White","19346",642201
"Edouard Julien","MIN",12,51,44,10,7,2,0,1,6,5,6,0,16,0,0,0,,1,0,0.229762,0.12452,0.314433,0.396013,0.3302,0.365793,0.312233,0.695994,0.136031,3.9819,0.327504,-0.0347073,-0.0227209,5.79689,-0.0810017,100.358,-0.0574283,-0.161277,-0.03663771599531174,0.020204678177833557,0.174438,567.760009765625,,,,,,,47.1,3.925,47.1,3.925,,,,,,,,,,,,,,,,,,,"Edouard Julien","27534",666397
"Juan Brito","CLE",16,71,62,14,10,3,0,1,8,6,7,0,13,1,0,0,,1,0,0.233014,0.104171,0.190411,0.547087,0.323129,0.355477,0.305202,0.678606,0.122462,3.28678,0.27591,-0.0529087,-0.0737835,7.65732,-0.509748,95.9922,-0.126692,-0.424736,-0.44967910647392273,-0.2787483036518097,0.169116,999,,,,,,,60.4,3.775,60.4,3.775,,,,,,,,,,,,,,,,,,,"Juan Brito","sa3009808",682877
"Tim Tawa","ARI",13,58,53,12,8,2,0,2,7,7,5,0,14,0,0,0,,1,0,0.235358,0.0809861,0.23646,0.342494,0.299366,0.377274,0.299191,0.67664,0.141915,4.6433,0.286856,-0.0404272,0.0602827,6.01895,-0.698642,87.3913,0.0198554,0.409881,-0.8384415525943041,0.5654361248016357,0.167188,999,,,,,,,55.7,4.284615384,55.7,4.284615384,,,,,,,,,,,,,,,,,,,"Tim Tawa","29571",694374
"Andrew McCutchen","PIT",58,252,218,52,34,10,0,8,29,27,30,0,58,3,2,0,,3,1,0.237518,0.117639,0.229818,0.511878,0.333692,0.389908,0.322285,0.7236,0.15239,3.36566,0.286878,-0.889995,-0.181428,30.7221,1.6226,102.197,-1.07142,0.00756828,-0.42361950874328613,-6.129777035210282,0.166612,589.6199951171875,,,,,,,279.3,4.815517241,279.3,4.815517241,,,,,,,,,,,,,,,,,,,"Andrew McCutchen","9847",457705
"Michael A. Taylor","CHW",32,140,127,27,18,5,1,4,15,14,10,0,45,1,1,1,,4,1,0.213634,0.0711399,0.318355,0.223461,0.272449,0.350288,0.275311,0.622737,0.136654,5.69845,0.292326,0.254513,0.319571,11.8238,-4.35537,73.2978,0.574084,1.39405,-3.6889718174934387,0.5614922046661377,0.160135,719.5700073242188,,,,,,,119.8,3.74375,119.8,3.74375,,,,,,,,,,,,,,,,,,,"Michael A. Taylor","11489",572191
"Max Schuemann","ATH",23,99,87,19,13,4,1,2,11,8,9,0,25,2,1,1,,3,1,0.221702,0.0926327,0.252528,0.366821,0.30706,0.332461,0.288464,0.639522,0.110759,5.88701,0.289622,0.0650327,0.139672,9.43077,-2.04511,83.2807,0.204704,-0.389214,-1.688599243760109,-0.08551031351089478,0.159704,624.4199829101562,,,,,,,91.4,3.973913043,91.4,3.973913043,,,,,,,,,,,,,,,,,,,"Max Schuemann","24488",680474
"Dominic Canzone","SEA",43,184,169,38,25,7,0,6,21,22,13,1,44,1,1,0,,1,0,0.226447,0.0713532,0.237962,0.299851,0.283433,0.37526,0.289006,0.658694,0.148813,3.04272,0.269085,-0.238553,-0.188058,17.5365,-3.70584,89.7292,-0.426611,-0.224122,-2.5795001685619354,-2.0343073457479477,0.157547,750.3300170898438,,,,,,,164.4,3.823255813,164.4,3.823255813,,,,,,,,,,,,,,,,,,,"Dominic Canzone","26438",686527
"Miguel Rojas","LAD",16,68,63,16,12,3,0,1,7,6,4,0,8,1,1,0,,1,0,0.254904,0.0595955,0.117825,0.505798,0.304186,0.347746,0.289453,0.651931,0.0928414,4.12791,0.278237,-0.0866088,-0.0351309,6.53144,-1.35073,84.1061,-0.12174,0.442046,-1.3912368044257164,0.685410663485527,0.156149,693.4299926757812,,,,,,,61.6,3.85,61.6,3.85,,,,,,,,,,,,,,,,,,,"Miguel Rojas","7802",500743
"Liam Hicks","MIA",45,184,161,38,28,8,0,2,18,17,18,0,29,3,1,0,,1,0,0.238243,0.0977622,0.155334,0.629367,0.325323,0.327666,0.296333,0.652989,0.0894233,2.88862,0.275119,-0.337598,-0.193864,18.6169,-2.62977,84.4443,-0.531462,-0.73403,-3.880620837211609,-0.5747712254524231,0.155858,746.1599731445312,,,,,,,158.7,3.526666666,158.7,3.526666666,,,,,,,,,,,,,,,,,,,"Liam Hicks","29844",689414
"Heston Kjerstad","BAL",13,58,52,13,8,2,0,2,7,7,4,0,15,1,0,0,,0,0,0.249419,0.069652,0.264494,0.26334,0.317299,0.422113,0.323,0.739412,0.172694,4.12612,0.31202,-0.0774253,-0.0452937,7.12536,0.40777,109.838,-0.122719,0.00379629,0.5294051468372345,-0.9813889162614942,0.15438,353.5799865722656,,,,,,,60.4,4.646153846,60.4,4.646153846,,,,,,,,,,,,,,,,,,,"Heston Kjerstad","31166",677008
"Eric Haase","MIL",18,72,66,14,10,2,0,2,8,9,5,0,25,0,0,0,,0,0,0.216886,0.0680908,0.343837,0.198032,0.272641,0.362152,0.279441,0.634793,0.145266,3.46157,0.302977,-0.154298,-0.042762,6.33658,-2.00786,75.1829,-0.19706,0.0290194,-2.295531779527664,1.4379699975252151,0.15385,706.9500122070312,,,,,,,52,2.888888888,52,2.888888888,,,,,,,,,,,,,,,,,,,"Eric Haase","14111",606992
"Ezequiel Duran","TEX",20,86,80,20,13,4,0,2,10,9,4,0,20,1,0,0,,1,1,0.244659,0.0512799,0.237719,0.215717,0.291418,0.378755,0.294622,0.670173,0.134096,4.11246,0.302376,-0.133677,-0.134696,8.60625,-1.35018,87.3596,-0.268373,0.235349,-1.510259747505188,0.10726277530193329,0.152701,722.4199829101562,,,,,,,76.5,3.825,76.5,3.825,,,,,,,,,,,,,,,,,,,"Ezequiel Duran","23733",677649
"Nick Fortes","MIA",28,112,102,23,16,4,0,2,11,11,6,0,18,2,1,1,,1,0,0.228036,0.0514147,0.156123,0.329321,0.279048,0.344675,0.27617,0.623723,0.116639,3.74325,0.252909,-0.105561,-0.139428,9.55493,-3.41413,70.6801,-0.244989,-0.260609,-4.098237156867981,1.9292059540748596,0.152299,583.8699951171875,,,,,,,83.1,2.967857142,83.1,2.967857142,,,,,,,,,,,,,,,,,,,"Nick Fortes","21538",663743
"Isaac Collins","MIL",20,86,76,17,11,4,1,2,10,8,9,0,23,1,1,0,,3,1,0.223707,0.102174,0.263699,0.387465,0.308864,0.352923,0.295313,0.661787,0.129216,6.00776,0.294302,0.0255164,0.236674,8.65386,-1.30257,86.0179,0.262191,0.581277,-1.1484976708889008,-0.18724185228347778,0.151125,999,,,,,,,88.2,4.41,88.2,4.41,,,,,,,,,,,,,,,,,,,"Isaac Collins","25477",686555
"J.D. Martinez",,29,123,110,27,16,6,0,5,14,17,11,0,34,1,1,0,,0,0,0.243829,0.0882408,0.279546,0.315658,0.314979,0.435265,0.326722,0.750243,0.191436,2.31495,0.306712,-0.589474,-0.184391,15.509,1.2341,108.594,-0.773865,0,0.4529271721839905,-3.0851852893829346,0.148349,696.6699829101562,,,,,,,141.6,4.88275862,141.6,4.88275862,,,,,,,,,,,,,,,,,,,"J.D. Martinez","6184",502110
"Coby Mayo","BAL",20,87,78,18,11,4,0,3,10,10,7,0,26,1,0,0,,0,0,0.23298,0.0848632,0.297527,0.285228,0.306238,0.411787,0.313887,0.718025,0.178807,3.70423,0.305001,-0.0881888,-0.109776,10.0528,-0.0235662,103.449,-0.197965,-0.125965,0.14499971270561218,-1.6296686828136444,0.147816,444.04998779296875,,,,,,,86.6,4.33,86.6,4.33,,,,,,,,,,,,,,,,,,,"Coby Mayo","28312",691723
"Sam Hilliard","COL",18,80,70,16,9,3,2,3,11,10,7,0,27,0,1,1,,3,0,0.234118,0.0933018,0.340212,0.274246,0.304969,0.449406,0.324779,0.754375,0.215288,7.86638,0.326917,0,0.361291,9.91109,0.674403,93.2887,0.361291,0,-0.26688024401664734,-0.9074074029922485,0.146937,697.47998046875,,,,,,,94.6,5.255555555,94.6,5.255555555,,,,,,,,,,,,,,,,,,,"Sam Hilliard","17954",656541
"Nick Loftin","KCR",30,131,118,29,24,4,0,1,17,15,11,0,21,1,1,0,,1,1,0.246625,0.0875013,0.157732,0.554745,0.315013,0.315995,0.285563,0.631008,0.0693702,3.77853,0.287777,-0.0683859,-0.189651,12.1177,-2.99685,76.5621,-0.258037,1.25361,-3.753718465566635,0.7869429588317871,0.144917,999,,,,,,,100.5,3.35,100.5,3.35,,,,,,,,,,,,,,,,,,,"Nick Loftin","27630",679845
"Tyler Black","MIL",11,47,40,10,6,2,0,1,5,5,5,0,11,1,0,0,,2,0,0.235249,0.108925,0.233437,0.466613,0.329329,0.388546,0.318399,0.717875,0.153297,6.62294,0.291421,0.0211177,0.103939,5.5488,0.155741,101.778,0.125056,-0.250835,0.22223157435655594,-0.366112545132637,0.142041,666.6199951171875,,,,,,,53,4.818181818,53,4.818181818,,,,,,,,,,,,,,,,,,,"Tyler Black","29949",672012
"Daniel Johnson","SFG",24,102,91,21,14,4,0,3,11,10,8,0,23,1,1,0,,2,1,0.235119,0.0820585,0.2294,0.357709,0.304612,0.373243,0.299742,0.677855,0.138124,4.48719,0.285351,0,-0.0221925,10.578,-1.17779,91.4011,-0.0221925,0,-1.046546496450901,-0.8814814686775208,0.142005,999,,,,,,,94.4,3.933333333,94.4,3.933333333,,,,,,,,,,,,,,,,,,,"Daniel Johnson","19643",669288
"J.C. Escarra","NYY",15,60,53,11,7,3,0,1,6,6,5,0,11,1,0,0,,0,0,0.214602,0.0823406,0.182824,0.450383,0.288638,0.337279,0.279533,0.625917,0.122678,3.41157,0.246092,-0.107403,-0.0465215,5.25134,-1.65818,76.7585,-0.153925,-0.0703901,-1.73855921626091,1.0962764769792557,0.140374,999,,,,,,,44.7,2.98,44.7,2.98,,,,,,,,,,,,,,,,,,,"J.C. Escarra","20084",641555
"Kameron Misner","TBR",11,47,42,9,6,2,0,1,5,5,5,0,16,0,0,0,,1,0,0.21618,0.0954543,0.344516,0.277068,0.295494,0.360571,0.291541,0.656064,0.14439,5.62771,0.317359,0.0201651,0.060415,4.60155,-0.856494,89.197,0.0805801,0.241042,-0.5012521967291832,0.25400473922491074,0.137892,999,,,,,,,40.5,3.681818181,40.5,3.681818181,,,,,,,,,,,,,,,,,,,"Kameron Misner","26374",670224
"Whit Merrifield",,13,54,49,12,9,2,0,1,6,5,4,0,9,0,0,0,,2,1,0.2527,0.0734689,0.165195,0.444739,0.311444,0.365595,0.299847,0.677039,0.112894,6.03145,0.290995,0.129595,0.165033,5.67137,-0.626365,90.0035,0.294628,-0.0981657,-0.3349588215351105,-0.16298049688339233,0.13432,731.9199829101562,,,,,,,46.4,3.569230769,46.4,3.569230769,,,,,,,,,,,,,,,,,,,"Whit Merrifield","11281",593160
"Jack Winkler","MIA",14,59,53,13,8,2,0,2,6,6,5,0,14,1,0,0,,1,0,0.235119,0.0820585,0.2294,0.357709,0.304612,0.373243,0.299742,0.677855,0.138124,4.48719,0.285351,0,-0.0129834,6.18848,-0.689049,86.7717,-0.0129834,0,-0.9348997948691249,0.29197531938552856,0.133437,999,,,,,,,64.3,4.592857142,64.3,4.592857142,,,,,,,,,,,,,,,,,,,"Jack Winkler","29830",676466
"Davis Schneider","TOR",14,59,51,11,6,2,0,2,7,7,7,0,18,1,0,0,,1,0,0.210348,0.116055,0.303282,0.382664,0.311981,0.384874,0.310651,0.696855,0.174526,3.79244,0.276069,-0.0781457,0.00761239,6.62952,-0.168043,99.9159,-0.0705333,0.28471,-0.0761711304076016,-0.6072647869586945,0.132746,656.4099731445312,,,,,,,61.1,4.364285714,61.1,4.364285714,,,,,,,,,,,,,,,,,,,"Davis Schneider","23565",676914
"Brandon Lockridge","SDP",17,73,65,15,11,3,0,1,8,5,6,0,20,0,0,0,,5,1,0.232529,0.0804478,0.274224,0.293365,0.298526,0.326697,0.280351,0.625223,0.0941678,7.23852,0.319843,0.226374,0.690941,6.42933,-1.96765,79.8885,0.917314,0.333029,-0.7939751744270325,-0.2891928255558014,0.131956,737.8499755859375,,,,,,,61.8,3.635294117,61.8,3.635294117,,,,,,,,,,,,,,,,,,,"Brandon Lockridge","21496",663604
"Dylan Carlson","BAL",16,69,61,14,9,3,0,1,7,7,7,0,17,1,1,0,,1,0,0.231385,0.0947962,0.240546,0.394088,0.314079,0.356681,0.29975,0.67076,0.125295,3.73394,0.290924,-0.0169476,-0.0385924,7.17834,-0.798792,93.5385,-0.05554,0.142507,-0.5641612894833088,-0.4926779717206955,0.129326,743.77001953125,,,,,,,61.4,3.8375,61.4,3.8375,,,,,,,,,,,,,,,,,,,"Dylan Carlson","20126",666185
"Riley Adams","WSN",16,62,56,12,8,3,0,2,6,7,5,0,19,1,1,0,,0,0,0.219611,0.0725352,0.301897,0.240264,0.290022,0.36997,0.291481,0.659993,0.150359,2.83711,0.290716,-0.109164,-0.0618899,6.07268,-1.13387,84.1439,-0.171054,-0.673469,-1.3289734423160553,0.5433524250984192,0.128198,748.2100219726562,,,,,,,56.7,3.54375,56.7,3.54375,,,,,,,,,,,,,,,,,,,"Riley Adams","19864",656180
"Samuel Basallo","BAL",4,17,16,4,2,1,0,1,3,2,1,0,4,0,0,0,,0,0,0.237598,0.0742516,0.233948,0.317385,0.294208,0.447803,0.322006,0.742011,0.210205,3.1619,0.27055,0,-0.00941708,2.09846,0.10718,109.141,-0.00941708,0.46754,0.17019657976925373,0.4805033802986145,0.127232,999,,,,,,,21.7,5.425,21.7,5.425,,,,,,,,,,,,,,,,,,,"Samuel Basallo","sa3015716",694212
"Mickey Moniak","COL",48,207,192,47,28,9,2,7,24,25,11,1,55,2,1,0,,4,1,0.246279,0.053816,0.263717,0.204067,0.29277,0.434972,0.314117,0.727742,0.188693,5.86195,0.303922,-0.214826,-0.126294,23.9136,-0.0178345,86.0099,-0.34112,0.359522,-3.7338052093982697,-1.7534410059452057,0.126873,590.25,,,,,,,218.3,4.547916666,218.3,4.547916666,,,,,,,,,,,,,,,,,,,"Mickey Moniak","19956",666160
"Derek Hill","MIA",25,108,99,23,16,4,1,3,12,10,6,0,31,1,1,1,,3,1,0.237041,0.0550727,0.287066,0.191847,0.286066,0.373919,0.289836,0.659985,0.136878,6.60509,0.316528,0.0836217,0.224044,10.3624,-2.10311,80.0093,0.307666,-0.18663,-2.217519074678421,-0.06718586385250092,0.125632,581.030029296875,,,,,,,99.2,3.968,99.2,3.968,,,,,,,,,,,,,,,,,,,"Derek Hill","16947",656537
"Alex Verdugo","ATL",15,66,60,16,11,3,0,1,8,7,5,0,10,0,0,0,,0,0,0.259784,0.078814,0.145564,0.541437,0.320243,0.391782,0.313366,0.712025,0.131998,3.59915,0.287261,-0.0993183,-0.0944913,7.60179,-0.0454617,97.5137,-0.19381,0.0201598,-0.38648104667663574,-0.5832352936267853,0.121912,575,,,,,,,62.7,4.18,62.7,4.18,,,,,,,,,,,,,,,,,,,"Alex Verdugo","17027",657077
"Jorge Mateo","BAL",8,33,30,7,4,1,0,1,4,3,2,0,8,0,0,0,,2,1,0.226746,0.05159,0.248739,0.207406,0.270057,0.361588,0.276288,0.631644,0.134842,8.10101,0.284005,0.249114,0.234613,2.787,-0.991645,77.0911,0.483727,0.355283,-0.3704685866832733,0.39417223632335663,0.115697,698.1599731445312,,,,,,,28.5,3.5625,28.5,3.5625,,,,,,,,,,,,,,,,,,,"Jorge Mateo","17273",622761
"Chris Taylor","LAA",11,47,42,9,6,2,0,1,6,5,5,0,15,0,0,0,,1,0,0.222575,0.0999551,0.311013,0.321386,0.306939,0.361137,0.297789,0.668076,0.138561,5.43752,0.311271,0.00708801,0.0495382,4.83747,-0.620573,87.8062,0.0566262,0.0217261,-0.6001118198037148,0.13839276507496834,0.115624,711.5499877929688,,,,,,,40.5,3.681818181,40.5,3.681818181,,,,,,,,,,,,,,,,,,,"Chris Taylor","13757",621035
"Curtis Mead","TBR",22,94,86,21,15,5,0,2,10,10,6,0,19,2,1,0,,1,0,0.249975,0.0655782,0.199184,0.329234,0.311023,0.375804,0.303487,0.686826,0.125829,4.51959,0.298381,-0.12977,-0.0602877,10.1052,-0.810882,97.5718,-0.190058,-0.0541041,-0.45161664485931396,-1.6096597127616405,0.113113,533.4400024414062,,,,,,,90.8,4.127272727,90.8,4.127272727,,,,,,,,,,,,,,,,,,,"Curtis Mead","23986",678554
"Josh Bell","WSN",62,269,239,57,38,10,1,9,29,32,26,1,54,2,2,0,,0,0,0.239342,0.0983036,0.201758,0.487236,0.318248,0.402195,0.317199,0.720443,0.162853,2.16512,0.270479,-1.09288,-0.455923,31.7539,0.640059,101.701,-1.5488,-0.03658,-1.012567937374115,-6.633030787110329,0.111845,334.1600036621094,,,,,,,283.5,4.572580645,283.5,4.572580645,,,,,,,,,,,,,,,,,,,"Josh Bell","13145",605137
"Endy Rodríguez","PIT",11,44,39,10,6,2,0,1,5,5,4,0,9,0,0,0,,0,0,0.24623,0.0824941,0.202448,0.407482,0.312804,0.382606,0.307187,0.69541,0.136376,3.73241,0.294539,-0.0620456,-0.0630233,4.80133,-0.245718,91.8898,-0.125069,0.0559633,-0.5398567020893097,0.1951608583331108,0.111119,419.0899963378906,,,,,,,44.2,4.018181818,44.2,4.018181818,,,,,,,,,,,,,,,,,,,"Endy Rodriguez","25332",682848
"Otto Kemp","PHI",29,123,111,26,17,5,0,3,13,13,10,0,28,1,1,0,,2,1,0.235119,0.0820585,0.2294,0.357709,0.304612,0.373243,0.299742,0.677855,0.138124,4.48719,0.285351,0,-0.026948,12.8447,-1.43018,88.8221,-0.026948,0,-1.6438719723373652,-1.3222222328186035,0.107553,999,,,,,,,111.3,3.837931034,111.3,3.837931034,,,,,,,,,,,,,,,,,,,"Otto Kemp","31792",805249
"Brooks Baldwin","CHW",23,100,92,22,15,4,0,2,10,10,6,0,23,0,1,1,,3,1,0.237036,0.0621847,0.232903,0.266999,0.287108,0.363338,0.286247,0.650446,0.126303,4.69191,0.2913,0.047842,0.140824,9.36764,-2.24819,80.9642,0.188666,-0.0000491555,-1.9932431727647781,-0.33307383614737773,0.106565,713.3300170898438,,,,,,,82.5,3.586956521,82.5,3.586956521,,,,,,,,,,,,,,,,,,,"Brooks Baldwin","31394",681460
"Jace Jung","DET",10,43,37,8,5,2,0,1,5,4,5,0,11,0,0,0,,0,0,0.214347,0.121047,0.262715,0.460753,0.313644,0.347589,0.297766,0.661233,0.133242,3.41883,0.278291,-0.0835172,-0.0660838,4.41139,-0.566822,90.7266,-0.149601,0.0316349,-0.6051426082849503,0.1853385977447033,0.105597,541.22998046875,,,,,,,38,3.8,38,3.8,,,,,,,,,,,,,,,,,,,"Jace Jung","31437",690291
"Luis Campusano","SDP",10,42,38,10,7,2,0,1,5,5,3,0,6,0,0,0,,0,0,0.251153,0.0714047,0.155147,0.460238,0.308646,0.395401,0.309608,0.704047,0.144248,1.84906,0.271459,-0.0945756,-0.0620452,4.66826,-0.154007,99.8613,-0.156621,-0.0318143,-0.16340072313323617,-0.18736979737877846,0.103946,431.79998779296875,,,,,,,42.2,4.22,42.2,4.22,,,,,,,,,,,,,,,,,,,"Luis Campusano","22217",669134
"Christian Koss","SFG",9,40,36,8,6,2,0,1,4,4,3,0,9,0,0,0,,1,0,0.235119,0.0820585,0.2294,0.357709,0.304612,0.373243,0.299742,0.677855,0.138124,4.48719,0.285351,0,-0.0087185,4.15564,-0.462704,91.4011,-0.0087185,0,-0.41114333737641573,0.11666665971279144,0.103855,999,,,,,,,34.9,3.877777777,34.9,3.877777777,,,,,,,,,,,,,,,,,,,"Christian Koss","27653",683766
"Zach Dezenzo","HOU",21,91,83,20,14,4,0,3,11,10,6,0,27,1,1,0,,1,0,0.245077,0.069829,0.292081,0.239074,0.301768,0.389826,0.304249,0.691594,0.144748,3.99039,0.326152,-0.0617788,-0.024812,9.77185,-0.724378,95.6228,-0.0865908,-0.431207,-0.5399543270468712,-1.5071325600147247,0.102004,527.6799926757812,,,,,,,91.7,4.366666666,91.7,4.366666666,,,,,,,,,,,,,,,,,,,"Zach Dezenzo","31562",701305
"Lenyn Sosa","CHW",46,197,186,46,32,9,0,5,19,21,8,0,42,1,1,1,,1,0,0.247222,0.0409818,0.211529,0.193741,0.281077,0.38093,0.288436,0.662006,0.133708,2.8,0.290294,-0.292711,-0.210678,18.7463,-4.07052,82.499,-0.503389,-0.125627,-4.443723797798157,-1.1631265580654144,0.101626,467.55999755859375,,,,,,,173.6,3.773913043,173.6,3.773913043,,,,,,,,,,,,,,,,,,,"Lenyn Sosa","22896",672820
"Dominic Smith","SFG",26,113,100,24,16,5,0,2,12,11,10,0,25,2,0,0,,0,0,0.239511,0.0857162,0.222184,0.385789,0.317787,0.368356,0.306444,0.686142,0.128845,2.74868,0.294784,0,-0.143215,12.3147,-0.700604,95.976,-0.143215,0,-0.6739395707845688,-2.0092592239379883,0.100262,729.5,,,,,,,103.7,3.988461538,103.7,3.988461538,,,,,,,,,,,,,,,,,,,"Dominic Smith","15653",642086
"Yohel Pozo","STL",6,23,21,5,3,1,0,1,2,2,2,0,5,0,0,0,,0,0,0.235119,0.0820585,0.2294,0.357709,0.304612,0.373243,0.299742,0.677855,0.138124,4.48719,0.285351,0,-0.00501219,2.38904,-0.266005,90.8975,-0.00501219,0,-0.24991169711574912,0.4483024775981903,0.0978799,999,,,,,,,25.3,4.216666666,25.3,4.216666666,,,,,,,,,,,,,,,,,,,"Yohel Pozo","18848",650968
"Bryce Johnson","SDP",13,54,49,11,8,2,0,1,6,6,4,0,12,1,0,0,,1,0,0.235119,0.0820585,0.2294,0.357709,0.304612,0.373243,0.299742,0.677855,0.138124,4.48719,0.285351,0,-0.0118889,5.66678,-0.630961,93.1259,-0.0118889,0,-0.45057555101811886,-0.3759259283542633,0.0975006,999,,,,,,,44.7,3.438461538,44.7,3.438461538,,,,,,,,,,,,,,,,,,,"Bryce Johnson","20002",669369
"Daylen Lile","WSN",22,97,87,20,14,4,0,2,11,10,8,0,22,1,1,0,,2,1,0.235119,0.0820585,0.2294,0.357709,0.304612,0.373243,0.299742,0.677855,0.138124,4.48719,0.285351,0,-0.0211452,10.0788,-1.12221,89.7838,-0.0211452,0,-1.1807301621884108,-1.037500023841858,0.095726,999,,,,,,,83.4,3.79090909,83.4,3.79090909,,,,,,,,,,,,,,,,,,,"Daylen Lile","29995",695734
"Taylor Trammell","HOU",9,40,35,7,4,2,0,2,5,4,4,0,13,0,0,0,,1,0,0.207328,0.105215,0.31832,0.330532,0.294776,0.396717,0.304851,0.691493,0.189389,4.27794,0.270151,-0.00178919,-0.0225234,4.31885,-0.299495,96.0448,-0.0243126,0.0587691,-0.20456137135624886,-0.21345307305455208,0.0949986,999,,,,,,,42.7,4.744444444,42.7,4.744444444,,,,,,,,,,,,,,,,,,,"Taylor Trammell","19960",666211
"Andrés Chaparro","WSN",14,61,56,13,9,3,0,2,7,8,5,0,13,0,0,0,,0,0,0.240905,0.0755298,0.217957,0.346535,0.301631,0.406464,0.309724,0.708095,0.165559,2.53281,0.278034,-0.13799,-0.0723518,6.83286,-0.219605,96.5978,-0.210342,0.656004,-0.45348045229911804,-0.6120514869689941,0.0946516,748.9099731445312,,,,,,,59.3,4.235714285,59.3,4.235714285,,,,,,,,,,,,,,,,,,,"Andres Chaparro","21797",665953
"Alejandro Osuna","TEX",18,79,71,17,11,3,0,2,9,8,6,0,18,1,1,0,,1,0,0.235119,0.0820585,0.2294,0.357709,0.304612,0.373243,0.299742,0.677855,0.138124,4.48719,0.285351,0,-0.0172294,8.21233,-0.914392,90.9491,-0.0172294,0,-0.8323551546782255,-0.8966049551963806,0.0939936,999,,,,,,,74.6,4.144444444,74.6,4.144444444,,,,,,,,,,,,,,,,,,,"Alejandro Osuna","27915",696030
"Ildemaro Vargas","ARI",16,69,63,16,11,5,0,0,5,7,4,0,6,0,1,1,,1,0,0.255762,0.0594357,0.094034,0.632066,0.300745,0.343956,0.285318,0.644701,0.0881938,4.04489,0.278691,0,0.0635162,6.38196,-1.59518,77.921,0.0635162,0,-1.7212514579296112,0.3759259283542633,0.092517,999,,,,,,,55,3.4375,55,3.4375,,,,,,,,,,,,,,,,,,,"Ildemaro Vargas","13324",545121
"Leo Rivas","SEA",5,22,19,4,3,1,0,0,2,2,3,0,5,0,0,0,,1,0,0.232662,0.124978,0.241137,0.518287,0.338189,0.308698,0.298296,0.646887,0.0760359,5.36699,0.314086,0.0276531,0.071851,2.26819,-0.28089,96.2417,0.0995041,-0.00513509,0.004968002438545227,0.1260377480648458,0.0899907,999,,,,,,,17.2,3.44,17.2,3.44,,,,,,,,,,,,,,,,,,,"Leo Rivas","21009",660844
"Seth Brown","ATH",10,43,39,9,5,2,0,2,5,5,3,0,11,0,0,0,,1,0,0.229961,0.0752631,0.267639,0.281211,0.291607,0.410863,0.30676,0.70247,0.180902,4.06256,0.278716,-0.0650495,0.0182087,4.66425,-0.253988,96.1071,-0.0468408,-0.080319,-0.2357678860425949,-0.33340541273355484,0.0882915,499.1300048828125,,,,,,,46.9,4.69,46.9,4.69,,,,,,,,,,,,,,,,,,,"Seth Brown","18171",664913
"Scott Kingery","LAA",3,15,13,3,1,1,0,1,1,1,1,0,4,0,0,0,,0,0,0.236063,0.089032,0.295466,0.301327,0.304077,0.476181,0.337044,0.780259,0.240119,3.82835,0.294712,0,0.0263029,1.9445,0.265104,115.326,0.0263029,0,0.2802792824804783,0.07777778059244156,0.0875021,738.1300048828125,,,,,,,19.1,6.366666666,19.1,6.366666666,,,,,,,,,,,,,,,,,,,"Scott Kingery","17975",664068
"Brice Matthews","HOU",7,29,26,6,4,1,0,1,3,3,2,0,7,0,0,0,,1,0,0.235119,0.0820585,0.2294,0.357709,0.304612,0.373243,0.299742,0.677855,0.138124,4.48719,0.285351,0,-0.00634072,3.02228,-0.336512,92.4635,-0.00634072,0,-0.25612835260108113,0.10370370000600815,0.0848283,999,,,,,,,27.8,3.971428571,27.8,3.971428571,,,,,,,,,,,,,,,,,,,"Brice Matthews","sa3022563",694728
"Jack Suwinski","PIT",12,53,46,10,6,2,0,2,6,6,6,0,16,0,0,0,,1,0,0.212302,0.108421,0.300779,0.360468,0.303438,0.393174,0.305765,0.696612,0.180872,5.00016,0.271526,0.039211,0.0851511,5.78799,-0.359798,90.9188,0.124362,0.0421244,-0.44137901067733765,-0.4767027646303177,0.0836277,606.4199829101562,,,,,,,54.5,4.541666666,54.5,4.541666666,,,,,,,,,,,,,,,,,,,"Jack Suwinski","22244",669261
"Jerar Encarnacion","SFG",13,58,53,13,8,2,0,2,7,7,5,0,19,0,0,0,,1,0,0.239225,0.0782434,0.321938,0.243038,0.301021,0.408277,0.310223,0.709298,0.169052,3.48532,0.322781,-0.085966,-0.0114995,6.53161,-0.185977,98.556,-0.0974655,-0.0060373,-0.1957629770040512,-0.9134447006508708,0.0803695,444,,,,,,,61.3,4.715384615,61.3,4.715384615,,,,,,,,,,,,,,,,,,,"Jerar Encarnacion","21871",666464
"Drew Romo","COL",10,40,37,9,6,2,0,1,4,4,2,0,9,0,0,0,,0,0,0.249621,0.048052,0.217239,0.221194,0.29069,0.388471,0.296046,0.679161,0.13885,5.02656,0.300747,-0.0234921,-0.0379685,4.02706,-0.579285,73.6732,-0.0614606,-0.0167843,-1.2903409227728844,0.7609934434294701,0.0791202,699.260009765625,,,,,,,34.6,3.46,34.6,3.46,,,,,,,,,,,,,,,,,,,"Drew Romo","27763",691011
"Ryan Ritter","COL",18,76,68,16,11,3,0,2,8,8,6,0,17,1,1,0,,1,0,0.235119,0.0820585,0.2294,0.357709,0.304612,0.373243,0.299742,0.677855,0.138124,4.48719,0.285351,0,-0.0166444,7.93349,-0.883345,76.1965,-0.0166444,0,-2.143355516716838,0.4277777671813965,0.0785172,999,,,,,,,72,4,72,4,,,,,,,,,,,,,,,,,,,"Ryan Ritter","31500",690022
"Daz Cameron","MIL",8,36,32,7,5,2,0,1,4,4,3,0,10,0,0,0,,1,0,0.226261,0.076976,0.272652,0.282323,0.295102,0.367568,0.293876,0.66267,0.141307,5.03028,0.292239,0.0363271,0.0620097,3.56454,-0.583969,85.0371,0.0983368,0.383653,-0.5306828618049622,0.1018633246421814,0.076231,999,,,,,,,33.3,4.1625,33.3,4.1625,,,,,,,,,,,,,,,,,,,"Daz Cameron","18353",663662
"Andy Ibáñez","DET",7,32,30,7,5,2,0,1,3,4,2,0,6,0,0,0,,0,0,0.241497,0.0654311,0.192393,0.34009,0.296954,0.367979,0.293681,0.664933,0.126483,3.72966,0.281456,-0.0320449,-0.0377988,3.20304,-0.530618,87.8631,-0.0698437,0.0649632,-0.5170011892914772,0.12900641560554504,0.0716039,744.9400024414062,,,,,,,30.4,4.342857142,30.4,4.342857142,,,,,,,,,,,,,,,,,,,"Andy Ibanez","18819",628451
"Max Muncy","ATH",23,99,91,20,14,5,0,2,10,9,6,0,28,1,0,1,,1,0,0.22264,0.0613001,0.285681,0.214575,0.280204,0.339741,0.275975,0.619945,0.117102,3.90427,0.299697,-0.0585549,-0.00785127,8.43932,-3.03656,74.5255,-0.0664062,-0.0545133,-2.9511551335453987,0.3251163437962532,0.0712522,999,,,,,,,77.2,3.356521739,77.2,3.356521739,,,,,,,,,,,,,,,,,,,"Max Muncy","29779",691777
"César Salazar","HOU",3,13,12,2,2,0,0,0,1,1,1,0,3,0,0,0,,0,0,0.20908,0.0722394,0.203234,0.355449,0.285086,0.29665,0.26358,0.581736,0.0875701,2.8325,0.252334,-0.0149314,-0.0217785,0.997504,-0.537944,67.112,-0.0367099,0.516784,-0.5350087694823742,0.7760430872440338,0.0710385,999,,,,,,,2.2,0.733333333,2.2,0.733333333,,,,,,,,,,,,,,,,,,,"Cesar Salazar","21587",663967
"Jeimer Candelario","CIN",29,127,115,26,15,6,0,4,14,16,10,0,31,2,1,0,,1,0,0.229368,0.0777553,0.243828,0.318895,0.297256,0.403921,0.306878,0.701177,0.174553,4.02027,0.273632,-0.239895,-0.128078,13.9479,-0.746839,94.8668,-0.367974,-0.216101,-1.1223326623439789,-2.406842201948166,0.067628,312.6600036621094,,,,,,,123.5,4.258620689,123.5,4.258620689,,,,,,,,,,,,,,,,,,,"Jeimer Candelario","13621",600869
"Paul DeJong","WSN",22,93,86,17,11,3,0,3,9,11,5,0,30,1,1,0,,1,0,0.203301,0.0586215,0.321912,0.182104,0.260286,0.360915,0.273529,0.6212,0.157613,3.09351,0.265122,-0.186289,-0.0875433,7.74959,-3.03654,71.8891,-0.273832,0.428762,-3.346360743045807,0.9667245149612427,0.0668928,426.1700134277344,,,,,,,66,3,66,3,,,,,,,,,,,,,,,,,,,"Paul DeJong","18015",657557
"Darell Hernaiz","ATH",6,25,23,6,4,1,0,0,3,2,2,0,4,0,0,0,,0,0,0.258588,0.0676601,0.164602,0.411051,0.311929,0.358448,0.297032,0.670377,0.0998598,3.92273,0.299441,-0.0157409,0.000226096,2.52774,-0.34123,89.2873,-0.0155149,0.00209661,-0.31879273150116205,0.1159854989964515,0.0649187,750.6199951171875,,,,,,,19.5,3.25,19.5,3.25,,,,,,,,,,,,,,,,,,,"Darell Hernaiz","26224",687231
"David Peralta",,20,87,79,20,14,4,0,2,9,9,6,0,18,1,1,0,,1,0,0.251714,0.0741518,0.204421,0.36274,0.310697,0.384019,0.305408,0.694716,0.132305,3.68486,0.300098,-0.268717,-0.0674702,9.46177,-0.61461,93.8497,-0.336187,-0.145142,-0.9559526741504669,-1.2858825623989105,0.064872,750.8699951171875,,,,,,,86.3,4.315,86.3,4.315,,,,,,,,,,,,,,,,,,,"David Peralta","2136",444482
"Tom Murphy","SFG",4,17,15,3,2,1,0,1,2,2,1,0,5,0,0,0,,0,0,0.231119,0.0833493,0.284906,0.292551,0.300637,0.392242,0.305027,0.692879,0.161123,2.71409,0.294691,-0.0376495,-0.0177044,1.79718,-0.122129,95.0087,-0.0553539,-0.0931567,-0.15243122726678848,0.2309173345565796,0.0640153,750.6300048828125,,,,,,,17.1,4.275,17.1,4.275,,,,,,,,,,,,,,,,,,,"Tom Murphy","13499",608596
"Jordan Beck","COL",68,294,266,63,40,13,2,9,35,32,24,0,89,1,2,0,,9,2,0.237451,0.0822254,0.30228,0.272017,0.302306,0.39982,0.307522,0.702126,0.162369,5.98331,0.319643,0.288209,0.480896,32.4308,-1.57699,81.5074,0.769105,0.0409729,-5.603723049163818,-3.3164344392716885,0.0637505,400.1400146484375,,,,,,,307,4.514705882,307,4.514705882,,,,,,,,,,,,,,,,,,,"Jordan Beck","31431",687597
"Maverick Handley","BAL",3,13,12,3,2,1,0,0,1,1,1,0,3,0,0,0,,0,0,0.235119,0.0820585,0.2294,0.357709,0.304612,0.373243,0.299742,0.677855,0.138124,4.48719,0.285351,0,-0.00289862,1.38161,-0.153834,93.5331,-0.00289862,0,-0.10088049271143973,0.25925925374031067,0.0624568,999,,,,,,,10.7,3.566666666,10.7,3.566666666,,,,,,,,,,,,,,,,,,,"Maverick Handley","26106",668974
"Luis Vázquez","BAL",4,18,16,4,3,1,0,0,2,2,1,0,4,0,0,0,,0,0,0.235119,0.0820585,0.2294,0.357709,0.304612,0.373243,0.299742,0.677855,0.138124,4.48719,0.285351,0,-0.00396295,1.88893,-0.21032,93.5331,-0.00396295,0,-0.1379225291311741,0.11666666716337204,0.0607017,999,,,,,,,12.3,3.075,12.3,3.075,,,,,,,,,,,,,,,,,,,"Luis Vazquez","23442",676679
"Trenton Brooks","SDP",26,113,101,24,16,4,0,3,12,11,9,0,26,1,1,0,,2,1,0.235119,0.0820585,0.2294,0.357709,0.304612,0.373243,0.299742,0.677855,0.138124,4.48719,0.285351,0,-0.0245703,11.7113,-1.30399,93.1259,-0.0245703,0,-0.9311901982873678,-2.1388888359069824,0.0600942,999,,,,,,,104.2,4.007692307,104.2,4.007692307,,,,,,,,,,,,,,,,,,,"Trenton Brooks","19384",670092
"Nick Yorke","PIT",7,32,29,7,5,1,0,1,3,3,2,0,8,0,0,0,,1,0,0.253226,0.0783828,0.238849,0.328168,0.316177,0.376366,0.305311,0.692543,0.12314,4.48259,0.317538,-0.000385995,0.0116604,3.46122,-0.227452,90.6092,0.0112744,-0.064518,-0.33974320348352194,-0.12778957188129425,0.0588269,563.4500122070312,,,,,,,30.4,4.342857142,30.4,4.342857142,,,,,,,,,,,,,,,,,,,"Nick Yorke","27504",694377
"Stuart Fairchild","ATL",8,33,30,7,4,1,0,1,4,3,2,0,9,1,0,0,,1,0,0.223285,0.0753292,0.275352,0.273574,0.297897,0.372486,0.297734,0.670383,0.149202,6.2872,0.288303,0.0459896,0.103597,3.38744,-0.436184,86.8429,0.149586,-0.000906378,-0.3602031320333481,-0.1451964972075075,0.0588235,748.1599731445312,,,,,,,32.4,4.05,32.4,4.05,,,,,,,,,,,,,,,,,,,"Stuart Fairchild","20321",656413
"Oliver Dunn","MIL",10,43,38,8,5,2,0,1,5,4,4,0,14,0,0,0,,1,0,0.20515,0.0978806,0.332234,0.294613,0.291841,0.331001,0.280414,0.622842,0.125851,5.69487,0.301655,0.0159254,0.0812929,3.81385,-1.16437,75.847,0.0972183,0.138066,-1.121207594871521,0.2917698472738266,0.0587875,638.4099731445312,,,,,,,35.9,3.59,35.9,3.59,,,,,,,,,,,,,,,,,,,"Oliver Dunn","26295",686554
"Jose Barrero","STL",5,22,19,5,3,1,0,1,2,2,2,0,5,0,0,0,,0,0,0.235119,0.0820585,0.2294,0.357709,0.304612,0.373243,0.299742,0.677855,0.138124,4.48719,0.285351,0,-0.00469892,2.23973,-0.24938,90.8975,-0.00469892,0,-0.23429218446835876,0.10246913880109787,0.0587654,750.5999755859375,,,,,,,27.3,5.46,27.3,5.46,,,,,,,,,,,,,,,,,,,"Jose Barrero","23378",676480
"Tyler Locklear","SEA",15,66,59,13,8,3,0,2,7,7,5,0,20,1,0,0,,1,0,0.220142,0.0803966,0.301904,0.266299,0.297172,0.357633,0.291181,0.654806,0.137491,4.23546,0.299492,-0.0451208,0.00305435,6.4282,-1.21906,91.2538,-0.0420664,0.237333,-0.7020610682666302,-0.9432225823402405,0.0583457,725.6099853515625,,,,,,,61.2,4.08,61.2,4.08,,,,,,,,,,,,,,,,,,,"Tyler Locklear","31396",682988
"Jose Miranda","MIN",12,51,47,12,8,3,0,1,5,6,3,0,9,1,0,0,,0,0,0.256269,0.052183,0.170457,0.306137,0.303232,0.400546,0.307699,0.703778,0.144277,3.61118,0.287779,-0.116321,-0.0512776,5.61254,-0.265347,97.1802,-0.167598,-0.0224953,-0.33115264773368835,-0.8261990062892437,0.0559822,365.8500061035156,,,,,,,50.3,4.191666666,50.3,4.191666666,,,,,,,,,,,,,,,,,,,"Jose Miranda","20538",669304
"John Rave","KCR",14,62,55,13,9,2,0,2,7,6,5,0,14,1,0,0,,1,0,0.235119,0.0820585,0.2294,0.357709,0.304612,0.373243,0.299742,0.677855,0.138124,4.48719,0.285351,0,-0.013474,6.42235,-0.715089,86.5022,-0.013474,0,-0.9641234613955021,-0.5574074387550354,0.0559165,999,,,,,,,62.3,4.45,62.3,4.45,,,,,,,,,,,,,,,,,,,"John Rave","26284",670231
"Jhonkensy Noel","CLE",9,41,37,8,5,2,0,2,5,5,3,0,11,1,0,0,,0,0,0.219354,0.0615501,0.279562,0.220166,0.27974,0.42152,0.304842,0.70126,0.202166,3.54795,0.259465,-0.0742586,-0.0317192,4.42139,-0.306907,95.7395,-0.105978,0.0531474,-0.3047599270939827,-0.544074784964323,0.053564,393.94000244140625,,,,,,,44.4,4.933333333,44.4,4.933333333,,,,,,,,,,,,,,,,,,,"Jhonkensy Noel","24257",678877
"Will Wagner","TOR",6,26,23,6,4,1,0,0,3,2,2,0,5,0,0,0,,0,0,0.256469,0.0920939,0.183197,0.502704,0.329524,0.370159,0.311959,0.699683,0.113691,3.54077,0.305148,-0.0449482,-0.0295913,2.92732,-0.0466121,100.833,-0.0745394,-0.00134657,-0.0500993225723505,-0.3030440959846601,0.0524554,526.3900146484375,,,,,,,19.5,3.25,19.5,3.25,,,,,,,,,,,,,,,,,,,"Will Wagner","29634",695238
"Gustavo Campero","LAA",7,29,26,6,4,1,0,1,3,3,2,0,6,1,0,0,,1,0,0.244473,0.0683498,0.193457,0.353307,0.316429,0.368582,0.305065,0.685011,0.124109,6.04329,0.289688,0.0314543,0.0679445,3.14597,-0.212825,92.9072,0.0993987,-0.0175041,-0.13568143546581268,-0.32861525006592274,0.0524482,750.3400268554688,,,,,,,30.8,4.4,30.8,4.4,,,,,,,,,,,,,,,,,,,"Gustavo Campero","22707",672569
"Emmanuel Rodriguez","MIN",3,15,12,3,2,1,0,0,2,1,2,0,5,0,0,0,,0,0,0.210614,0.139763,0.342287,0.408321,0.322797,0.367143,0.309904,0.689941,0.156529,5.23045,0.308905,-0.00207103,0.0352168,1.6292,-0.0502013,98.7257,0.0331458,0.0895468,0.012027991935610771,-0.014156937599182129,0.0501058,999,,,,,,,13.7,4.566666666,13.7,4.566666666,,,,,,,,,,,,,,,,,,,"Emmanuel Rodriguez","sa3014693",691181
"Myles Straw","TOR",20,84,77,18,14,3,0,0,9,6,7,0,15,0,0,1,,6,1,0.231411,0.0771155,0.183458,0.420344,0.291895,0.289173,0.262892,0.581068,0.057762,6.49639,0.285946,0.242405,0.679098,6.30157,-3.46992,66.4345,0.921502,0.199397,-2.3149641156196594,-0.02359667420387268,0.0500237,744.489990234375,,,,,,,62.1,3.105,62.1,3.105,,,,,,,,,,,,,,,,,,,"Myles Straw","17620",664702
"Tommy Pham","PIT",40,174,156,38,26,7,1,4,19,16,15,0,40,1,1,0,,4,1,0.241393,0.0854312,0.230169,0.371167,0.310043,0.365463,0.299887,0.675505,0.12407,4.91659,0.299909,0.0111013,0.0335541,18.0909,-1.99186,86.9065,0.0446554,-0.422415,-2.6199571043252945,-2.535686671733856,0.0492775,422.7699890136719,,,,,,,173.2,4.33,173.2,4.33,,,,,,,,,,,,,,,,,,,"Tommy Pham","2967",502054
"Vinny Capra","CHW",18,79,71,16,11,3,0,1,8,7,6,0,18,1,1,0,,1,0,0.222806,0.0777364,0.233225,0.333311,0.289055,0.318203,0.272512,0.607259,0.0953976,3.49416,0.282637,-0.0823535,-0.0400664,6.49315,-2.63357,71.3358,-0.12242,0.00443949,-2.7039134949445724,0.5424024588428438,0.049084,999,,,,,,,59.6,3.311111111,59.6,3.311111111,,,,,,,,,,,,,,,,,,,"Vinny Capra","25040",681962
"Kevin Newman","LAA",14,62,57,14,10,3,0,1,6,5,3,0,10,0,0,1,,1,0,0.245546,0.0531485,0.162924,0.326216,0.288845,0.333025,0.275311,0.62187,0.0874796,5.22768,0.286525,0.0923346,0.0449307,5.21607,-1.92137,72.048,0.137265,0.201413,-1.8313974440097809,0.240302212536335,0.048694,635.25,,,,,,,50.4,3.6,50.4,3.6,,,,,,,,,,,,,,,,,,,"Kevin Newman","17696",621028
"Bryan Ramos","CHW",9,39,36,8,6,2,0,1,4,4,3,0,9,1,0,0,,0,0,0.233644,0.0674642,0.229352,0.294151,0.29434,0.372041,0.294876,0.666381,0.138397,3.30138,0.280849,-0.0257772,-0.028377,3.95255,-0.610807,87.0138,-0.0541542,0.0519909,-0.6389239132404327,-0.21699054539203644,0.0478861,711.4000244140625,,,,,,,36,4,36,4,,,,,,,,,,,,,,,,,,,"Bryan Ramos","25621",682868
"Brett Wisely","SFG",8,33,30,7,5,1,0,1,4,3,2,0,8,0,0,0,,1,0,0.232693,0.0728692,0.238847,0.305087,0.29144,0.346965,0.283731,0.638405,0.114272,4.0821,0.293838,-0.0402533,-0.0532535,2.98154,-0.797107,80.4707,-0.0935068,0.119167,-0.8412938714027405,0.2358335182070732,0.0471254,749.219970703125,,,,,,,29.4,3.675,29.4,3.675,,,,,,,,,,,,,,,,,,,"Brett Wisely","27735",689172
"Austin Barnes",,13,50,44,10,7,2,0,1,5,4,4,0,11,0,0,0,,1,0,0.223041,0.0821273,0.222261,0.369509,0.292461,0.312156,0.272799,0.604618,0.0891154,3.41531,0.278171,-0.0756524,-0.0346525,4.10787,-1.65006,71.2933,-0.110305,-0.393942,-1.7633084952831268,0.5782797932624817,0.047039,743.3099975585938,,,,,,,41.1,3.161538461,41.1,3.161538461,,,,,,,,,,,,,,,,,,,"Austin Barnes","12158",605131
"Drew Millas","WSN",2,10,9,2,2,0,0,0,1,1,1,0,2,0,0,0,,0,0,0.242686,0.0764215,0.196831,0.388259,0.301858,0.342704,0.287115,0.644562,0.100018,4.57576,0.295392,0.00132556,0.00433891,0.924485,-0.213392,81.1641,0.00566447,0.131737,-0.2115246318280697,0.32386621832847595,0.0447847,999,,,,,,,5.2,2.6,5.2,2.6,,,,,,,,,,,,,,,,,,,"Drew Millas","25643",686452
"DaShawn Keirsey Jr.","MIN",8,33,30,7,5,1,0,1,4,3,2,0,8,0,0,0,,2,0,0.225334,0.0626701,0.250832,0.249849,0.28127,0.344928,0.276931,0.626199,0.119594,7.11873,0.288099,0.0609475,0.148679,2.8038,-0.974843,75.6104,0.209627,0.219647,-0.6997780352830887,0.02520214021205902,0.0431977,999,,,,,,,31.3,3.9125,31.3,3.9125,,,,,,,,,,,,,,,,,,,"DaShawn Keirsey Jr.","24496",680577
"Cam Devanney","KCR",4,18,16,4,3,1,0,0,2,2,1,0,4,0,0,0,,0,0,0.235119,0.0820585,0.2294,0.357709,0.304612,0.373243,0.299742,0.677855,0.138124,4.48719,0.285351,0,-0.00396295,1.88893,-0.21032,86.5023,-0.00396295,0,-0.28356556966900826,0.09074074029922485,0.0428886,999,,,,,,,12.3,3.075,12.3,3.075,,,,,,,,,,,,,,,,,,,"Cam Devanney","sa1170010",687478
"Curt Casali",,4,17,14,3,2,1,0,0,2,1,2,0,4,0,0,0,,0,0,0.214371,0.105722,0.232374,0.454966,0.308348,0.330464,0.289797,0.638812,0.116093,2.12348,0.267417,-0.0493694,-0.0296062,1.59498,-0.324329,83.0516,-0.0789756,-0.0530701,-0.4042864367365837,0.27100394666194916,0.0428534,999,,,,,,,11.7,2.925,11.7,2.925,,,,,,,,,,,,,,,,,,,"Curt Casali","12510",592200
"Oswaldo Cabrera","NYY",4,18,16,4,3,1,0,0,2,2,1,0,4,0,0,0,,0,0,0.235962,0.0727739,0.211894,0.343445,0.295391,0.365983,0.292148,0.661375,0.130021,4.46859,0.280357,-0.00270862,-0.00510221,1.77865,-0.320595,85.6021,-0.00781083,0.0469045,-0.30606025271117693,0.1117192767560482,0.0427312,531.260009765625,,,,,,,12.3,3.075,12.3,3.075,,,,,,,,,,,,,,,,,,,"Oswaldo Cabrera","21707",665828
"Brock Wilken","MIL",4,18,16,4,3,1,0,0,2,2,1,0,4,0,0,0,,0,0,0.235119,0.0820585,0.2294,0.357709,0.304612,0.373243,0.299742,0.677855,0.138124,4.48719,0.285351,0,-0.00391577,1.86644,-0.207816,89.0414,-0.00391577,0,-0.23425728036090732,0.06404320895671844,0.0427041,999,,,,,,,12.3,3.075,12.3,3.075,,,,,,,,,,,,,,,,,,,"Brock Wilken","sa3022499",694385
"Adrian Del Castillo","ARI",5,21,19,5,3,1,0,1,2,3,2,0,5,0,0,0,,0,0,0.239425,0.0853958,0.252047,0.338809,0.307673,0.405864,0.312878,0.713537,0.166439,2.93941,0.295987,-0.0406806,-0.0213077,2.38867,-0.0224614,96.7353,-0.0619883,-0.0611525,-0.14175456762313843,-0.13893023133277893,0.0410402,512.0800170898438,,,,,,,27.3,5.46,27.3,5.46,,,,,,,,,,,,,,,,,,,"Adrian Del Castillo","29554",680728
"Jorbit Vivas","NYY",5,22,19,4,3,1,0,0,2,2,2,0,4,0,0,0,,1,0,0.222028,0.0956782,0.165419,0.578399,0.310155,0.322218,0.286012,0.632373,0.10019,4.59386,0.255007,0.00973171,0.0107052,2.02744,-0.491654,81.3,0.0204369,0.0332559,-0.4444020166993141,0.11103370040655136,0.0408784,750.260009765625,,,,,,,14.2,2.84,14.2,2.84,,,,,,,,,,,,,,,,,,,"Jorbit Vivas","23917",678391
"Cooper Hummel","HOU",4,18,16,4,2,1,0,0,2,1,2,0,5,0,0,0,,1,0,0.226804,0.115044,0.265487,0.433333,0.327434,0.360825,0.309155,0.688258,0.134021,6.35773,0.30303,-0.0303907,0.0338634,2.02562,-0.0736231,99.0625,0.00347272,-0.00653544,-0.01594746927730739,-0.20097988285124302,0.0403861,999,,,,,,,17.2,4.3,17.2,4.3,,,,,,,,,,,,,,,,,,,"Cooper Hummel","19458",669450
"Nick Kurtz","ATH",65,280,252,57,36,11,1,9,33,31,23,1,81,2,2,1,,2,1,0.227278,0.0832718,0.289747,0.287395,0.296479,0.386847,0.299914,0.683325,0.159568,3.75186,0.293399,-0.434024,-0.300787,29.1729,-3.20544,91.3079,-0.734811,0.0245761,-3.511932075023651,-5.454744907096028,0.0393261,999,,,,,,,265.4,4.083076923,265.4,4.083076923,,,,,,,,,,,,,,,,,,,"Nick Kurtz","35110",701762
"Luis Matos","SFG",6,25,23,6,4,1,0,1,3,3,1,0,3,0,0,0,,0,0,0.247949,0.0587693,0.128271,0.458163,0.298202,0.382559,0.29891,0.68076,0.134609,3.7701,0.26301,-0.0175293,-0.0114826,2.62758,-0.311365,90.8331,-0.029012,0.00829215,-0.30201756581664085,-0.16022637765854597,0.0375532,570.9000244140625,,,,,,,25.9,4.316666666,25.9,4.316666666,,,,,,,,,,,,,,,,,,,"Luis Matos","26467",682641
"James Outman","LAD",2,11,10,2,1,0,0,0,1,1,1,0,4,0,0,0,,0,0,0.218669,0.100841,0.329814,0.305751,0.304496,0.395037,0.308902,0.699532,0.176368,5.10899,0.300135,0.00988323,0.00737445,1.19872,-0.045831,97.383,0.0172577,0.0116096,-0.01574668660759926,-0.001199008896946907,0.0344666,693.9000244140625,,,,,,,4.2,2.1,4.2,2.1,,,,,,,,,,,,,,,,,,,"James Outman","24770",681546
"Andrew Vaughn","MIL",10,43,39,10,6,2,0,2,4,6,3,0,9,1,0,0,,0,0,0.248915,0.0672245,0.203351,0.330584,0.30671,0.423266,0.318609,0.729976,0.174351,2.31469,0.28038,-0.141414,-0.0505053,5.1292,0.150985,101.921,-0.191919,-0.149238,-0.09499462693929672,-0.9689912497997284,0.0344356,269.1700134277344,,,,,,,53.6,5.36,53.6,5.36,,,,,,,,,,,,,,,,,,,"Andrew Vaughn","26197",683734
"Heriberto Hernandez","MIA",25,108,97,23,15,4,0,3,12,11,9,0,25,1,1,0,,2,1,0.235119,0.0820585,0.2294,0.357709,0.304612,0.373243,0.299742,0.677855,0.138124,4.48719,0.285351,0,-0.0235324,11.2166,-1.2489,86.7717,-0.0235324,0,-1.6945057790726423,-1.4731481075286865,0.0339601,999,,,,,,,102.6,4.104,102.6,4.104,,,,,,,,,,,,,,,,,,,"Heriberto Hernandez","24878",681715
"Kevin Alcántara","CHC",3,15,13,3,2,1,0,0,2,1,1,0,4,0,0,0,,0,0,0.238161,0.0689896,0.26781,0.257607,0.292017,0.357357,0.287486,0.649374,0.119195,4.38931,0.311083,-0.000043254,0.0163988,1.36876,-0.310636,83.6183,0.0163556,0.103832,-0.2624288219958544,0.10383165627717972,0.0324169,706.3300170898438,,,,,,,9.7,3.233333333,9.7,3.233333333,,,,,,,,,,,,,,,,,,,"Kevin Alcantara","25971",682634
"Tyler Tolbert","KCR",3,15,13,3,2,1,0,0,2,1,1,0,3,0,0,0,,0,0,0.235119,0.0820585,0.2294,0.357709,0.304612,0.373243,0.299742,0.677855,0.138124,4.48719,0.285351,0,-0.00317036,1.51114,-0.168256,86.5023,-0.00317036,0,-0.22685245261527598,0.051851850003004074,0.0321575,999,,,,,,,9.7,3.233333333,9.7,3.233333333,,,,,,,,,,,,,,,,,,,"Tyler Tolbert","25779",686475
"Austin Martin","MIN",3,11,10,3,2,1,0,0,1,1,1,0,2,0,0,0,,0,0,0.261375,0.0966255,0.175276,0.551276,0.344336,0.342796,0.310729,0.687132,0.0814203,5.22724,0.318848,0.0147716,0.0317829,1.22909,-0.0304568,99.3045,0.0465545,0.00216963,0.03791029937565327,-0.11449703713878989,0.0297936,747.510009765625,,,,,,,12.7,4.233333333,12.7,4.233333333,,,,,,,,,,,,,,,,,,,"Austin Martin","27462",668885
"Nasim Nuñez","WSN",3,14,13,3,2,0,0,0,2,1,1,0,3,0,0,0,,1,0,0.222614,0.104509,0.222807,0.469056,0.306266,0.26942,0.266176,0.575686,0.0468059,5.88112,0.294885,0.0492164,0.100475,1.10784,-0.551567,66.8694,0.149692,0.11904,-0.40741248428821564,0.2215086817741394,0.0289998,744.4199829101562,,,,,,,8.7,2.9,8.7,2.9,,,,,,,,,,,,,,,,,,,"Nasim Nunez","25979",683083
"Logan Porter","SFG",2,7,6,1,1,0,0,0,1,1,1,0,2,0,0,0,,0,0,0.235119,0.0820585,0.2294,0.357709,0.304612,0.373243,0.299742,0.677855,0.138124,4.48719,0.285351,0,-0.00144931,0.690807,-0.0769171,91.4011,-0.00144931,0,-0.06834591005463153,0.12962962687015533,0.0287094,999,,,,,,,2.6,1.3,2.6,1.3,,,,,,,,,,,,,,,,,,,"Logan Porter","20626",682515
"Gavin Sheets","SDP",63,272,246,58,38,12,0,8,28,32,22,1,60,2,2,0,,1,0,0.236317,0.0810976,0.219175,0.370014,0.302445,0.383403,0.301738,0.685848,0.147086,2.70193,0.278698,-0.790022,-0.310852,28.7686,-2.72011,94.4882,-1.10087,-0.0574249,-2.859612822532654,-5.696313716471195,0.028242,557.0700073242188,,,,,,,262.7,4.169841269,262.7,4.169841269,,,,,,,,,,,,,,,,,,,"Gavin Sheets","19901",657757
"José Tena","WSN",6,25,23,6,4,1,0,1,3,3,1,0,7,0,0,0,,1,0,0.2425,0.0565761,0.271062,0.20872,0.28809,0.367742,0.288405,0.655831,0.125242,4.99825,0.317913,-0.0291337,0.00135443,2.38527,-0.518685,82.0445,-0.0277793,-0.0787049,-0.5561544671654701,0.010955549776554108,0.027922,572.280029296875,,,,,,,27.8,4.633333333,27.8,4.633333333,,,,,,,,,,,,,,,,,,,"Jose Tena","23691",677588
"Tsung-Che Cheng","PIT",2,11,10,2,2,0,0,0,1,1,1,0,2,0,0,0,,0,0,0.235119,0.0820585,0.2294,0.357709,0.304612,0.373243,0.299742,0.677855,0.138124,4.48719,0.285351,0,-0.00232115,1.10637,-0.123188,86.8073,-0.00232115,0,-0.1666975161060691,0.08858024328947067,0.027679,999,,,,,,,4.2,2.1,4.2,2.1,,,,,,,,,,,,,,,,,,,"Tsung-Che Cheng","28344",691907
"Nacho Alvarez Jr.","ATL",3,11,10,2,2,0,0,0,1,1,1,0,2,0,0,0,,0,0,0.252399,0.0908365,0.210067,0.432417,0.328905,0.322027,0.29523,0.650932,0.0696283,3.8444,0.318047,-0.00171394,-0.00332899,1.10706,-0.167478,85.1331,-0.00504293,0.00950194,-0.19705601641908288,0.10132292937487364,0.0271594,742.6799926757812,,,,,,,4.2,1.4,4.2,1.4,,,,,,,,,,,,,,,,,,,"Nacho Alvarez Jr.","31765",805373
"Will Robertson","TOR",4,18,16,4,3,1,0,0,2,2,2,0,4,0,0,0,,0,0,0.235119,0.0820585,0.2294,0.357709,0.304612,0.373243,0.299742,0.677855,0.138124,4.48719,0.285351,0,-0.00401012,1.91141,-0.212824,92.268,-0.00401012,0,-0.16608270769938827,-0.19675925374031067,0.0259855,999,,,,,,,15.3,3.825,15.3,3.825,,,,,,,,,,,,,,,,,,,"Will Robertson","25467",683770
"Shay Whitcomb","HOU",4,18,17,4,2,1,0,1,2,2,1,0,5,0,0,0,,0,0,0.223066,0.0690057,0.27084,0.254784,0.278804,0.412445,0.300465,0.691249,0.189379,3.86377,0.267046,-0.00018198,-0.00139679,1.89942,-0.199822,92.9703,-0.00157877,-0.277044,-0.1471980595961213,-0.21222933381795883,0.0255911,722.9500122070312,,,,,,,20.7,5.175,20.7,5.175,,,,,,,,,,,,,,,,,,,"Shay Whitcomb","27789",694376
"Harry Ford","SEA",4,18,16,4,3,1,0,0,2,2,1,0,4,0,0,0,,0,0,0.235119,0.0820585,0.2294,0.357709,0.304612,0.373243,0.299742,0.677855,0.138124,4.48719,0.285351,0,-0.00394138,1.87865,-0.209176,97.2555,-0.00394138,0,-0.060484284069389105,-0.3016975224018097,0.0249628,999,,,,,,,12.3,3.075,12.3,3.075,,,,,,,,,,,,,,,,,,,"Harry Ford","sa3017627",695670
"José Fermín","STL",2,7,6,2,1,0,0,0,1,1,1,0,1,0,0,0,,0,0,0.24841,0.0957908,0.123729,0.774197,0.332478,0.367283,0.313064,0.699762,0.118874,4.90602,0.268637,0.00216649,0.0187121,0.823038,-0.00666383,99.9919,0.0208786,-0.0403179,0.020810217392863706,-0.0147006306797266,0.024785,750.719970703125,,,,,,,8.2,4.1,8.2,4.1,,,,,,,,,,,,,,,,,,,"Jose Fermin","21746",665877
"Leo Jiménez","TOR",2,7,7,2,1,0,0,0,1,1,1,0,2,0,0,0,,0,0,0.245819,0.0778205,0.223847,0.347651,0.326651,0.395147,0.320782,0.721798,0.149328,2.8658,0.296661,-0.0160401,-0.0102677,0.888239,0.0385444,107.018,-0.0263078,-0.065771,0.032537247985601425,-0.03953642398118973,0.0247363,750.8099975585938,,,,,,,7.2,3.6,7.2,3.6,,,,,,,,,,,,,,,,,,,"Leo Jimenez","23782",677870
"Anthony Rizzo",,17,73,64,15,10,3,0,2,8,8,6,0,14,2,0,0,,0,0,0.23205,0.0853248,0.195097,0.437345,0.314653,0.377257,0.306835,0.69191,0.145207,2.89202,0.263279,-0.255628,-0.0974735,7.96773,-0.429249,94.8372,-0.353101,-0.0680739,-0.7866473495960236,-1.3643701523542404,0.0246961,731.3099975585938,,,,,,,71.5,4.205882352,71.5,4.205882352,,,,,,,,,,,,,,,,,,,"Anthony Rizzo","3473",519203
"Coco Montes","TBR",3,11,10,2,2,0,0,0,1,1,1,0,3,0,0,0,,0,0,0.228374,0.0737462,0.277256,0.265986,0.289114,0.363209,0.289059,0.652323,0.134835,2.88911,0.296841,-0.0150051,-0.0160581,1.04027,-0.219274,87.4574,-0.0310632,-0.0110794,-0.18695344030857086,0.05373537074774504,0.0239138,999,,,,,,,4.2,1.4,4.2,1.4,,,,,,,,,,,,,,,,,,,"Coco Montes","21547",663796
"Vidal Bruján","CHC",9,40,36,8,6,2,0,0,5,3,3,0,8,1,0,0,,1,1,0.22578,0.0799196,0.204167,0.391443,0.297102,0.31677,0.276064,0.613872,0.0909899,5.46622,0.278287,0.0194582,-0.0408613,3.39917,-1.21917,75.8207,-0.0214031,0.0482956,-1.1529825758188963,0.08718453347682953,0.0237725,693.4500122070312,,,,,,,25.7,2.855555555,25.7,2.855555555,,,,,,,,,,,,,,,,,,,"Vidal Brujan","20536",660644
"Colby Thomas","ATH",2,11,10,2,1,1,0,0,1,1,1,0,3,0,0,0,,0,0,0.231654,0.0536917,0.282594,0.189996,0.279999,0.395384,0.295225,0.675382,0.16373,5.34492,0.297576,-0.00153019,0.0245164,1.06795,-0.161611,88.0205,0.0229862,0.0889187,-0.12235991284251213,-0.024970218539237976,0.0215499,999,,,,,,,7.1,3.55,7.1,3.55,,,,,,,,,,,,,,,,,,,"Colby Thomas","sa3020713",687515
"Ji Hwan Bae","PIT",2,11,10,2,2,1,0,0,1,1,1,0,3,0,0,0,,1,0,0.249109,0.0835439,0.243661,0.342869,0.313617,0.332949,0.289685,0.646566,0.0838401,6.23303,0.331547,0.021048,0.0589852,1.02083,-0.20873,79.9417,0.0800332,-0.0356907,-0.16988567262887955,0.027580905705690384,0.0210147,739.989990234375,,,,,,,9,4.5,9,4.5,,,,,,,,,,,,,,,,,,,"Ji Hwan Bae","23818",678225
"Jose Herrera","ARI",11,43,38,8,6,1,0,0,4,4,4,0,10,0,0,1,,0,0,0.217436,0.0861478,0.228024,0.377801,0.286901,0.292385,0.262371,0.579287,0.0749495,2.76087,0.279005,-0.0957434,-0.067361,3.20016,-1.79005,62.2556,-0.163104,0.0274615,-2.071756735444069,0.8700541071593761,0.0204863,750.510009765625,,,,,,,21.7,1.972727272,21.7,1.972727272,,,,,,,,,,,,,,,,,,,"Jose Herrera","17040",645444
"Ryan Bliss","SEA",2,7,7,1,1,0,0,0,1,1,1,0,2,0,0,0,,0,0,0.219328,0.0766622,0.266156,0.288035,0.288057,0.343524,0.282009,0.631581,0.124196,6.21675,0.285519,0.0135116,0.0212693,0.660332,-0.189363,84.8238,0.0347808,0.0108587,-0.09246433153748512,0.037093217484652996,0.0197141,491.4100036621094,,,,,,,1.6,0.8,1.6,0.8,,,,,,,,,,,,,,,,,,,"Ryan Bliss","29547",669208
"Moisés Ballesteros","CHC",8,32,30,8,5,1,0,1,3,4,2,0,6,0,0,0,,0,0,0.257456,0.0698081,0.194647,0.35864,0.310334,0.398263,0.310863,0.708596,0.140807,2.23161,0.297783,-0.0403439,-0.0495386,3.65562,-0.0870366,99.5767,-0.0898825,-0.0963448,-0.10593487322330475,-0.7574559599161148,0.0192983,999,,,,,,,33.1,4.1375,33.1,4.1375,,,,,,,,,,,,,,,,,,,"Moises Ballesteros","28820",694208
"Michael Siani","STL",10,43,38,8,6,1,0,0,5,3,3,0,11,0,0,1,,2,0,0.217771,0.0803187,0.257163,0.312326,0.287426,0.294026,0.263905,0.581453,0.0762558,6.0453,0.292735,0.0714476,0.160324,3.24531,-1.7329,66.433,0.231772,0.352135,-1.4615560919046402,0.2496659904718399,0.0190794,674.9600219726562,,,,,,,22.5,2.25,22.5,2.25,,,,,,,,,,,,,,,,,,,"Michael Siani","22557",672279
"Grant McCray","SFG",4,18,16,4,2,1,0,0,2,2,1,0,6,0,0,0,,1,0,0.220991,0.0726164,0.330971,0.219404,0.283795,0.353627,0.282256,0.637422,0.132636,6.03305,0.316625,0.0173138,0.0360035,1.63499,-0.464256,79.4638,0.0533173,0.0690529,-0.38353847712278366,-0.021687820553779602,0.0190314,731.6599731445312,,,,,,,14.2,3.55,14.2,3.55,,,,,,,,,,,,,,,,,,,"Grant McCray","25690",687529
"Alex Freeland","LAD",2,7,6,2,1,0,0,0,1,1,1,0,2,0,0,0,,0,0,0.235119,0.0820585,0.2294,0.357709,0.304612,0.373243,0.299742,0.677855,0.138124,4.48719,0.285351,0,-0.00156631,0.746575,-0.0831266,91.1301,-0.00156631,0,-0.07614173903129995,0.025617284700274467,0.0189049,999,,,,,,,8.2,4.1,8.2,4.1,,,,,,,,,,,,,,,,,,,"Alex Freeland","sa3020653",690976
"Maximo Acosta","MIA",4,19,17,4,3,1,0,0,2,2,1,0,4,0,0,0,,1,0,0.233121,0.0639075,0.215806,0.296134,0.287237,0.328554,0.274258,0.615791,0.0954326,5.02066,0.287659,0.0204625,0.0417121,1.55501,-0.594217,69.3747,0.0621746,0.00864532,-0.6048133969306946,0.181176183745265,0.0185748,999,,,,,,,13.2,3.3,13.2,3.3,,,,,,,,,,,,,,,,,,,"Maximo Acosta","sa3014711",691185
"Kyren Paris","LAA",4,18,16,3,2,1,0,0,2,2,2,0,6,0,0,0,,1,0,0.196474,0.0908456,0.332861,0.272923,0.277872,0.333303,0.273925,0.611175,0.13683,6.58764,0.278674,0.0438987,0.0668921,1.51402,-0.585227,71.0768,0.110791,-0.00425154,-0.4883457347750664,0.060563269071280956,0.0184941,740.1099853515625,,,,,,,11.6,2.9,11.6,2.9,,,,,,,,,,,,,,,,,,,"Kyren Paris","26420",677347
"Connor Joe","CIN",11,47,41,9,6,2,0,1,5,5,5,0,11,1,0,0,,0,0,0.226129,0.108609,0.232675,0.466783,0.321972,0.356283,0.305501,0.678256,0.130154,3.47265,0.282735,-0.0551616,-0.0549977,5.06761,-0.32545,86.8171,-0.110159,0.14211,-0.8306035697460175,-0.5111303627490997,0.0176737,650.75,,,,,,,42.6,3.872727272,42.6,3.872727272,,,,,,,,,,,,,,,,,,,"Connor Joe","16572",656582
"Jakob Marsee","MIA",4,19,16,3,2,1,0,0,2,1,2,0,4,0,0,0,,1,0,0.206081,0.113898,0.241131,0.472349,0.308387,0.316902,0.284953,0.625289,0.110821,6.88129,0.264125,0.0579133,0.106513,1.71403,-0.435201,76.6761,0.164426,-0.0498642,-0.34354574978351593,-0.08967897668480873,0.0175794,999,,,,,,,11.6,2.9,11.6,2.9,,,,,,,,,,,,,,,,,,,"Jakob Marsee","sa3019868",805300
"Aledmys Díaz",,7,29,27,6,4,1,0,1,3,3,2,0,6,0,0,0,,0,0,0.237295,0.0548318,0.198029,0.276887,0.285603,0.360298,0.284963,0.645902,0.123004,2.39788,0.278479,-0.0881278,-0.0435497,2.67888,-0.679915,79.7071,-0.131677,-0.128623,-0.8133106529712677,0.026932254433631897,0.0175644,999,,,,,,,24.9,3.557142857,24.9,3.557142857,,,,,,,,,,,,,,,,,,,"Aledmys Diaz","15937",649557
"Vaughn Grissom","BOS",1,4,3,1,1,0,0,0,0,0,0,0,1,0,0,0,,0,0,0.2624,0.0783894,0.193737,0.404618,0.329091,0.373771,0.312405,0.702863,0.111371,4.17319,0.313722,-0.000352566,0.00118684,0.404693,-0.00515992,94.0643,0.00083427,0.0598176,-0.023171718348748982,0.07247188873589039,0.0174007,640.8599853515625,,,,,,,2.6,2.6,2.6,2.6,,,,,,,,,,,,,,,,,,,"Vaughn Grissom","26031",687093
"Weston Wilson","PHI",4,18,16,4,2,1,0,1,2,2,2,0,5,0,0,0,,1,0,0.222009,0.0879192,0.290684,0.302457,0.29385,0.385158,0.298437,0.679008,0.163149,4.94987,0.283836,0.0040112,0.0232335,1.86997,-0.229274,87.9311,0.0272446,-0.0616504,-0.22949207946658134,-0.20424296706914902,0.0160715,750.510009765625,,,,,,,26.6,6.65,26.6,6.65,,,,,,,,,,,,,,,,,,,"Weston Wilson","19358",642215
"Robbie Grossman",,7,29,25,6,4,1,0,1,3,3,4,0,7,0,0,0,,0,0,0.226026,0.12512,0.243334,0.514191,0.324918,0.350808,0.304474,0.675726,0.124782,3.48834,0.286798,-0.0538972,-0.0214439,3.13223,-0.226563,93.2039,-0.0753411,-0.0310449,-0.3036223351955414,-0.4977115895599127,0.0160117,999,,,,,,,32.9,4.7,32.9,4.7,,,,,,,,,,,,,,,,,,,"Robbie Grossman","5254",543257
"Blake Dunn","CIN",3,14,13,3,2,1,0,0,2,1,1,0,4,0,0,0,,1,0,0.220919,0.082306,0.30989,0.265597,0.306155,0.339122,0.290933,0.645276,0.118202,6.25129,0.314427,0.013443,0.0465865,1.39203,-0.267376,76.8717,0.0600295,0.0671634,-0.32888318598270416,0.01592886447906494,0.0158088,743.5,,,,,,,11.6,3.866666666,11.6,3.866666666,,,,,,,,,,,,,,,,,,,"Blake Dunn","29487",694362
"Luke Maile","KCR",1,3,3,1,0,0,0,0,0,0,0,0,1,0,0,0,,0,0,0.223292,0.0865138,0.275511,0.314013,0.306686,0.343148,0.292815,0.649835,0.119857,2.69057,0.297444,-0.00589181,-0.00443167,0.327008,-0.0568537,81.6459,-0.0103235,0.0556774,-0.07984596863389015,0.12049216404557228,0.0157234,999,,,,,,,2.6,2.6,2.6,2.6,,,,,,,,,,,,,,,,,,,"Luke Maile","13355",571912
"Andrew Pintar","MIA",2,7,7,2,1,0,0,0,1,1,1,0,2,0,0,0,,0,0,0.235119,0.0820585,0.2294,0.357709,0.304612,0.373243,0.299742,0.677855,0.138124,4.48719,0.285351,0,-0.00162292,0.77356,-0.0861312,86.7717,-0.00162292,0,-0.11686249717604369,0.026543209329247475,0.0156462,999,,,,,,,7.2,3.6,7.2,3.6,,,,,,,,,,,,,,,,,,,"Andrew Pintar","sa3020715",801464
"Dom Nuñez","CLE",1,3,3,1,0,0,0,0,0,0,0,0,1,0,0,0,,0,0,0.235119,0.0820585,0.2294,0.357709,0.304612,0.373243,0.299742,0.677855,0.138124,4.48719,0.285351,0,-0.000741907,0.353627,-0.0393743,92.1643,-0.000741907,0,-0.031129170733038336,0.06635802239179611,0.0154348,999,,,,,,,2.6,2.6,2.6,2.6,,,,,,,,,,,,,,,,,,,"Dom Nunez","15055",624513
"Esteury Ruiz","LAD",1,4,3,1,1,0,0,0,1,0,0,0,1,0,0,0,,0,0,0.251935,0.0658781,0.23266,0.283152,0.310067,0.344294,0.29236,0.654362,0.0923593,7.69792,0.32194,0.0340179,0.0548506,0.352104,-0.0627475,86.0909,0.0888685,-0.011501,0.030396640300750732,0.0013076215982437134,0.015367,595.2899780273438,,,,,,,2.6,2.6,2.6,2.6,,,,,,,,,,,,,,,,,,,"Esteury Ruiz","21780",665923
"Korey Lee","CHW",3,13,12,3,2,1,0,0,1,1,1,0,4,0,0,0,,0,0,0.218176,0.0514635,0.289564,0.177728,0.261353,0.345373,0.266914,0.606726,0.127197,4.00348,0.285388,-0.000425401,-0.00846442,1.02063,-0.496539,67.4115,-0.00888982,-0.0504575,-0.4967722510918975,0.2057153731584549,0.0152464,520.260009765625,,,,,,,10.7,3.566666666,10.7,3.566666666,,,,,,,,,,,,,,,,,,,"Korey Lee","25543",686676
"Cavan Biggio","KCR",3,15,12,3,2,1,0,0,2,1,2,0,4,0,0,0,,0,0,0.215693,0.121592,0.271657,0.447595,0.324714,0.332304,0.299485,0.657018,0.116611,4.00609,0.289456,-0.0118296,-0.00717123,1.50815,-0.171247,86.3218,-0.0190008,-0.0682368,-0.2456737831234932,-0.09416268020868301,0.0150434,749.8599853515625,,,,,,,13.7,4.566666666,13.7,4.566666666,,,,,,,,,,,,,,,,,,,"Cavan Biggio","19252",624415
"Jacob Hurtubise","SEA",2,7,6,1,1,0,0,0,1,0,1,0,2,0,0,0,,0,0,0.236005,0.101612,0.228304,0.445074,0.336793,0.299497,0.293834,0.63629,0.0634919,5.89105,0.314952,0.0110187,0.0202513,0.729841,-0.119854,93.1141,0.03127,0.00235223,-0.026465557515621185,-0.0763514672871679,0.014788,749.75,,,,,,,2.6,1.3,2.6,1.3,,,,,,,,,,,,,,,,,,,"Jacob Hurtubise","27599",674441
"Rhylan Thomas","SEA",2,7,7,2,1,0,0,0,1,1,1,0,2,0,0,0,,0,0,0.235119,0.0820585,0.229401,0.357709,0.304612,0.373243,0.299742,0.677855,0.138124,4.48719,0.285351,0,-0.00160405,0.764565,-0.0851296,97.2555,-0.00160405,0,-0.024615697213448584,-0.07870370149612427,0.0147359,999,,,,,,,7.2,3.6,7.2,3.6,,,,,,,,,,,,,,,,,,,"Rhylan Thomas","31793",689041
"Blaze Alexander","ARI",9,40,36,8,6,2,0,1,4,4,3,0,12,1,0,0,,1,0,0.234759,0.0756126,0.301975,0.250393,0.304004,0.345851,0.291161,0.649855,0.111092,4.176,0.331681,-0.0302887,-0.00570925,3.88149,-0.736852,81.9098,-0.035998,-0.0300801,-0.8826130069792271,-0.27637640573084354,0.0140969,746.6199951171875,,,,,,,37.9,4.211111111,37.9,4.211111111,,,,,,,,,,,,,,,,,,,"Blaze Alexander","23789",677942
"Sebastián  Rivero","LAA",1,3,3,1,0,0,0,0,0,0,0,0,1,0,0,0,,0,0,0.235119,0.0820585,0.2294,0.357709,0.304612,0.373243,0.299742,0.677855,0.138124,4.48719,0.285351,0,-0.000724654,0.345404,-0.0384586,89.1754,-0.000724654,0,-0.04172665538499132,0.06481481343507767,0.0139004,999,,,,,,,2.6,2.6,2.6,2.6,,,,,,,,,,,,,,,,,,,"Sebastian  Rivero","21735",665861
"Garrett Stubbs","PHI",3,10,9,2,1,0,0,0,1,1,1,0,3,0,0,0,,0,0,0.216733,0.0941197,0.256367,0.367128,0.296911,0.300924,0.271403,0.597835,0.084191,4.22487,0.293007,-0.00260373,-0.00511703,0.810454,-0.341132,69.4762,-0.00772076,-0.0242555,-0.36391790863126516,0.17018897086381912,0.013406,999,,,,,,,5.2,1.733333333,5.2,1.733333333,,,,,,,,,,,,,,,,,,,"Garrett Stubbs","18067",596117
"Orelvis Martinez","TOR",4,18,17,4,2,1,0,1,2,2,1,0,5,0,0,0,,0,0,0.214835,0.0712867,0.28336,0.251577,0.278937,0.3902,0.291835,0.669138,0.175365,2.3577,0.26399,-0.0211054,-0.0202053,1.79522,-0.329019,86.7248,-0.0413107,-0.126991,-0.3195779621601105,-0.16634292900562286,0.0132068,632.260009765625,,,,,,,20.7,5.175,20.7,5.175,,,,,,,,,,,,,,,,,,,"Orelvis Martinez","25967",682619
"Sean Bouchard","COL",4,18,16,4,2,1,0,1,2,2,2,0,5,0,0,0,,0,0,0.234139,0.0995638,0.290681,0.342519,0.316834,0.40084,0.315972,0.717674,0.166701,5.82648,0.31253,-0.0179524,0.00905565,2.12462,0.0253735,87.2763,-0.00889673,0.0120181,-0.27956279646605253,-0.18242634274065495,0.013138,630.52001953125,,,,,,,24.7,6.175,24.7,6.175,,,,,,,,,,,,,,,,,,,"Sean Bouchard","21270",656248
"Mason McCoy","SDP",1,4,3,1,1,0,0,0,0,0,0,0,1,0,0,0,,0,0,0.202689,0.0731218,0.319659,0.228749,0.263682,0.269652,0.241969,0.533334,0.066963,4.2652,0.301655,0.00280851,-0.00275616,0.20999,-0.209859,53.6866,0.000052352,0.165117,-0.19698823569342494,0.20400621369481087,0.0129494,999,,,,,,,2.6,2.6,2.6,2.6,,,,,,,,,,,,,,,,,,,"Mason McCoy","22232",669200
"Jeferson Quero","MIL",2,7,6,1,1,0,0,0,1,1,0,0,1,0,0,0,,0,0,0.233599,0.0681515,0.2193,0.310769,0.287429,0.333788,0.276743,0.621216,0.100189,2.93467,0.284345,-0.00443601,-0.00940153,0.561891,-0.196694,73.3407,-0.0138375,0.00253501,-0.21876899898052216,0.1306214288342744,0.0129287,745.1900024414062,,,,,,,-0.4,-0.2,-0.4,-0.2,,,,,,,,,,,,,,,,,,,"Jeferson Quero","sa3015407",691620
"Ryan Fitzgerald","MIN",1,4,3,1,1,0,0,0,0,0,0,0,1,0,0,0,,0,0,0.235119,0.0820585,0.2294,0.357709,0.304612,0.373243,0.299742,0.677855,0.138124,4.48719,0.285351,0,-0.00079259,0.377785,-0.042064,91.6018,-0.00079259,0,-0.03558575507486239,0.03888889029622078,0.0129247,999,,,,,,,2.6,2.6,2.6,2.6,,,,,,,,,,,,,,,,,,,"Ryan Fitzgerald","24622",680837
"Chadwick Tromp","BAL",3,13,12,3,2,0,0,0,2,2,1,0,3,0,0,0,,0,0,0.219556,0.0677409,0.250661,0.270248,0.274118,0.296366,0.256963,0.570484,0.0768104,2.40089,0.283815,-0.0261903,-0.0200571,0.927223,-0.608226,63.543,-0.0462474,0.0206394,-0.5986206717789173,0.2798986490815878,0.0129219,740,,,,,,,7.8,2.6,7.8,2.6,,,,,,,,,,,,,,,,,,,"Chadwick Tromp","16953",644433
"C.J. Kayfus","CLE",3,15,13,3,2,1,0,0,2,2,1,0,3,0,0,0,,0,0,0.235119,0.0820585,0.2294,0.357709,0.304612,0.373243,0.299742,0.677855,0.138124,4.48719,0.285351,0,-0.00324584,1.54712,-0.172262,92.1643,-0.00324584,0,-0.13619009940885007,-0.23888888955116272,0.0125826,999,,,,,,,9.7,3.233333333,9.7,3.233333333,,,,,,,,,,,,,,,,,,,"C.J. Kayfus","sa3023068",692216
"Jorge Barrosa","ARI",5,22,20,5,3,1,0,0,2,2,2,0,4,0,0,0,,1,0,0.233168,0.0762695,0.197443,0.386287,0.295713,0.323154,0.277664,0.618866,0.089986,5.36447,0.286607,-0.0101135,0.0615899,1.88197,-0.637124,72.6958,0.0514764,0.138117,-0.6455187238752842,0.060339249670505524,0.0125686,999,,,,,,,18.8,3.76,18.8,3.76,,,,,,,,,,,,,,,,,,,"Jorge Barrosa","23968",678489
"Joey Loperfido","TOR",1,4,3,1,0,0,0,0,0,0,0,0,1,0,0,0,,0,0,0.221912,0.0720186,0.326758,0.220403,0.28191,0.364036,0.284178,0.645946,0.142123,4.49425,0.310805,-0.00376883,-0.00038988,0.33654,-0.088307,81.357,-0.00415871,0.116384,-0.08231543283909559,0.07703185081481934,0.0121829,597.6300048828125,,,,,,,2.6,2.6,2.6,2.6,,,,,,,,,,,,,,,,,,,"Joey Loperfido","29630",694388
"Logan Driscoll","TBR",1,3,3,1,0,0,0,0,0,0,0,0,1,0,0,0,,0,0,0.22704,0.0639457,0.238677,0.267918,0.280953,0.328581,0.270968,0.609534,0.101541,2.34244,0.289045,-0.00442351,-0.00501599,0.268997,-0.114865,74.775,-0.0094395,0.0447555,-0.10498791188001633,0.10957028716802597,0.0119791,999,,,,,,,2.6,2.6,2.6,2.6,,,,,,,,,,,,,,,,,,,"Logan Driscoll","25475",686482
"Darren Baker","WSN",2,7,7,2,1,0,0,0,1,0,0,0,2,0,0,0,,0,0,0.237516,0.0616315,0.215154,0.286453,0.285139,0.294533,0.260321,0.579671,0.0570161,5.3902,0.306248,0.00667588,0.0375431,0.520316,-0.309386,62.8728,0.0442189,0.124782,-0.2679360918700695,0.15039915405213833,0.0119474,999,,,,,,,4.2,2.1,4.2,2.1,,,,,,,,,,,,,,,,,,,"Darren Baker","29912",671117
"Alexander Canario","PIT",40,174,158,34,20,7,0,7,20,21,13,0,56,1,1,0,,3,1,0.215848,0.0774141,0.32096,0.241195,0.281269,0.387589,0.293753,0.668858,0.171741,4.29671,0.285602,-0.223247,0.0380587,17.2387,-2.84404,82.7191,-0.185189,-0.0620972,-3.7019791305065155,-1.8210478089749813,0.011134,747.030029296875,,,,,,,163.4,4.085,163.4,4.085,,,,,,,,,,,,,,,,,,,"Alexander Canario","22842",672744
"Seby Zavala","BOS",1,3,3,1,0,0,0,0,0,0,0,0,1,0,0,0,,0,0,0.202903,0.0827536,0.358262,0.230986,0.271417,0.411959,0.297342,0.683375,0.209056,1.01764,0.281883,0,-0.00332973,0.330958,-0.0437641,83.5045,-0.00332973,0,-0.06432455033063889,0.06327160447835922,0.0111201,999,,,,,,,2.6,2.6,2.6,2.6,,,,,,,,,,,,,,,,,,,"Seby Zavala","18887",664874
"Mickey Gasper","MIN",2,7,6,2,1,0,0,0,1,1,1,0,1,0,0,0,,0,0,0.242985,0.106285,0.202265,0.525472,0.338555,0.366866,0.317656,0.705421,0.123881,2.60437,0.294509,-0.0124687,-0.0122523,0.859631,0.0199327,104.161,-0.024721,0.00909764,0.009753413498401642,-0.14645790681242943,0.0109701,999,,,,,,,8.2,4.1,8.2,4.1,,,,,,,,,,,,,,,,,,,"Mickey Gasper","24759",681508
"Jarred Kelenic","ATL",3,11,10,2,1,1,0,0,1,1,1,0,3,0,0,0,,0,0,0.228449,0.0853379,0.289807,0.294464,0.295469,0.387438,0.298936,0.682906,0.158989,4.77724,0.298167,-0.000649034,0.000186488,1.13974,-0.134804,87.6629,-0.000462547,0.0261374,-0.15980169156682678,-0.0919181127101183,0.0109641,502.82000732421875,,,,,,,7.1,2.366666666,7.1,2.366666666,,,,,,,,,,,,,,,,,,,"Jarred Kelenic","22558",672284
"Adam Duvall",,9,40,36,8,4,2,0,2,4,5,3,0,12,1,0,0,,0,0,0.212244,0.0650599,0.299639,0.217128,0.271536,0.40682,0.295075,0.678355,0.194575,2.61273,0.256804,-0.0850247,-0.0502197,4.00653,-0.611816,86.702,-0.135244,-0.0318706,-0.7494237720966339,-0.45964837819337845,0.0108821,999,,,,,,,45.4,5.044444444,45.4,5.044444444,,,,,,,,,,,,,,,,,,,"Adam Duvall","10950",594807
"Will Banfield","CIN",1,3,3,1,0,0,0,0,0,0,0,0,1,0,0,0,,0,0,0.235119,0.0820585,0.2294,0.357709,0.304612,0.373243,0.299742,0.677855,0.138124,4.48719,0.285351,0,-0.000716026,0.341292,-0.0380007,82.8854,-0.000716026,0,-0.06649656913941726,0.06404320895671844,0.0107856,999,,,,,,,2.6,2.6,2.6,2.6,,,,,,,,,,,,,,,,,,,"Will Banfield","sa3007973",677943
"CJ Alexander","NYY",1,4,3,1,1,0,0,0,0,0,0,0,1,0,0,0,,0,0,0.235119,0.0820585,0.2294,0.357709,0.304612,0.373243,0.299742,0.677855,0.138124,4.48719,0.285351,0,-0.00079259,0.377785,-0.042064,90.9256,-0.00079259,0,-0.038387527281884104,0.012962962500751019,0.00994202,999,,,,,,,2.6,2.6,2.6,2.6,,,,,,,,,,,,,,,,,,,"CJ Alexander","20557",680769
"Jair Camargo","MIN",1,3,3,1,0,0,0,0,0,0,0,0,1,0,0,0,,0,0,0.197925,0.0560957,0.364093,0.15407,0.245774,0.298003,0.241774,0.543776,0.100077,1.79033,0.295305,-0.00277766,-0.00469733,0.191472,-0.19239,50.9635,-0.00747499,0.112877,-0.19321737857535481,0.17769192159175873,0.00989136,999,,,,,,,2.6,2.6,2.6,2.6,,,,,,,,,,,,,,,,,,,"Jair Camargo","21730",665856
"Ronny Simon","PIT",2,7,6,1,1,0,0,0,1,1,1,0,2,0,0,0,,0,0,0.235119,0.0820585,0.2294,0.357709,0.304612,0.373243,0.299742,0.677855,0.138124,4.48719,0.285351,0,-0.00154744,0.73758,-0.0821251,86.8073,-0.00154744,0,-0.11113167752046138,-0.0253086406737566,0.00969376,999,,,,,,,2.6,1.3,2.6,1.3,,,,,,,,,,,,,,,,,,,"Ronny Simon","25346",682927
"Justyn-Henry Malloy","DET",2,11,9,2,1,0,0,0,1,1,1,0,3,0,0,0,,0,0,0.226713,0.122092,0.296032,0.412427,0.330345,0.382466,0.318626,0.712811,0.155753,2.78148,0.306447,-0.0213872,-0.0163007,1.28245,0.0378927,105.351,-0.0376879,-0.130496,0.028024990111589432,-0.29700785875320435,0.0093687,681.280029296875,,,,,,,5.2,2.6,5.2,2.6,,,,,,,,,,,,,,,,,,,"Justyn-Henry Malloy","29606",669234
"Nate Eaton","BOS",2,7,6,1,1,0,0,0,1,1,1,0,2,0,0,0,,0,0,0.235119,0.0820585,0.2294,0.357709,0.304612,0.373243,0.299742,0.677855,0.138124,4.48719,0.285351,0,-0.00154744,0.73758,-0.0821251,85.1869,-0.00154744,0,-0.1213647072436288,-0.0253086406737566,0.00933597,999,,,,,,,2.6,1.3,2.6,1.3,,,,,,,,,,,,,,,,,,,"Nate Eaton","25055",681987
"Cal Stevenson","PHI",3,15,13,3,2,1,0,0,2,1,2,0,3,0,0,0,,1,0,0.223002,0.120019,0.224077,0.535613,0.317718,0.307961,0.285861,0.625679,0.084959,5.24385,0.286824,0.014636,0.0316119,1.34987,-0.329523,79.3458,0.0462478,0.0218633,-0.30524538457393646,-0.08184044621884823,0.00869406,999,,,,,,,14.6,4.866666666,14.6,4.866666666,,,,,,,,,,,,,,,,,,,"Cal Stevenson","22411",670276
"Carson McCusker","MIN",3,15,13,3,2,1,0,0,2,1,1,0,3,0,0,0,,0,0,0.235119,0.0820585,0.2294,0.357709,0.304612,0.373243,0.299742,0.677855,0.138124,4.48719,0.285351,0,-0.00317036,1.51114,-0.168256,91.6018,-0.00317036,0,-0.14234302029944956,-0.25925925374031067,0.00863057,999,,,,,,,9.7,3.233333333,9.7,3.233333333,,,,,,,,,,,,,,,,,,,"Carson McCusker","33098",676812
"Bryan De La Cruz","NYY",3,11,10,2,2,0,0,0,1,1,1,0,3,0,0,0,,0,0,0.24199,0.059932,0.258935,0.231456,0.288228,0.405581,0.302553,0.693809,0.163591,2.70239,0.295695,-0.0186724,-0.0119818,1.15785,-0.101695,92.8965,-0.0306542,-0.0466935,-0.11894205212593079,-0.16336019337177277,0.00843516,490.9100036621094,,,,,,,4.2,1.4,4.2,1.4,,,,,,,,,,,,,,,,,,,"Bryan De La Cruz","19600",650559
"Adael Amador","COL",3,11,10,2,2,0,0,0,1,1,1,0,2,0,0,0,,0,0,0.24409,0.0885752,0.189021,0.4686,0.316675,0.37051,0.30546,0.687185,0.126421,4.88667,0.283739,0.000538711,0.00872217,1.18318,-0.0763722,80.0998,0.00926088,-0.0665668,-0.24473507329821587,-0.02767794206738472,0.00837916,698.22998046875,,,,,,,4.2,1.4,4.2,1.4,,,,,,,,,,,,,,,,,,,"Adael Amador","27962",691182
"Jhonny Pereda","ATH",1,3,3,1,1,0,0,0,0,0,0,0,1,0,0,0,,0,0,0.233557,0.0874525,0.231297,0.378096,0.303411,0.319317,0.28062,0.622728,0.0857598,1.72486,0.298137,-0.00621883,-0.00508495,0.287612,-0.0871103,77.7823,-0.0113038,0.0013357,-0.09345701057463884,0.06460730684921145,0.00823408,747.52001953125,,,,,,,2.6,2.6,2.6,2.6,,,,,,,,,,,,,,,,,,,"Jhonny Pereda","19802",640902
"Jake Bauers","MIL",23,100,88,18,11,3,0,4,11,12,11,0,34,1,1,0,,3,1,0.205078,0.110877,0.335848,0.33014,0.297997,0.377915,0.299803,0.675912,0.172837,4.66925,0.278419,-0.0693871,0.133982,10.457,-1.15885,89.0832,0.064595,-0.370863,-1.2203994691371918,-1.9591343402862549,0.00799409,706.9299926757812,,,,,,,98,4.260869565,98,4.260869565,,,,,,,,,,,,,,,,,,,"Jake Bauers","15194",641343
"Trey Lipscomb","WSN",2,7,7,2,1,0,0,0,1,1,0,0,1,0,0,0,,0,0,0.238636,0.0568197,0.208198,0.272912,0.283879,0.319756,0.268223,0.603635,0.0811194,4.58826,0.296598,-0.000271096,0.00481884,0.565665,-0.264037,68.2665,0.00454774,0.0807927,-0.26225799741223454,0.10640997253358364,0.00796973,750.1599731445312,,,,,,,4.2,2.1,4.2,2.1,,,,,,,,,,,,,,,,,,,"Trey Lipscomb","31567",702358
"Hunter Renfroe",,15,65,59,13,8,3,0,2,7,8,5,0,14,0,0,0,,0,0,0.227381,0.0807317,0.206989,0.390028,0.293438,0.389272,0.300236,0.682709,0.161891,2.361,0.257745,-0.178735,-0.0781553,6.82598,-0.731302,90.2726,-0.25689,-0.38587,-0.9920598566532135,-1.0858701467514038,0.00748186,510.6400146484375,,,,,,,56.3,3.753333333,56.3,3.753333333,,,,,,,,,,,,,,,,,,,"Hunter Renfroe","15464",592669
"Blaine Crim","TEX",4,18,16,4,3,1,0,0,2,2,1,0,4,0,0,0,,0,0,0.237539,0.0764286,0.21121,0.361861,0.303807,0.375695,0.299872,0.679502,0.138156,3.09472,0.278812,-0.0203635,-0.0147044,1.8683,-0.205954,91.0401,-0.0350679,0.00473805,-0.21846118196845055,-0.3154780110344291,0.00672351,999,,,,,,,12.3,3.075,12.3,3.075,,,,,,,,,,,,,,,,,,,"Blaine Crim","25714",688760
"Dustin Harris","TEX",4,18,16,4,2,1,0,0,2,2,1,0,5,0,0,0,,1,0,0.224285,0.0809854,0.257483,0.314528,0.293737,0.344545,0.283135,0.638282,0.12026,5.73032,0.290067,0.0282684,0.0357557,1.62814,-0.446111,79.3068,0.0640241,-0.0081285,-0.3595269024372101,-0.1746408399194479,0.00669979,749.5800170898438,,,,,,,14.2,3.55,14.2,3.55,,,,,,,,,,,,,,,,,,,"Dustin Harris","25705",687957
"Victor Mesa Jr.","MIA",9,41,38,9,6,2,0,1,4,4,2,0,9,0,0,0,,0,0,0.226911,0.0608257,0.228951,0.265672,0.276305,0.356112,0.278762,0.632417,0.129201,3.25172,0.273655,-0.0231547,-0.0467952,3.56835,-1.15996,72.4494,-0.0699499,0.0278164,-1.390002153813839,0.12071763351559639,0.00584618,999,,,,,,,33.6,3.733333333,33.6,3.733333333,,,,,,,,,,,,,,,,,,,"Victor Mesa Jr.","25999",683748
"Ronny Mauricio","NYM",11,47,44,11,7,2,0,1,6,5,2,0,10,0,0,0,,2,0,0.244484,0.0511103,0.223967,0.228205,0.284763,0.398227,0.297065,0.682989,0.153742,5.24748,0.288493,0.0377255,0.13727,4.75286,-0.640202,91.1337,0.174995,-1.05696,-0.3095484673976898,-1.146625131368637,0.00579204,644,,,,,,,42.6,3.872727272,42.6,3.872727272,,,,,,,,,,,,,,,,,,,"Ronny Mauricio","23698",677595
"Adam Frazier","PIT",29,124,112,27,19,5,1,2,13,11,9,0,20,2,1,1,,2,1,0.237919,0.0720236,0.163079,0.441648,0.302073,0.339696,0.286647,0.641769,0.101777,4.89534,0.275737,-0.0343764,-0.0511692,11.6082,-2.7366,77.8681,-0.0855456,0.0316039,-3.3026831820607185,-0.6643837839365005,0.00566378,745.6599731445312,,,,,,,112.2,3.868965517,112.2,3.868965517,,,,,,,,,,,,,,,,,,,"Adam Frazier","15223",624428
"Eguy Rosario","SDP",2,7,7,1,1,0,0,0,1,1,1,0,2,0,0,0,,0,0,0.219989,0.0748957,0.274894,0.272454,0.282251,0.351459,0.28072,0.63371,0.13147,3.77233,0.291793,-0.00265445,-0.00769726,0.645078,-0.19462,80.1406,-0.0103517,-0.0354981,-0.17933565936982632,-0.009572198614478111,0.00482827,709.030029296875,,,,,,,1.6,0.8,1.6,0.8,,,,,,,,,,,,,,,,,,,"Eguy Rosario","19964",666703
"Jared Young","NYM",13,57,51,12,8,2,0,1,6,6,5,0,13,1,0,0,,1,0,0.235119,0.0820585,0.2294,0.357709,0.304612,0.373243,0.299742,0.677855,0.138124,4.48719,0.285351,0,-0.0125305,5.9726,-0.665012,92.9613,-0.0125305,0,-0.48596333619207144,-1.3320988416671753,0.00444495,750.719970703125,,,,,,,51.3,3.946153846,51.3,3.946153846,,,,,,,,,,,,,,,,,,,"Jared Young","20404",676724
"Steward Berroa","LAD",1,4,3,1,1,0,0,0,0,0,0,0,1,0,0,0,,0,0,0.212391,0.0890836,0.293919,0.303089,0.284505,0.284693,0.259488,0.569198,0.072302,6.81747,0.300306,0.0125621,0.0451794,0.257766,-0.157085,63.6501,0.0577415,0.00228067,-0.09506817534565926,0.015089314198121428,0.00377152,999,,,,,,,2.6,2.6,2.6,2.6,,,,,,,,,,,,,,,,,,,"Steward Berroa","22766",672642
"Matt Koperniak","STL",2,11,10,2,2,0,0,0,1,1,1,0,2,0,0,0,,0,0,0.236931,0.0619864,0.202142,0.306648,0.286327,0.354494,0.283401,0.640821,0.117563,2.72143,0.279182,-0.014455,-0.0176881,0.979176,-0.265377,79.7421,-0.0321431,0.0833456,-0.2876269035041332,-0.03193221986293793,0.00304776,999,,,,,,,4.2,2.1,4.2,2.1,,,,,,,,,,,,,,,,,,,"Matt Koperniak","sa3014834",689288
"Luken Baker","STL",3,14,13,3,2,1,0,1,1,2,2,0,4,0,0,0,,0,0,0.218933,0.105475,0.266539,0.395721,0.303335,0.390522,0.305403,0.693857,0.171589,2.42694,0.265353,-0.0294571,-0.0123396,1.55813,-0.101273,94.7618,-0.0417967,-0.0260373,-0.12987850978970528,-0.3078274764120579,0.00285649,724.469970703125,,,,,,,22.1,7.366666666,22.1,7.366666666,,,,,,,,,,,,,,,,,,,"Luken Baker","21497",663609
"Joey Wiemer","KCR",4,18,16,3,2,1,0,0,2,2,2,0,5,0,0,0,,0,0,0.208023,0.0903324,0.288593,0.31301,0.286729,0.320375,0.273479,0.607104,0.112352,4.58341,0.281821,0.00316651,0.0230412,1.50753,-0.591713,68.0906,0.0262077,0.145862,-0.6347881946712732,0.055121466517448425,0.00272477,749.469970703125,,,,,,,9.7,2.425,9.7,2.425,,,,,,,,,,,,,,,,,,,"Joey Wiemer","27690",686894
"Hao-Yu  Lee","DET",1,4,3,1,1,0,0,0,0,0,0,0,1,0,0,0,,0,0,0.240685,0.0681489,0.199703,0.341252,0.29555,0.317731,0.275009,0.613281,0.0770454,4.38037,0.29349,-0.00102507,-0.00494207,0.302309,-0.112542,74.7733,-0.00596714,0.000165834,-0.10923601547256112,0.012974476587260142,0.0024376,999,,,,,,,2.6,2.6,2.6,2.6,,,,,,,,,,,,,,,,,,,"Hao-Yu  Lee","sa3017863",701678
"Travis Jankowski","NYM",2,11,10,2,2,0,0,0,1,1,1,0,2,0,0,0,,0,0,0.233438,0.0915641,0.201452,0.454522,0.307997,0.285034,0.271668,0.593031,0.051596,5.65877,0.29676,0.011662,0.0467817,0.878158,-0.366395,73.7959,0.0584437,0.00274365,-0.2720305882394314,-0.06129956361837685,0.00161798,750.739990234375,,,,,,,4.2,2.1,4.2,2.1,,,,,,,,,,,,,,,,,,,"Travis Jankowski","13768",608671
"Tomás Nido","DET",1,3,3,1,0,0,0,0,0,0,0,0,1,0,0,0,,0,0,0.227329,0.0411484,0.243567,0.168941,0.260946,0.333542,0.261282,0.594488,0.106213,2.04643,0.285718,-0.00977356,-0.00444203,0.240379,-0.138914,65.1499,-0.0142156,-0.015666,-0.14465064462274313,0.04837722331285477,0.00137077,999,,,,,,,2.6,2.6,2.6,2.6,,,,,,,,,,,,,,,,,,,"Tomas Nido","13755",621512
"Tyler Callihan","CIN",2,7,6,1,1,0,0,0,1,1,1,0,2,0,0,0,,0,0,0.223121,0.0713484,0.280005,0.254811,0.285322,0.353725,0.282969,0.639047,0.130605,4.85113,0.292131,0.00605311,0.00787866,0.650303,-0.179399,71.4349,0.0139318,0.0165155,-0.22623544465750456,-0.0091017484664917,-0.000283226,999,,,,,,,2.6,1.3,2.6,1.3,,,,,,,,,,,,,,,,,,,"Tyler Callihan","27497",682997
"Liover Peguero","PIT",2,11,10,2,2,0,0,0,1,1,1,0,3,0,0,0,,0,0,0.229721,0.0570988,0.255869,0.223156,0.275874,0.326466,0.267704,0.602339,0.0967445,4.25779,0.298907,0.00287407,0.00860533,0.833868,-0.39569,64.9364,0.0114794,-0.0119534,-0.4253995753824711,0.07662687823176384,-0.000421798,999,,,,,,,4.2,2.1,4.2,2.1,,,,,,,,,,,,,,,,,,,"Liover Peguero","24273",678894
"Ernesto Martinez Jr.","MIL",2,11,10,2,2,0,0,0,1,1,1,0,2,0,0,0,,0,0,0.235119,0.0820585,0.2294,0.357709,0.304612,0.373243,0.299742,0.677855,0.138124,4.48719,0.285351,0,-0.00234946,1.11986,-0.12469,89.0414,-0.00234946,0,-0.14055440830998123,-0.21774691343307495,-0.000974647,999,,,,,,,4.2,2.1,4.2,2.1,,,,,,,,,,,,,,,,,,,"Ernesto Martinez Jr.","sa3003173",667803
"Ryan Kreidler","DET",1,4,3,1,0,0,0,0,0,0,0,0,1,0,0,0,,0,0,0.1896,0.090872,0.32643,0.278381,0.26741,0.262825,0.244055,0.530235,0.0732247,5.52997,0.279901,0.00443636,0.0141301,0.213476,-0.201375,53.073,0.0185665,0.00402389,-0.17353537678718567,0.042449817061424255,-0.001178,745.6799926757812,,,,,,,2.6,2.6,2.6,2.6,,,,,,,,,,,,,,,,,,,"Ryan Kreidler","25867",668952
"Billy Cook","PIT",8,35,32,7,5,2,0,1,4,4,2,0,10,0,0,0,,1,0,0.220533,0.0701415,0.289785,0.242046,0.282191,0.358384,0.283464,0.640576,0.137851,5.10505,0.292486,0.0348916,0.0859664,3.22639,-0.872137,75.6951,0.120858,0.0799839,-0.8885740786790848,-0.27433712780475616,-0.00144082,720.0700073242188,,,,,,,30.3,3.7875,30.3,3.7875,,,,,,,,,,,,,,,,,,,"Billy Cook","29573",695257
"Jason Delay","ATL",1,3,3,1,1,0,0,0,0,0,0,0,1,0,0,0,,0,0,0.222647,0.0624519,0.199983,0.312286,0.275937,0.278782,0.251303,0.554719,0.0561354,1.89034,0.277308,-0.00594512,-0.00520507,0.219357,-0.169075,55.1458,-0.0111502,-0.00580835,-0.18770272191613913,0.0597780691459775,-0.00197544,999,,,,,,,2.6,2.6,2.6,2.6,,,,,,,,,,,,,,,,,,,"Jason Delay","19806",641511
"Matthew Lugo","LAA",4,18,17,4,2,1,0,1,2,2,1,0,5,0,0,0,,1,0,0.2205,0.0621066,0.292279,0.212491,0.272984,0.366799,0.281195,0.639782,0.146299,5.30781,0.287019,0.000471253,0.0518048,1.61959,-0.479659,76.1731,0.0522761,-0.14589,-0.4412921108305454,-0.18477848544716835,-0.0020931,742.4299926757812,,,,,,,22.6,5.65,22.6,5.65,,,,,,,,,,,,,,,,,,,"Matthew Lugo","25980",683090
"Blaze Jordan","BOS",3,14,13,3,2,1,0,0,2,1,1,0,3,0,0,0,,0,0,0.235119,0.0820585,0.2294,0.357709,0.304612,0.373243,0.299742,0.677855,0.138124,4.48719,0.285351,0,-0.00309487,1.47516,-0.16425,85.1869,-0.00309487,0,-0.2427294144872576,-0.2530864179134369,-0.0023494,999,,,,,,,9.7,3.233333333,9.7,3.233333333,,,,,,,,,,,,,,,,,,,"Blaze Jordan","sa3014537",691458
"Trey Mancini","ARI",1,4,3,1,1,0,0,0,0,0,0,0,1,0,0,0,,0,0,0.235119,0.0820585,0.2294,0.357709,0.304612,0.373243,0.299742,0.677855,0.138124,4.48719,0.285351,0,-0.00079259,0.377785,-0.042064,87.7677,-0.00079259,0,-0.05283508967841044,-0.09074074029922485,-0.00268594,750.7999877929688,,,,,,,2.6,2.6,2.6,2.6,,,,,,,,,,,,,,,,,,,"Trey Mancini","15149",641820
"Pedro León","HOU",1,4,3,1,1,0,0,0,1,0,0,0,1,0,0,0,,0,0,0.209803,0.0772757,0.343968,0.22466,0.277112,0.30044,0.261022,0.577552,0.0906371,5.67426,0.313036,0.000276614,0.00427775,0.265328,-0.154521,65.3192,0.00455437,-0.0242382,-0.13912648987025023,-0.011275219731032848,-0.00303372,749.3400268554688,,,,,,,2.6,2.6,2.6,2.6,,,,,,,,,,,,,,,,,,,"Pedro Leon","27781",694175
"Kody Clemens","MIN",34,149,138,30,17,6,1,5,17,18,9,0,37,1,0,0,,1,0,0.219264,0.061869,0.250567,0.246916,0.273315,0.396058,0.291933,0.669372,0.176793,4.91775,0.261122,-0.123269,-0.100754,14.5593,-2.65456,86.1271,-0.224022,-0.3561,-2.5804812163114548,-2.4172114431858063,-0.00303431,744.4199829101562,,,,,,,132,3.882352941,132,3.882352941,,,,,,,,,,,,,,,,,,,"Kody Clemens","20572",665019
"Owen Caissie","CHC",2,7,7,1,1,0,0,0,1,1,1,0,2,0,0,0,,0,0,0.226719,0.0920829,0.329679,0.27931,0.299662,0.319107,0.278745,0.618769,0.0923885,3.11408,0.33592,-0.00621838,-0.0108301,0.633605,-0.206093,77.6511,-0.0170485,0.0115705,-0.20721543207764626,-0.06620729062706232,-0.00394648,741.4000244140625,,,,,,,1.6,0.8,1.6,0.8,,,,,,,,,,,,,,,,,,,"Owen Caissie","sa3014465",683357
"Braden Shewmake","NYY",1,4,3,1,1,0,0,0,1,0,0,0,1,0,0,0,,0,0,0.214171,0.0594288,0.216394,0.274632,0.262438,0.297547,0.250462,0.559985,0.0833758,5.35442,0.261238,0.00287138,0.00171157,0.234656,-0.185194,56.3778,0.00458295,0.00141247,-0.1761415358632803,0.01437543728388846,-0.00421363,999,,,,,,,2.6,2.6,2.6,2.6,,,,,,,,,,,,,,,,,,,"Braden Shewmake","25817",669699
"Michael Helman","TEX",2,7,7,1,1,0,0,0,1,1,0,0,2,0,0,0,,0,0,0.216574,0.0630048,0.251117,0.250898,0.269166,0.30102,0.255962,0.570186,0.0844459,4.49196,0.278947,-0.000137027,-0.00360789,0.495293,-0.334409,60.2572,-0.00374492,-0.0194008,-0.32912962581031024,0.031833797693252563,-0.00600283,999,,,,,,,-1.4,-0.7,-1.4,-0.7,,,,,,,,,,,,,,,,,,,"Michael Helman","24605",680737
"Tucker Barnhart","TEX",1,3,3,1,0,0,0,0,0,0,0,0,1,0,0,0,,0,0,0.2059,0.0831592,0.279031,0.298028,0.274913,0.269171,0.248683,0.544083,0.0632714,2.28224,0.288499,-0.00547043,-0.00382141,0.207321,-0.171971,55.1545,-0.00929184,-0.0575567,-0.17713744658976793,0.006486501544713974,-0.00635147,999,,,,,,,2.6,2.6,2.6,2.6,,,,,,,,,,,,,,,,,,,"Tucker Barnhart","10200",571466
"Wade Meckler","SFG",1,4,3,1,1,0,0,0,0,0,0,0,1,0,0,0,,0,0,0.263966,0.0761879,0.195553,0.389603,0.321798,0.33415,0.294591,0.655948,0.070184,3.56408,0.325302,-0.00156968,-0.00707882,0.362825,-0.0570241,87.8848,-0.0086485,-0.140494,-0.060192604549229145,-0.1275314139202237,-0.00726962,999,,,,,,,2.6,2.6,2.6,2.6,,,,,,,,,,,,,,,,,,,"Wade Meckler","31490",685133
"Matt Gorski","PIT",2,11,10,2,1,0,0,0,1,1,1,0,3,0,0,0,,0,0,0.220511,0.060203,0.297902,0.20209,0.269872,0.38173,0.284052,0.651602,0.161219,5.91405,0.287116,0.00102616,0.00632407,0.972916,-0.256642,76.0963,0.00735024,-0.0168199,-0.2904807315208018,-0.1307087503373623,-0.00794046,999,,,,,,,4.2,2.1,4.2,2.1,,,,,,,,,,,,,,,,,,,"Matt Gorski","25855",685301
"Ali Sánchez","TOR",1,3,3,1,0,0,0,0,0,0,0,0,1,0,0,0,,0,0,0.173913,0.08,0.24,0.333333,0.24,0.217391,0.212504,0.457391,0.0434783,1.60119,0.235294,-0.00164583,-0.00432286,0.115102,-0.27333,31.1104,-0.00596869,0.000458547,-0.2700179792009294,0.06604496529325843,-0.00953724,999,,,,,,,2.6,2.6,2.6,2.6,,,,,,,,,,,,,,,,,,,"Ali Sanchez","18551",645305
"Hunter Feduccia","LAD",1,3,3,1,0,0,0,0,0,0,0,0,1,0,0,0,,0,0,0.221369,0.106699,0.250448,0.426031,0.305573,0.310583,0.279774,0.616155,0.0892132,2.45294,0.293328,-0.00687281,-0.00549873,0.288899,-0.0903937,77.4986,-0.0123715,-0.17027,-0.09885620232671499,-0.10622663795948029,-0.0102524,746.8300170898438,,,,,,,2.6,2.6,2.6,2.6,,,,,,,,,,,,,,,,,,,"Hunter Feduccia","23372",676439
"Everson Pereira","NYY",2,7,7,2,1,0,0,0,1,1,1,0,2,0,0,0,,0,0,0.227378,0.0695228,0.330642,0.210266,0.284325,0.397497,0.298639,0.681822,0.17012,4.4897,0.308757,-0.00251397,-0.0000699596,0.749162,-0.0905365,90.1522,-0.00258393,-0.180387,-0.084182238439098,-0.25816433876752853,-0.0103807,748.030029296875,,,,,,,7.2,3.6,7.2,3.6,,,,,,,,,,,,,,,,,,,"Everson Pereira","23695",677592
"Austin Hedges","CLE",23,92,82,15,11,2,0,2,8,8,6,0,27,1,1,2,,1,0,0.180605,0.0669328,0.295753,0.226313,0.246496,0.277544,0.23738,0.524039,0.0969389,3.58691,0.24103,-0.0990058,0.033205,4.9703,-5.64075,48.4455,-0.0658008,0.506586,-5.463900715112686,2.298252761363983,-0.0106893,747.97998046875,,,,,,,49.5,2.152173913,49.5,2.152173913,,,,,,,,,,,,,,,,,,,"Austin Hedges","12976",595978
"Drew Avans","MIL",2,11,10,2,1,1,0,0,1,1,1,0,3,0,0,0,,1,0,0.217204,0.0866737,0.266357,0.325404,0.28709,0.302614,0.266572,0.589704,0.08541,6.03844,0.29695,0.00820137,0.0629226,0.834284,-0.410269,66.3972,0.0711239,0.00487339,-0.3526604324579239,-0.11040439177304506,-0.0118517,999,,,,,,,9,4.5,9,4.5,,,,,,,,,,,,,,,,,,,"Drew Avans","25183",682183
"Jonathan Ornelas","ATL",3,15,13,3,2,1,0,0,1,1,1,0,4,0,0,0,,0,0,0.221321,0.0715966,0.278944,0.256671,0.282584,0.285706,0.257269,0.56829,0.0643848,3.21686,0.310465,-0.00915398,-0.0181944,1.02982,-0.669569,59.2185,-0.0273484,0.00230853,-0.7296309415251017,0.13348136562854052,-0.01243,999,,,,,,,9.7,3.233333333,9.7,3.233333333,,,,,,,,,,,,,,,,,,,"Jonathan Ornelas","24597",680716
"Dominic Fletcher","CHW",4,18,16,4,3,1,0,0,2,1,1,0,4,0,0,0,,0,0,0.231916,0.0566773,0.229062,0.247432,0.284176,0.343207,0.276097,0.627383,0.111291,3.47559,0.292284,0,0.000563909,1.52716,-0.547098,73.849,0.000563909,0,-0.53469909314299,-0.19212962687015533,-0.0133032,999,,,,,,,12.3,3.075,12.3,3.075,,,,,,,,,,,,,,,,,,,"Dominic Fletcher","26149",666150
"Mitch Haniger",,17,73,65,15,10,3,0,2,7,8,6,0,20,1,1,0,,0,0,0.22634,0.0874776,0.271257,0.32249,0.300069,0.373501,0.298496,0.67357,0.147161,1.75193,0.285864,-0.186601,-0.116172,7.48335,-0.913633,89.069,-0.302773,-0.111412,-1.220702588558197,-1.3040042743086815,-0.0141022,703.6500244140625,,,,,,,67.5,3.970588235,67.5,3.970588235,,,,,,,,,,,,,,,,,,,"Mitch Haniger","14274",571745
"Troy Johnston","MIA",13,56,50,12,8,2,0,1,6,6,5,0,13,1,0,0,,1,0,0.235119,0.0820585,0.2294,0.357709,0.304612,0.373243,0.299742,0.677855,0.138124,4.48719,0.285351,0,-0.0121719,5.8017,-0.645984,86.7717,-0.0121719,0,-0.8764686491340399,-1.1015431880950928,-0.0176903,999,,,,,,,52.3,4.023076923,52.3,4.023076923,,,,,,,,,,,,,,,,,,,"Troy Johnston","sa3010899",687859
"Hayden Senger","NYM",7,26,24,5,4,1,0,0,2,2,2,0,8,0,0,0,,0,0,0.20042,0.0584496,0.308853,0.189248,0.253765,0.267207,0.236159,0.520972,0.0667863,1.95315,0.287767,-0.0390852,-0.0325923,1.39568,-1.63866,49.5553,-0.0716775,0.0877487,-1.6227596700191498,0.6000943928956985,-0.0178558,999,,,,,,,12.9,1.842857142,12.9,1.842857142,,,,,,,,,,,,,,,,,,,"Hayden Senger","21489",663584
"Donovan Solano","SEA",30,129,117,29,21,5,0,2,12,12,9,0,28,2,1,0,,0,0,0.244749,0.0677903,0.218216,0.310657,0.307436,0.341812,0.290272,0.649247,0.0970626,2.53922,0.304408,-0.423921,-0.142957,12.4057,-2.46391,90.6164,-0.566878,-0.101821,-1.9437270760536194,-2.528518781065941,-0.0187278,634.3099975585938,,,,,,,111.7,3.723333333,111.7,3.723333333,,,,,,,,,,,,,,,,,,,"Donovan Solano","8623",456781
"Marco Luciano","SFG",2,7,6,1,1,0,0,0,1,1,1,0,2,0,0,0,,0,0,0.218037,0.0998645,0.311929,0.320151,0.297884,0.292447,0.269707,0.590331,0.0744093,2.67283,0.320378,-0.00559806,-0.0132554,0.581101,-0.258597,70.897,-0.0188534,-0.125496,-0.26649072766304016,-0.15142159909009933,-0.0189481,732.5900268554688,,,,,,,2.6,1.3,2.6,1.3,,,,,,,,,,,,,,,,,,,"Marco Luciano","25616",682617
"Tyler Gentry","KCR",3,11,10,2,1,1,0,0,1,1,1,0,3,0,0,0,,0,0,0.219824,0.0791972,0.296359,0.267234,0.285499,0.322848,0.272959,0.608347,0.103024,3.00311,0.308512,-0.00893824,-0.0159641,0.899993,-0.359555,67.7264,-0.0249023,-0.00583502,-0.4260266162455082,-0.12250169087201357,-0.0192057,999,,,,,,,7.1,2.366666666,7.1,2.366666666,,,,,,,,,,,,,,,,,,,"Tyler Gentry","27784",694355
"Ryan Vilade","CIN",1,4,3,1,1,0,0,0,0,0,0,0,1,0,0,0,,0,0,0.210526,0.05,0.25,0.2,0.25,0.263158,0.23094,0.513158,0.0526316,2.01786,0.285714,0.000830908,-0.00461688,0.175837,-0.239014,35.9164,-0.00378597,-0.00208756,-0.27318391646258533,-0.040513485902920365,-0.0204943,999,,,,,,,2.6,2.6,2.6,2.6,,,,,,,,,,,,,,,,,,,"Ryan Vilade","22165",668723
"MJ Melendez","KCR",22,94,85,18,10,4,0,3,11,11,9,0,25,1,1,0,,1,0,0.21802,0.0921428,0.260626,0.353544,0.293147,0.392749,0.300784,0.685896,0.174729,4.26665,0.266345,-0.182038,-0.120693,9.9011,-1.01498,87.2328,-0.302731,-0.712837,-1.6779754161834717,-1.723948061466217,-0.0260796,381.8999938964844,,,,,,,87.5,3.977272727,87.5,3.977272727,,,,,,,,,,,,,,,,,,,"MJ Melendez","22197",669004
"Billy Hamilton",,2,7,7,1,1,0,0,0,1,1,1,0,2,0,0,0,,0,0,0.192937,0.0690634,0.325231,0.212351,0.250368,0.253005,0.229247,0.503373,0.0600682,5.90839,0.286583,-0.0082427,0.0115078,0.346082,-0.493616,41.1672,0.00326513,-0.0385803,-0.4907806927803904,-0.012654343619942665,-0.0274666,999,,,,,,,1.6,0.8,1.6,0.8,,,,,,,,,,,,,,,,,,,"Billy Hamilton","10199",571740
"Robert Hassell III","WSN",11,47,42,10,7,2,0,1,5,4,3,0,12,0,0,0,,1,0,0.227334,0.0749035,0.257829,0.290516,0.288293,0.320264,0.271664,0.608557,0.0929297,4.49775,0.298171,0.0155798,0.0583932,3.8052,-1.58786,70.6156,0.0739729,-0.0766262,-1.5318854004144669,-0.26875580102205276,-0.0299723,714.8499755859375,,,,,,,40.1,3.645454545,40.1,3.645454545,,,,,,,,,,,,,,,,,,,"Robert Hassell III","27482",690987
"Logan Davidson","ATH",3,14,13,3,2,0,0,0,2,2,1,0,5,0,0,0,,0,0,0.213597,0.0754444,0.31795,0.237284,0.275245,0.292818,0.256241,0.568063,0.0792212,3.56792,0.309394,-0.0182098,-0.0219392,0.981813,-0.657598,60.691,-0.040149,0.0137938,-0.6760600693523884,-0.08744072541594505,-0.0301418,999,,,,,,,6.8,2.266666666,6.8,2.266666666,,,,,,,,,,,,,,,,,,,"Logan Davidson","25844",669722
"Eric Wagaman","MIA",61,264,244,61,40,13,1,7,29,28,17,0,51,1,1,0,,3,1,0.248594,0.0633506,0.194185,0.326239,0.297771,0.388852,0.300964,0.686623,0.140258,3.63004,0.288173,-0.381606,-0.289485,27.7194,-2.79968,87.6059,-0.671091,-0.192757,-4.504115879535675,-4.399855762720108,-0.036118,743.5900268554688,,,,,,,263.7,4.322950819,263.7,4.322950819,,,,,,,,,,,,,,,,,,,"Eric Wagaman","23395",676572
"Graham Pauley","MIA",15,67,61,13,9,3,0,2,7,7,5,0,17,1,0,0,,1,0,0.222862,0.077268,0.256284,0.301494,0.288551,0.35342,0.284404,0.641971,0.130558,3.44114,0.281815,-0.0500136,-0.0774283,6.14111,-1.59611,76.3013,-0.127442,0.129432,-1.9855265766382217,-0.534148320555687,-0.036393,748.02001953125,,,,,,,59.2,3.946666666,59.2,3.946666666,,,,,,,,,,,,,,,,,,,"Graham Pauley","31363",688363
"Tirso Ornelas","SDP",28,120,109,25,17,5,0,2,12,12,9,0,25,1,1,0,,1,0,0.229858,0.0745722,0.209078,0.356672,0.290319,0.346282,0.282154,0.636601,0.116424,3.4222,0.27497,-0.158175,-0.102075,10.7812,-3.07379,81.1196,-0.260251,0.144221,-2.9110374748706818,-1.3465194702148438,-0.0387539,522.2899780273438,,,,,,,96.2,3.435714285,96.2,3.435714285,,,,,,,,,,,,,,,,,,,"Tirso Ornelas","22566",672359
"Luis Guillorme","HOU",13,54,48,11,9,1,0,0,6,3,6,0,11,0,0,0,,0,0,0.234048,0.111913,0.193976,0.576943,0.320654,0.280906,0.276659,0.601559,0.0468576,3.5252,0.294591,-0.0964357,-0.0935389,4.66117,-1.63657,76.2816,-0.189975,-0.807028,-1.6639380902051926,-0.586657389998436,-0.044942,999,,,,,,,34.5,2.653846153,34.5,2.653846153,,,,,,,,,,,,,,,,,,,"Luis Guillorme","16451",641645
"Yanquiel Fernández","COL",3,11,10,2,2,1,0,0,1,1,1,0,2,0,0,0,,0,0,0.226871,0.0474996,0.217431,0.218458,0.263594,0.317406,0.257571,0.581,0.0905351,1.06554,0.284588,0,-0.0137832,0.765914,-0.493634,47.4081,-0.0137832,0,-0.6850406527519226,-0.11666666716337204,-0.0465748,747.9000244140625,,,,,,,7.1,2.366666666,7.1,2.366666666,,,,,,,,,,,,,,,,,,,"Yanquiel Fernandez","sa3015648",692585
"Will Wilson","CLE",7,30,27,5,4,1,0,0,3,3,2,0,8,0,0,0,,0,0,0.202535,0.0720588,0.260039,0.277107,0.270637,0.282973,0.251913,0.55361,0.0804371,2.67984,0.26889,-0.0405222,-0.0283731,1.95647,-1.48229,58.6341,-0.0688953,-0.152561,-1.4725539609789848,0.0066980719566345215,-0.049142,999,,,,,,,9.9,1.414285714,9.9,1.414285714,,,,,,,,,,,,,,,,,,,"Will Wilson","25434",669717
"Bryce Eldridge","SFG",8,36,33,8,5,1,0,1,4,4,3,0,11,0,0,0,,0,0,0.232353,0.079721,0.298471,0.267098,0.294455,0.375846,0.29419,0.670301,0.143492,2.758,0.309951,-0.0447825,-0.0426235,3.61661,-0.581884,87.6112,-0.087406,-0.31945,-0.6144899874925613,-1.0453757047653198,-0.0501274,999,,,,,,,33.1,4.1375,33.1,4.1375,,,,,,,,,,,,,,,,,,,"Bryce Eldridge","sa3022757",805811
"Petey Halpin","CLE",6,26,24,5,4,0,0,0,4,1,2,0,8,0,0,0,,0,0,0.212503,0.0835151,0.294198,0.283874,0.278848,0.249585,0.244094,0.528433,0.0370821,3.86258,0.306247,-0.00915074,-0.0410763,1.54916,-1.45976,53.1527,-0.050227,-0.00451958,-1.4411786310374737,0.08838165877386928,-0.050285,999,,,,,,,10,1.666666666,10,1.666666666,,,,,,,,,,,,,,,,,,,"Petey Halpin","sa3014461",690984
"Tyler Wade","SDP",23,98,87,20,16,3,0,1,12,6,8,0,22,1,1,2,,5,1,0.226724,0.0797988,0.225212,0.354327,0.294706,0.28757,0.264782,0.582275,0.0608459,5.95544,0.29465,0.214622,0.323997,7.45866,-3.87727,69.2598,0.538619,-0.225637,-2.992555797100067,-0.757118746638298,-0.0593479,999,,,,,,,76.8,3.339130434,76.8,3.339130434,,,,,,,,,,,,,,,,,,,"Tyler Wade","15730",642180
"Michael Toglia","COL",60,261,233,52,29,10,1,11,30,32,25,1,83,1,2,0,,4,1,0.221695,0.0972267,0.315749,0.307924,0.300308,0.420686,0.314092,0.720994,0.198991,4.84455,0.286209,-0.0386988,0.0603882,30.2014,-0.027786,85.9928,0.0216894,-0.127375,-4.269066350534558,-4.794041022658348,-0.0610784,182.07000732421875,,,,,,,279.1,4.651666666,279.1,4.651666666,,,,,,,,,,,,,,,,,,,"Michael Toglia","25845",669911
"Miles Mastrobuoni","SEA",17,73,66,15,11,3,0,1,8,5,7,0,15,0,1,0,,3,1,0.226559,0.0891626,0.198016,0.450281,0.295221,0.30201,0.26979,0.597231,0.0754514,4.80195,0.278846,0.0718838,0.140089,5.88511,-2.61183,76.2581,0.211973,-1.13601,-1.7786805182695389,-1.319652497768402,-0.067054,748.780029296875,,,,,,,60,3.529411764,60,3.529411764,,,,,,,,,,,,,,,,,,,"Miles Mastrobuoni","20017",670156
"Deyvison De Los Santos","MIA",34,149,139,34,22,6,1,5,16,18,7,1,41,1,1,0,,1,0,0.245807,0.048952,0.274439,0.178371,0.287097,0.409389,0.301425,0.696485,0.163581,3.51336,0.308448,-0.164833,-0.130877,15.6714,-1.52247,87.9205,-0.295711,-0.056624,-2.4003527462482452,-3.1090932339429855,-0.0715467,493.6499938964844,,,,,,,147.4,4.335294117,147.4,4.335294117,,,,,,,,,,,,,,,,,,,"Deyvison De Los Santos","sa3015168",691277
"Kris Bryant","COL",12,51,45,11,7,2,0,1,5,5,4,0,13,1,0,0,,0,0,0.241309,0.0822165,0.25102,0.32753,0.317566,0.373981,0.308028,0.691547,0.132671,2.32444,0.306476,-0.0886505,-0.0675042,5.6259,-0.251993,81.8528,-0.156155,-0.0125802,-1.2370582818984985,-1.1792468195781112,-0.0797814,539.75,,,,,,,46.8,3.9,46.8,3.9,,,,,,,,,,,,,,,,,,,"Kris Bryant","15429",592178
"Kyle Farmer","COL",25,109,99,25,17,5,0,2,11,12,7,0,22,2,1,0,,1,1,0.251202,0.0609937,0.203717,0.299405,0.309897,0.381514,0.305148,0.691411,0.130311,4.02921,0.300103,-0.230962,-0.196572,11.8046,-0.790897,79.8869,-0.427533,0.0726913,-2.994667798280716,-1.4050864279270172,-0.0901799,610.9099731445312,,,,,,,100.4,4.016,100.4,4.016,,,,,,,,,,,,,,,,,,,"Kyle Farmer","14813",571657
"Tim Elko","CHW",15,65,60,14,10,3,0,2,7,7,4,0,21,1,1,0,,0,0,0.237254,0.0550698,0.320945,0.171587,0.28396,0.382205,0.291512,0.666165,0.144951,1.9641,0.323671,-0.0939566,-0.0905543,6.29404,-1.17328,84.6554,-0.184511,-0.418302,-1.3151809871196747,-1.7760182619094849,-0.0971685,999,,,,,,,60.9,4.06,60.9,4.06,,,,,,,,,,,,,,,,,,,"Tim Elko","31522",671284
"Martín Maldonado","SDP",39,153,138,26,17,4,0,4,13,15,10,0,49,1,1,2,,0,0,0.186108,0.0656932,0.324244,0.202604,0.247209,0.313003,0.249937,0.560213,0.126895,2.24799,0.251747,-0.625904,-0.153586,9.80489,-7.85276,59.1261,-0.77949,-0.836499,-8.093153893947601,2.144982695579529,-0.103596,999,,,,,,,89.8,2.302564102,89.8,2.302564102,,,,,,,,,,,,,,,,,,,"Martin Maldonado","6887",455117
"Justin Foscue","TEX",7,29,26,6,4,1,0,0,4,4,3,0,7,0,0,0,,0,0,0.220239,0.0906072,0.228934,0.395778,0.294373,0.304707,0.27196,0.599081,0.0844686,3.39471,0.278178,-0.0343471,-0.0493724,2.34846,-0.97035,71.4724,-0.0837196,-0.43614,-1.017972357571125,-0.9997203946113586,-0.110031,999,,,,,,,19.5,2.785714285,19.5,2.785714285,,,,,,,,,,,,,,,,,,,"Justin Foscue","27501",679822
"Buddy Kennedy","PHI",4,18,17,3,2,1,0,0,2,1,1,0,4,0,0,0,,0,0,0.173913,0.08,0.24,0.333333,0.24,0.217391,0.212504,0.457391,0.0434783,2.64286,0.235294,-0.0106035,-0.0233625,0.62206,-1.47719,29.268,-0.033966,-0.0181012,-1.5386141315102577,-0.2384715974330902,-0.123402,999,,,,,,,5.7,1.425,5.7,1.425,,,,,,,,,,,,,,,,,,,"Buddy Kennedy","22505",671083
"Zac Veen","COL",21,91,82,18,12,4,1,2,10,9,7,0,24,1,0,0,,4,1,0.223494,0.0757196,0.264942,0.285796,0.287701,0.363328,0.287527,0.651029,0.139833,6.70322,0.286796,0.19907,0.3778,8.55769,-1.93854,67.8577,0.57687,-0.0722593,-2.841862916946411,-1.303740844130516,-0.124897,999,,,,,,,83.7,3.985714285,83.7,3.985714285,,,,,,,,,,,,,,,,,,,"Zac Veen","27770",691728
"Rece Hinds","CIN",10,43,40,9,6,1,0,1,6,6,3,0,15,0,0,0,,1,0,0.214695,0.0592289,0.359999,0.164525,0.264823,0.332124,0.263985,0.596947,0.117429,5.50145,0.317815,0.055899,0.00939992,3.24806,-1.73015,58.4754,0.0652989,0.0661121,-2.0294588953256607,-0.5999372899532318,-0.128093,743.4600219726562,,,,,,,33.6,3.36,33.6,3.36,,,,,,,,,,,,,,,,,,,"Rece Hinds","27493",677956
"Luke Williams","ATL",9,40,38,8,7,1,0,0,5,4,3,0,12,0,0,0,,1,0,0.206897,0.0645161,0.290323,0.222222,0.258065,0.241379,0.228634,0.499444,0.0344827,6.091,0.3,0.00301692,0.201933,1.90626,-2.76706,39.6702,0.20495,-0.125454,-2.65206877887249,0.09753945469856262,-0.129195,999,,,,,,,20.6,2.288888888,20.6,2.288888888,,,,,,,,,,,,,,,,,,,"Luke Williams","19931",663897
"Jahmai Jones","DET",8,36,32,6,5,1,0,0,5,4,4,0,10,0,0,0,,0,0,0.192308,0.103448,0.275862,0.375,0.275862,0.230769,0.237722,0.506631,0.0384615,2.64286,0.277778,0.0155459,-0.055721,1.95301,-2.1955,48.6333,-0.0401751,0.0235892,-2.142938271164894,-0.46313924714922905,-0.146256,750.5599975585938,,,,,,,16.5,2.0625,16.5,2.0625,,,,,,,,,,,,,,,,,,,"Jahmai Jones","18872",663330
"Orlando Arcia","COL",33,142,129,30,20,6,0,4,15,15,10,0,29,1,1,0,,0,0,0.230354,0.0731304,0.204544,0.357529,0.288778,0.365231,0.288644,0.654009,0.134878,2.25776,0.265239,-0.241271,-0.155232,13.4766,-2.89755,68.6205,-0.396503,-0.0287389,-5.60316327214241,-0.9750351775437593,-0.206369,462.8599853515625,,,,,,,127,3.848484848,127,3.848484848,,,,,,,,,,,,,,,,,,,"Orlando Arcia","13185",606115
"Jac Caglianone","KCR",66,283,259,61,41,13,1,6,31,30,19,2,71,3,2,0,,2,1,0.234279,0.0656713,0.249548,0.263161,0.290852,0.361472,0.286166,0.652324,0.127193,4.07248,0.296651,-0.252776,-0.134531,26.3918,-6.35648,76.985,-0.387307,-0.268963,-7.824594885110855,-5.1948888301849365,-0.370372,999,,,,,,,249.4,3.778787878,249.4,3.778787878,,,,,,,,,,,,,,,,,,,"Jac Caglianone","35041",695506