name,position,eligible_positions,team,player_id,fangraphs_id,mlbamid,is_free_agent,r,hr,tb,sbn,avg,ops,h,ab,pa,g,avg_diff,ops_diff,r_z,hr_z,tb_z,sbn_z,avg_z,ops_z,current_pr,xwoba,xwoba_percentile,proj_g,proj_pa,proj_ab,proj_h,proj_2b,proj_3b,proj_hr,proj_r,proj_rbi,proj_bb,proj_so,proj_sb,proj_cs,proj_avg,proj_woba,proj_ops,proj_wrc+,proj_war,proj_tb,proj_sbn,proj_avg_diff,proj_ops_diff,proj_r_z,proj_hr_z,proj_tb_z,proj_sbn_z,proj_avg_z,proj_ops_z,proj_pr,blended_ab,blended_g,blended_avg,blended_ops,blended_r,blended_hr,blended_tb,blended_sbn,blended_avg_diff,blended_ops_diff,blended_r_z,blended_hr_z,blended_tb_z,blended_sbn_z,blended_avg_z,blended_ops_z,blended_pr
Corbin Carroll,OF,OF,Corb Your Enthusiasm: S2,42404,25878,682998,0,47.0,18.0,141.0,6.0,0.26229508,0.91366221,64.0,244.0,271.0,59.0,4.235905669279531,49.15729006620545,2.678728170809029,3.3946147990552253,2.6311814440738446,1.2122908613485306,0.7516294368293662,2.8475596146379,13.516004326753897,0.402,93.0,98.0,423.0,369.0,97.0,18.0,7.0,16.0,71.0,52.0,42.0,86.0,23.0,4.0,0.263364,0.360059,0.828806,128.953,3.21813,177.0,19.0,5.6618786,36.924313,2.515411,1.7183293,1.8764998,4.0239916,1.4140172,2.6374876,14.185736,369.0,98.0,0.2628811974520646,0.8671327122314965,60.16,16.903333333333332,160.74,13.128333333333334,5.221645402872012,50.71192799086674,2.357503366642675,2.1493031416961506,1.9064784622301725,2.736582902085531,0.995925663081923,2.9198486881253993,13.88324036446271
Mookie Betts,SS,"SS,OF",Corb Your Enthusiasm: S2,33039,13611,605141,0,43.0,8.0,85.0,5.0,0.25714286,0.74367404,54.0,210.0,239.0,54.0,2.5636903186422106,6.6099880455046875,2.338043316185605,0.9873932642687173,1.0498347452405514,0.9120646025568282,0.4549074650979396,0.3829001758695079,6.12514356921915,0.342,62.0,94.0,406.0,351.0,98.0,20.0,2.0,17.0,64.0,57.0,48.0,51.0,9.0,2.0,0.280291,0.375011,0.861787,142.483,3.76614,173.0,7.0,11.327068,46.69947,2.144725,1.8904994,1.8058765,1.0222188,2.8288615,3.3357227,13.027904,351.0,94.0,0.2710703188591783,0.8147386836646757,55.635000000000005,13.415,137.94666666666666,6.203333333333333,7.841312606872724,29.84787137899233,2.0592173084911134,1.4454361091913577,1.4066027474145821,0.8555786157917037,1.495575408689577,1.7185556050044561,10.27830416176124
Ketel Marte,2B,"2B,DH",Corb Your Enthusiasm: S2,32512,13613,606466,0,27.0,10.0,71.0,1.0,0.29411765,1.01330532,35.0,119.0,144.0,35.0,5.85275785723059,35.831782212452644,0.9753038976919084,1.468837571226019,0.6544980705322282,-0.2888404326099811,1.0385276338972638,2.07564607022197,5.923972810959409,0.453,99.0,91.0,392.0,342.0,95.0,20.0,2.0,18.0,58.0,56.0,44.0,68.0,4.0,1.0,0.278632,0.373609,0.864611,138.176,3.04838,173.0,3.0,10.469251,46.467857,1.8269945,2.0626693,1.8058765,0.021627802,2.6146271,3.3191786,11.650974,342.0,91.0,0.2823485447425232,0.9002976593149536,50.559999999999995,16.08,148.51999999999998,2.5200000000000005,11.49740656136455,58.34371101602861,1.7246754863653277,1.9831730346453298,1.6384842577092662,-0.14490741855471204,2.192903073627213,3.3592650648423303,10.276493922628305
Corey Seager,SS,SS,Corb Your Enthusiasm: S2,32691,13624,608369,0,15.0,6.0,54.0,0.0,0.26666667,0.75708661,32.0,120.0,127.0,31.0,2.60782309636698,5.386644426002674,-0.0467506661783641,0.5059489573114158,0.17444639410069288,-0.5890666914016834,0.4627384928537173,0.3120349210715477,0.8193514077573261,0.382,,80.0,345.0,305.0,86.0,16.0,1.0,19.0,48.0,52.0,34.0,58.0,1.0,0.0,0.283038,0.376505,0.880217,145.659,2.9206,161.0,1.0,10.680444,46.200462,1.2974434,2.2348392,1.5940067,-0.47866768,2.6673713,3.3000789,10.615072,305.0,80.0,0.27957272752811724,0.8541544131942665,41.015,16.248333333333335,138.35166666666666,0.7883333333333333,9.406910840881586,37.95798203812823,1.0954731824854034,2.0171389067346683,1.415484715731355,-0.6152716672813756,1.7941823302678905,2.1855127274568824,8.541644672013996
Christian Yelich,OF,"OF,DH",Corb Your Enthusiasm: S2,31283,11477,592885,0,33.0,13.0,98.0,8.0,0.23684211,0.74623081,54.0,228.0,256.0,60.0,-1.8451357969027375,7.759502009405086,1.4863311796270446,2.191004031661971,1.4169330860411373,1.8127433789319352,-0.3274053976125477,0.4494886622497901,7.02909494089933,0.335,54.0,84.0,363.0,312.0,80.0,14.0,2.0,11.0,49.0,43.0,46.0,80.0,15.0,3.0,0.257704,0.340347,0.771204,116.805,1.48116,131.0,12.0,3.0213604,13.248736,1.3503985,0.85747945,1.064332,2.2729576,0.754565,0.94635195,7.246085,312.0,84.0,0.24880292105333351,0.7605487692572266,42.17333333333333,11.853333333333332,116.91999999999999,10.293333333333333,0.0226275351299543,9.624187930646832,1.1718300187341457,1.1303269790160155,0.9454714211412941,1.966525551667769,0.0043157551287981676,0.5541333886700679,7.153502670490909
Zach Neto,SS,SS,Corb Your Enthusiasm: S2,4666100,31347,687263,0,34.0,10.0,91.0,6.0,0.27906977,0.84600966,48.0,172.0,183.0,43.0,5.871212971459339,23.015621610603834,1.5715023932829006,1.468837571226019,1.2192647486869757,1.2122908613485306,1.0418023543932788,1.3332377459350424,7.846935674872747,0.368,82.0,94.0,405.0,364.0,91.0,20.0,1.0,16.0,53.0,50.0,26.0,93.0,18.0,5.0,0.248806,0.331443,0.75677,112.18,2.603,161.0,13.0,0.2860521,10.20289,1.562219,1.7183293,1.5940067,2.5231051,0.071439564,0.72878855,8.197888,364.0,94.0,0.25803644968032224,0.7839881065602006,47.205,14.170000000000002,139.65,10.865,3.387403211208844,19.760138030703835,1.5035153261225676,1.5977780899484872,1.443958186178953,2.1218046058672355,0.6460802159015727,1.1377325886035847,8.090847800994574
Spencer Torkelson,1B,1B,Corb Your Enthusiasm: S2,4424286,27465,679529,0,35.0,14.0,105.0,1.0,0.23557692,0.84893725,49.0,208.0,247.0,59.0,-1.9464412996305676,28.44178345840463,1.6566736069387566,2.431726185140622,1.6146014233952988,-0.2888404326099811,-0.34538129318436434,1.6475618130159686,6.716341302696301,0.373,84.0,82.0,354.0,311.0,72.0,16.0,1.0,15.0,44.0,45.0,37.0,94.0,1.0,0.0,0.230988,0.328238,0.747886,112.872,0.882449,135.0,1.0,-5.2969975,5.9543767,1.085623,1.5461594,1.1349553,-0.47866768,-1.3228908,0.4253191,2.3904986,311.0,82.0,0.23287710296604197,0.7894854324641737,40.295,14.588333333333335,122.65,1.0,-4.9303744141687735,18.592643431819408,1.0480110914646026,1.6821883265269408,1.0711348247341579,-0.5577776734524187,-0.9403714784945802,1.0705115676721753,4.171303868390037
Isaac Paredes,3B,3B,Corb Your Enthusiasm: S2,39706,20036,670623,0,31.0,12.0,101.0,-1.0,0.25225225,0.8026112,56.0,222.0,256.0,59.0,1.624471488278917,20.071751168104942,1.3159887523153326,1.9502818781833204,1.5016480877643494,-0.8892929501933858,0.28825018430783883,1.162706649296152,5.329582601673607,0.332,50.0,90.0,388.0,333.0,80.0,15.0,1.0,14.0,47.0,50.0,44.0,64.0,1.0,0.0,0.241853,0.339022,0.763954,120.81,2.22167,139.0,1.0,-2.0536587,11.726225,1.2444884,1.3739893,1.2055786,-0.47866768,-0.51288795,0.83759964,3.6701002,333.0,90.0,0.24629001260721844,0.7804477293693338,40.17333333333333,13.146666666666665,122.78666666666666,0.14666666666666656,-0.8126479702541555,16.898323527925925,1.0399908770096984,1.3912924913063733,1.074132032149694,-0.7895644832195522,-0.15499653963143412,0.9729574429396444,4.3781460316497816
Ivan Herrera,C,"C,DH",Corb Your Enthusiasm: S2,41889,20599,671056,0,17.0,5.0,53.0,1.0,0.32631579,0.96860902,31.0,95.0,112.0,29.0,7.731193017957192,24.35905578725212,0.12359176113334798,0.2652268038327649,0.14620806019295549,-0.2888404326099811,1.3718417518713684,1.4110595481783261,3.029087492598782,0.38,,67.0,276.0,240.0,64.0,12.0,1.0,8.0,35.0,32.0,30.0,58.0,4.0,1.0,0.267478,0.344668,0.779157,121.597,1.64026,102.0,3.0,4.6698833,12.100053,0.60902697,0.34096953,0.55231327,0.021627802,1.1662728,0.864302,3.5545123,240.0,67.0,0.27846104534671223,0.8145213631576192,31.64,7.44,92.85333333333334,2.6266666666666665,7.135355626664703,20.356644021207188,0.47747720565205687,0.23981579790149532,0.41767050552729046,-0.11593406733382053,1.3609280668317256,1.172077708239814,3.4564329719918527
Gleyber Torres,2B,2B,Corb Your Enthusiasm: S2,33804,16997,650402,0,27.0,5.0,70.0,3.0,0.2716763,0.79218409,47.0,173.0,209.0,49.0,4.626277620595728,13.837609754153856,0.9753038976919084,0.2652268038327649,0.6262597366244909,0.3116120849734235,0.8208979883105136,0.8015783344846547,3.800878845917756,0.414,97.0,92.0,398.0,354.0,92.0,17.0,1.0,11.0,49.0,43.0,38.0,68.0,5.0,2.0,0.260965,0.32708,0.738754,112.057,1.79455,144.0,3.0,4.582476,3.5449128,1.3503985,0.85747945,1.2938577,0.021627802,1.1444434,0.25321218,4.921019,354.0,92.0,0.26469609609651434,0.75736546469191,41.336666666666666,8.91,118.22333333333333,3.0,5.651857514760385,9.792861874419533,1.116677311112752,0.5364286610974949,0.9740545455187286,-0.014527338060699588,1.077980120966528,0.5638451549735372,4.530836896702519
Fernando Tatis Jr.,OF,OF,Corb Your Enthusiasm: S2,35983,19709,665487,0,41.0,13.0,108.0,9.0,0.26548673,0.81779705,60.0,226.0,253.0,58.0,4.644733724824482,23.865406442305044,2.167700888873893,2.191004031661971,1.6993164251185109,2.1129696377236376,0.8241728844745451,1.3824636687762977,10.377627536628856,0.379,87.0,99.0,427.0,382.0,109.0,20.0,2.0,22.0,69.0,60.0,39.0,85.0,16.0,4.0,0.286355,0.380045,0.879926,147.899,4.0293,199.0,12.0,14.643911,57.753025,2.4095008,2.7513492,2.2649279,2.2729576,3.6572216,4.125273,17.48123,382.0,99.0,0.2775555396804165,0.8537283077100156,57.193333333333335,18.205000000000002,160.62833333333333,10.735000000000001,11.01120454124969,47.378044552770184,2.161941973084745,2.411950132802813,1.9040295244638192,2.086493334066774,2.100169647299885,2.727893154807037,14.485877501928933
Eugenio Suarez,3B,3B,Corb Your Enthusiasm: S2,32367,12552,553993,0,38.0,16.0,110.0,1.0,0.23148148,0.81946334,50.0,216.0,245.0,61.0,-2.905919466539437,23.16933364680481,1.9121872479063249,2.913170492097924,1.7557930929339858,-0.2888404326099811,-0.5156334400803663,1.3421419020831977,7.118818862331084,0.374,85.0,90.0,388.0,343.0,81.0,16.0,1.0,17.0,48.0,56.0,36.0,109.0,1.0,0.0,0.235996,0.329877,0.753037,108.409,1.61022,150.0,1.0,-4.1242833,8.33383,1.2974434,1.8904994,1.3997927,-0.47866768,-1.030013,0.5952824,3.6743367,343.0,90.0,0.23415256686907227,0.7801610745508525,43.916666666666664,16.59166666666667,133.66666666666666,1.0,-5.00019570138887,17.307458088187605,1.2867498039372889,2.086415833966387,1.312738983474363,-0.5577776734524187,-0.9536885091251285,0.9965142481406216,5.08083356628415
Jeremy Pena,SS,SS,Corb Your Enthusiasm: S2,41273,21636,665161,0,32.0,9.0,108.0,9.0,0.30837004,0.84731243,70.0,227.0,254.0,60.0,14.399797013960875,30.67099684585506,1.4011599659711886,1.228115417747368,1.6993164251185109,2.1129696377236376,2.5551351151550783,1.7766946030042838,10.773391164720067,0.346,66.0,99.0,428.0,393.0,105.0,19.0,1.0,11.0,54.0,45.0,23.0,76.0,12.0,3.0,0.266126,0.31702,0.72009,105.333,2.33602,159.0,9.0,7.115605,-3.3994987,1.615174,0.85747945,1.558695,1.5225142,1.7770759,-0.24282402,7.0881143,393.0,99.0,0.2840093142120237,0.7739474792310694,44.68666666666667,10.153333333333334,137.41,9.0,13.864614502730854,17.38846820159269,1.3375078735012011,0.7873053004900299,1.3948332256121092,1.6152236681144576,2.6444012043431213,1.0011785802360869,8.648214817269846
Kyle Tucker,OF,OF,Cornwood Fancymen,34967,18345,663656,0,44.0,12.0,118.0,15.0,0.28444444,0.91849649,64.0,225.0,269.0,59.0,8.889666555688093,46.41718129875501,2.423214529841461,1.9502818781833204,1.981699764195885,3.914327190473852,1.5774041228800935,2.6888319253084343,14.535759410883045,0.413,97.0,99.0,428.0,366.0,103.0,20.0,2.0,21.0,66.0,65.0,57.0,62.0,16.0,3.0,0.281514,0.385657,0.896136,150.581,3.82233,190.0,13.0,12.258748,61.266895,2.2506354,2.5791793,2.1060255,2.5231051,3.0615425,4.3762674,16.896755,366.0,99.0,0.2828278078493935,0.9061609452112939,56.13666666666667,16.965,157.72,13.896666666666668,12.47965240664501,64.58396916398587,2.092286959873662,2.1617460849367993,1.8402474886088027,2.9452815725985166,2.380247056087675,3.71856139390634,15.8382420980883
Julio Rodriguez,OF,OF,Cornwood Fancymen,41044,23697,677594,0,38.0,10.0,98.0,5.0,0.24369748,0.72735406,58.0,238.0,263.0,58.0,-0.29448474553882276,3.6071645449053102,1.9121872479063249,1.468837571226019,1.4169330860411373,0.9120646025568282,-0.05225409173992138,0.2089540751248124,5.866722491115201,0.35,71.0,100.0,432.0,391.0,106.0,18.0,2.0,18.0,61.0,56.0,33.0,101.0,18.0,5.0,0.270162,0.346386,0.796665,130.798,3.66148,182.0,13.0,8.657461,26.558643,1.9858599,2.0626693,1.9647789,2.5231051,2.1621444,1.8970726,12.595631,391.0,100.0,0.2585617110671524,0.7662837118431429,50.91833333333333,14.493333333333332,145.18,9.493333333333334,3.8440438384666935,14.303444220589798,1.7482966659242911,1.6630194680210764,1.5652354325783482,1.7492254175110817,0.7331753907753358,0.8235516671873658,9.646125904636177
Kyle Schwarber,DH,DH,Cornwood Fancymen,33712,16478,656941,0,44.0,19.0,125.0,3.0,0.26027397,0.9617537,57.0,219.0,266.0,60.0,3.3592758508697447,54.65271878745489,2.423214529841461,3.635336952533876,2.1793681015500463,0.3116120849734235,0.5960781030265888,3.1658961395088907,12.311505911434288,0.429,98.0,98.0,423.0,351.0,80.0,13.0,1.0,25.0,63.0,64.0,65.0,116.0,3.0,1.0,0.229385,0.365102,0.839433,133.437,1.90684,170.0,2.0,-6.5409336,38.853214,2.0917702,3.267859,1.7529091,-0.22851995,-1.6335557,2.775268,8.02573,351.0,98.0,0.24307911195245985,0.8936618516786881,54.57666666666667,22.34,150.05,2.4433333333333334,-1.9836010173854586,57.549903351910665,1.989452429328593,3.2462999214527843,1.6720383602392983,-0.16573201474472804,-0.3783326913472547,3.3135598755796365,9.925757394804064
Geraldo Perdomo,SS,SS,Cornwood Fancymen,41355,22799,672695,0,29.0,6.0,89.0,11.0,0.27619048,0.79782527,58.0,210.0,256.0,60.0,6.56369051864222,17.981746345504686,1.1456463250036204,0.5059489573114158,1.162788080871501,2.7134221553070423,1.1646772598900714,1.0416378654144627,7.734120643798113,0.33,48.0,92.0,397.0,338.0,84.0,16.0,2.0,6.0,51.0,38.0,45.0,61.0,12.0,3.0,0.249982,0.316334,0.702754,99.1907,2.03346,122.0,9.0,0.6631077,-8.783294,1.4563087,-0.003370412,0.90542966,1.5225142,0.16560674,-0.62738603,3.4191027,338.0,92.0,0.2611642844544393,0.7433177537294596,41.61333333333333,6.0,107.91999999999999,9.853333333333332,4.202653992631202,4.602120343148836,1.1349150590513004,-0.05074374155581054,0.7480943474352262,1.8470104778815906,0.8015731903229188,0.26497700992473494,5.260177004777527
Jorge Soler,OF,"OF,DH",Cornwood Fancymen,32558,14221,624585,0,23.0,8.0,78.0,0.0,0.21153846,0.66255365,44.0,208.0,234.0,57.0,-6.946440979630564,-10.326005341595366,0.6346190430684843,0.9873932642687173,0.8521664078863898,-0.5890666914016834,-1.2325934355323358,-0.5981598202761123,0.05435876801346029,0.297,17.0,83.0,357.0,312.0,73.0,15.0,0.0,18.0,45.0,47.0,38.0,92.0,1.0,0.0,0.235039,0.340206,0.778505,118.344,1.03667,142.0,1.0,-4.0501175,15.526659,1.138578,2.0626693,1.2585461,-0.47866768,-1.0114906,1.1090629,4.0786977,312.0,83.0,0.2258737868031067,0.733283990149437,36.42,14.100000000000001,117.04,0.61,-7.1312623509408075,1.1175768490164852,0.792572754373486,1.5836536678915347,0.9481031154573755,-0.6637114888538039,-1.3601473553844763,0.06434689876251203,2.5092055051957205
Trent Grisham,OF,OF,Cornwood Fancymen,34995,18564,663757,0,29.0,13.0,86.0,-1.0,0.24705882,0.84608854,42.0,170.0,194.0,50.0,0.36108155318655827,22.76140770350379,1.1456463250036204,2.191004031661971,1.0780730791482889,-0.8892929501933858,0.06407119177355193,1.318511766240831,4.908013443634878,0.376,86.0,62.0,267.0,230.0,50.0,10.0,1.0,12.0,34.0,33.0,30.0,69.0,4.0,1.0,0.217328,0.32385,0.7354,108.594,1.28925,98.0,3.0,-7.0591936,1.5317827,0.5560719,1.0296494,0.48168996,0.021627802,-1.7629877,0.10941521,0.43546656,230.0,62.0,0.22694096316317255,0.7711893088615637,32.38333333333333,12.323333333333334,94.12,1.706666666666667,-5.011569759993785,9.542078032230771,0.5264774199929764,1.2251623842555532,0.4454495010859222,-0.36582922161401116,-0.9558578860138391,0.5494057340793091,1.8815900508467989
Wilmer Flores,1B,"1B,DH",Cornwood Fancymen,30627,5827,527038,0,24.0,10.0,89.0,1.0,0.25345622,0.72659395,55.0,217.0,237.0,60.0,1.849145782596959,3.1239414503548457,0.7197902567243403,1.468837571226019,1.162788080871501,-0.2888404326099811,0.3281169392577969,0.18096216248990032,3.5716545779595763,0.304,23.0,76.0,327.0,294.0,70.0,13.0,0.0,11.0,36.0,43.0,26.0,52.0,1.0,0.0,0.237644,0.310237,0.703828,98.6626,0.179388,116.0,1.0,-3.0505853,-7.324163,0.6619821,0.85747945,0.79949474,-0.47866768,-0.7618639,-0.523161,0.5552637,294.0,76.0,0.24388982801413478,0.712820536444191,31.26,10.605,105.335,1.0,-1.4231272531135095,-4.963154127769112,0.452427768724412,0.8784414523336986,0.69140326570965,-0.5577776734524187,-0.27143339768484975,-0.2857643091688559,1.7467380956451644
Jorge Polanco,2B,"2B,DH",Cornwood Fancymen,32525,13152,593871,0,19.0,10.0,75.0,0.0,0.25490196,0.79322638,39.0,153.0,166.0,46.0,1.524973817867898,12.397356453153412,0.2939341884450601,1.468837571226019,0.7674514061631776,-0.5890666914016834,0.2705950749131133,0.7181480410479284,2.929899590393615,0.384,87.0,79.0,343.0,304.0,73.0,13.0,0.0,14.0,40.0,45.0,33.0,85.0,3.0,1.0,0.23854,0.32295,0.735419,114.312,1.3168,128.0,2.0,-2.8819652,2.0303793,0.87380254,1.3739893,1.0113646,-0.22851995,-0.7197521,0.14502972,2.455914,304.0,79.0,0.2430668044218816,0.751412357305511,34.190000000000005,12.893333333333334,113.33666666666667,1.4466666666666668,-1.721732114039885,6.599944647821539,0.6455721113507275,1.3401755352907367,0.8668861047583231,-0.4364517652149347,-0.3283863734564363,0.38000605548092486,2.587050028198292
Andy Pages,OF,OF,Cornwood Fancymen,42468,,,0,28.0,11.0,104.0,4.0,0.28110599,0.8083225,61.0,217.0,234.0,57.0,7.849145872596951,20.859036800354847,1.0604751113477644,1.7095597247046699,1.5863630894875616,0.6118383437651259,1.3927715941830783,1.2083121488784145,7.569320012366616,0.352,,79.0,340.0,305.0,75.0,16.0,1.0,13.0,46.0,42.0,28.0,82.0,3.0,1.0,0.246531,0.330308,0.754576,112.055,1.56001,132.0,2.0,-0.45419002,7.879959,1.1915332,1.2018194,1.0819879,-0.22851995,-0.11343109,0.5628626,3.696252,305.0,79.0,0.26001524291147576,0.7755371517099381,38.98,12.219999999999999,121.08,2.7800000000000002,3.4418780328059375,13.979717285408045,0.9613268557807781,1.204312046933385,1.0367034907654324,-0.07428487495378862,0.6564702115130162,0.8049123903061647,5.206748590471326
Javier Baez,SS,"SS,3B,OF",Cornwood Fancymen,32127,12979,595879,0,24.0,6.0,75.0,0.0,0.27011494,0.73323228,47.0,174.0,182.0,51.0,4.381342469732127,3.6599809977038706,0.7197902567243403,0.5059489573114158,0.7674514061631776,-0.5890666914016834,0.7774360975421489,0.21201360094031305,2.393573627279712,0.293,16.0,69.0,298.0,278.0,65.0,13.0,1.0,8.0,32.0,34.0,14.0,70.0,6.0,2.0,0.23508,0.285121,0.647881,82.5406,0.702076,104.0,4.0,-3.5973585,-22.478836,0.45016167,0.34096953,0.5876249,0.27177554,-0.8984169,-1.6056525,-0.8535378,278.0,69.0,0.2457072677377543,0.6737708683641067,29.573333333333334,7.3933333333333335,95.20333333333333,2.7866666666666666,-0.8404299077370214,-15.548858228031495,0.34124342587012807,0.23039951653019372,0.4692078525505414,-0.07247404050248296,-0.160295395140486,-0.8952590662130262,0.131419334385106
Kerry Carpenter,OF,"OF,DH",Cornwood Fancymen,42714,25961,681481,0,35.0,13.0,105.0,0.0,0.27317073,0.8145207,56.0,205.0,217.0,57.0,5.788363422960253,20.976172677754565,1.6566736069387566,2.191004031661971,1.6146014233952988,-0.5890666914016834,1.027101328369126,1.215097539070986,7.115411238034455,0.359,77.0,69.0,298.0,273.0,72.0,13.0,2.0,15.0,39.0,44.0,19.0,69.0,2.0,1.0,0.265327,0.349444,0.809953,127.789,1.30125,134.0,1.0,4.724774,22.171116,0.82084745,1.5461594,1.1172994,-0.47866768,1.1799814,1.5836735,5.7692933,273.0,69.0,0.2681638198825743,0.8116049684405873,37.553333333333335,14.276666666666667,123.51166666666666,0.6383333333333333,5.305324473621449,22.359506816373443,0.8672816013506727,1.6193010187971766,1.0900318519760162,-0.6560154424357545,1.0118857920436437,1.2873968557590052,6.256139292860521
Ryan Jeffers,C,"C,DH",Cornwood Fancymen,41587,24618,680777,0,17.0,3.0,63.0,0.0,0.24698795,0.71462446,41.0,166.0,188.0,47.0,0.3408210966409921,0.40280788930370237,0.12359176113334798,-0.21621750312453672,0.4285913992703292,-0.5890666914016834,0.06047612693211983,0.02333365969714702,-0.16929124749327612,0.343,63.0,64.0,257.0,227.0,55.0,11.0,1.0,10.0,30.0,33.0,22.0,57.0,1.0,0.0,0.240769,0.329433,0.748615,113.2,1.51943,98.0,1.0,-1.6460096,4.511609,0.34425145,0.68530947,0.48168996,-0.47866768,-0.41108027,0.32226285,0.9437659,227.0,64.0,0.24271760355143485,0.7379646489788128,25.926666666666666,7.806666666666667,87.03333333333333,0.6866666666666666,-1.3649040906409349,1.8756183514693894,0.10085672412588577,0.3138008658188648,0.2900333311973663,-0.642886892663788,-0.2603284801314035,0.10799277408557897,0.5950079791438997
Agustin Ramirez,C,"C,1B,DH",Cornwood Fancymen,5132014,,,0,18.0,7.0,67.0,-1.0,0.23972603,0.7607909,35.0,146.0,159.0,37.0,-0.760482006086839,7.094577058303261,0.20876297478920403,0.7466711107900665,0.5415447349012787,-0.8892929501933858,-0.1349417826037519,0.4109712127530304,0.8837153004364419,0.352,,85.0,358.0,324.0,76.0,17.0,1.0,12.0,41.0,44.0,29.0,75.0,8.0,2.0,0.23508,0.309874,0.707187,93.8,0.605939,131.0,6.0,-4.192605,-6.983204,0.92675763,1.0296494,1.064332,0.772071,-1.0470759,-0.49880645,2.2469277,324.0,85.0,0.23631120069772646,0.7213920312485466,34.905,10.675,114.03999999999999,4.1450000000000005,-4.023819570274041,-2.692434109909849,0.692704604517217,0.892565874390651,0.8823107575553525,0.2964834789510597,-0.7674640586361965,-0.15502270402932053,1.8856764421850847
Vinnie Pasquantino,1B,"1B,DH",Cornwood Fancymen,4109109,27676,686469,0,23.0,8.0,93.0,0.0,0.25751073,0.7113946,60.0,233.0,253.0,60.0,2.930189158779226,-0.18717040284481,0.6346190430684843,0.9873932642687173,1.2757414165024503,-0.5890666914016834,0.5199399134852181,-0.010842316154502011,2.817784629768685,0.337,56.0,90.0,388.0,347.0,90.0,20.0,1.0,15.0,45.0,56.0,34.0,53.0,1.0,0.0,0.258057,0.338038,0.778468,114.137,1.02472,157.0,1.0,3.482789,17.255587,1.138578,1.5461594,1.5233834,-0.47866768,0.86980385,1.2325594,5.8318167,347.0,90.0,0.2578266551395757,0.7501853904083075,35.723333333333336,12.048333333333334,130.01333333333332,0.5783333333333334,3.156401608343007,7.107731936650863,0.7466487866728035,1.169673583317526,1.2326185120736775,-0.6723129524975061,0.602021225534167,0.4092430044173187,4.560899828265374
Shohei Ohtani,DH,"DH,P,SP",Soggy Bottom Boys and devil,39832,19755,660271,0,64.0,23.0,154.0,7.0,0.28813559,1.03882396,68.0,236.0,277.0,59.0,10.195383876188394,77.08374863780526,4.126638802958582,4.5982255664484795,2.9982797848744305,1.512517120140233,1.8090937899526174,4.465269937994717,19.51002500236906,0.464,100.0,94.0,406.0,349.0,100.0,18.0,4.0,25.0,74.0,63.0,52.0,93.0,21.0,5.0,0.28733,0.406565,0.960781,163.961,3.82488,201.0,16.0,13.719141,80.98227,2.6742764,3.267859,2.3002396,3.2735484,3.4262662,5.326,20.268188,349.0,94.0,0.28770191490736907,0.9968108214658513,69.38333333333333,24.076666666666668,179.30166666666668,11.844999999999999,13.601059783777494,93.22097413041178,2.96550154189525,3.5967201067705075,2.313550401093965,2.3879972702091776,2.594133350442582,5.326,19.918169672643195
Jarren Duran,OF,OF,Soggy Bottom Boys and devil,41610,24617,680776,0,34.0,4.0,116.0,8.0,0.27472527,0.74694232,75.0,273.0,295.0,63.0,8.132795344234887,9.485224899156098,1.5715023932829006,0.02450465035411411,1.9252230963804102,1.8127433789319352,1.443103048485844,0.5494554993210128,7.326532066756217,0.329,46.0,89.0,385.0,350.0,95.0,22.0,5.0,10.0,54.0,41.0,28.0,84.0,19.0,4.0,0.269828,0.338541,0.777247,113.171,2.15218,157.0,15.0,7.632747,16.97742,1.615174,0.68530947,1.5233834,3.0234008,1.9062288,1.2126902,9.966187,350.0,89.0,0.27223582020970727,0.7623472049279442,44.166666666666664,7.05,136.84166666666664,11.558333333333334,8.226898157600955,11.425817150540867,1.3032296966528447,0.1611225892984749,1.38236922892067,2.3101313888030317,1.5691182320058839,0.65786607883999,8.668356415569201
Matt Olson,1B,1B,Soggy Bottom Boys and devil,32767,14344,621566,0,33.0,12.0,101.0,0.0,0.239819,0.79295107,53.0,221.0,256.0,59.0,-1.130594200857476,17.84644914455492,1.4863311796270446,1.9502818781833204,1.5016480877643494,-0.5890666914016834,-0.20061539345317633,1.0338004348954244,5.182379495615278,0.387,89.0,101.0,436.0,374.0,94.0,19.0,1.0,21.0,59.0,66.0,55.0,99.0,0.0,0.0,0.251483,0.359921,0.828787,129.303,2.13871,178.0,0.0,1.2951063,37.417553,1.8799497,2.5791793,1.8941556,-0.72881544,0.32344428,2.6727195,8.620632,374.0,101.0,0.24650635619555153,0.8134970197059915,47.90666666666666,17.16,145.14666666666665,0.0,-0.8317912243149403,31.3393324821391,1.5497688916775607,2.2010926892383096,1.5645044063794362,-0.8294028411482781,-0.1586477370075613,1.804429696523861,7.153644363197543
Oneil Cruz,SS,"SS,OF",Soggy Bottom Boys and devil,39712,21711,665833,0,35.0,12.0,88.0,18.0,0.22340426,0.8189623,42.0,188.0,228.0,53.0,-4.047743562358398,20.071705987404197,1.6566736069387566,1.9502818781833204,1.1345497469637635,4.815005966848958,-0.7182414934944971,1.1627040320904714,10.000973737530774,0.383,87.0,90.0,388.0,344.0,87.0,18.0,2.0,17.0,53.0,51.0,39.0,111.0,18.0,3.0,0.252502,0.342577,0.79094,116.096,2.35733,160.0,15.0,1.5417571,21.396763,1.562219,1.8904994,1.5763508,3.0234008,0.3850437,1.5283618,9.965876,344.0,90.0,0.24144485531027682,0.8015884657575836,46.16,15.1,132.64,16.14,-2.506226307647708,24.728939724784695,1.4346293745715437,1.7854311258479967,1.290223376547893,3.5546273654628946,-0.47801313660719713,1.4238220685900327,9.979212908140113
Cal Raleigh,C,"C,DH",Soggy Bottom Boys and devil,41292,21534,663728,0,39.0,23.0,135.0,5.0,0.25925926,0.99854086,56.0,216.0,257.0,59.0,3.0940810134605634,61.85007796680481,1.9973584615621809,4.5982255664484795,2.4617514406274204,0.9120646025568282,0.5490212840474681,3.582821265030609,14.101242620272984,0.404,95.0,93.0,371.0,326.0,74.0,14.0,1.0,21.0,47.0,56.0,40.0,100.0,3.0,1.0,0.226412,0.338597,0.782365,125.319,2.9668,153.0,2.0,-7.044255,17.481726,1.2444884,2.5791793,1.4527601,-0.22851995,-1.7592568,1.2487124,4.5373635,326.0,93.0,0.24048157537879358,0.8749603404713433,43.57333333333334,21.856666666666666,145.29000000000002,3.285,-2.689115816655258,47.35421473308047,1.264117417941259,3.148774150107161,1.567647819034756,0.06288583473262041,-0.5128956959301432,2.7265211015147264,8.633891739879305
Anthony Santander,OF,"OF,DH",Soggy Bottom Boys and devil,36084,14551,623993,0,14.0,6.0,56.0,0.0,0.17934783,0.5770751,33.0,184.0,209.0,50.0,-12.06800447890396,-24.862596386795907,-0.13192187983422013,0.5059489573114158,0.2309230619161676,-0.5890666914016834,-2.141376158566735,-1.4402284033707147,-3.56572111394577,0.275,7.0,71.0,309.0,276.0,66.0,14.0,1.0,16.0,38.0,45.0,27.0,63.0,1.0,0.0,0.238367,0.336372,0.774792,118.75,0.969298,130.0,1.0,-2.6642656,12.71033,0.7678923,1.7183293,1.0466762,-0.47866768,-0.66538304,0.90789384,3.2967408,276.0,71.0,0.21780865981237368,0.705920623301726,29.64,12.516666666666666,104.22333333333333,0.6516666666666666,-8.53439943681303,-6.563663575838271,0.3456380639276096,1.2641726927938022,0.6670235419759561,-0.6523937735331431,-1.62776802374191,-0.37791709446857275,0.9063165473137678
Matt Chapman,3B,3B,Soggy Bottom Boys and devil,33857,16505,656305,0,30.0,10.0,90.0,3.0,0.23584906,0.78167116,50.0,212.0,252.0,60.0,-1.9261791830850008,14.728329752604731,1.2308175386594766,1.468837571226019,1.1910264147792382,0.3116120849734235,-0.341785933788482,0.8531755297759945,4.71368320562567,0.373,84.0,98.0,423.0,367.0,88.0,19.0,1.0,18.0,55.0,54.0,49.0,107.0,7.0,2.0,0.240108,0.341757,0.778964,120.118,2.8848,163.0,5.0,-2.9037569,18.432167,1.6681292,2.0626693,1.6293182,0.5219233,-0.7251944,1.3166021,6.473448,367.0,98.0,0.23831924418611072,0.780100997374179,44.50000000000001,14.64,132.34,4.16,-3.8208930468326447,18.496427239906765,1.3252028869402532,1.6926134951880245,1.283644140757691,0.3005578564664975,-0.728759834809714,1.0649717127926064,5.7343466701787
Randy Arozarena,OF,OF,Soggy Bottom Boys and devil,36488,19290,668227,0,24.0,7.0,79.0,9.0,0.215311,0.71670011,45.0,209.0,248.0,57.0,-6.191376470494174,0.9409605419546582,0.7197902567243403,0.7466711107900665,0.8804047417941272,2.1129696377236376,-1.0986129468052213,0.05450750508478415,3.4157303053117345,0.345,65.0,97.0,418.0,358.0,85.0,17.0,1.0,14.0,54.0,48.0,47.0,106.0,16.0,5.0,0.237425,0.335401,0.753139,123.071,1.91502,146.0,11.0,-3.7930613,8.734815,1.615174,1.3739893,1.3291694,2.0228097,-0.9472924,0.62392455,6.017775,358.0,97.0,0.22828454635894774,0.7380776032873047,41.6,11.106666666666666,118.30666666666667,10.173333333333332,-7.319614494511507,2.998461298061427,1.1340361314398044,0.9796664770751903,0.9758821110160072,1.9339305315442656,-1.3960718042900597,0.17264287978000425,4.942263227326702
Brice Turang,2B,2B,Soggy Bottom Boys and devil,41179,22186,668930,0,43.0,4.0,82.0,10.0,0.27678571,0.72404808,62.0,224.0,258.0,59.0,7.134601406551702,2.6544388752049883,2.338043316185605,0.02450465035411411,0.9651197435173393,2.41319589651534,1.2659810807639067,0.15376504543636396,7.160609732772669,0.348,69.0,90.0,389.0,350.0,89.0,15.0,2.0,6.0,48.0,35.0,32.0,73.0,25.0,4.0,0.25287,0.299452,0.670787,88.9687,1.66125,126.0,21.0,1.6974479,-20.283592,1.2974434,-0.003370412,0.97605294,4.524287,0.42392647,-1.4488472,5.769492,350.0,90.0,0.2631537515655068,0.6936892511841339,45.85,5.140000000000001,107.08000000000001,16.27,5.048174132130791,-12.604466659792713,1.4141943076042547,-0.22427235539836804,0.7296724872226603,3.5899386372633564,0.9628394465717804,-0.7257293678075967,6.367672710223474
Dansby Swanson,SS,SS,Soggy Bottom Boys and devil,34895,18314,621020,0,38.0,11.0,98.0,5.0,0.24017467,0.72439029,55.0,229.0,254.0,60.0,-1.0900722577663433,2.7920558329551017,1.9121872479063249,1.7095597247046699,1.4169330860411373,0.9120646025568282,-0.19342508100459904,0.16173685370022017,5.919056433904582,0.35,71.0,99.0,428.0,386.0,93.0,18.0,1.0,14.0,55.0,53.0,36.0,106.0,11.0,3.0,0.241088,0.314151,0.714224,101.909,2.51893,155.0,8.0,-2.6758058,-5.6032205,1.6681292,1.3739893,1.4880717,1.2723665,-0.6682651,-0.40023488,4.734057,386.0,99.0,0.24070135865062026,0.7185277184210908,47.80333333333333,12.73,130.87,6.73,-3.099208765139105,-4.313277734191773,1.5429572026884644,1.307218550491181,1.2514058853857,0.9986345374448565,-0.5911128210185982,-0.24834627340472157,5.235706731297865
Cody Bellinger,1B,"1B,OF,DH",Soggy Bottom Boys and devil,33912,15998,641355,0,30.0,8.0,87.0,3.0,0.25252525,0.76834131,50.0,198.0,228.0,55.0,1.5029069490055142,11.116393902904424,1.2308175386594766,0.9873932642687173,1.106311413056026,0.3116120849734235,0.2666794758628535,0.6439450648252777,4.546758841645775,0.343,63.0,82.0,356.0,321.0,80.0,15.0,1.0,13.0,47.0,48.0,30.0,62.0,8.0,2.0,0.250918,0.323926,0.745192,108.648,1.45756,136.0,6.0,0.9302126,5.2810583,1.2444884,1.2018194,1.1526111,0.772071,0.23231445,0.37722427,4.980529,321.0,82.0,0.2515287555806351,0.7539887324240997,40.54,11.100000000000001,117.38,4.859999999999999,0.8982731357532774,7.796036912904835,1.0641613863258472,0.9783212940221477,0.9555595826862712,0.49069547385359896,0.17132784770519008,0.44887364875620683,4.815696235344193
Maikel Garcia,2B,"2B,3B",Soggy Bottom Boys and devil,4905884,22715,672580,0,24.0,5.0,100.0,4.0,0.31308411,0.8412393,67.0,214.0,239.0,59.0,14.583950015187789,27.614858219704775,0.7197902567243403,0.2652268038327649,1.473409753856612,0.6118383437651259,2.5878116729940457,1.5996600895711823,7.257736920744071,0.341,61.0,88.0,380.0,345.0,91.0,18.0,2.0,5.0,46.0,36.0,29.0,65.0,20.0,5.0,0.262435,0.307526,0.693359,92.6733,1.55467,128.0,15.0,4.973122,-12.206472,1.1915332,-0.17554039,1.0113646,3.0234008,1.2420048,-0.87190217,5.4208612,345.0,88.0,0.282610222327056,0.7522646632855656,37.236666666666665,5.0,116.84666666666666,10.618333333333334,11.688539771549117,7.784114324626831,0.846407070577635,-0.25252119951227286,0.9438631635036894,2.054803731168924,2.2293579560260337,0.4481871800076935,6.15255005535772
Hunter Goodman,C,"C,OF,DH",Soggy Bottom Boys and devil,4416591,29715,696100,0,30.0,10.0,110.0,0.0,0.28125,0.81887226,63.0,224.0,241.0,60.0,8.134602366551697,23.895055195204996,1.2308175386594766,1.468837571226019,1.7557930929339858,-0.5890666914016834,1.4434236909345586,1.3841811473286867,6.693986349681044,0.319,37.0,77.0,317.0,291.0,70.0,16.0,1.0,14.0,37.0,46.0,19.0,83.0,1.0,1.0,0.24093,0.323308,0.745171,92.4018,0.505678,130.0,0.0,-2.0632298,4.781396,0.7149372,1.3739893,1.0466762,-0.72881544,-0.5152783,0.3415336,2.2330427,291.0,77.0,0.25712520353496077,0.7747743457123824,34.18833333333333,12.393333333333334,121.96666666666668,0.0,2.4428887301112763,13.116048799149777,0.64546224539929,1.2392868063125055,1.0561487876564752,-0.8294028411482781,0.4659327454585993,0.7551848134522413,4.024855076114908
Gunnar Henderson,SS,SS,North Hollywood Fantasy Basebal,42507,26289,683002,0,29.0,7.0,91.0,5.0,0.26190476,0.75350877,55.0,210.0,228.0,52.0,3.5636893186422194,8.67528134550469,1.1456463250036204,0.7466711107900665,1.2192647486869757,0.9120646025568282,0.6323497274814119,0.5025374826767302,5.158533997195632,0.315,31.0,98.0,423.0,374.0,98.0,19.0,3.0,19.0,64.0,56.0,43.0,97.0,11.0,3.0,0.262344,0.359093,0.828681,136.002,3.71655,180.0,8.0,5.357124,37.377895,2.144725,2.2348392,1.9294672,1.2723665,1.3379067,2.6698868,11.589191,374.0,98.0,0.2621770904886902,0.8001155477184082,50.7,14.44,146.18,6.859999999999999,5.029063401318923,26.334661958782934,1.7339042262860396,1.6522580035967314,1.587166218545689,1.033945809245318,0.9591944523626138,1.5162749912885731,9.145541609730238
Jazz Chisholm Jr.,3B,"3B,OF,2B",North Hollywood Fantasy Basebal,41433,20454,665862,0,19.0,8.0,48.0,5.0,0.19444444,0.75694444,21.0,108.0,128.0,32.0,-5.4529600532697176,4.8326256234024125,0.2939341884450601,0.9873932642687173,0.005016390654268628,0.9120646025568282,-0.9675865361254061,0.2799419890586189,1.5107638988580874,0.347,67.0,85.0,369.0,330.0,80.0,13.0,2.0,17.0,51.0,48.0,33.0,96.0,23.0,5.0,0.243092,0.33343,0.765764,115.334,2.39404,148.0,18.0,-1.6262867,12.217888,1.4563087,1.8904994,1.364481,3.773844,-0.4061546,0.87271893,8.951697,330.0,85.0,0.23271385424778035,0.7638824923182047,44.17333333333333,15.08,126.66666666666666,15.226666666666667,-5.285459075983554,11.279558152153083,1.303669160458593,1.7813955766888674,1.1592234817029767,3.3065430456340095,-1.0080968600522013,0.6494449013874977,7.364298213401085
Pete Alonso,1B,1B,North Hollywood Fantasy Basebal,37498,19251,624413,0,32.0,12.0,122.0,-2.0,0.28634361,0.92177329,65.0,227.0,268.0,61.0,9.399797403960878,47.57361206585505,1.4011599659711886,1.9502818781833204,2.0946530998268345,-1.1895192089850881,1.667922985228078,2.755821084903761,8.680319805128095,0.425,98.0,98.0,423.0,365.0,91.0,17.0,1.0,23.0,59.0,66.0,47.0,93.0,2.0,1.0,0.249152,0.361975,0.836618,135.435,2.23091,179.0,1.0,0.41312978,39.37544,1.8799497,2.923519,1.9118115,-0.47866768,0.103176385,2.8125703,9.152359,365.0,98.0,0.2657642550777252,0.8746540329802683,46.94,18.086666666666666,153.54,-0.33999999999999997,6.217358234038977,52.907487267519514,1.4860466398440784,2.388073133611298,1.7485768032653177,-0.9217553981648704,1.1858382069466802,3.0462627513964846,8.94151483115383
Mike Trout,OF,"OF,DH",North Hollywood Fantasy Basebal,30836,10155,545361,0,17.0,10.0,63.0,2.0,0.23015873,0.80769231,29.0,126.0,143.0,35.0,-1.8617861888146694,12.032294847302804,0.12359176113334798,1.468837571226019,0.4285913992703292,0.011385826181721214,-0.3303598837774585,0.6970009297186628,2.3990476037526216,0.395,92.0,81.0,348.0,300.0,75.0,12.0,2.0,21.0,50.0,51.0,42.0,92.0,5.0,1.0,0.25041,0.372262,0.867873,140.894,2.36357,154.0,4.0,0.71695447,41.739876,1.4033537,2.5791793,1.470416,0.27177554,0.17905462,2.981461,8.885241,300.0,81.0,0.24558344011822167,0.8535299454665664,42.135000000000005,18.378333333333334,132.31166666666667,3.5233333333333334,-0.94408703521629,37.148379719193116,1.1693031018510942,2.446924892181933,1.2830227684886164,0.12762316636680027,-0.1800659435889074,2.1388981268589378,7.339364568140998
Lawrence Butler,OF,OF,North Hollywood Fantasy Basebal,4917919,22542,671732,0,33.0,9.0,109.0,7.0,0.26293103,0.80185884,61.0,232.0,256.0,57.0,4.175122839642832,20.801336583605163,1.4863311796270446,1.228115417747368,1.7275547590262483,1.512517120140233,0.7408439832391076,1.204969718757654,7.900332178537656,0.329,46.0,88.0,380.0,346.0,87.0,18.0,1.0,16.0,50.0,44.0,30.0,90.0,12.0,2.0,0.250034,0.327896,0.753313,111.704,1.72167,155.0,10.0,0.6967963,8.502227,1.4033537,1.7183293,1.4880717,1.772662,0.17402025,0.6073109,7.163748,346.0,88.0,0.2555367353512441,0.7740258945831155,42.74666666666666,13.013333333333332,135.37333333333333,8.719999999999999,2.354993103342975,15.336063003795413,1.209623906028487,1.3643888302455118,1.3501675248586251,1.5391686211596165,0.4491683917698034,0.8830069219751464,7.478023794328736
Jasson Dominguez,OF,OF,North Hollywood Fantasy Basebal,42401,28080,691176,0,27.0,6.0,68.0,8.0,0.24691358,0.76530282,40.0,162.0,191.0,49.0,0.3205606000954231,8.602995995103619,0.9753038976919084,0.5059489573114158,0.5697830688090161,1.8127433789319352,0.056881054992989635,0.4983501720203694,4.419010529757634,0.333,51.0,76.0,329.0,294.0,71.0,13.0,1.0,10.0,44.0,38.0,32.0,86.0,13.0,2.0,0.240961,0.315178,0.712821,102.494,0.93538,116.0,11.0,-2.0753877,-4.680212,1.085623,0.68530947,0.79949474,2.0228097,-0.5183146,-0.33430478,3.7406178,294.0,76.0,0.24285590485371317,0.7295277173182251,38.58833333333333,8.726666666666667,100.72,10.045,-1.7271006622774636,-0.051242950803083165,0.9355083571930739,0.49943612713881014,0.590192688470372,1.8990719683566308,-0.32941031793193765,-0.002950423472462016,3.956572786304105
Taylor Ward,OF,OF,North Hollywood Fantasy Basebal,34923,17548,621493,0,35.0,17.0,114.0,0.0,0.21551724,0.75804598,50.0,232.0,255.0,60.0,-6.824876440357171,10.636753063605173,1.6566736069387566,3.1538926455765743,1.8687464285649353,-0.5890666914016834,-1.2110227270873521,0.6161606633320282,5.495383925923259,0.334,52.0,98.0,423.0,375.0,93.0,18.0,1.0,16.0,53.0,50.0,40.0,99.0,4.0,2.0,0.24844,0.333362,0.759438,113.53,1.57539,161.0,2.0,0.15744567,11.511705,1.562219,1.7183293,1.5940067,-0.22851995,0.039320946,0.8222766,5.5076327,375.0,98.0,0.23444782552490423,0.7588463790039099,45.349999999999994,16.424999999999997,141.02499999999998,1.15,-5.355964266514402,10.92913722549524,1.3812345221731426,2.052786257640309,1.4741130168840462,-0.5170338982980397,-1.0215443317230144,0.6292686603426321,5.502426989642416
Nico Hoerner,2B,2B,North Hollywood Fantasy Basebal,41219,21479,663538,0,35.0,0.0,83.0,9.0,0.3,0.72181054,66.0,220.0,238.0,56.0,12.114341610006129,2.114779381004903,1.6566736069387566,-0.9383839635604891,0.9933580774250766,2.1129696377236376,2.1495983321640364,0.12250391246360608,6.096719603154624,0.314,30.0,94.0,405.0,369.0,102.0,18.0,2.0,4.0,50.0,38.0,27.0,43.0,20.0,5.0,0.275789,0.312771,0.701083,100.969,2.21794,136.0,15.0,10.246706,-10.205467,1.4033537,-0.34771037,1.1526111,3.0234008,2.5590482,-0.72897124,7.0617323,369.0,94.0,0.28539269222815833,0.7093049268996994,44.05,2.413333333333333,114.97666666666666,12.62,13.52838697525059,-7.5265247965663855,1.295539080052252,-0.7744522240929889,0.9028525937447618,2.598506775173469,2.580272448478543,-0.4333559070630405,6.678943925530428
Jose Caballero,2B,"2B,3B,SS,OF",North Hollywood Fantasy Basebal,42135,23401,676609,0,19.0,2.0,54.0,15.0,0.25179856,0.7196994,35.0,139.0,157.0,45.0,0.9540611299584201,1.0427076034530964,0.2939341884450601,-0.4569396566031875,0.17444639410069288,3.914327190473852,0.16929093464288691,0.06040145942687298,4.1554605104861775,0.288,13.0,41.0,176.0,156.0,35.0,7.0,1.0,3.0,21.0,16.0,14.0,45.0,16.0,4.0,0.225844,0.292197,0.650313,90.3623,0.734008,53.0,12.0,-3.4594789,-12.234624,-0.13234454,-0.51988035,-0.31282195,2.2729576,-0.8639824,-0.873913,-0.4299847,156.0,41.0,0.2326354401060548,0.668469122583931,20.476666666666667,2.7383333333333333,53.261666666666656,12.785,-2.5108132602105018,-9.552330915710698,-0.258404937073233,-0.7088745502571385,-0.45060586222968135,2.643324927843286,-0.47888800715472857,-0.5499960659709257,0.7698734717102653
Josh Smith,3B,"3B,SS",North Hollywood Fantasy Basebal,42884,26396,669701,0,20.0,5.0,70.0,5.0,0.26285714,0.73333333,46.0,175.0,196.0,52.0,3.136407598868512,3.698699121253901,0.3791054021009161,0.2652268038327649,0.6262597366244909,0.9120646025568282,0.5565318166317542,0.214256445589136,2.9534448073358903,0.333,51.0,75.0,323.0,282.0,69.0,14.0,1.0,8.0,40.0,32.0,30.0,65.0,7.0,2.0,0.246384,0.320788,0.719056,106.464,1.28434,109.0,5.0,-0.4613936,-2.7309122,0.87380254,0.34096953,0.675904,0.5219233,-0.115230136,-0.19506718,2.102302,282.0,75.0,0.2517652222439407,0.7237199346991597,33.46666666666667,7.02,96.25999999999999,5.0,0.8558207463494576,-1.6869461003671378,0.5978902884270522,0.15506926555978098,0.4923813830560314,0.5287229973310195,0.16323089343036384,-0.09712956208216644,2.380342033847522
Gabriel Moreno,C,C,North Hollywood Fantasy Basebal,42464,22664,672515,0,27.0,4.0,66.0,0.0,0.28205128,0.76425339,44.0,156.0,170.0,49.0,5.790169185277078,8.120655433803481,0.9753038976919084,0.02450465035411411,0.5133064009935413,-0.5890666914016834,1.027421747240369,0.47040938234278107,2.4218793872210305,0.336,55.0,83.0,327.0,290.0,79.0,16.0,1.0,6.0,38.0,37.0,32.0,54.0,3.0,1.0,0.271152,0.32847,0.737753,107.451,2.22947,115.0,2.0,6.7082357,2.6137347,0.7678923,-0.003370412,0.7818389,-0.22851995,1.675338,0.18669854,3.1798773,290.0,83.0,0.2742401219505272,0.7452614252239049,34.88333333333333,5.433333333333334,101.11666666666667,1.4333333333333333,7.397820263992862,4.5122295248481965,0.6912763471485355,-0.1650843010644725,0.5988919002374173,-0.4400734341175462,1.4109880092059877,0.25980135208074784,2.9651112112313833
Ryan O'Hearn,1B,"1B,DH,OF",North Hollywood Fantasy Basebal,35183,16442,656811,0,25.0,9.0,93.0,2.0,0.33526012,0.96045783,58.0,173.0,201.0,50.0,15.62627848059573,42.948966774153845,0.8049614703801963,1.228115417747368,1.2757414165024503,0.011385826181721214,2.7727649789960283,2.4879268794474063,8.58089598925517,0.41,96.0,80.0,347.0,314.0,85.0,15.0,1.0,13.0,44.0,47.0,28.0,60.0,3.0,1.0,0.269518,0.340787,0.781456,123.125,1.28748,141.0,2.0,6.7503233,16.552792,1.085623,1.2018194,1.2408903,-0.22851995,1.6858492,1.1823591,6.168021,314.0,80.0,0.29154160219774744,0.8414216088288087,37.635000000000005,11.66,124.92,2.0,13.442718462778043,35.07995306849955,0.8726650329710879,1.0913166704777664,1.1209177088800215,-0.2861525057565591,2.5639328728262907,2.0198039988739214,6.976334255788606
Elly De La Cruz,SS,SS,A Drive Into Deep Left Field ,4917694,26668,682829,0,47.0,12.0,109.0,14.0,0.25726141,0.79051745,62.0,241.0,272.0,63.0,2.970710391870359,18.87500999555536,2.678728170809029,1.9502818781833204,1.7275547590262483,3.6141009316821493,0.527130099949663,1.093382408119778,11.591178247770188,0.352,74.0,95.0,410.0,366.0,93.0,19.0,4.0,15.0,61.0,50.0,39.0,122.0,35.0,8.0,0.254931,0.340394,0.781912,110.7,2.98818,165.0,27.0,2.529375,19.460928,1.9858599,1.5461594,1.6646299,5.326,0.6316949,1.390086,12.544431,366.0,95.0,0.2559874540942312,0.7858131530716044,54.65333333333333,13.639999999999999,139.61333333333332,21.106666666666666,2.656082932255608,20.536677240859515,1.9945062630946964,1.4908360372315617,1.44315405736015,4.9036990316856635,0.5065953260733288,1.182443509364857,12.112289606213272
Bryce Harper,1B,1B,A Drive Into Deep Left Field ,30951,11579,547180,0,32.0,9.0,95.0,8.0,0.26829268,0.84300647,55.0,205.0,245.0,55.0,4.78836317296026,26.815755527754558,1.4011599659711886,1.228115417747368,1.3322180843179252,1.8127433789319352,0.8496588441826066,1.5533700570962186,8.177265748247242,0.397,92.0,97.0,419.0,357.0,99.0,22.0,1.0,18.0,60.0,59.0,56.0,88.0,8.0,3.0,0.277278,0.376514,0.872406,141.205,2.70846,177.0,5.0,10.445057,51.28873,1.9329047,2.0626693,1.8764998,0.5219233,2.608585,3.6635315,12.666114,357.0,97.0,0.27360899792878085,0.8604011953834635,48.56666666666666,14.325,143.51666666666665,6.225,8.881660566462243,46.659608086172085,1.5932758084466285,1.6290535959317385,1.5287572252526707,0.8614638277584473,1.694001221158619,2.6865276248891896,10.833167543828257
Ronald Acuna Jr.,OF,OF,A Drive Into Deep Left Field ,36185,18401,660670,0,6.0,3.0,24.0,0.0,0.34210526,1.03634085,13.0,38.0,42.0,10.0,3.692477067182878,12.317431854900846,-0.8132915890810685,-0.21621750312453672,-0.6727036231314283,-0.5890666914016834,0.6552021398021523,0.7135182077537487,-0.9225590591828159,0.407,,94.0,405.0,349.0,100.0,19.0,2.0,17.0,70.0,49.0,48.0,75.0,24.0,8.0,0.287381,0.381637,0.875111,144.085,3.42419,174.0,16.0,13.736937,51.08344,2.4624557,1.8904994,1.8235323,3.2735484,3.4307103,3.6488676,16.529613,349.0,94.0,0.29121169203060454,0.8863970744791717,65.52,16.02,163.5,14.879999999999999,14.825971999786672,54.68657643206059,2.7108322664641933,1.9710663871679424,1.9670074315000332,3.2123796541661114,2.827761147204711,3.1486976492390384,15.307961416089135
Teoscar Hernandez,OF,OF,A Drive Into Deep Left Field ,33377,13066,606192,0,31.0,10.0,96.0,5.0,0.28415301,0.83709016,52.0,183.0,193.0,47.0,7.176930441959643,22.855282399654083,1.3159887523153326,1.468837571226019,1.3604564182256624,0.9120646025568282,1.273492048082169,1.323949694028021,7.654789086434032,0.351,73.0,92.0,397.0,364.0,98.0,18.0,1.0,19.0,54.0,63.0,27.0,107.0,7.0,2.0,0.269435,0.349855,0.808266,125.36,1.90109,175.0,5.0,7.795004,28.947424,1.615174,2.2348392,1.8411882,0.5219233,1.9467514,2.067702,10.227578,364.0,92.0,0.2741692854149432,0.8175377606529346,46.60166666666667,16.105,149.58833333333334,5.0,9.259755418610863,31.97221212045902,1.4637438517023593,1.9882174710942417,1.6619136473843759,0.5287229973310195,1.766115341762608,1.840869107425819,9.399997676804311
Brenton Doyle,OF,OF,A Drive Into Deep Left Field ,42462,25479,686668,0,17.0,5.0,64.0,6.0,0.20408163,0.58821286,40.0,196.0,214.0,52.0,-8.007223449267261,-24.30106910419564,0.12359176113334798,0.2652268038327649,0.4568297331780666,1.2122908613485306,-1.4208212650692262,-1.4077005237765312,-0.7705826293530476,0.318,35.0,93.0,402.0,366.0,92.0,16.0,3.0,15.0,52.0,47.0,28.0,110.0,18.0,4.0,0.249855,0.319318,0.731886,89.6858,1.85334,159.0,14.0,0.6715567,1.1514115,1.5092639,1.5461594,1.558695,2.773253,0.16771683,0.08224546,7.6373334,366.0,93.0,0.23352916264160523,0.6806425988799651,39.516666666666666,11.433333333333334,125.11666666666666,11.146666666666667,-5.563651739405492,-17.955745593280444,0.996703692143505,1.0455804466743015,1.1252307634535985,2.1983123614349025,-1.0611566125644327,-1.0338408002215111,4.638510011756434
Ozzie Albies,2B,2B,A Drive Into Deep Left Field ,33783,16556,645277,0,30.0,6.0,80.0,5.0,0.23478261,0.65097569,54.0,230.0,254.0,59.0,-2.335006198629953,-14.081109783494876,1.2308175386594766,0.5059489573114158,0.9086430757018645,0.9120646025568282,-0.41432919689352377,-0.8156836858736497,2.327461291462412,0.303,23.0,97.0,418.0,381.0,99.0,21.0,2.0,14.0,55.0,54.0,29.0,64.0,9.0,2.0,0.260637,0.329072,0.753787,108.305,2.03391,166.0,7.0,4.8070173,9.542863,1.6681292,1.3739893,1.6822858,1.0222188,1.2005211,0.68164307,7.628787,381.0,97.0,0.24969196642413685,0.7102635345376805,44.416666666666664,10.613333333333333,129.59333333333333,6.153333333333334,0.36635798782899653,-7.40606032053024,1.3197095893684005,0.8801229311500024,1.2234075819673946,0.8419973574069111,0.0698755456954756,-0.4264199048983584,5.384559140195448
James Wood,OF,"OF,DH",A Drive Into Deep Left Field ,4918256,29518,695578,0,38.0,16.0,129.0,6.0,0.28634361,0.95174058,65.0,227.0,266.0,61.0,9.399797403960878,54.37618689585505,1.9121872479063249,2.913170492097924,2.292321437180996,1.2122908613485306,1.667922985228078,3.1498773344523348,13.147770358214188,0.405,95.0,93.0,401.0,350.0,91.0,19.0,2.0,15.0,54.0,50.0,46.0,109.0,13.0,4.0,0.260033,0.35267,0.805853,125.933,1.98967,159.0,9.0,4.204504,26.98952,1.615174,1.5461594,1.558695,1.5225142,1.0500474,1.9278499,9.22044,350.0,93.0,0.27169737679963074,0.8705298322679922,46.906666666666666,15.443333333333333,145.7,7.67,8.03844296407417,49.28973671955767,1.4838493208153376,1.8547080530797153,1.5766394412813651,1.2539621950789643,1.5331741283577955,2.8379629566552205,10.961556409202984
Jake Burger,1B,"1B,3B,DH",A Drive Into Deep Left Field ,39882,22275,669394,0,20.0,7.0,69.0,0.0,0.2183908,0.64655172,38.0,174.0,184.0,50.0,-4.618657890267879,-11.422436442296114,0.3791054021009161,0.7466711107900665,0.5980214027167534,-0.5890666914016834,-0.8195459247703253,-0.6616733483486217,-0.3464880489128942,0.324,43.0,84.0,362.0,332.0,78.0,15.0,1.0,19.0,44.0,50.0,21.0,97.0,1.0,1.0,0.235634,0.323066,0.746161,108.066,0.731713,152.0,0.0,-4.1122,5.783735,1.085623,2.2348392,1.4351043,-0.72881544,-1.0269952,0.41313022,3.4128861,332.0,84.0,0.23034608471575926,0.7156141430672527,36.64,15.32,126.54666666666667,0.0,-6.1035916459235455,-4.677172840665092,0.8070750599631751,1.829822166598419,1.156591787386896,-0.8294028411482781,-1.16413947867932,-0.26929831942913485,2.2600113906266737
Shea Langeliers,C,C,A Drive Into Deep Left Field ,42598,25816,669127,0,25.0,10.0,85.0,3.0,0.2361809,0.72893748,47.0,199.0,222.0,54.0,-1.7420282618580902,3.33117513645444,0.8049614703801963,1.468837571226019,1.0498347452405514,0.3116120849734235,-0.30910974502978994,0.19296669476853054,3.519102821558931,0.334,52.0,79.0,312.0,283.0,67.0,13.0,1.0,16.0,38.0,44.0,24.0,78.0,2.0,1.0,0.236766,0.328395,0.758842,112.054,1.95516,130.0,1.0,-3.1849234,8.518836,0.7678923,1.7183293,1.0466762,-0.47866768,-0.7954139,0.6084973,2.8673134,283.0,79.0,0.23654951024165916,0.7477773221974732,33.19,13.780000000000001,113.35000000000001,1.7399999999999998,-3.4471909249545583,5.115312483285467,0.5796525404885033,1.5190848813454667,0.8671785152378876,-0.35677504935748267,-0.6574835406895025,0.29452515483857217,3.1084754765329565
Masyn Winn,SS,SS,A Drive Into Deep Left Field ,4683365,27479,691026,0,35.0,6.0,78.0,-2.0,0.28089888,0.79463789,50.0,178.0,203.0,49.0,6.401604306277691,14.67431707190396,1.6566736069387566,0.5059489573114158,0.8521664078863898,-1.1895192089850881,1.1359162869059687,0.8500467094517924,3.8112327595092355,0.33,48.0,95.0,410.0,373.0,95.0,18.0,3.0,10.0,54.0,41.0,29.0,76.0,10.0,3.0,0.255027,0.310894,0.706113,98.608,2.08804,149.0,7.0,2.6135564,-8.439914,1.615174,0.68530947,1.3821368,1.0222188,0.6527186,-0.60285854,4.754699,373.0,95.0,0.2637803168431292,0.7360639084408471,47.571666666666665,8.646666666666667,124.97833333333332,3.954999999999999,5.613620137938252,2.3729869736035,1.5276858354387164,0.48329393050229313,1.1221970047281162,0.24487469708884604,1.070687097038639,0.13662984580398357,4.435493074279049
Nick Castellanos,OF,OF,A Drive Into Deep Left Field ,31187,11737,592206,0,27.0,5.0,92.0,2.0,0.27631579,0.72479391,63.0,228.0,249.0,60.0,7.154863243097265,2.8718888094050907,0.9753038976919084,0.2652268038327649,1.247503082594713,0.011385826181721214,1.2695763904759052,0.16636137957113695,3.9353573803481496,0.32,38.0,96.0,414.0,382.0,99.0,20.0,1.0,14.0,49.0,55.0,25.0,92.0,4.0,1.0,0.259697,0.322822,0.73933,104.658,0.471258,163.0,3.0,4.460556,4.045341,1.3503985,1.3739893,1.6293182,0.021627802,1.1139947,0.28895754,5.7782865,382.0,96.0,0.26659379214715156,0.7332975189790214,39.87,10.264999999999999,133.535,2.585,6.823816983542478,1.3734832575303937,1.0199952738481572,0.8098371166285011,1.3098514299886632,-0.1272517826544813,1.3015082277219137,0.07908126246717714,5.013470890225616
Rhys Hoskins,1B,"1B,DH",A Drive Into Deep Left Field ,35291,16472,656555,0,21.0,9.0,89.0,1.0,0.26903553,0.81541301,53.0,197.0,231.0,59.0,4.747841669869131,20.333375399354388,0.46427661575677215,1.228115417747368,1.162788080871501,-0.2888404326099811,0.8424686098087035,1.1778618906471958,4.586670182221559,0.339,59.0,83.0,359.0,311.0,70.0,13.0,1.0,16.0,41.0,50.0,40.0,95.0,2.0,1.0,0.22431,0.32833,0.746712,108.626,0.625458,133.0,1.0,-7.3738556,5.589271,0.92675763,1.7183293,1.0996437,-0.47866768,-1.8415725,0.39923975,1.8237302,311.0,83.0,0.24152932644882946,0.7731619066728569,33.3,13.305,116.06,1.0,-2.2395329110218634,13.516026910719885,0.5869036932833479,1.4232405888161468,0.9266109452093814,-0.5577776734524187,-0.4271466419716029,0.7782144163605984,2.887462111809124
Hyeseong Kim,2B,2B,A Drive Into Deep Left Field ,5134614,sa3012639,808975,0,13.0,2.0,29.0,5.0,0.40384615,0.99405594,21.0,52.0,55.0,22.0,8.26338963509236,14.656617744601157,-0.2170930934900762,-0.4569396566031875,-0.5315119535927414,0.9120646025568282,1.4662760180829284,0.849021431419463,2.0218173483732143,0.343,,42.0,183.0,168.0,42.0,8.0,1.0,3.0,23.0,18.0,12.0,34.0,7.0,1.0,0.249849,0.294054,0.662755,87.3771,0.530322,61.0,6.0,0.3072492,-11.085494,-0.026434325,-0.51988035,-0.1715754,0.772071,0.076733395,-0.79183114,-0.66091675,168.0,42.0,0.26396541135137397,0.6931242641985881,22.083333333333332,2.908333333333333,58.06666666666666,5.908333333333333,2.559482427448464,-6.145061810272206,-0.15249415988792708,-0.67457238240454,-0.3452284356566082,0.7754491913214252,0.4881706889366923,-0.35381519449239396,-0.41499945370939806
Jung Hoo Lee,OF,OF,A Drive Into Deep Left Field ,5134621,33824,808982,0,32.0,6.0,99.0,5.0,0.26923077,0.73928246,63.0,234.0,253.0,59.0,5.6852544379156145,6.337785530705209,1.4011599659711886,0.5059489573114158,1.4451714199488745,0.9120646025568282,1.0088054184948319,0.3671321608487055,5.640282525131846,0.329,46.0,93.0,402.0,364.0,102.0,23.0,3.0,7.0,51.0,43.0,31.0,40.0,6.0,3.0,0.281484,0.332588,0.757085,113.876,1.97175,152.0,3.0,12.180847,10.317554,1.4563087,0.16879956,1.4351043,0.021627802,3.0420873,0.73697895,6.860907,364.0,93.0,0.2763172258814662,0.7495782769379153,42.98833333333334,6.578333333333334,129.65166666666667,3.8433333333333337,10.041605748425235,7.234960048192011,1.2255544689868583,0.065950888295677,1.2246868778154896,0.21454322002947537,1.9152378401465306,0.41656843749182143,6.346210391418744
Cedric Mullins,OF,OF,A Drive Into Deep Left Field ,35578,17929,656775,0,25.0,10.0,81.0,6.0,0.2320442,0.77118531,42.0,181.0,207.0,49.0,-2.333200566313136,10.676720042554036,0.8049614703801963,1.468837571226019,0.9368814096096019,1.2122908613485306,-0.41400880108979926,0.6184758510696067,4.627438362544156,0.307,25.0,79.0,343.0,304.0,73.0,14.0,2.0,11.0,45.0,40.0,31.0,68.0,18.0,4.0,0.240933,0.318177,0.720739,107.22,1.83191,124.0,14.0,-2.154491,-2.432331,1.138578,0.85747945,0.9407413,2.773253,-0.53807014,-0.17373967,4.9982414,304.0,79.0,0.2378663646821251,0.7381429815324814,38.1,10.655,109.16499999999999,11.24,-3.302665794925863,2.5660544128205203,0.9033176334220216,0.8885303252315215,0.7753981759645656,2.223664043753183,-0.6299182284458444,0.14774612024772144,4.870314368164892
Dalton Rushing,C,"C,OF",A Drive Into Deep Left Field ,4619839,,,0,5.0,1.0,10.0,0.0,0.23076923,0.64387464,6.0,26.0,27.0,8.0,-0.36830510245382103,-1.7764049276994192,-0.8984628027369245,-0.6976618100818384,-1.0680402978397516,-0.5890666914016834,-0.0653529559797382,-0.10290272154034277,-3.421487279580279,0.352,,27.0,109.0,95.0,22.0,6.0,0.0,4.0,12.0,13.0,11.0,27.0,0.0,0.0,0.234583,0.335461,0.755131,115.562,1.31016,40.0,0.0,-1.276528,2.5071363,-0.60894054,-0.34771037,-0.5423476,-0.72881544,-0.31880465,0.17908427,-2.3675344,95.0,27.0,0.23441138542019518,0.7501244697600067,11.684999999999999,3.8649999999999998,38.65,0.0,-1.3603060907976745,1.9401333856213177,-0.8379478309036158,-0.4815386142928577,-0.7710511965224771,-0.8294028411482781,-0.25945150253345495,0.11170736639740746,-2.4149622786572382
Max Muncy,3B,3B,A Drive Into Deep Left Field ,33303,13301,571970,0,19.0,9.0,79.0,2.0,0.2295082,0.78146977,42.0,183.0,223.0,57.0,-2.823069788040355,12.67675102965407,0.2939341884450601,1.228115417747368,0.8804047417941272,0.011385826181721214,-0.5009323909886969,0.7343326743245111,2.6472404575040906,0.373,84.0,77.0,332.0,277.0,58.0,12.0,1.0,14.0,43.0,44.0,48.0,89.0,1.0,0.0,0.21015,0.329478,0.745018,111.489,1.42189,114.0,1.0,-10.490028,4.5089808,1.0326679,1.3739893,0.7641831,-0.47866768,-2.6198163,0.3220751,0.39443132,277.0,77.0,0.217344799823878,0.7585659112248373,34.080000000000005,12.141666666666666,100.99166666666667,1.3716666666666666,-8.693810390716237,7.995299789096027,0.6383209585558829,1.188506146060129,0.5961505519914998,-0.4568236527921242,-1.6581725126949998,0.4603466388532059,1.2317253845398768
Aaron Judge,OF,"OF,DH",Don't Judge Me I'm Crashing Out,33192,15640,592450,0,55.0,21.0,168.0,1.0,0.38738739,1.24171916,86.0,222.0,266.0,60.0,31.624472568278915,117.55371828810493,3.3600978800558776,4.1167812594911775,3.3936164595827534,-0.2888404326099811,5.326,5.326,21.233655166519828,0.476,100.0,100.0,432.0,351.0,103.0,17.0,1.0,32.0,74.0,80.0,74.0,106.0,6.0,2.0,0.294716,0.43883,1.04251,189.478,5.2794,218.0,4.0,16.390245,110.13325,2.6742764,4.4730487,2.6003885,0.27177554,4.093357,5.326,19.438847,351.0,100.0,0.3358003165433665,1.1308260791106202,65.57666666666665,27.123333333333335,195.83333333333331,2.67,30.56154179402278,140.79454718051883,2.714567708813052,4.211468762011196,2.676102844444055,-0.10416364340033325,5.326,5.326,20.234545057885477
Francisco Lindor,SS,SS,Don't Judge Me I'm Crashing Out,32129,12916,596019,0,41.0,14.0,121.0,9.0,0.28395062,0.85405749,69.0,243.0,278.0,60.0,9.480841620143133,34.47187880265541,2.167700888873893,2.431726185140622,2.066414765919097,2.1129696377236376,1.6823036686812358,1.9968702462428292,12.457985392581314,0.352,74.0,99.0,428.0,379.0,99.0,19.0,1.0,18.0,63.0,56.0,38.0,78.0,15.0,3.0,0.262077,0.348517,0.798002,126.275,3.73757,174.0,12.0,5.3275504,26.250263,2.0917702,2.0626693,1.8235323,2.2729576,1.3305209,1.8750452,11.456495,379.0,99.0,0.2722117792616834,0.8239743795145649,52.80666666666666,16.14666666666667,149.44333333333333,10.61,8.89944391421541,35.729226882772075,1.8727747889024564,1.9966248651757612,1.6587336834191113,2.0525401881047913,1.6973930432829534,2.057187339834242,11.920519034864352
Manny Machado,3B,"3B,DH",Don't Judge Me I'm Crashing Out,31097,11493,592518,0,40.0,7.0,107.0,5.0,0.31506849,0.86817631,69.0,219.0,245.0,59.0,15.359275730869735,34.15927037745487,2.082529675218037,0.7466711107900665,1.6710780912107737,0.9120646025568282,2.7253873596444205,1.978761617276551,10.116492456696676,0.403,94.0,97.0,418.0,380.0,101.0,19.0,1.0,18.0,54.0,61.0,34.0,78.0,8.0,2.0,0.267023,0.34164,0.789863,121.757,2.50449,176.0,6.0,7.2210846,23.2267,1.615174,2.0626693,1.8588439,0.772071,1.8034188,1.6590734,9.77125,380.0,97.0,0.28664157339168994,0.821840929224439,48.28333333333333,13.508333333333333,147.825,5.591666666666667,14.40624706597731,35.01278813896954,1.5745985967023322,1.4642686719339608,1.6232423614619644,0.6894345548844031,2.7477069112762833,2.0159368331173453,9.91222386772939
Adley Rutschman,C,"C,DH",Don't Judge Me I'm Crashing Out,42178,26288,668939,0,24.0,5.0,65.0,0.0,0.21354167,0.64588112,41.0,192.0,218.0,54.0,-6.027483045812833,-12.732822998395726,0.7197902567243403,0.2652268038327649,0.48506806708580397,-0.5890666914016834,-1.0695312976583398,-0.7375807840857873,-0.9260936455029013,0.351,73.0,93.0,373.0,326.0,84.0,16.0,1.0,12.0,47.0,44.0,43.0,59.0,1.0,0.0,0.256946,0.338507,0.768604,121.521,2.55197,138.0,1.0,2.9098287,12.995626,1.2444884,1.0296494,1.1879228,-0.47866768,0.7267107,0.9282724,4.6383758,326.0,93.0,0.2411757584934212,0.7240146745445826,38.64333333333334,9.456666666666667,111.47666666666669,0.6366666666666667,-2.462812121286651,-1.854072359043529,0.9391339335904967,0.6467336714470278,0.8260948428590693,-0.6564681510485809,-0.46973273857116493,-0.10675221707638109,2.6166185421100407
Josh Naylor,1B,"1B,DH",Don't Judge Me I'm Crashing Out,35066,18839,647304,0,30.0,7.0,103.0,7.0,0.2920354,0.8051498,66.0,226.0,250.0,60.0,10.64473314482448,21.007127942305043,1.2308175386594766,0.7466711107900665,1.558124755579824,1.512517120140233,1.8888274205133928,1.216890700595465,8.153848646278458,0.345,65.0,89.0,383.0,343.0,92.0,20.0,0.0,13.0,48.0,57.0,34.0,57.0,7.0,2.0,0.268477,0.340269,0.78292,115.482,1.19581,151.0,5.0,7.0167,18.583708,1.2974434,1.2018194,1.4174484,0.5219233,1.752375,1.3274266,7.5184364,343.0,89.0,0.27829299582656225,0.7921824183801015,40.5,10.5,131.0,5.833333333333333,10.139971431030194,21.43077902162002,1.0615246034913581,0.8572548192482701,1.2542568875614541,0.7550773037442357,1.9339991500621687,1.2339233488234225,7.78319152121547
Seiya Suzuki,OF,"OF,DH",Don't Judge Me I'm Crashing Out,4142424,30116,673548,0,34.0,14.0,123.0,-1.0,0.26457399,0.87826273,59.0,223.0,251.0,56.0,4.379536947415302,37.03245565165497,1.5715023932829006,2.431726185140622,2.122891433734572,-0.8892929501933858,0.7771157212570913,2.1451980978304124,8.159140881052213,0.37,83.0,75.0,326.0,287.0,76.0,14.0,2.0,13.0,44.0,45.0,34.0,83.0,7.0,3.0,0.265676,0.354435,0.815062,129.329,1.42073,133.0,4.0,5.067229,24.774382,1.085623,1.2018194,1.0996437,0.27177554,1.2655072,1.7696236,6.6939926,287.0,75.0,0.26521498769831375,0.8415009641663114,39.81666666666666,13.418333333333333,128.81666666666666,1.9083333333333332,4.731077558462844,32.0862989648549,1.016479563402172,1.4461087007178792,1.20637467153276,-0.31105147946201295,0.9023595420540288,1.8474379036861714,7.3069129728174875
Paul Goldschmidt,1B,1B,Don't Judge Me I'm Crashing Out,31027,9218,502671,0,38.0,6.0,105.0,5.0,0.32727273,0.85901547,72.0,220.0,242.0,59.0,18.114342210006136,32.299863981004904,1.9121872479063249,0.5059489573114158,1.6146014233952988,0.9120646025568282,3.214253077584965,1.8710508269827968,10.03010613573763,0.36,78.0,92.0,396.0,355.0,91.0,18.0,0.0,14.0,50.0,50.0,37.0,95.0,5.0,1.0,0.257444,0.33349,0.761242,115.375,1.28693,151.0,4.0,3.3454676,11.538166,1.4033537,1.3739893,1.4174484,0.27177554,0.8355087,0.82416666,6.1262426,355.0,92.0,0.28560825102259346,0.8006772831263769,45.160000000000004,10.773333333333333,132.44666666666666,4.403333333333333,13.091638212712711,25.19622087027792,1.3687098037093206,0.9124073244230364,1.2859834245942072,0.3666533139391566,2.496971253669048,1.450726788913422,7.70080091520263
Logan O'Hoppe,C,C,Don't Judge Me I'm Crashing Out,42047,24729,681351,0,21.0,14.0,91.0,0.0,0.25405405,0.77907138,47.0,185.0,195.0,53.0,1.6870592402324243,12.371592606754119,0.46427661575677215,2.431726185140622,1.2192647486869757,-0.5890666914016834,0.29935590771768805,0.716655605471729,4.542212371372104,0.335,54.0,82.0,329.0,297.0,73.0,11.0,1.0,16.0,40.0,44.0,25.0,90.0,2.0,1.0,0.244334,0.332656,0.762381,113.033,1.76087,134.0,1.0,-1.0947851,9.991354,0.87380254,1.7183293,1.1172994,-0.47866768,-0.27341554,0.7136786,3.6710265,297.0,82.0,0.2474930144739485,0.7678053851154671,33.825,15.350000000000001,120.025,0.675,-0.3675025812132574,11.316701497724718,0.6215114679860156,1.8358754903371128,1.013566511569888,-0.646055852953573,-0.07009385426245532,0.6515835096624475,3.954161886782894
Chandler Simpson,OF,OF,Don't Judge Me I'm Crashing Out,4679983,sa3020219,802415,0,17.0,0.0,39.0,16.0,0.28455285,0.63245779,35.0,123.0,133.0,34.0,4.8730188137761585,-9.808034323347256,0.12359176113334798,-0.9383839635604891,-0.24912861451536772,4.214553449265554,0.8646803476340056,-0.5681550468004037,3.4471579331566478,0.309,,20.0,88.0,81.0,22.0,3.0,0.0,0.0,11.0,6.0,5.0,11.0,8.0,2.0,0.276753,0.294519,0.65972,91.9953,0.32139,25.0,6.0,2.327362,-5.5906277,-0.66189563,-1.0363903,-0.80718493,0.772071,0.58124346,-0.39933535,-1.5514917,81.0,20.0,0.27848197326124957,0.6536768795891386,12.330000000000002,0.0,28.10333333333333,8.216666666666667,2.4098776850768617,-6.15803581188951,-0.7954297076974814,-1.2614084892945847,-1.0023478858580324,1.4024506200860343,0.4596365410290829,-0.35456220063282,-0.44345772706659725
Kyle Stowers,OF,OF,Don't Judge Me I'm Crashing Out,42796,26151,669065,0,24.0,10.0,100.0,2.0,0.2815534,0.83608624,58.0,206.0,232.0,58.0,7.543429362096652,25.520996711304587,0.7197902567243403,1.468837571226019,1.473409753856612,0.011385826181721214,1.3385245106648416,1.4783678974683434,6.4903158161218775,0.384,87.0,77.0,334.0,299.0,69.0,14.0,2.0,12.0,37.0,42.0,28.0,102.0,2.0,1.0,0.231491,0.312789,0.709753,95.7842,0.506117,123.0,1.0,-4.9422135,-5.677149,0.7149372,1.0296494,0.92308545,-0.47866768,-1.2342857,-0.40551552,0.54920316,299.0,77.0,0.2508484610022685,0.7586018386285522,31.97333333333333,11.226666666666667,114.10666666666665,1.3866666666666667,0.6333011658977626,8.641047842229584,0.49945039593946444,1.003879772029966,0.8837728099531751,-0.4527492752766863,0.12078968120477421,0.49752697650751726,2.8464333854544144
Bryson Stott,2B,2B,Don't Judge Me I'm Crashing Out,42417,26294,681082,0,30.0,4.0,74.0,10.0,0.25365854,0.68256151,52.0,205.0,228.0,53.0,1.7883644729602564,-6.075461272245435,1.2308175386594766,0.02450465035411411,0.7392130722554403,2.41319589651534,0.31733175538004627,-0.3519363686615467,4.37312654450287,0.311,27.0,86.0,370.0,333.0,86.0,15.0,2.0,8.0,46.0,37.0,31.0,64.0,17.0,3.0,0.25777,0.313503,0.70772,98.3149,1.8593,129.0,14.0,3.2467031,-6.999698,1.1915332,0.34096953,1.0290204,2.773253,0.81084293,-0.49998465,5.645634,333.0,86.0,0.25620764637073057,0.6981597624356353,39.92,6.48,108.10000000000001,12.48,2.4899240729953815,-10.503569460995696,1.0232912523912687,0.046109438263291475,0.752041888909348,2.560479251696049,0.474903807535004,-0.604765677945547,5.162081275006184
Ernie Clement,3B,"3B,SS,2B",Don't Judge Me I'm Crashing Out,41287,20352,676391,0,21.0,3.0,69.0,0.0,0.27840909,0.71309809,49.0,176.0,193.0,55.0,5.891473128004909,0.15843230480392556,0.46427661575677215,-0.21621750312453672,0.5980214027167534,-0.5890666914016834,1.0453973660019797,0.009177589574325217,1.3115887795236103,0.302,22.0,38.0,163.0,153.0,39.0,8.0,1.0,3.0,17.0,17.0,7.0,17.0,3.0,1.0,0.255792,0.293098,0.668961,88.3088,0.449148,58.0,2.0,1.189093,-9.146203,-0.344165,-0.51988035,-0.22454286,-0.22851995,0.29696813,-0.6533085,-1.6734486,153.0,38.0,0.2630671584887936,0.683158422830469,18.286666666666665,3.0,61.538333333333334,1.3566666666666667,2.1935245227371953,-7.121169306534405,-0.40276879726150283,-0.6560761154251976,-0.2690920570399897,-0.46089803030756205,0.41837145118891694,-0.41001668998560126,-0.7132615508985429
Jose Ramirez,3B,"3B,DH",GUY CANNON,32801,13510,608070,0,37.0,11.0,119.0,12.0,0.33023256,0.93938049,71.0,215.0,241.0,57.0,18.339016064324177,48.8442554632548,1.8270160342504689,1.7095597247046699,2.009938098103622,3.013648414098745,3.2541197544602496,2.829426298253983,14.643708323871738,0.366,81.0,99.0,427.0,381.0,105.0,23.0,2.0,19.0,59.0,63.0,41.0,51.0,20.0,4.0,0.274447,0.356417,0.836683,132.746,3.62283,189.0,16.0,10.06863,41.126236,1.8799497,2.2348392,2.0883696,3.2735484,2.5145748,2.937629,14.92891,381.0,99.0,0.296854196382966,0.8779331436998365,50.163333333333334,15.786666666666667,160.88333333333333,14.393333333333334,18.335167602142903,56.4760607702512,1.6985273899233126,1.9239849803114342,1.909621874885491,3.0801887392207936,3.497070854684757,3.2517310716367795,14.814354146255372
Vladimir Guerrero Jr.,1B,"1B,DH",GUY CANNON,35002,19611,665489,0,35.0,8.0,96.0,-1.0,0.27927928,0.82111168,62.0,222.0,265.0,60.0,7.624472148278919,24.17885772810495,1.6566736069387566,0.9873932642687173,1.3604564182256624,-0.8892929501933858,1.3529049403753126,1.4006211225618503,5.868756402176913,0.412,96.0,99.0,428.0,375.0,110.0,21.0,0.0,19.0,59.0,63.0,45.0,62.0,2.0,1.0,0.293443,0.379152,0.879348,148.844,2.7249,188.0,1.0,17.03357,56.477955,1.8799497,2.2348392,2.0707138,-0.47866768,4.254023,4.0341954,13.995054,375.0,99.0,0.28718735384885347,0.8536269475125237,48.400000000000006,14.141666666666667,147.36666666666667,0.1166666666666667,14.421358854966561,46.47185041622538,1.5822892133029254,1.592061061973054,1.6131907512269337,-0.7977132382504278,2.7505891863655103,2.6757170718694323,10.405939364417076
Jackson Chourio,OF,OF,GUY CANNON,4917869,28806,694192,0,39.0,10.0,120.0,8.0,0.26022305,0.73181094,70.0,269.0,280.0,62.0,4.112536327689319,5.275906024956001,1.9973584615621809,1.468837571226019,2.0381764320113596,1.8127433789319352,0.7297384798578828,0.30562012078077927,8.352474444370156,0.291,15.0,96.0,415.0,385.0,102.0,21.0,2.0,15.0,56.0,56.0,24.0,87.0,16.0,4.0,0.266438,0.330069,0.761427,109.809,1.96672,172.0,12.0,7.090878,12.584453,1.7210844,1.5461594,1.7882206,2.2729576,1.7709005,0.8989025,9.998226,385.0,96.0,0.263537693922526,0.7476061641407064,48.06666666666666,12.666666666666668,147.73333333333335,10.133333333333333,5.700809352796269,6.893098162508396,1.5603160230155169,1.294439311487272,1.6212320394149589,1.9230655248364315,1.0873167166166562,0.3968850017010711,9.230208695784198
Brent Rooker,DH,DH,GUY CANNON,40926,19627,667670,0,37.0,13.0,118.0,1.0,0.26720648,0.81229162,66.0,247.0,272.0,62.0,5.501102276688708,24.723147246855504,1.8270160342504689,2.191004031661971,1.981699764195885,-0.2888404326099811,0.9761290097075151,1.4321504613471527,8.119158868553011,0.385,89.0,89.0,385.0,342.0,87.0,16.0,1.0,23.0,53.0,58.0,35.0,110.0,4.0,1.0,0.254847,0.36148,0.83915,135.328,2.06621,174.0,3.0,2.334782,37.760193,1.562219,2.923519,1.8235323,0.021627802,0.5830965,2.697194,9.611189,342.0,89.0,0.2604499588593079,0.8269742073749043,45.74666666666667,18.466666666666665,148.61333333333332,2.0933333333333333,4.008090189304915,33.26709045253175,1.4073826186151583,2.464748567634753,1.640531131066218,-0.26080082343827893,0.764463990082532,1.9154245216838903,8.934801946151257
CJ Abrams,SS,SS,GUY CANNON,42402,25768,682928,0,35.0,8.0,90.0,9.0,0.27272727,0.82578103,51.0,187.0,210.0,48.0,5.197189858505216,21.240044103854174,1.6566736069387566,0.9873932642687173,1.1910264147792382,2.1129696377236376,0.922202048731644,1.2303829548334533,8.100647927275446,0.367,81.0,91.0,392.0,356.0,89.0,18.0,3.0,12.0,53.0,43.0,23.0,78.0,23.0,6.0,0.250745,0.31944,0.730139,103.315,2.11394,149.0,17.0,0.9700488,0.49801588,1.562219,1.0296494,1.3821368,3.5236962,0.24226327,0.035573702,7.7755384,356.0,91.0,0.25843879349578097,0.7636137216183166,46.7,10.600000000000001,128.35,14.200000000000001,3.456189187287781,12.072568243465598,1.470225942837145,0.8774325650439165,1.1961403047480006,3.0276745401329275,0.6591997813932227,0.6951041686747929,7.889326763483784
Will Smith,C,C,GUY CANNON,38309,19197,669257,0,25.0,5.0,77.0,-1.0,0.32278481,0.92033146,51.0,158.0,194.0,49.0,12.300299863549855,32.88510146090352,0.8049614703801963,0.2652268038327649,0.8239280739786524,-0.8892929501933858,2.1825952183786,1.904952179365878,5.092370795742706,0.399,93.0,79.0,312.0,270.0,70.0,14.0,1.0,12.0,41.0,43.0,33.0,57.0,2.0,1.0,0.259703,0.349447,0.798339,125.082,2.6062,122.0,1.0,3.1543744,18.791706,0.92675763,1.0296494,0.90542966,-0.47866768,0.7877844,1.3422837,4.513237,270.0,79.0,0.28009945888364896,0.8377832350161653,35.82666666666667,9.736666666666668,107.45,0.35333333333333344,8.469646734970706,29.181929925665504,0.7534604756618999,0.7032313596748374,0.7377868780305763,-0.7334286152290744,1.6154177255996445,1.6802125887575714,4.700490260293072
Riley Greene,OF,"OF,DH",GUY CANNON,42179,25976,682985,0,31.0,13.0,116.0,0.0,0.27586207,0.83067729,64.0,232.0,251.0,60.0,7.175124119642833,27.487216983605173,1.3159887523153326,2.191004031661971,1.9252230963804102,-0.5890666914016834,1.2731715298431623,1.5922661500641393,7.708586868863332,0.345,65.0,92.0,398.0,353.0,95.0,17.0,3.0,15.0,53.0,50.0,39.0,102.0,3.0,1.0,0.26824,0.351262,0.806187,129.068,2.3082,163.0,2.0,7.1376114,27.338747,1.562219,1.5461594,1.6293182,-0.22851995,1.7825718,1.952795,8.244543,353.0,92.0,0.27142856872915,0.8164320895549442,43.79666666666667,14.163333333333334,143.33833333333334,1.1633333333333333,8.012454654886533,30.615716999447933,1.278839455433822,1.596432906895444,1.5248462350884953,-0.5134122293954283,1.5282173719978482,1.7627659735783727,8.020334729092781
Bo Bichette,SS,SS,GUY CANNON,38904,19612,666182,0,26.0,7.0,108.0,2.0,0.27559055,0.74754117,70.0,254.0,273.0,60.0,7.78655774064344,8.977188941705656,0.8901326840360524,0.7466711107900665,1.6993164251185109,0.011385826181721214,1.3816658033451013,0.5200262392199901,5.249198088691442,0.372,84.0,94.0,405.0,378.0,105.0,21.0,1.0,10.0,49.0,46.0,22.0,73.0,7.0,2.0,0.278594,0.324261,0.740768,110.23,2.05969,158.0,5.0,11.556913,4.5465536,1.3503985,0.68530947,1.5410392,0.5219233,2.8862638,0.32475892,7.3096933,378.0,94.0,0.27722742328843497,0.7438498007346472,38.535,8.635,135.25,3.635,10.771875973968102,5.347863737517898,0.9319926467470886,0.4809398601594677,1.347462727922653,0.15795464342617116,2.054522453039382,0.30791479513611264,6.37216799873992
Yandy Diaz,1B,"1B,DH",GUY CANNON,33481,16578,650490,0,23.0,8.0,91.0,3.0,0.24229075,0.68949894,55.0,227.0,246.0,56.0,-0.6002018160391281,-5.15266538414494,0.6346190430684843,0.9873932642687173,1.2192647486869757,0.3116120849734235,-0.10650127462592546,-0.2984810968194688,2.747906769552207,0.349,69.0,94.0,405.0,360.0,101.0,19.0,0.0,11.0,47.0,46.0,39.0,58.0,1.0,1.0,0.281277,0.34625,0.783171,128.386,1.66228,153.0,0.0,11.972469,19.595125,1.2444884,0.85747945,1.4527601,-0.72881544,2.9900463,1.3996717,7.2156305,360.0,94.0,0.26529263803340913,0.7447654542769151,37.160000000000004,9.770000000000001,127.58000000000001,1.23,5.962406807207939,5.422838834757284,0.8413532368115315,0.7099572749400528,1.1792535995531486,-0.4953038848823709,1.137211260988089,0.31223164815254545,5.383863788989917
Wyatt Langford,OF,"OF,DH",GUY CANNON,4719324,33333,694671,0,25.0,11.0,84.0,9.0,0.23157895,0.75546932,44.0,190.0,217.0,51.0,-2.537613564085613,8.221568574504234,0.8049614703801963,1.7095597247046699,1.021596411332814,2.1129696377236376,-0.45028034214667595,0.4762550297260832,5.675061931720726,0.363,80.0,95.0,410.0,364.0,97.0,19.0,3.0,16.0,57.0,53.0,40.0,81.0,14.0,3.0,0.265566,0.349866,0.803604,126.919,2.6307,170.0,11.0,6.386689,27.250463,1.7740394,1.7183293,1.7529091,2.0228097,1.5950339,1.946489,10.80961,364.0,95.0,0.2532740114280675,0.7861952950531093,45.42666666666666,14.191666666666666,138.89666666666668,10.276666666666667,1.6538756873881142,20.563554642122597,1.3862883559392465,1.6021499348708768,1.4274369940835563,1.961998465539505,0.31544410114695276,1.1839910337427977,8.952615349459919
Byron Buxton,OF,OF,GUY CANNON,32655,14161,621439,0,37.0,10.0,91.0,10.0,0.27374302,0.82470642,49.0,179.0,196.0,45.0,5.156669435414081,20.139023925453998,1.8270160342504689,1.468837571226019,1.2192647486869757,2.41319589651534,0.9150120059955748,1.1666035928976912,9.00992984957207,0.318,35.0,79.0,339.0,308.0,75.0,17.0,2.0,17.0,50.0,47.0,23.0,96.0,8.0,2.0,0.244329,0.340183,0.787933,120.763,1.94698,147.0,6.0,-1.1368701,18.231411,1.4033537,1.8904994,1.3468251,0.772071,-0.283926,1.3022622,6.4310856,308.0,79.0,0.25393758355640716,0.7999456451342143,45.75333333333333,14.713333333333335,128.70666666666668,7.306666666666667,1.6038134894724085,21.635038676007163,1.4078220824209062,1.7074105087714986,1.2039622850763527,1.155271717482802,0.3058957262942455,1.2456840392078752,7.273508045802429
Yainer Diaz,C,"C,DH",GUY CANNON,4781491,23003,673237,0,20.0,7.0,74.0,-1.0,0.22613065,0.63501719,45.0,199.0,209.0,53.0,-3.742028011858092,-15.358962573545563,0.3791054021009161,0.7466711107900665,0.7392130722554403,-0.8892929501933858,-0.6639945803210014,-0.8897065214184892,-0.5780044667864536,0.352,74.0,90.0,363.0,342.0,95.0,17.0,1.0,13.0,43.0,50.0,16.0,66.0,1.0,0.0,0.27616,0.329519,0.759729,114.125,1.90922,153.0,1.0,9.623832,10.598215,1.0326679,1.2018194,1.4527601,-0.47866768,2.4034894,0.75702643,6.369096,342.0,90.0,0.2587331108935191,0.7162877375991836,34.98833333333333,10.91,125.48166666666667,0.3033333333333333,3.420928185005144,-4.587682210764742,0.6981979020890687,0.9399835770104197,1.133235500331678,-0.7470098736138675,0.6524744420854341,-0.2641457032958829,3.949189208572864
Luis Garcia Jr.,2B,2B,GUY CANNON,40459,20391,671277,0,28.0,5.0,77.0,4.0,0.25789474,0.70669856,49.0,190.0,209.0,53.0,2.4623865359143884,-1.0448758254957702,1.0604751113477644,0.2652268038327649,0.8239280739786524,0.6118383437651259,0.4369318747271209,-0.060527059139874155,3.137873148511554,0.371,83.0,83.0,357.0,333.0,90.0,17.0,1.0,10.0,41.0,43.0,20.0,55.0,12.0,3.0,0.271227,0.319743,0.734452,103.521,1.484,139.0,9.0,7.7278843,1.9020671,0.92675763,0.68530947,1.2055786,1.5225142,1.9299886,0.13586445,6.4060125,333.0,83.0,0.26658293083041534,0.7247845577293507,36.471666666666664,8.258333333333333,117.40333333333334,7.258333333333333,5.944893798070412,-1.63751262818846,0.7959785988680339,0.4049370176625335,0.9560713010255093,1.1421431677108353,1.1338710006118753,-0.09428332324627775,5.2676106487685725
William Contreras,C,"C,DH",GUY CANNON,39895,20503,661388,0,34.0,5.0,73.0,5.0,0.24170616,0.69677802,51.0,211.0,248.0,58.0,-0.6812453322213914,-3.2535960409452978,1.5715023932829006,0.2652268038327649,0.710974738347703,0.9120646025568282,-0.12088183386937691,-0.18847273061764877,3.1504139735331713,0.319,37.0,96.0,387.0,338.0,91.0,17.0,1.0,14.0,50.0,52.0,44.0,78.0,5.0,1.0,0.269421,0.351579,0.802197,124.451,2.80583,152.0,4.0,7.233494,24.828426,1.4033537,1.3739893,1.4351043,0.27177554,1.8065178,1.773484,8.064225,338.0,96.0,0.2579655393762329,0.7586238095866537,43.38666666666666,10.28,119.34666666666666,4.413333333333333,3.1214781561974427,9.775567222880415,1.2518124313803103,0.8128637784978482,0.9986901284220416,0.36936956561611517,0.5953602672438836,0.5628493780900952,6.0331832245388926
Jackson Merrill,OF,OF,The New Vegas,4872691,29490,701538,0,20.0,5.0,68.0,0.0,0.32330827,0.87491456,43.0,133.0,143.0,34.0,10.423670065140072,21.641314922152965,0.3791054021009161,0.2652268038327649,0.5697830688090161,-0.5890666914016834,1.849601448298762,1.2536275758282522,3.728277607468028,0.387,89.0,96.0,414.0,383.0,107.0,20.0,3.0,17.0,53.0,59.0,25.0,68.0,10.0,3.0,0.280232,0.346953,0.804603,125.374,3.17933,184.0,7.0,12.337146,29.055485,1.562219,1.8904994,2.0000906,1.0222188,3.081122,2.0754209,11.631571,383.0,96.0,0.29049852036374946,0.8213605737007746,45.135000000000005,14.14,156.35333333333335,5.331666666666667,15.997191285744346,35.105228721871654,1.367061814437765,1.591724766209793,1.8102754144534374,0.6188120112834796,3.051148078714875,2.021259299160539,9.747952601330377
Yordan Alvarez,OF,"OF,DH",The New Vegas,36018,19556,670541,0,7.0,3.0,34.0,1.0,0.21,0.64578512,21.0,100.0,121.0,29.0,-3.49348108636085,-6.641278644997772,-0.7281203754252125,-0.21621750312453672,-0.3903202840540546,-0.2888404326099811,-0.619891807449542,-0.38471276251361014,-2.628103165176937,0.363,,65.0,282.0,240.0,71.0,14.0,1.0,17.0,41.0,46.0,35.0,47.0,2.0,0.0,0.294176,0.406412,0.956288,168.216,2.43982,138.0,2.0,11.077409,54.611492,0.92675763,1.8904994,1.1879228,-0.22851995,2.7665107,3.9008749,10.444046,240.0,65.0,0.27720051646828653,0.8936699032969213,34.14333333333334,14.176666666666668,117.02666666666667,1.7983333333333333,6.832828695842535,39.35229365463968,0.6424958647104904,1.5991232730015301,0.9478107049778108,-0.34093024790855747,1.3032270337409897,2.2657932276390524,7.807829268061387
Alex Bregman,3B,3B,The New Vegas,34886,17678,608324,0,32.0,11.0,109.0,0.0,0.29949239,0.93825524,59.0,197.0,226.0,51.0,10.747843089869127,44.5332947093544,1.4011599659711886,1.7095597247046699,1.7275547590262483,-0.5890666914016834,1.9071235007324305,2.5797030582917584,8.736034317324613,0.359,77.0,61.0,265.0,234.0,62.0,13.0,1.0,10.0,35.0,36.0,26.0,36.0,1.0,0.0,0.264122,0.348655,0.79539,120.286,1.53069,107.0,1.0,3.7678368,15.59608,0.60902697,0.68530947,0.64059234,-0.47866768,0.94099265,1.1140217,3.5112753,234.0,61.0,0.2774448526828776,0.8492025798919077,33.87,10.376666666666665,107.75333333333333,0.6233333333333333,6.719182652660783,27.96313263650051,0.6244778486748154,0.8323689327669727,0.7444392164406696,-0.6600898199511924,1.2815512970373504,1.6100377047243688,5.479267857858327
Steven Kwan,OF,OF,The New Vegas,41996,24610,680757,0,29.0,5.0,98.0,7.0,0.30837004,0.79971806,70.0,227.0,251.0,58.0,14.399797013960875,19.867074855855062,1.1456463250036204,0.2652268038327649,1.4169330860411373,1.512517120140233,2.5551351151550783,1.150850259327323,8.046308709500156,0.336,55.0,99.0,427.0,379.0,109.0,18.0,3.0,7.0,60.0,38.0,41.0,42.0,11.0,2.0,0.288355,0.341998,0.770044,122.603,2.52796,154.0,9.0,15.286908,15.65419,1.9329047,0.16879956,1.470416,1.5225142,3.8178058,1.1181724,10.030613,379.0,99.0,0.2967279542506902,0.7824576651614865,47.031666666666666,6.163333333333333,130.57333333333332,8.163333333333334,18.191074235048998,19.994392142955377,1.4920892671731156,-0.017786756756255066,1.2448997522153886,1.3879639444755887,3.4695878926878025,1.1512202746262663,9.200512340139678
Luis Arraez,1B,"1B,2B,DH",The New Vegas,39572,18568,650333,0,23.0,3.0,87.0,1.0,0.28301887,0.72755798,60.0,212.0,231.0,53.0,8.073820536914996,3.256335592604735,0.6346190430684843,-0.21621750312453672,1.106311413056026,-0.2888404326099811,1.4326384147867395,0.18863142603509703,2.857142361211829,0.283,11.0,95.0,409.0,379.0,116.0,19.0,2.0,4.0,49.0,39.0,23.0,20.0,5.0,2.0,0.305709,0.327431,0.744678,112.086,1.26384,151.0,3.0,21.864079,6.0404735,1.3503985,-0.34771037,1.4174484,0.021627802,5.326,0.43146893,8.199233,379.0,95.0,0.2969733026573288,0.7380868048935364,38.989999999999995,3.615,126.35999999999999,2.23,18.284061281165023,3.177836101402281,0.9619860514894002,-0.5319829787819732,1.152498040672992,-0.22367871718651142,3.487323333993372,0.18297077116508179,6.142528137962122
Victor Scott II,OF,OF,The New Vegas,4807220,,,0,28.0,2.0,61.0,15.0,0.25,0.66401204,45.0,180.0,206.0,57.0,0.9117340445504712,-8.673455960995984,1.0604751113477644,-0.4569396566031875,0.37211473145485446,3.914327190473852,0.1617803133373808,-0.5024317426898183,4.549325947320845,0.352,,78.0,335.0,304.0,72.0,13.0,3.0,5.0,39.0,29.0,23.0,71.0,22.0,4.0,0.235684,0.285957,0.642429,81.6338,1.0962,106.0,18.0,-3.750185,-26.238575,0.82084745,-0.17554039,0.62293655,3.773844,-0.93658435,-1.8742089,2.2312942,304.0,78.0,0.24059916486342747,0.6498391732440603,35.223333333333336,3.97,90.55,16.97,-2.471894539809943,-24.278303306859495,0.7136890012416918,-0.46035198120742904,0.3671565951825151,3.780076254650458,-0.4714650304049271,-1.3978757043749432,3.0271517371095147
Jacob Wilson,SS,SS,The New Vegas,4719300,33266,805779,0,31.0,7.0,115.0,5.0,0.35526316,0.89782859,81.0,228.0,245.0,58.0,25.15486360309727,42.32379584940509,1.3159887523153326,0.7466711107900665,1.8969847624726728,0.9120646025568282,4.463540371221574,2.451712281873724,11.786961881230198,0.322,41.0,87.0,376.0,349.0,101.0,20.0,2.0,5.0,45.0,37.0,19.0,33.0,3.0,1.0,0.2895,0.321835,0.731439,107.439,1.90463,140.0,2.0,14.47647,0.9419155,1.138578,-0.17554039,1.2232344,-0.22851995,3.6154041,0.06728125,5.6404376,349.0,87.0,0.31635328920481876,0.7993814126078619,39.28333333333333,5.816666666666666,129.79166666666666,3.2249999999999996,23.600389413587433,24.318110438973463,0.9813224589423194,-0.08773627551449535,1.227757187850917,0.04658832467086871,4.501307856483485,1.400167685908399,8.15026834994212
Jackson Holliday,2B,2B,The New Vegas,5080633,31781,702616,0,21.0,7.0,86.0,0.0,0.26767677,0.75038117,53.0,198.0,212.0,53.0,4.50290790900552,7.560286182904421,0.46427661575677215,0.7466711107900665,1.0780730791482889,-0.5890666914016834,0.7990069656853284,0.437948584646326,2.9369096646250985,0.345,65.0,80.0,347.0,304.0,72.0,14.0,2.0,9.0,46.0,35.0,38.0,91.0,7.0,2.0,0.236379,0.314614,0.70587,104.713,1.51865,117.0,5.0,-3.538908,-6.9525175,1.1915332,0.5131395,0.81715053,0.5219233,-0.8838193,-0.49661455,1.6633126,304.0,80.0,0.24743754382492422,0.721597262416444,37.16666666666667,8.293333333333333,106.04666666666668,3.2333333333333334,-0.39302733551493096,-2.4638441984548543,0.8417927006172797,0.41199922869100974,0.7070106750564081,0.048851867735000984,-0.07496219668933009,-0.14186114659058982,2.1133168666533035
Brandon Lowe,2B,"2B,DH",The New Vegas,39961,18882,664040,0,30.0,11.0,90.0,1.0,0.24170616,0.72039993,51.0,211.0,228.0,55.0,-0.6812453322213914,1.7306269690547071,1.2308175386594766,1.7095597247046699,1.1910264147792382,-0.2888404326099811,-0.12088183386937691,0.10025091819435629,3.821932329858383,0.344,64.0,78.0,335.0,299.0,71.0,13.0,1.0,15.0,42.0,47.0,30.0,86.0,4.0,1.0,0.237648,0.329474,0.7544,116.585,1.84446,131.0,3.0,-3.1012719,7.6723156,0.9797128,1.5461594,1.064332,0.021627802,-0.7745225,0.5480307,3.3853402,299.0,78.0,0.23919009791870194,0.741479982623938,37.44,13.48,115.42,2.2399999999999998,-2.852549396088635,3.5216128968499243,0.8598107166529537,1.458551643958528,0.9125752421902831,-0.2209624655095529,-0.5440674212023174,0.20276446201778484,3.551245217887079
Tyler Stephenson,C,C,The New Vegas,34975,17988,663886,0,11.0,5.0,42.0,-1.0,0.23157895,0.75692008,22.0,95.0,108.0,27.0,-1.2688067820428064,4.2486064872521165,-0.3874355208017883,0.2652268038327649,-0.1644136127921556,-0.8892929501933858,-0.22514017107333809,0.24611121230022734,-1.1549442387276754,0.338,,65.0,262.0,232.0,59.0,12.0,1.0,9.0,32.0,34.0,24.0,62.0,1.0,0.0,0.256082,0.334025,0.759019,106.365,1.22474,100.0,1.0,1.8703506,7.0247097,0.45016167,0.5131395,0.5170016,-0.47866768,0.4671078,0.5017725,1.9705154,232.0,65.0,0.2516714496455536,0.7586412085200256,28.220000000000002,8.280000000000001,89.56,0.6400000000000001,0.682324236440411,6.713893344578551,0.2520322733032522,0.4093088625849238,0.3454451170748477,-0.6555627338229281,0.1301398630477705,0.3865668975928533,1.4079326407315638
Junior Caminero,3B,3B,The New Vegas,4905921,28163,691406,0,32.0,14.0,112.0,4.0,0.26267281,0.81050133,57.0,217.0,231.0,56.0,3.8491458125969524,21.33184291035484,1.4011599659711886,2.431726185140622,1.8122697607494607,0.6118383437651259,0.68300182423289,1.2357006314936434,8.17569671135293,0.341,61.0,89.0,383.0,355.0,92.0,15.0,1.0,16.0,46.0,52.0,24.0,80.0,3.0,1.0,0.259773,0.326853,0.752554,114.741,1.88796,157.0,2.0,4.1722593,8.453936,1.1915332,1.7183293,1.5233834,-0.22851995,1.0419945,0.6038615,5.8505816,355.0,89.0,0.2608894183467823,0.7748637216957481,40.61,15.23,139.675,2.77,4.3164526127997505,16.032406562404717,1.0687757562862028,1.8116621953823373,1.4445064558281366,-0.07700112663074728,0.8232780280713483,0.9231004050400405,6.745750946139708
Jac Caglianone,1B,1B,The New Vegas,4926296,sa3025245,695506,0,0.0,0.0,0.0,0.0,0.0,0.0,0.0,5.0,5.0,1.0,-1.2246740543180425,-3.560989532249889,-1.3243188710162048,-0.9383839635604891,-1.3504236369171252,-0.5890666914016834,-0.21730915218968339,-0.2062792714270101,-4.625781586512196,0.289,,72.0,310.0,287.0,59.0,14.0,0.0,5.0,32.0,27.0,18.0,77.0,5.0,0.0,0.206349,0.255842,0.566293,56.3155,-1.12601,88.0,5.0,-11.959618,-46.622314,0.45016167,-0.17554039,0.30513176,0.5219233,-2.9868367,-3.3302104,-5.2153707,287.0,72.0,0.2046294253319502,0.5615738928318024,31.733333333333334,4.958333333333334,87.26666666666667,4.958333333333334,-12.656978840683497,-48.25277050814918,0.4836296989325311,-0.26092859359379206,0.29515051458974584,0.5174052820103588,-2.4140685688056,-2.778257389307105,-5.210457412821918
Carson Kelly,C,C,The New Vegas,32797,13620,608348,0,26.0,9.0,64.0,0.0,0.26890756,0.92670401,32.0,119.0,144.0,37.0,2.852757147230588,25.526226322452654,0.8901326840360524,1.228115417747368,0.4568297331780666,-0.5890666914016834,0.5062001884353996,1.4786708358419893,3.9708821678371926,0.387,89.0,59.0,234.0,205.0,49.0,8.0,1.0,8.0,26.0,29.0,24.0,43.0,1.0,0.0,0.239923,0.321962,0.725612,107.225,1.49007,83.0,1.0,-1.6599141,-0.6412628,0.132431,0.34096953,0.21685265,-0.47866768,-0.41455284,-0.04580446,-0.24877177,205.0,59.0,0.24687929465512692,0.7738740707946228,26.0,8.24,78.44,0.76,-0.3794759606655541,9.055271833700196,0.10569082598911556,0.4012377642666652,0.10157477711801689,-0.6229677136994249,-0.07237753975818073,0.5213768166931114,0.7639451737215923
Ceddanne Rafaela,SS,"SS,OF",The New Vegas,4987382,24262,678882,0,34.0,5.0,79.0,7.0,0.25125628,0.69275957,50.0,199.0,215.0,57.0,1.2579723581419096,-3.8682289535455667,1.5715023932829006,0.2652268038327649,0.8804047417941272,1.512517120140233,0.22321768446225432,-0.22407688734375397,4.228791856168526,0.347,67.0,54.0,235.0,220.0,55.0,11.0,2.0,6.0,29.0,28.0,10.0,56.0,9.0,3.0,0.247673,0.297861,0.681965,84.555,0.659339,88.0,6.0,-0.07637024,-10.290523,0.29129633,-0.003370412,0.30513176,0.772071,-0.019073058,-0.7350467,0.61100906,220.0,54.0,0.24895701178878976,0.6858330500643234,30.791666666666664,5.641666666666667,84.77499999999999,6.3583333333333325,0.04985527503303444,-9.651171861085171,0.42155543637060366,-0.12304733065687623,0.2405063062211213,0.8976805167845617,0.009508908402339573,-0.555687046695159,1.9073812294846535
Juan Soto,OF,OF,Jim Crow-Armstrong Era,36969,20123,665742,0,39.0,11.0,96.0,7.0,0.23287671,0.79895096,51.0,219.0,269.0,60.0,-2.640724089130263,18.99891872745488,1.9973584615621809,1.7095597247046699,1.3604564182256624,1.512517120140233,-0.4685765252823293,1.1005601329370505,7.211875332287467,0.429,98.0,99.0,428.0,342.0,94.0,18.0,1.0,21.0,68.0,60.0,81.0,69.0,5.0,2.0,0.273933,0.403567,0.930283,163.746,3.82558,177.0,3.0,8.862195,68.92767,2.3565457,2.5791793,1.8764998,0.021627802,2.2132754,4.9234734,13.970602,342.0,99.0,0.25552609301562984,0.8714024742532829,54.998333333333335,16.516666666666666,140.685,4.793333333333333,2.324128070767024,48.4615577249372,2.017248515042164,2.071282524619652,1.4666565496551507,0.47258712934054176,0.44328149680421614,2.7902787638670636,10.940439563572106
Austin Riley,3B,3B,Jim Crow-Armstrong Era,34982,18360,663586,0,31.0,10.0,106.0,1.0,0.275,0.775,66.0,240.0,261.0,59.0,7.2156453927339665,15.072502452005354,1.3159887523153326,1.468837571226019,1.6428397573030362,-0.2888404326099811,1.280361723405305,0.8731125986818309,6.292299970321543,0.346,66.0,100.0,432.0,388.0,104.0,20.0,1.0,21.0,60.0,62.0,34.0,107.0,1.0,0.0,0.268744,0.358021,0.826808,128.01,2.80812,189.0,1.0,8.0408535,38.05034,1.9329047,2.5791793,2.0883696,-0.47866768,2.0081508,2.717919,10.847856,388.0,100.0,0.27146535539627076,0.8042715063095092,47.385,16.214999999999996,152.89499999999998,1.0,8.821163895669978,28.93296337721824,1.5153808488777678,2.010412991469452,1.7344314463163826,-0.5577776734524187,1.6824626768254676,1.6658778024721481,8.866188882971525
Trea Turner,SS,SS,Jim Crow-Armstrong Era,33710,16252,607208,0,41.0,7.0,108.0,11.0,0.30543933,0.81447827,73.0,239.0,262.0,58.0,14.460580073597573,24.445006888455314,2.167700888873893,0.7466711107900665,1.6993164251185109,2.7134221553070423,2.565920609557098,1.4160384818073004,11.30906967145391,0.321,40.0,97.0,419.0,384.0,108.0,20.0,1.0,13.0,60.0,49.0,28.0,79.0,16.0,3.0,0.279921,0.338168,0.771722,115.104,2.81703,169.0,13.0,12.2499275,16.505058,1.9329047,1.2018194,1.7352532,2.5231051,3.0593395,1.1789496,11.6313715,384.0,97.0,0.2910640014159663,0.7903922484448787,51.70333333333333,10.379999999999999,142.36333333333334,12.126666666666665,16.25610413325708,23.30505038423911,1.800043529051137,0.8330415242934943,1.5034637187703381,2.4645050257768446,3.10053058737732,1.3418385671192044,11.490633033802329
Jose Altuve,2B,"2B,OF,DH",Jim Crow-Armstrong Era,31662,5417,514888,0,28.0,9.0,93.0,2.0,0.26315789,0.71683783,60.0,228.0,246.0,58.0,4.154862043097265,1.0579025694050834,1.0604751113477644,1.228115417747368,1.2757414165024503,0.011385826181721214,0.7372488580672458,0.06128166603167975,4.374248295878229,0.28,8.0,95.0,410.0,370.0,99.0,18.0,0.0,13.0,55.0,44.0,33.0,71.0,11.0,4.0,0.268209,0.333308,0.756725,116.79,1.76226,156.0,7.0,7.469881,10.35442,1.6681292,1.2018194,1.5057275,1.0222188,1.865554,0.7396122,8.003061,370.0,95.0,0.26613805101394883,0.7403712681210831,43.93,11.360000000000001,130.17000000000002,4.950000000000001,6.4408320213189585,3.947624369176043,1.2876287315487853,1.0307834330908279,1.2360543352085616,0.5151417389462267,1.2284614152663853,0.22729299185048638,6.515247965097917
Ian Happ,OF,OF,Jim Crow-Armstrong Era,34945,17919,664023,0,37.0,3.0,74.0,2.0,0.25118483,0.69227469,53.0,211.0,243.0,51.0,1.3187540377786133,-4.203798670945304,1.8270160342504689,-0.21621750312453672,0.7392130722554403,0.011385826181721214,0.23400293399370792,-0.24351560688822016,2.351884756668581,0.337,56.0,93.0,401.0,347.0,86.0,19.0,1.0,13.0,54.0,47.0,48.0,92.0,7.0,2.0,0.24945,0.338213,0.764017,118.287,1.82046,146.0,5.0,0.49615997,12.241081,1.615174,1.2018194,1.3291694,0.5219233,0.12391263,0.8743756,5.666374,347.0,93.0,0.2501526050434994,0.7349613560564834,47.114999999999995,8.95,116.83999999999999,3.7849999999999997,0.49350622500453023,1.8249920165679117,1.4975825647449672,0.5444997594157532,0.9437169582639069,0.19869841858055007,0.09412655905404105,0.10507785360428117,4.324005979343841
Anthony Volpe,SS,SS,Jim Crow-Armstrong Era,42547,27647,683011,0,29.0,7.0,93.0,3.0,0.24056604,0.7596669,51.0,212.0,243.0,59.0,-0.9261794230849987,10.063426632604731,1.1456463250036204,0.7466711107900665,1.2757414165024503,0.3116120849734235,-0.16434353654875664,0.5829492884022351,3.898276689123039,0.327,45.0,100.0,432.0,389.0,93.0,20.0,3.0,11.0,55.0,45.0,34.0,99.0,18.0,5.0,0.238004,0.30696,0.694884,96.7129,2.28273,152.0,13.0,-3.8962798,-13.17002,1.6681292,0.85747945,1.4351043,2.5231051,-0.97307056,-0.94072795,4.5700197,389.0,100.0,0.23904162560192224,0.7211210758141823,44.47,9.379999999999999,128.105,8.95,-3.7689320358376,-3.3379845922236675,1.323225299814386,0.631264066337032,1.1907672621860022,1.6016424097296644,-0.718849298889143,-0.19219166611733648,4.297963793675825
Pete Crow-Armstrong,OF,OF,Jim Crow-Armstrong Era,4717833,27769,691718,0,48.0,15.0,132.0,18.0,0.28085106,0.88042723,66.0,235.0,254.0,60.0,8.440318547052001,39.53389103425524,2.763899384464885,2.672448338619273,2.377036438904208,4.815005966848958,1.497670715896791,2.2901000312878006,16.416160876021916,0.35,71.0,92.0,397.0,359.0,91.0,17.0,4.0,13.0,54.0,48.0,24.0,97.0,25.0,5.0,0.252907,0.319464,0.734156,105.525,2.61113,155.0,20.0,1.7543848,1.944314,1.615174,1.2018194,1.4880717,4.2741394,0.43814608,0.13888213,9.156232,359.0,92.0,0.26473665664116897,0.7960774945952382,51.46,13.846666666666666,145.26333333333332,19.153333333333332,5.746247246262586,23.828797867827635,1.7840031001413292,1.5325367118758972,1.567062998075626,4.3731245374530845,1.0959830967876645,1.371994458710239,12.229601821757683
Xander Bogaerts,2B,"2B,SS",Jim Crow-Armstrong Era,31606,12161,593428,0,24.0,3.0,68.0,11.0,0.24137931,0.65976169,49.0,203.0,234.0,59.0,-0.7217666753125214,-10.644551939345485,0.7197902567243403,-0.21621750312453672,0.5697830688090161,2.7134221553070423,-0.12807203985248983,-0.6166124328166303,3.0420935050467417,0.314,30.0,95.0,409.0,369.0,97.0,19.0,1.0,10.0,49.0,44.0,33.0,73.0,10.0,2.0,0.26377,0.32086,0.726144,107.613,2.24984,148.0,8.0,5.8117027,-0.95795363,1.3503985,0.68530947,1.364481,1.2723665,1.4514347,-0.06842554,6.0555644,369.0,95.0,0.25503763946904984,0.7002549087313095,39.25,7.27,116.8,9.17,2.3273725071395575,-10.865981500702262,0.9791251399135787,0.20551363004889656,0.9428397268252134,1.6613999466227536,0.4439003089211525,-0.6256323332004734,4.88031075312393
Tyler O'Neill,OF,OF,Jim Crow-Armstrong Era,34168,15711,641933,0,9.0,2.0,26.0,2.0,0.1875,0.60456989,15.0,80.0,93.0,24.0,-4.594784869088679,-8.610241315998213,-0.5577779481135003,-0.4569396566031875,-0.6162269553159536,0.011385826181721214,-0.8153098376462724,-0.49876987544882734,-2.93363844694602,0.329,,59.0,254.0,223.0,53.0,9.0,1.0,13.0,34.0,34.0,25.0,76.0,3.0,1.0,0.236922,0.337044,0.775306,120.492,1.06925,103.0,2.0,-2.4748867,10.384193,0.5560719,1.2018194,0.56996906,-0.22851995,-0.6180869,0.7417389,2.2229924,223.0,59.0,0.22926158651709555,0.748841891461734,30.125,11.295,91.065,2.0,-4.341544715895234,4.268192881522593,0.377609055795788,1.0176678983236576,0.3784509499556956,-0.2861525057565591,-0.8280638508313048,0.24575041572121675,1.4237146357894372
Michael Busch,1B,1B,Jim Crow-Armstrong Era,42415,26319,683737,0,27.0,9.0,94.0,3.0,0.27624309,0.89552749,50.0,181.0,210.0,56.0,5.666798523686867,33.18265462255403,0.9753038976919084,1.228115417747368,1.3039797504101878,0.3116120849734235,1.0055305560448653,1.9221886943402116,6.746730401207965,0.389,91.0,83.0,357.0,313.0,77.0,16.0,2.0,13.0,45.0,47.0,37.0,95.0,2.0,1.0,0.244583,0.335732,0.76336,116.598,1.2206,136.0,1.0,-1.0758269,10.836038,1.138578,1.2018194,1.1526111,-0.47866768,-0.26868084,0.774014,3.519674,313.0,83.0,0.25566402875203514,0.8096186367740479,38.7,11.600000000000001,121.30000000000001,1.6999999999999997,2.1702267689746217,25.013903219599868,0.9428693759393559,1.079210023000379,1.0415282636782477,-0.367640056065317,0.4139278651017521,1.4402294567423737,4.649143781196561
Wilyer Abreu,OF,OF,Jim Crow-Armstrong Era,4990055,23772,677800,0,28.0,13.0,98.0,2.0,0.25123153,0.81170599,51.0,203.0,228.0,60.0,1.278233984687472,20.200140960654522,1.0604751113477644,2.191004031661971,1.4169330860411373,0.011385826181721214,0.22681295691134035,1.1701439508175242,6.0767549629614575,0.372,84.0,77.0,334.0,291.0,72.0,17.0,1.0,12.0,44.0,44.0,38.0,87.0,7.0,2.0,0.247604,0.340187,0.777069,114.329,1.50039,127.0,5.0,-0.121098116,14.063704,1.085623,1.0296494,0.9937087,0.5219233,-0.030243553,1.0045646,4.6052256,291.0,77.0,0.24898245990465773,0.7902310392043029,37.92,12.379999999999999,115.97999999999999,3.8600000000000003,0.07335033369309166,17.613946605298665,0.8914521106668214,1.2365964402064191,0.9248564823319938,0.2190703061577397,0.013990126499281975,1.0141609859016745,5.16440673501593
Willson Contreras,C,"C,DH,1B",Jim Crow-Armstrong Era,32532,11609,575929,0,26.0,6.0,80.0,2.0,0.24056604,0.69668622,51.0,212.0,239.0,57.0,-0.9261794230849987,-3.2884775273952704,0.8901326840360524,0.5059489573114158,0.9086430757018645,0.011385826181721214,-0.16434353654875664,-0.19049332841666713,1.9612736782656297,0.362,79.0,92.0,397.0,343.0,84.0,17.0,0.0,14.0,49.0,47.0,39.0,97.0,4.0,1.0,0.244394,0.337844,0.762495,116.952,1.24098,143.0,3.0,-1.2437654,11.577926,1.3503985,1.3739893,1.2762018,0.021627802,-0.3106224,0.8270067,4.538602,343.0,92.0,0.24286919854753902,0.7362811580421609,39.83833333333334,10.813333333333333,117.905,2.6016666666666666,-2.0103910356747727,2.256646725706382,1.0179078207708538,0.9204784227412948,0.9670732453191252,-0.122724696526217,-0.3834423578738418,0.12993130497430413,3.511966143484423
Jonathan Aranda,1B,1B,Jim Crow-Armstrong Era,40810,21837,666018,0,29.0,7.0,91.0,-1.0,0.32402235,0.91614688,58.0,179.0,206.0,55.0,14.156669505414083,36.506866265453986,1.1456463250036204,0.7466711107900665,1.2192647486869757,-0.8892929501933858,2.5119939768497406,2.1147520112375076,6.849035222374525,0.388,91.0,72.0,313.0,274.0,71.0,14.0,1.0,12.0,40.0,40.0,32.0,76.0,0.0,0.0,0.258047,0.347407,0.791824,129.2,1.30055,123.0,0.0,2.747363,17.284985,0.87380254,1.0296494,0.92308545,-0.72881544,0.686136,1.2346593,4.0185175,274.0,72.0,0.2806985463384972,0.8345081777630382,36.223333333333336,10.283333333333335,112.01333333333335,-0.3433333333333333,8.759272945524623,28.716889126096333,0.7796085721039153,0.8135363700243702,0.8378643646615421,-0.9226608153905232,1.670658201261428,1.653436861185325,4.990328580874344
Bobby Witt Jr.,SS,SS,Royal Mutton,42403,25764,677951,0,32.0,7.0,117.0,15.0,0.28691983,0.83953555,68.0,237.0,266.0,61.0,9.950449535324784,30.179021521355285,1.4011599659711886,0.7466711107900665,1.9534614302881474,3.914327190473852,1.765632042912627,1.748195695445361,11.529447435881242,0.385,89.0,99.0,428.0,387.0,114.0,24.0,5.0,18.0,67.0,59.0,32.0,69.0,23.0,7.0,0.295405,0.374357,0.873842,139.686,4.44131,202.0,16.0,18.33794,56.154438,2.3035905,2.0626693,2.3178954,3.2735484,4.579781,4.011087,18.548573,387.0,99.0,0.291643241549513,0.8586328077017924,51.483333333333334,13.123333333333333,164.31666666666666,15.556666666666667,16.607270878480726,49.896217522791595,1.7855412234614478,1.386584350620723,1.9849175733733615,3.396179350973643,3.1675087037765723,2.8728823976596076,15.436760410665002
Freddie Freeman,1B,1B,Royal Mutton,30193,5361,518692,0,34.0,9.0,117.0,-1.0,0.36898396,1.06024789,69.0,187.0,214.0,50.0,23.19719088850521,65.08534692385419,1.5715023932829006,1.228115417747368,1.9534614302881474,-0.8892929501933858,4.116166148363746,3.7702323532370148,11.750184792725792,0.403,94.0,93.0,402.0,347.0,100.0,22.0,1.0,15.0,58.0,57.0,46.0,64.0,6.0,2.0,0.289448,0.37412,0.864549,141.876,2.68122,169.0,4.0,14.375464,47.125683,1.8269945,1.5461594,1.7352532,0.27177554,3.5901787,3.3661668,12.336529,347.0,93.0,0.3178158212557879,0.9343482586653916,49.44,12.86,150.45333333333332,2.216666666666667,23.972642250668635,71.01224722185907,1.6508455669996374,1.333449620025521,1.6808837772461254,-0.22730038608912284,4.5723077281714986,4.088683375022239,12.127399423301203
Rafael Devers,3B,"3B,DH",Royal Mutton,33859,17350,646240,0,39.0,12.0,120.0,0.0,0.28270042,0.91322567,67.0,237.0,290.0,64.0,8.95044936532479,47.64357996135528,1.9973584615621809,1.9502818781833204,2.0381764320113596,-0.5890666914016834,1.5881895729215028,2.75987415115862,9.7448138044353,0.405,95.0,90.0,389.0,339.0,90.0,20.0,1.0,18.0,54.0,57.0,44.0,87.0,2.0,1.0,0.265342,0.361683,0.842301,129.451,1.55664,166.0,1.0,5.872109,38.49715,1.615174,2.0626693,1.6822858,-0.47866768,1.4665208,2.7498345,9.097816,339.0,90.0,0.27373190152574667,0.8765812628941803,46.75,15.099999999999998,143.76666666666665,0.5166666666666666,8.475510067356566,49.79206569064933,1.473521921380256,1.7854311258479967,1.534239921744506,-0.689063171172084,1.616536040372809,2.866885631169065,9.410531846907725
Marcell Ozuna,DH,DH,Royal Mutton,31668,10324,542303,0,28.0,10.0,90.0,0.0,0.27835052,0.88432569,54.0,194.0,245.0,56.0,6.482647572459951,33.39279000870433,1.0604751113477644,1.468837571226019,1.1910264147792382,-0.5890666914016834,1.1502968017888096,1.9343613148895145,6.215930522629662,0.401,93.0,89.0,383.0,334.0,88.0,15.0,0.0,19.0,51.0,56.0,44.0,90.0,1.0,0.0,0.263552,0.362147,0.831135,130.819,1.56095,160.0,1.0,5.187644,34.19989,1.4563087,2.2348392,1.5763508,-0.47866768,1.2955801,2.4428833,8.527294,334.0,89.0,0.26959473495178604,0.8528545169326032,41.608333333333334,15.325,131.41666666666669,0.5916666666666667,6.968688908536365,41.13293629035796,1.1345854611969894,1.8308310538882009,1.2633947150478466,-0.6686912835948946,1.3291396842513312,2.3683175699369543,7.58348734077731
Brendan Donovan,2B,"2B,OF",Royal Mutton,41773,24679,680977,0,32.0,4.0,102.0,2.0,0.32126697,0.84521193,71.0,221.0,246.0,58.0,16.86940716914252,29.396099204554915,1.4011599659711886,0.02450465035411411,1.5298864216720867,0.011385826181721214,2.993348766509355,1.7028429518804316,7.6631285825688975,0.384,87.0,89.0,383.0,340.0,96.0,18.0,1.0,8.0,46.0,43.0,33.0,49.0,4.0,2.0,0.281662,0.340439,0.768061,118.719,1.75449,140.0,2.0,11.438228,13.369102,1.1915332,0.34096953,1.2232344,-0.22851995,2.856623,0.95494956,6.33879,340.0,89.0,0.29790003020976563,0.799692870814122,40.260000000000005,6.36,124.42000000000002,2.0,16.717675324546484,23.796891633254447,1.045703906484425,0.021896143308515973,1.1099523158963513,-0.2861525057565591,3.188566169895347,1.3701573884024738,6.881768783382667
J.T. Realmuto,C,C,Royal Mutton,32177,11739,592663,0,18.0,5.0,67.0,3.0,0.22459893,0.65440527,42.0,187.0,206.0,50.0,-3.802809721494788,-10.807223016145825,0.20876297478920403,0.2652268038327649,0.5415447349012787,0.3116120849734235,-0.6747798351757267,-0.6260355639156482,0.02633119940529638,0.32,38.0,80.0,315.0,285.0,72.0,14.0,2.0,11.0,39.0,39.0,24.0,77.0,5.0,2.0,0.252084,0.325286,0.742732,106.335,2.00773,123.0,3.0,1.1581957,3.9876893,0.82084745,0.85747945,0.92308545,0.021627802,0.28925174,0.28483948,3.1971314,285.0,80.0,0.24264745076176022,0.7124064817690486,31.790000000000003,8.940000000000001,103.77333333333334,3.0,-1.733639650046987,-4.9292264205590905,0.4873651412813906,0.542481984836189,0.657154688290653,-0.014527338060699588,-0.3306575006162818,-0.28381084821177843,2.1084899947357294
Tommy Edman,SS,"SS,OF,2B",Royal Mutton,39907,19470,669242,0,28.0,9.0,76.0,2.0,0.24223602,0.75365888,39.0,161.0,174.0,44.0,-0.43450532904096795,6.6752167415535935,1.0604751113477644,1.228115417747368,0.7956897400709151,0.011385826181721214,-0.07709968570238966,0.38667871208121113,3.40524512172659,0.354,76.0,87.0,375.0,343.0,87.0,17.0,2.0,12.0,51.0,45.0,25.0,64.0,14.0,3.0,0.254591,0.318909,0.729885,104.295,2.03031,144.0,11.0,2.2538002,0.3926959,1.4563087,1.0296494,1.2938577,2.0228097,0.5628719,0.028050745,6.3935485,343.0,87.0,0.2510080473930176,0.7367794124974396,44.33,11.129999999999999,124.28,8.389999999999999,0.781234118324371,2.4275480038669883,1.3139965598936747,0.9843746177608411,1.1068820058609234,1.4495323158199829,0.14900496822064507,0.1397713148616441,5.52694051221874
Ben Rice,1B,"1B,DH",Royal Mutton,5016968,,,0,31.0,12.0,92.0,1.0,0.24431818,0.85606061,43.0,176.0,201.0,52.0,-0.1085270319950955,25.319835824803924,1.3159887523153326,1.9502818781833204,1.247503082594713,-0.2888404326099811,-0.01925730134427464,1.4667151473742561,5.672391126513366,0.352,,48.0,207.0,181.0,42.0,8.0,0.0,10.0,28.0,28.0,22.0,52.0,2.0,1.0,0.235288,0.339119,0.773209,119.335,0.689216,80.0,1.0,-2.3045187,8.048867,0.23834123,0.68530947,0.16388519,-0.47866768,-0.5755386,0.5749276,0.60825723,181.0,48.0,0.23831310640732078,0.8009642732516342,29.005000000000003,10.670000000000002,84.02000000000001,1.0,-1.8855295795868883,12.898469093010462,0.30377913643009774,0.891556987100869,0.22394856281577932,-0.5577776734524187,-0.35962750281315453,0.7426571923440869,2.304742088056168
Jordan Beck,OF,OF,Royal Mutton,4619460,,,0,28.0,8.0,88.0,4.0,0.25405405,0.78755686,47.0,185.0,202.0,51.0,1.6870592402324243,13.941406406754128,1.0604751113477644,0.9873932642687173,1.1345497469637635,0.6118383437651259,0.29935590771768805,0.8075910165442447,4.901203390607304,0.352,,83.0,358.0,324.0,77.0,16.0,3.0,11.0,42.0,38.0,29.0,108.0,11.0,3.0,0.237451,0.308669,0.702126,82.4374,0.135337,132.0,8.0,-3.4244015,-8.622959,0.9797128,0.85747945,1.0819879,1.2723665,-0.85522205,-0.6159334,2.720391,324.0,83.0,0.2430406948278357,0.7308877402151978,37.28666666666666,9.99,117.18666666666667,6.653333333333333,-1.8434634721186502,0.384175595285138,0.849703049120746,0.7543483156904742,0.9513196307325853,0.9778099412548406,-0.3516042241832925,0.022119738932133086,3.45459786144083
Jake Meyers,OF,OF,Royal Mutton,40719,20308,676694,0,26.0,3.0,74.0,5.0,0.29281768,0.75732463,53.0,181.0,200.0,55.0,8.666799313686868,8.167936962554045,0.8901326840360524,-0.21621750312453672,0.7392130722554403,0.9120646025568282,1.5378580157021244,0.4731482837673127,4.3361991551932215,0.333,51.0,71.0,309.0,279.0,67.0,13.0,2.0,8.0,36.0,34.0,22.0,72.0,9.0,2.0,0.240543,0.305366,0.689712,97.1349,1.38429,108.0,7.0,-2.0861247,-10.888843,0.6619821,0.34096953,0.6582482,1.0222188,-0.5209961,-0.77778447,1.3846382,279.0,71.0,0.2579678886329905,0.7122495353148397,32.66666666666667,6.333333333333334,96.66666666666669,6.333333333333334,2.5772601928693617,-4.8692412934821405,0.5451546317372734,0.016515411096343698,0.5012999026827507,0.8908898875921657,0.491561446341472,-0.2803570750751268,2.368491845244054
TJ Friedl,OF,OF,Royal Mutton,36020,19522,670770,0,35.0,4.0,95.0,6.0,0.29955947,0.80164397,68.0,227.0,262.0,58.0,12.39979762396087,20.304256425855055,1.6566736069387566,0.02450465035411411,1.3322180843179252,1.2122908613485306,2.2002503437431447,1.1761751008985188,7.60211264760099,0.309,26.0,84.0,363.0,321.0,79.0,13.0,3.0,9.0,45.0,39.0,29.0,59.0,12.0,3.0,0.246577,0.315081,0.709332,93.4702,1.18943,125.0,9.0,-0.4632504,-6.2300024,1.138578,0.5131395,0.9583971,1.5225142,-0.11569386,-0.44500563,3.5719292,321.0,84.0,0.2697126755570676,0.7496415541990926,40.63333333333333,6.816666666666666,111.9,7.69,6.735311448188122,6.400592702677564,1.0703138796063214,0.114041182441967,0.8353788755852433,1.2593946984328817,1.284627546024201,0.36852793704676245,5.331775981349252
Heliot Ramos,OF,OF,Royal Mutton,39642,22515,671218,0,39.0,11.0,113.0,3.0,0.29257642,0.85142644,67.0,229.0,257.0,59.0,10.909928492233655,31.883334182955107,1.9973584615621809,1.7095597247046699,1.8405080946571981,0.3116120849734235,1.935884329988157,1.8469222912229444,9.641844987108573,0.353,75.0,90.0,388.0,353.0,90.0,17.0,2.0,14.0,47.0,46.0,29.0,100.0,6.0,2.0,0.253533,0.325667,0.744763,109.165,1.1966,153.0,4.0,1.9460407,5.6560907,1.2444884,1.3739893,1.4527601,0.27177554,0.4860109,0.40401265,5.2330375,353.0,90.0,0.2702566015000748,0.790450516347259,43.57333333333334,12.715,135.86666666666667,3.5716666666666668,7.5987502230229875,21.444221657135085,1.264117417941259,1.3041918886218342,1.3609867126025132,0.1407517161387668,1.4493114278299402,1.2346973375718029,7.121476690840732
Nolan Arenado,3B,3B,Free Agent,31261,9777,571448,1,25.0,6.0,78.0,1.0,0.22748815,0.66754059,48.0,211.0,235.0,56.0,-3.681245442221392,-9.4226937709453,0.8049614703801963,0.5059489573114158,0.8521664078863898,-0.2888404326099811,-0.6532091728657771,-0.5458332265083526,0.6751940035938907,0.298,18.0,96.0,414.0,376.0,96.0,19.0,1.0,12.0,46.0,52.0,32.0,57.0,2.0,1.0,0.256251,0.317998,0.726765,103.444,1.75038,153.0,1.0,3.0948052,-0.7426448,1.1915332,1.0296494,1.4527601,-0.47866768,0.7729074,-0.053046126,3.9151359,376.0,96.0,0.24498555486875218,0.7035687587451338,37.775,9.65,123.625,1.0,-1.4080606046049462,-9.826103625869935,0.8818937728917987,0.6857439799852771,1.092517341052315,-0.5577776734524187,-0.2685597322501843,-0.565759120547493,2.646158633177169
Salvador Perez,C,"C,1B,DH",Free Agent,31127,7304,521692,1,12.0,4.0,78.0,0.0,0.22869955,0.61672494,51.0,223.0,237.0,57.0,-3.6204631725846936,-21.29047151834503,-0.3022643071459322,0.02450465035411411,0.8521664078863898,-0.5890666914016834,-0.6424238186432849,-1.233304089598639,-1.8903878485490355,0.351,73.0,91.0,371.0,343.0,88.0,17.0,1.0,15.0,39.0,54.0,20.0,78.0,0.0,0.0,0.256281,0.321099,0.742655,102.222,1.31112,152.0,0.0,2.8334703,4.7728047,0.82084745,1.5461594,1.4351043,-0.72881544,0.7076407,0.34091994,4.121856,343.0,91.0,0.24538632026516533,0.6929126137335289,28.335,10.655,122.77,0.0,-1.1470182865289507,-12.6187639721544,0.2596130239524078,0.8885303252315215,1.0737665190502386,-0.8294028411482781,-0.21877106916339473,-0.7265525664197754,1.747019808455791
Tyler Soderstrom,1B,"1B,OF",Free Agent,4686066,27467,691016,1,32.0,12.0,109.0,2.0,0.25751073,0.80114449,60.0,233.0,261.0,62.0,2.930189158779226,20.724553967155188,1.4011599659711886,1.9502818781833204,1.7275547590262483,0.011385826181721214,0.5199399134852181,1.200521892658723,6.81084423550642,0.375,86.0,80.0,345.0,312.0,76.0,14.0,1.0,16.0,41.0,45.0,28.0,85.0,1.0,0.0,0.243099,0.330411,0.760568,113.473,0.876852,140.0,1.0,-1.5353951,9.930313,0.92675763,1.7183293,1.2232344,-0.47866768,-0.38345504,0.70931846,3.715517,312.0,80.0,0.2493681048270786,0.7782187859913009,37.085,14.259999999999998,126.51499999999999,1.435,0.1989648725384232,15.137233151678018,0.8364092689968646,1.6159380611645682,1.15589731249793,-0.43962072550471976,0.03794861721246938,0.8715588641736425,5.061984372343364
Michael Harris II,OF,OF,Free Agent,42470,25931,671739,1,13.0,3.0,75.0,8.0,0.23111111,0.59274756,52.0,225.0,241.0,59.0,-3.110332694311909,-26.876327951244996,-0.2170930934900762,-0.21621750312453672,0.7674514061631776,1.8127433789319352,-0.5519050219490034,-1.5568788670135216,0.03810029951797467,0.31,27.0,89.0,383.0,356.0,98.0,19.0,2.0,13.0,52.0,47.0,20.0,72.0,13.0,4.0,0.275045,0.33281,0.766503,110.849,2.32483,160.0,9.0,9.6208515,13.443585,1.5092639,1.2018194,1.5763508,1.5225142,2.402745,0.9602699,9.172963,356.0,89.0,0.2573982253179165,0.696711217489829,36.335,8.983333333333334,125.85833333333335,8.598333333333334,3.0857469159680315,-11.744723226276001,0.7869695908501969,0.551225674680969,1.1414960963793768,1.5061208924232876,0.5885452393412529,-0.676227784335355,5.503793233839406
Alec Bohm,3B,3B,Free Agent,41169,21618,664761,1,26.0,5.0,87.0,1.0,0.27678571,0.69931723,62.0,224.0,238.0,57.0,7.134601406551702,-2.885271524795005,0.8901326840360524,0.2652268038327649,1.106311413056026,-0.2888404326099811,1.2659810807639067,-0.16713660700591082,3.0716749420728586,0.331,49.0,91.0,392.0,360.0,98.0,20.0,1.0,9.0,45.0,50.0,25.0,60.0,3.0,1.0,0.271546,0.322227,0.734226,104.253,1.38753,147.0,2.0,8.469311,1.9749212,1.138578,0.5131395,1.3468251,-0.22851995,2.1151552,0.14106838,5.0262465,360.0,91.0,0.2736244220422943,0.7203788475607971,37.46333333333333,7.413333333333333,123.19999999999999,1.6033333333333333,8.961849050406604,-3.356339583045207,0.8613488399730723,0.23443506568932287,1.0831967570161949,-0.3938971556092501,1.7092955896731674,-0.1932484943231282,4.250933144133948
Marcus Semien,2B,2B,Free Agent,32146,12533,543760,1,19.0,4.0,55.0,4.0,0.19902913,0.55812953,41.0,206.0,237.0,60.0,-9.45657025790335,-31.738085548695413,0.2939341884450601,0.02450465035411411,0.20268472800843024,0.6118383437651259,-1.6779968989475107,-1.8385083989102837,-2.383543387285064,0.326,44.0,94.0,406.0,364.0,88.0,17.0,2.0,12.0,54.0,46.0,37.0,64.0,6.0,2.0,0.241151,0.314565,0.71289,102.086,1.91385,145.0,4.0,-2.500366,-5.7694244,1.615174,1.0296494,1.3115135,0.27177554,-0.62445015,-0.41210675,3.1915557,364.0,94.0,0.2245128643929554,0.6517596318668991,40.175000000000004,8.84,109.44999999999999,4.0,-8.815181833392689,-28.371026757657898,1.0401007429611357,0.5223042390405425,0.7816484499652577,0.2570978296351599,-1.68132171667202,-1.6335230889671046,0.9893915837841031
Lars Nootbaar,OF,OF,Free Agent,4448736,21454,663457,1,36.0,8.0,93.0,1.0,0.2489083,0.75685981,57.0,229.0,268.0,59.0,0.9099290122336549,10.227575912955109,1.7418448205946129,0.9873932642687173,1.2757414165024503,-0.2888404326099811,0.16146002399912027,0.5924580481582771,4.470057140913196,0.356,77.0,80.0,344.0,293.0,73.0,15.0,1.0,12.0,44.0,38.0,47.0,65.0,6.0,2.0,0.250755,0.346983,0.788294,123.173,1.86614,126.0,4.0,0.80131686,17.449299,1.085623,1.0296494,0.97605294,0.27177554,0.20012358,1.2463962,4.809621,293.0,80.0,0.24993014732623797,0.7742534047142506,40.42666666666666,10.213333333333335,111.25999999999999,2.66,0.35152687422086715,13.053557751983437,1.0566905016281283,0.7994119479674178,0.8213431725661448,-0.10687989507729179,0.06704680388809524,0.7515867565587806,4.65794906394668
Keibert Ruiz,C,C,Free Agent,38827,19610,660688,1,18.0,2.0,69.0,-2.0,0.26368159,0.64517037,53.0,201.0,212.0,53.0,3.768102606414697,-13.472534826445521,0.20876297478920403,-0.4569396566031875,0.5980214027167534,-1.1895192089850881,0.6686213199965962,-0.7804304514532864,-0.9514836195390083,0.305,24.0,80.0,314.0,292.0,73.0,14.0,0.0,8.0,31.0,37.0,16.0,35.0,2.0,1.0,0.248406,0.297061,0.673566,88.0819,0.968009,111.0,1.0,0.112668395,-16.11084,0.39720654,0.34096953,0.7112156,-0.47866768,0.02813811,-1.1507894,-0.15192723,292.0,80.0,0.25380337059681907,0.663532866906073,26.406666666666666,5.880000000000001,96.16,-0.05999999999999994,1.4813083188065845,-19.321390679649415,0.13249811813975315,-0.07495703651058586,0.49018830445929745,-0.8457003512100297,0.2825302861095828,-1.11247076306965,-0.4344371560771431
George Springer,OF,"OF,DH",Free Agent,32078,12856,543807,1,31.0,8.0,83.0,7.0,0.25423729,0.84275833,45.0,177.0,217.0,55.0,1.6465388071412976,23.109194968353943,1.3159887523153326,0.9873932642687173,0.9933580774250766,1.512517120140233,0.29216586320719595,1.3386582179377995,6.440081295294355,0.405,95.0,90.0,388.0,343.0,85.0,15.0,2.0,12.0,50.0,44.0,39.0,75.0,10.0,2.0,0.247554,0.32647,0.738305,111.784,1.35229,140.0,8.0,-0.15988538,3.2807527,1.4033537,1.0296494,1.2232344,1.2723665,-0.039930418,0.23434334,5.1230173,343.0,90.0,0.24997112589278486,0.7760822702240362,43.12833333333333,10.553333333333335,119.38499999999999,7.638333333333334,0.42557004374455054,15.908428204089617,1.2347832089075692,0.868016283672615,0.9995308085507896,1.2453607314352622,0.0811690751292642,0.9159620835203484,5.599355452047861
Brandon Nimmo,OF,OF,Free Agent,32159,12927,607043,1,24.0,9.0,86.0,0.0,0.23076923,0.70603796,48.0,208.0,229.0,57.0,-2.9464408196305683,-1.2812688615953718,0.7197902567243403,1.228115417747368,1.0780730791482889,-0.5890666914016834,-0.5228236478379038,-0.07422072007749439,1.8398676943029153,0.337,56.0,77.0,332.0,288.0,72.0,13.0,2.0,11.0,43.0,40.0,36.0,70.0,4.0,1.0,0.248332,0.335415,0.757862,117.356,1.40079,122.0,3.0,0.08981323,8.3871,1.0326679,0.85747945,0.90542966,0.021627802,0.022430182,0.5990875,3.4387226,288.0,77.0,0.24162887229430507,0.7380824739971095,35.748333333333335,10.236666666666668,108.26000000000002,1.8550000000000002,-2.0452390870956174,2.4135727472218065,0.7482967759443591,0.8041200886530686,0.7555508146641228,-0.3255381550724587,-0.3900889349660604,0.13896665930232482,2.8284929841351425
Bryan Reynolds,OF,"OF,DH",Free Agent,38980,19326,668804,1,21.0,7.0,86.0,1.0,0.23376623,0.67461995,54.0,231.0,258.0,58.0,-2.579942179493564,-8.680507939944858,0.46427661575677215,0.7466711107900665,1.0780730791482889,-0.2888404326099811,-0.45779123493911544,-0.5028402462999857,1.039548891846045,0.369,82.0,94.0,406.0,362.0,95.0,17.0,2.0,13.0,49.0,49.0,36.0,92.0,6.0,2.0,0.261645,0.334826,0.76385,110.82,1.31413,155.0,4.0,4.9321947,12.709776,1.3503985,1.2018194,1.4880717,0.27177554,1.2317834,0.90785426,6.451703,362.0,94.0,0.24965712277369156,0.7254810634967956,36.96,10.420000000000002,125.33000000000001,2.7100000000000004,0.33547476545244564,-1.5279837452306397,0.8281693226390866,0.8411126226117533,1.1299093311266315,-0.09329863669249874,0.06398518138491639,-0.08797696145159645,4.124476774302515
Lourdes Gurriel Jr.,OF,OF,Free Agent,36040,19238,666971,1,21.0,8.0,93.0,3.0,0.25116279,0.72315643,54.0,215.0,234.0,56.0,1.3390155143241793,2.356082563254783,0.46427661575677215,0.9873932642687173,1.2757414165024503,0.3116120849734235,0.23759817982642858,0.1364820059617005,3.4131035672894927,0.321,40.0,82.0,353.0,327.0,88.0,18.0,1.0,11.0,42.0,47.0,19.0,59.0,3.0,1.0,0.270406,0.325542,0.746245,105.458,0.827077,141.0,2.0,7.320178,5.7241125,0.9797128,0.85747945,1.2408903,-0.22851995,1.8281667,0.4088714,5.0866013,327.0,82.0,0.26290115283770144,0.7372404739189484,33.81,9.83,122.28,2.3899999999999997,4.633837190884128,2.465076697849432,0.6205226744230823,0.7220639224174403,1.0630204339262417,-0.180218690355174,0.8838128637395848,0.14193211040291068,4.433937158210675
Willy Adames,SS,SS,Free Agent,33675,15986,642715,1,30.0,5.0,74.0,1.0,0.2034632,0.61312199,47.0,231.0,264.0,61.0,-9.57994210949356,-22.886536699944852,1.2308175386594766,0.2652268038327649,0.7392130722554403,-0.2888404326099811,-1.6998883012995178,-1.3257601779495682,-1.0792314971113854,0.299,19.0,97.0,419.0,371.0,89.0,20.0,1.0,15.0,53.0,53.0,43.0,100.0,8.0,2.0,0.238622,0.322865,0.735371,107.258,2.24915,156.0,6.0,-3.4867127,2.460063,1.562219,1.5461594,1.5057275,0.772071,-0.87078387,0.17572184,4.691115,371.0,97.0,0.22315212511769106,0.6815814320239502,42.88,10.600000000000001,119.92000000000002,3.8000000000000003,-9.489538832081001,-17.852735567808455,1.2184131821434507,0.8774325650439165,1.0112637790433174,0.2027727960959881,-1.809941986578359,-1.0279097757139768,2.15216248666894
Christian Walker,1B,1B,Free Agent,32758,13419,572233,1,24.0,8.0,80.0,0.0,0.21198157,0.64481422,46.0,217.0,239.0,58.0,-7.150853267403042,-14.622259959645165,0.7197902567243403,0.9873932642687173,0.9086430757018645,-0.5890666914016834,-1.2688648506050804,-0.8470311703461333,-0.08913611565797486,0.317,34.0,95.0,410.0,362.0,85.0,17.0,1.0,20.0,52.0,57.0,39.0,95.0,3.0,1.0,0.235619,0.333311,0.764594,116.793,1.60214,164.0,2.0,-4.489216,12.97912,1.5092639,2.4070091,1.6469741,-0.22851995,-1.1211525,0.9270934,5.1406684,362.0,95.0,0.22620341989003417,0.7168817320730243,40.846666666666664,15.219999999999999,130.54,1.2033333333333334,-8.154765678431529,-4.6409417206358645,1.0843767213902622,1.8096444208027722,1.244168726016477,-0.5025472226875939,-1.555360387188033,-0.2672122345083307,3.057462929892047
Jake Cronenworth,1B,"1B,2B",Free Agent,36364,18036,630105,1,18.0,4.0,46.0,0.0,0.24074074,0.79906025,26.0,108.0,135.0,35.0,-0.4529596532697163,9.38113310340241,0.20876297478920403,0.02450465035411411,-0.05146027716120612,-0.5890666914016834,-0.08037426601887719,0.5434257203522346,0.05579211091378594,0.318,35.0,90.0,387.0,340.0,82.0,17.0,3.0,10.0,46.0,44.0,37.0,71.0,3.0,1.0,0.242503,0.32161,0.725797,108.124,1.63415,135.0,2.0,-1.8758276,-1.0006535,1.1915332,0.68530947,1.1349553,-0.22851995,-0.4684758,-0.07147557,2.2433267,340.0,90.0,0.24210649327161693,0.7422812293490411,39.699999999999996,8.65,114.975,1.55,-2.2521272344240733,4.27693353512693,1.0087889468015792,0.48396652202881474,0.9028160424348163,-0.4083838312196959,-0.42954876025380473,0.24625367771442236,1.751131389533086
Jordan Westburg,2B,"2B,3B",Free Agent,4298641,27815,676059,1,12.0,4.0,36.0,-1.0,0.2173913,0.65661047,20.0,92.0,98.0,23.0,-2.5340029994519804,-5.114044153397955,-0.3022643071459322,0.02450465035411411,-0.33384361623857983,-0.8892929501933858,-0.44963967474893507,-0.2962438649298629,-2.246779762902582,0.33,,73.0,316.0,288.0,76.0,15.0,2.0,12.0,40.0,41.0,22.0,71.0,5.0,1.0,0.262609,0.338349,0.777187,121.41,1.87379,131.0,4.0,4.2015924,13.952705,0.87380254,1.0296494,1.064332,0.27177554,1.0493202,0.99663615,5.285516,288.0,73.0,0.25522344649521894,0.7574928248861481,35.42666666666667,10.693333333333332,115.48333333333333,3.1833333333333336,1.8699982827675763,8.003753803264935,0.7270926473170105,0.8962651277865191,0.9139641919682147,0.03527060935020806,0.35666521489624897,0.46083339696236175,4.05524084569104
Andres Gimenez,2B,2B,Free Agent,37729,19950,665926,1,17.0,3.0,39.0,8.0,0.19083969,0.56981877,25.0,131.0,147.0,36.0,-7.086460833132712,-18.651666874947075,0.12359176113334798,-0.21621750312453672,-0.24912861451536772,1.8127433789319352,-1.2574388999618233,-1.080444696346105,-0.8668945738825495,0.323,42.0,93.0,401.0,363.0,92.0,17.0,2.0,8.0,47.0,40.0,23.0,68.0,20.0,4.0,0.254792,0.30759,0.693128,98.5031,2.26633,137.0,16.0,2.4581861,-12.927195,1.2444884,0.34096953,1.170267,3.2735484,0.6139159,-0.923383,5.7198057,363.0,93.0,0.23912368769188194,0.6629172309255814,39.65,6.775,112.99000000000001,14.04,-3.4872354433730317,-24.242875918153864,1.0054929682584681,0.10563378836044786,0.8592834322896449,2.9842145133015894,-0.6651212411616141,-1.395835896019511,4.106064146087313
Adolis Garcia,OF,"OF,DH",Free Agent,35537,19287,666969,1,17.0,7.0,74.0,3.0,0.21105528,0.62992381,42.0,199.0,217.0,57.0,-6.742026641858088,-16.37254519354557,0.12359176113334798,0.7466711107900665,0.7392130722554403,0.3116120849734235,-1.1963216567025896,-0.9484208429550035,-0.22365447050531462,0.318,35.0,78.0,336.0,304.0,71.0,14.0,1.0,14.0,42.0,47.0,25.0,90.0,7.0,2.0,0.234504,0.315708,0.722505,102.891,0.82597,129.0,5.0,-4.1089077,-1.8954773,0.9797128,1.3739893,1.0290204,0.5219233,-1.026173,-0.13539243,2.7430804,304.0,78.0,0.22602337918665055,0.6890214526443792,32.95833333333333,11.468333333333332,109.10833333333333,4.276666666666666,-6.902933385550126,-12.36689036916254,0.5643811732387547,1.0526426577027774,0.7741554314264165,0.3322474593643477,-1.316598117795028,-0.7120504001956546,1.6701112741883373
Austin Wells,C,C,Free Agent,4683349,27562,669224,1,20.0,9.0,73.0,2.0,0.21212121,0.72663477,35.0,165.0,190.0,49.0,-5.4142441424954,2.382082485753675,0.3791054021009161,1.228115417747368,0.710974738347703,0.011385826181721214,-0.9607166904575289,0.13798811683949394,1.5068528107596733,0.312,28.0,76.0,302.0,267.0,62.0,13.0,1.0,12.0,33.0,40.0,29.0,67.0,2.0,1.0,0.231129,0.322752,0.736787,107.822,1.7701,113.0,1.0,-4.5099335,2.148529,0.5031168,1.0296494,0.74652725,-0.47866768,-1.1263267,0.15346912,0.82776797,267.0,76.0,0.22510987029341445,0.7335721416260859,28.883333333333333,11.049999999999999,100.33333333333334,1.3166666666666667,-6.306680604566026,1.0333243246735802,0.29575892197519366,0.9682324211243241,0.5817127845630004,-0.47176303701539646,-1.2028746838101358,0.05949587786032526,1.0428115016620567
Matt McLain,2B,"2B,SS",Free Agent,4422899,29695,680574,1,24.0,6.0,56.0,11.0,0.17460317,0.56606374,33.0,189.0,216.0,53.0,-13.292680123222004,-27.61935745904578,0.7197902567243403,0.5059489573114158,0.2309230619161676,2.7134221553070423,-2.358685592889898,-1.5999207193216571,0.21147811904741043,0.298,18.0,82.0,354.0,313.0,75.0,16.0,2.0,13.0,48.0,43.0,34.0,99.0,12.0,3.0,0.241112,0.329496,0.748457,103.282,1.56218,134.0,9.0,-2.1622505,6.1713953,1.2974434,1.2018194,1.1172994,1.5225142,-0.54000807,0.44082063,5.0398893,313.0,82.0,0.2171688172253906,0.6827954357188477,39.36,10.48,105.92,9.719999999999999,-9.878774438865118,-14.681758710677787,0.9863762927084233,0.8532192700891409,0.7042327755005446,1.8107937888554761,-1.884180985949774,-0.8453339403397726,3.3016612976617554
Jonathan India,2B,"2B,3B,OF,DH",Free Agent,41171,21523,663697,1,22.0,1.0,63.0,-3.0,0.24390244,0.64065041,50.0,205.0,234.0,54.0,-0.21163602703974146,-14.667236772245431,0.5494478294126282,-0.6976618100818384,0.4285913992703292,-1.4897454677767905,-0.03755321299299434,-0.8496365652933153,-2.0965578274619814,0.335,54.0,86.0,371.0,317.0,78.0,17.0,1.0,8.0,47.0,35.0,42.0,69.0,7.0,2.0,0.2465,0.328932,0.731054,107.731,1.21238,121.0,5.0,-0.48188502,0.7335101,1.2444884,0.34096953,0.8877738,0.5219233,-0.12034773,0.05239495,2.9272022,317.0,86.0,0.245486951818153,0.6957966047843002,37.25,5.27,98.38,1.88,-1.0281720916669814,-10.748014426330991,0.8472859981891314,-0.19804128586402814,0.5388746493067942,-0.3187475258800623,-0.1961035062994805,-0.6188401243259266,0.9679358043760087
Kristian Campbell,2B,"2B,SS,OF",Free Agent,5201569,33644,692225,1,22.0,5.0,68.0,1.0,0.22335025,0.65767766,44.0,197.0,224.0,55.0,-4.252158490130873,-10.7404885506456,0.5494478294126282,0.2652268038327649,0.5697830688090161,-0.2888404326099811,-0.7545133770152824,-0.6221698022227853,-0.28106590979363977,0.301,21.0,76.0,329.0,288.0,76.0,15.0,1.0,9.0,42.0,37.0,34.0,76.0,8.0,2.0,0.263082,0.338458,0.764775,113.113,1.50657,120.0,6.0,4.3378143,10.378046,0.9797128,0.5131395,0.870118,0.772071,1.0833408,0.7412998,4.9596815,288.0,76.0,0.24824881185000103,0.7247919793808045,34.53333333333333,7.506666666666668,100.58666666666667,4.133333333333334,-0.138696495055183,-1.4140897022740155,0.6682044973467571,0.2532676284319263,0.5872685836747267,0.29331451866127467,-0.026453615316159855,-0.08141926615016577,3.0031358071902248
Carlos Correa,SS,SS,Free Agent,32653,14162,621043,1,23.0,5.0,71.0,0.0,0.24064171,0.66467914,45.0,187.0,200.0,51.0,-0.8028098614947866,-8.886009326145842,0.6346190430684843,0.2652268038327649,0.6544980705322282,-0.5890666914016834,-0.14245254053993647,-0.514744430751771,0.3080802547400865,0.318,35.0,87.0,375.0,331.0,87.0,18.0,1.0,12.0,46.0,46.0,38.0,71.0,0.0,0.0,0.263081,0.33888,0.773308,119.845,2.22995,143.0,0.0,4.9851484,14.751969,1.1915332,1.0296494,1.2762018,-0.72881544,1.2450082,1.0537271,5.0673046,331.0,87.0,0.25560124610422774,0.7370983660712687,38.333333333333336,9.666666666666666,119.0,0.0,2.274251085846037,2.4481928436662006,0.9186988666232072,0.6891069376178847,0.9910874559533634,-0.8294028411482781,0.43376844766981115,0.14095998606371604,3.4808964923840655
Spencer Steer,1B,"1B,OF,DH",Free Agent,4722857,26323,668715,1,23.0,4.0,68.0,2.0,0.22222222,0.61611303,46.0,207.0,226.0,56.0,-4.701506308766959,-19.889569425145396,0.6346190430684843,0.02450465035411411,0.5697830688090161,0.011385826181721214,-0.8342467502845201,-1.1521533138076148,-0.7461074756787991,0.286,11.0,74.0,320.0,281.0,68.0,15.0,1.0,10.0,39.0,40.0,32.0,66.0,8.0,2.0,0.241357,0.327616,0.741336,102.003,0.635105,115.0,6.0,-1.8723433,3.5394456,0.82084745,0.68530947,0.7818389,0.772071,-0.46760562,0.25282165,2.8452828,281.0,74.0,0.23414956537846043,0.6941686738478872,32.97333333333333,7.739999999999999,97.29666666666665,4.493333333333333,-4.097213658192166,-9.984868321204635,0.565369966801688,0.3003490352884338,0.5151162978421747,0.39109957903178394,-0.7814625303891706,-0.5749003404884335,1.4925257918257295
Alejandro Kirk,C,C,Free Agent,42081,22581,672386,1,12.0,3.0,64.0,0.0,0.29585799,0.72629181,50.0,169.0,187.0,48.0,8.606017274050167,2.3818696999537634,-0.3022643071459322,-0.21621750312453672,0.4568297331780666,-0.5890666914016834,1.527072702291393,0.13797579068706403,1.0143297244843712,0.369,82.0,76.0,303.0,270.0,71.0,13.0,0.0,7.0,28.0,36.0,27.0,38.0,0.0,0.0,0.261334,0.319827,0.720698,107.111,1.80459,105.0,0.0,3.594742,-2.1713662,0.23834123,0.16879956,0.6052807,-0.72881544,0.8977634,-0.15509906,1.0262704,270.0,76.0,0.2720939782723727,0.7224414034287114,23.013333333333332,5.753333333333333,92.22166666666666,0.0,6.308166969926116,-1.9603646029470245,-0.09118895898605912,-0.10051551451840465,0.40381755905791994,-0.8294028411482781,1.2031581786269263,-0.11287222239298869,1.0225488822759514
Matt Shaw,2B,"2B,3B,SS",Free Agent,4867667,33322,807713,1,18.0,1.0,35.0,5.0,0.23809524,0.66106443,25.0,105.0,119.0,31.0,-0.7181549406788903,-5.369015027247656,0.20876297478920403,-0.6976618100818384,-0.3620819501463172,0.9120646025568282,-0.12743116484709457,-0.3110136938261568,-0.37736104155537464,0.315,,78.0,335.0,299.0,73.0,12.0,1.0,9.0,41.0,36.0,30.0,70.0,11.0,3.0,0.244917,0.312734,0.703676,100.944,1.286,114.0,8.0,-0.92783797,-7.494169,0.92675763,0.5131395,0.7641831,1.2723665,-0.23172158,-0.5353045,2.7094204,299.0,78.0,0.2435640218492517,0.6952246935279368,36.43833333333333,7.413333333333333,98.33166666666666,7.404999999999999,-1.5447461408542598,-10.308718542854429,0.7937812798392931,0.23443506568932287,0.5378146613183727,1.1819815256395614,-0.29462979691752694,-0.5935467158540787,2.0972087815607607
Miguel Vargas,3B,"3B,OF,1B",Free Agent,42453,20178,678246,1,28.0,8.0,91.0,1.0,0.24299065,0.74606698,52.0,214.0,240.0,58.0,-0.416050424812217,7.247981739704779,1.0604751113477644,0.9873932642687173,1.2192647486869757,-0.2888404326099811,-0.07382500246928657,0.4198575646016989,3.324325253825889,0.332,50.0,85.0,367.0,320.0,72.0,17.0,1.0,10.0,42.0,38.0,39.0,78.0,6.0,2.0,0.223835,0.307576,0.689214,96.6439,0.607323,121.0,4.0,-7.7392435,-12.648354,0.9797128,0.68530947,0.8877738,0.27177554,-1.9328258,-0.9034655,-0.011719704,320.0,85.0,0.23149726381374358,0.7119551866990967,36.4,9.2,109.0,2.8,-5.514602588330364,-5.678984438450954,0.7912543629562413,0.5949441239048688,0.7717795962799545,-0.06885237159987154,-1.0518014563753062,-0.3269797840358577,1.322698279325766
Alec Burleson,OF,"OF,DH,1B",Free Agent,4345070,27615,676475,1,16.0,5.0,68.0,3.0,0.29113924,0.77155622,46.0,158.0,170.0,49.0,7.300299803549861,9.378613540903524,0.03842054747749194,0.2652268038327649,0.5697830688090161,0.3116120849734235,1.2953830086025024,0.5432797683599925,3.0237052820551913,0.324,43.0,67.0,291.0,267.0,71.0,12.0,1.0,9.0,33.0,35.0,19.0,40.0,4.0,1.0,0.26492,0.319371,0.728049,104.378,0.567805,112.0,3.0,4.512261,-0.18452793,0.5031168,0.5131395,0.72887146,0.021627802,1.1269077,-0.013180093,2.8804834,267.0,67.0,0.27234878198747764,0.740376031502505,28.18333333333333,7.866666666666667,99.53333333333333,3.0,6.3061088177488465,2.849962921677483,0.24961522237163694,0.3259075132962526,0.5641681557891274,-0.014527338060699588,1.2027656267752163,0.1640927653069063,2.9210629252945135
Dylan Moore,2B,"2B,3B,SS,OF",Free Agent,40593,18042,664238,1,21.0,8.0,62.0,4.0,0.26356589,0.80229848,34.0,129.0,143.0,45.0,2.403409208594508,11.62297398795288,0.46427661575677215,0.9873932642687173,0.40035306536259185,0.6118383437651259,0.42646679387306996,0.6732899898571707,3.5636180728834477,0.325,44.0,60.0,258.0,221.0,47.0,10.0,2.0,9.0,34.0,27.0,28.0,72.0,17.0,5.0,0.214434,0.315045,0.707451,108.751,1.23344,88.0,12.0,-7.422538,-4.704893,0.5560719,0.5131395,0.30513176,2.2729576,-1.8537306,-0.33606774,1.4575024,221.0,60.0,0.22614376549392945,0.7300563053336472,30.901666666666667,8.761666666666667,81.80333333333334,10.093333333333334,-4.991645541244581,0.07829859043045728,0.42880658916544845,0.5064983381672863,0.17533532058817364,1.9122005181285975,-0.9520577350579208,0.004508210308856987,1.9594599421310939
Triston Casas,1B,1B,Free Agent,41180,22514,671213,1,5.0,3.0,30.0,0.0,0.18181818,0.57981602,18.0,99.0,112.0,29.0,-6.248546455497241,-13.105806758547795,-0.8984628027369245,-0.21621750312453672,-0.5032736196850041,-0.5890666914016834,-1.108757328428976,-0.7591868061202481,-4.074964751497373,0.307,,,,,,,,,,,,,,,,,,,,,,,,,,,,,,,,,0.0339393936,0.10823232373333333,0.9333333333333333,0.56,5.6000000000000005,0.0,-0.0,-0.0,-1.5466930836239567,-1.1484131128389659,-1.4958636727430936,-0.8294028411482781,1.9476213283723963e-16,-0.0,-0.7606600869461764
JJ Bleday,OF,OF,Free Agent,42410,26368,668709,1,26.0,6.0,61.0,-1.0,0.2,0.64897897,34.0,170.0,193.0,48.0,-7.638917846813442,-10.747219196496204,0.8901326840360524,0.5059489573114158,0.37211473145485446,-0.8892929501933858,-1.3554682203682684,-0.622559691805364,-1.0991244895646957,0.28,8.0,56.0,242.0,211.0,49.0,12.0,1.0,9.0,30.0,27.0,28.0,51.0,2.0,1.0,0.234556,0.329973,0.749457,113.164,0.884643,90.0,1.0,-2.840933,4.3712673,0.34425145,0.5131395,0.3404434,-0.47866768,-0.7095046,0.3122383,0.3219004,211.0,56.0,0.22344048965473973,0.7171365681604019,28.713333333333335,8.035,80.67166666666667,0.3566666666666667,-5.336170429230147,-2.6513088757682,0.2845525949286158,0.3598733853855904,0.1505169811351327,-0.7325231980034217,-1.0177690484547528,-0.15265482992721638,-0.13519594114592795
Willi Castro,2B,"2B,3B,SS,OF",Free Agent,34230,17338,650489,1,25.0,6.0,63.0,3.0,0.26086957,0.80267559,36.0,138.0,156.0,40.0,2.1989967608220273,12.485920329903074,0.8049614703801963,0.5059489573114158,0.4285913992703292,0.3116120849734235,0.3901953504095345,0.7232783262692751,3.1645875886141748,0.322,41.0,72.0,313.0,279.0,69.0,14.0,2.0,7.0,40.0,30.0,22.0,72.0,10.0,3.0,0.2464,0.31226,0.702087,101.12,0.906516,108.0,7.0,-0.45202008,-7.436218,0.87380254,0.16879956,0.6582482,1.0222188,-0.11288916,-0.53116506,2.079015,279.0,72.0,0.2501620872119934,0.7282400223823151,36.1,6.74,96.3,5.96,0.3994415964111634,-0.4078954016565004,0.7714784916975743,0.09857157733197164,0.4932586144947252,0.7894831583190446,0.07618559018762262,-0.02348545797023561,2.3612638852909673
Nathaniel Lowe,1B,1B,Free Agent,40538,19566,663993,1,24.0,8.0,86.0,1.0,0.22608696,0.66918863,52.0,230.0,254.0,61.0,-4.335005698629953,-9.892133583494886,0.7197902567243403,0.9873932642687173,1.0780730791482889,-0.2888404326099811,-0.769213987824125,-0.5730267078804753,1.1541754718267656,0.311,27.0,92.0,397.0,347.0,90.0,15.0,1.0,11.0,44.0,48.0,44.0,90.0,1.0,0.0,0.258077,0.331347,0.745161,111.42,1.00732,140.0,1.0,3.489728,5.6980524,1.085623,0.85747945,1.2232344,-0.47866768,0.8715368,0.40700996,3.966216,347.0,92.0,0.24453454720245335,0.7129993615870214,35.53333333333333,9.73,117.14,1.0,-1.4559598458384484,-5.795820064335405,0.7341240682089807,0.7018861766217941,0.9502961940541095,-0.5577776734524187,-0.2776955658631597,-0.3337068473221612,2.7757855601068187
Zach McKinstry,3B,"3B,SS,OF",Free Agent,38420,19392,656716,1,30.0,3.0,75.0,2.0,0.26519337,0.7715075,48.0,181.0,211.0,55.0,3.66679920368686,10.735036432554036,1.2308175386594766,-0.21621750312453672,0.7674514061631776,0.011385826181721214,0.6506457970539021,0.6218539745750282,3.0659370395087695,0.323,42.0,64.0,277.0,248.0,58.0,11.0,3.0,5.0,32.0,24.0,24.0,60.0,9.0,2.0,0.23597,0.29893,0.673692,92.2545,0.795905,90.0,7.0,-2.9884338,-13.651931,0.45016167,-0.17554039,0.3404434,1.0222188,-0.74634194,-0.9751506,-0.084208965,248.0,64.0,0.24624688861314664,0.7080904430477142,31.296666666666667,4.296666666666667,84.725,5.241666666666666,-0.6159100557040731,-5.359669365342365,0.45484481965602674,-0.39443801160831804,0.2394097669227543,0.594365746190852,-0.11747267064295847,-0.3085945296341182,1.0235923797234359
Sal Frelick,OF,OF,Free Agent,4417795,29622,686217,1,25.0,4.0,86.0,9.0,0.29107981,0.7556872,62.0,213.0,237.0,59.0,9.82888481605139,9.263219526154748,0.8049614703801963,0.02450465035411411,1.0780730791482889,2.1129696377236376,1.7440613025280043,0.5365952799407366,6.301165420074978,0.315,31.0,73.0,315.0,283.0,74.0,13.0,3.0,3.0,38.0,27.0,26.0,45.0,12.0,2.0,0.260588,0.30751,0.687456,94.4537,0.940113,102.0,10.0,3.556701,-11.683395,0.7678923,-0.51988035,0.55231327,1.772662,0.8882628,-0.834539,2.6267111,283.0,73.0,0.27263225907179944,0.7144073311221543,32.864999999999995,3.395,95.68,9.605,6.764226993975143,-4.328394991029783,0.5582286799582804,-0.576374019532395,0.47966152719497407,1.7795568945704527,1.2901426149133053,-0.24921668208952777,4.078120574665654
Dylan Crews,OF,OF,Free Agent,4719511,33541,686611,1,24.0,7.0,56.0,8.0,0.19620253,0.62032633,31.0,158.0,173.0,45.0,-7.6997003764501395,-14.515709079096473,0.7197902567243403,0.7466711107900665,0.2309230619161676,1.8127433789319352,-1.366253620725795,-0.8408589427081588,1.3030152449285557,0.343,63.0,69.0,300.0,272.0,65.0,12.0,2.0,8.0,36.0,32.0,21.0,69.0,15.0,4.0,0.239011,0.305452,0.691003,93.7934,0.838997,105.0,11.0,-2.4504855,-10.264483,0.6619821,0.34096953,0.6052807,2.0228097,-0.61199284,-0.7331867,2.2858624,272.0,69.0,0.22666789440028579,0.6706245776414106,32.54,7.711666666666667,90.87166666666667,10.135,-6.001000680541329,-16.069062436373944,0.536804819428058,0.2946320073130009,0.37421099800200985,1.923518233449258,-1.1445722795799131,-0.92521094608554,2.0024748362376745
Luis Robert Jr.,OF,OF,Free Agent,39631,20043,673357,1,24.0,5.0,55.0,16.0,0.17708333,0.55251338,34.0,192.0,221.0,54.0,-13.027484325812829,-30.65942907839571,0.7197902567243403,0.2652268038327649,0.20268472800843024,4.214553449265554,-2.3116286035660356,-1.7760245109913908,1.3146021232736629,0.31,27.0,93.0,402.0,365.0,89.0,18.0,1.0,17.0,53.0,49.0,30.0,117.0,22.0,6.0,0.24288,0.322099,0.739523,106.861,2.11224,160.0,16.0,-1.8761513,3.9357576,1.562219,1.8904994,1.5763508,3.2735484,-0.46855667,0.28113005,8.1151905,365.0,93.0,0.2186448942678621,0.6706411192349759,42.31833333333333,12.579999999999998,121.32499999999999,16.0,-10.981208461561062,-21.557226249512212,1.1813883565091678,1.2769519317977114,1.0420765333274309,3.516599841985474,-2.0944484879240823,-1.2412038208367249,5.610307118350745
Mark Vientos,3B,"3B,DH",Free Agent,41034,22184,668901,1,22.0,6.0,71.0,0.0,0.22994652,0.67775607,43.0,187.0,208.0,53.0,-2.8028103914947904,-6.440623416145824,0.5494478294126282,0.5059489573114158,0.6544980705322282,-0.5890666914016834,-0.49733751423625133,-0.3730893039101111,0.2504013477082263,0.297,17.0,74.0,319.0,288.0,70.0,13.0,1.0,15.0,38.0,44.0,26.0,89.0,0.0,0.0,0.241836,0.327421,0.750779,111.915,1.24016,130.0,0.0,-1.781034,6.3471966,0.7678923,1.5461594,1.0466762,-0.72881544,-0.44480172,0.45337805,2.6404884,288.0,74.0,0.2377143113189509,0.7254643666936788,32.45333333333333,11.88,109.54666666666667,0.0,-3.1726326479976183,-1.2204421561662393,0.5310917899533321,1.1357077112281881,0.7837684259421009,-0.8294028411482781,-0.6051169755676019,-0.07026959080034816,1.8119248794929126
Royce Lewis,3B,"3B,DH",Free Agent,40635,20437,668904,1,5.0,1.0,16.0,0.0,0.13333333,0.42065041,10.0,75.0,82.0,22.0,-8.370111064770636,-21.86606223374833,-0.8984628027369245,-0.6976618100818384,-0.8986102943933273,-0.5890666914016834,-1.485212928946752,-1.2666466288951606,-5.835661156455686,0.292,,75.0,326.0,294.0,76.0,15.0,1.0,16.0,43.0,48.0,27.0,74.0,3.0,1.0,0.257838,0.345787,0.798903,124.705,1.99359,141.0,2.0,2.8864534,20.62789,1.0326679,1.7183293,1.2408903,-0.22851995,0.7208729,1.4734416,5.957682,294.0,75.0,0.24082237108027546,0.7472084693812133,37.806666666666665,13.95,123.91666666666666,1.7266666666666666,-2.3249595916681494,5.146898155715462,0.8839812259691024,1.553387049198065,1.0989138202927893,-0.36039671826009406,-0.44344009298241743,0.29634376808918433,4.345925216533473
Josh Jung,3B,3B,Free Agent,42437,26299,673962,1,19.0,7.0,82.0,3.0,0.27083333,0.74080882,52.0,192.0,204.0,52.0,4.972515674187166,5.493295401604286,0.2939341884450601,0.7466711107900665,0.9651197435173393,0.3116120849734235,0.8823353133003529,0.318212946967114,3.5178853879933567,0.334,52.0,88.0,380.0,353.0,90.0,17.0,2.0,14.0,43.0,46.0,21.0,98.0,4.0,1.0,0.254754,0.318539,0.730615,104.882,1.53,153.0,3.0,2.3770542,0.66184807,1.0326679,1.3739893,1.4527601,0.021627802,0.59365374,0.047276165,4.521975,353.0,88.0,0.26022097672934263,0.734080911866864,34.839999999999996,11.62,128.85999999999999,3.0,4.056174678954533,1.5457512755556237,0.6884198324111722,1.0832455721595078,1.2073250055913443,-0.014527338060699588,0.7736351561697411,0.08899996535158573,4.1805845586053625
Jurickson Profar,OF,OF,Free Agent,31117,10815,595777,1,2.0,0.0,3.0,0.0,0.2,0.45,3.0,15.0,16.0,4.0,-0.6740221629541272,-3.9329685967496655,-1.1539764437044926,-0.9383839635604891,-1.265708635193913,-0.5890666914016834,-0.11960013709131802,-0.2278270939398819,-4.294562964891779,0.165,,70.0,303.0,261.0,67.0,13.0,0.0,8.0,39.0,33.0,33.0,48.0,3.0,1.0,0.254921,0.330685,0.741876,109.403,0.674421,104.0,2.0,1.801121,3.4284725,0.82084745,0.34096953,0.5876249,-0.22851995,0.44981813,0.24489489,2.215635,261.0,70.0,0.25345642956097925,0.7340926459630331,38.013333333333335,7.786666666666667,101.30666666666667,1.9466666666666668,1.2334945239215553,1.1459551852758412,0.8976046039472956,0.3097653166597356,0.6030587495712121,-0.3006391813670049,0.2352647023807503,0.06598084271181297,2.04202978056655
Ezequiel Tovar,SS,SS,Free Agent,4905919,24064,678662,1,14.0,3.0,52.0,0.0,0.2578125,0.70772059,33.0,128.0,138.0,32.0,1.6483442094581129,-0.5730965055971495,-0.13192187983422013,-0.21621750312453672,0.11796972628521812,-0.5890666914016834,0.29248621819915904,-0.033198055922745676,-0.5599481857988088,0.362,79.0,94.0,406.0,381.0,99.0,22.0,3.0,13.0,48.0,47.0,17.0,105.0,6.0,3.0,0.260023,0.316895,0.730455,88.0363,1.5647,166.0,3.0,4.573088,0.6533713,1.2974434,1.2018194,1.6822858,0.021627802,1.1420989,0.04667067,5.391946,381.0,94.0,0.25951458334922795,0.7252260713218338,40.18,10.7,139.78,2.31,4.108775036288703,-1.705333805767844,1.0404303408154467,0.8976103108395623,1.4468091883547072,-0.20194870377084265,0.7836676347688368,-0.09818827390045026,4.0230102132410055
Gavin Sheets,1B,"1B,OF,DH",Free Agent,40700,19901,657757,1,23.0,11.0,87.0,1.0,0.25966851,0.7988448,47.0,181.0,198.0,56.0,2.6667995436868663,15.683087732554037,0.6346190430684843,1.7095597247046699,1.106311413056026,-0.2888404326099811,0.4732034175584222,0.9084822861450966,4.543335451922718,0.35,71.0,72.0,312.0,282.0,67.0,14.0,0.0,9.0,32.0,36.0,25.0,68.0,2.0,1.0,0.236317,0.302839,0.685848,95.3462,-0.00385454,108.0,1.0,-3.300288,-12.0955715,0.45016167,0.5131395,0.6582482,-0.47866768,-0.8242255,-0.86398053,-0.5453244,282.0,72.0,0.24402299416783407,0.7231369424358215,29.029999999999998,9.66,101.07,1.0,-1.3274875711126146,-1.8513499186285227,0.305427125701653,0.6877617545648417,0.5978684635589412,-0.5577776734524187,-0.2531920185093707,-0.10659546669458358,1.1339333610731643
Carlos Santana,1B,"1B,DH",Free Agent,30280,2396,467793,1,31.0,7.0,77.0,2.0,0.2617801,0.77156241,50.0,191.0,228.0,55.0,3.2174502250507806,11.338620178054263,1.3159887523153326,0.7466711107900665,0.8239280739786524,0.011385826181721214,0.5709122179514352,0.6568180805178805,4.125704061735089,0.32,38.0,77.0,334.0,291.0,67.0,13.0,0.0,11.0,37.0,39.0,38.0,58.0,2.0,0.0,0.229234,0.314338,0.707493,103.146,0.671256,113.0,2.0,-5.4667687,-6.182903,0.7149372,0.85747945,0.74652725,-0.22851995,-1.36529,-0.4416413,0.2834927,291.0,77.0,0.2416015149495964,0.7318393802535065,34.72,9.48,99.32000000000001,2.0,-2.074504648229757,0.6219738506168969,0.6805094839077056,0.6514418121326785,0.559489588116095,-0.2861525057565591,-0.3956707623651311,0.03581148664075886,1.7435330262426514
Austin Hays,OF,"OF,DH",Free Agent,36928,19363,669720,1,23.0,6.0,66.0,2.0,0.30252101,0.90077569,36.0,119.0,130.0,31.0,6.852757697230587,22.440756242452654,0.6346190430684843,0.5059489573114158,0.5133064009935413,0.011385826181721214,1.2159700453323834,1.299937224201713,4.181167497089259,0.354,,66.0,285.0,261.0,67.0,15.0,1.0,10.0,35.0,36.0,17.0,67.0,3.0,1.0,0.257631,0.326975,0.749588,101.566,0.548508,114.0,2.0,2.5084348,5.441306,0.60902697,0.68530947,0.7641831,-0.22851995,0.6264652,0.38867068,2.8451355,261.0,66.0,0.26735717185438285,0.7823453427779948,32.4,9.133333333333333,103.6,2.0,4.861588262499895,13.739909053980844,0.5275760795073468,0.5814922933744381,0.6533533520563136,-0.2861525057565591,0.9272518795126194,0.7911049138864061,3.134609060487147
Xavier Edwards,SS,SS,Free Agent,41326,22266,669364,1,20.0,0.0,58.0,7.0,0.2826087,0.6678744,52.0,184.0,209.0,46.0,6.931995601096036,-8.155525186795902,0.3791054021009161,-0.9383839635604891,0.28739972973164235,1.512517120140233,1.2300302123209594,-0.47242930045177034,1.9982392002814915,0.291,15.0,79.0,343.0,305.0,85.0,13.0,2.0,2.0,40.0,24.0,31.0,52.0,21.0,4.0,0.279048,0.313169,0.699189,96.0433,1.38483,108.0,17.0,9.463495,-9.0130825,0.87380254,-0.6920503,0.6582482,3.5236962,2.3634462,-0.6437997,6.083343,305.0,79.0,0.2802883077667408,0.6882810857456041,33.03333333333333,1.3033333333333332,90.58333333333333,13.516666666666666,9.625162813661772,-12.633382833713823,0.5693251410534217,-0.9984252024246619,0.3678876213814264,2.8420640088740896,1.8358095806726173,-0.7273942789209025,4.660365195344197
Noelvi Marte,3B,3B,Free Agent,41307,26517,682622,1,10.0,3.0,35.0,3.0,0.29411765,0.85717164,20.0,68.0,73.0,18.0,3.344433061274623,9.858213881401516,-0.4726067344576443,-0.21621750312453672,-0.3620819501463172,0.3116120849734235,0.5934443622270078,0.5710618238583599,0.42521208333029303,0.312,,42.0,181.0,168.0,42.0,8.0,1.0,5.0,21.0,21.0,11.0,43.0,6.0,2.0,0.25011,0.305954,0.696255,87.2574,0.372454,67.0,4.0,0.35109615,-5.4574914,-0.13234454,-0.17554039,-0.06564047,0.27177554,0.08768389,-0.3898255,-0.40389147,168.0,42.0,0.25546426441001446,0.7158332160110135,19.66166666666667,4.756666666666667,63.10666666666666,3.878333333333333,1.131289741300067,-2.3299579057847417,-0.3121293873259451,-0.30162038094834537,-0.23469727438121016,0.22405010089883026,0.21577116001066446,-0.13415235436953274,-0.3030172078656663
Josh Lowe,OF,OF,Free Agent,40557,19953,666139,1,13.0,3.0,31.0,2.0,0.3015873,0.85438233,19.0,63.0,69.0,17.0,3.569106815592665,8.957618683651402,-0.2170930934900762,-0.21621750312453672,-0.4750352857772667,0.011385826181721214,0.6333110213580484,0.51889258282013,0.25524354796801996,0.371,,67.0,291.0,264.0,67.0,15.0,1.0,10.0,36.0,36.0,23.0,83.0,15.0,2.0,0.254208,0.324356,0.745815,112.984,1.43486,114.0,13.0,1.633594,4.507769,0.6619821,0.68530947,0.7641831,2.5231051,0.40797937,0.32198855,5.3645477,264.0,67.0,0.25965661818504526,0.7583002244326011,33.355,9.195,104.455,11.735000000000001,2.884522418651094,7.549927799923125,0.5905292696807701,0.5939352366150867,0.6721041740583902,2.358118501762634,0.5501656433601717,0.4347033854839295,4.7769777486169085
Chase Meidroth,3B,"3B,SS,2B",Free Agent,5136929,31580,805367,1,18.0,1.0,47.0,6.0,0.28888889,0.72069717,39.0,135.0,153.0,36.0,5.933800683412855,1.1474005792530084,0.20876297478920403,-0.6976618100818384,-0.023221943253468744,1.2122908613485306,1.052908070705432,0.06646606326127033,1.8195442167691298,0.315,31.0,83.0,358.0,306.0,76.0,13.0,1.0,5.0,42.0,30.0,44.0,60.0,7.0,2.0,0.248674,0.317867,0.69766,103.883,1.56196,106.0,5.0,0.20008206,-9.510501,0.9797128,-0.17554039,0.62293655,0.5219233,0.049969107,-0.6793301,1.3196713,306.0,83.0,0.25892880087615316,0.7035344999061867,35.879999999999995,3.98,90.955,5.255,3.120711616006422,-8.00725902789921,0.7569761861078848,-0.4583342066278645,0.37603856349928816,0.5979874150934636,0.595214064851894,-0.4610352178347966,1.4471388738336004
Colton Cowser,OF,OF,Free Agent,4416990,29591,681297,1,3.0,2.0,9.0,0.0,0.15,0.67727273,3.0,20.0,22.0,5.0,-1.89869621727217,-0.6985035289995545,-1.0688052300486366,-0.4569396566031875,-1.0962786317474889,-0.5890666914016834,-0.3369092892810012,-0.04046257304221438,-3.588462072124212,0.345,,84.0,365.0,319.0,77.0,15.0,1.0,14.0,49.0,45.0,38.0,108.0,6.0,2.0,0.241631,0.334408,0.760564,118.638,1.83014,136.0,4.0,-2.038136,10.1518345,1.3503985,1.3739893,1.1526111,0.27177554,-0.50901127,0.72514164,4.364905,319.0,84.0,0.23827119785547257,0.7575100149121516,47.31333333333333,13.560000000000002,131.34333333333336,3.8533333333333335,-3.3364844959302835,8.870752587883718,1.5106566129659753,1.4746938405950454,1.2617864574102418,0.21725947170643392,-0.6363684772896038,0.5107527229310252,4.073281425593259
Francisco Alvarez,C,C,Free Agent,41253,26121,682626,1,5.0,1.0,27.0,0.0,0.23863636,0.63681818,21.0,88.0,100.0,25.0,-0.5542636759975481,-6.633415927598038,-0.8984628027369245,-0.6976618100818384,-0.5879886214082162,-0.5890666914016834,-0.09834989897588314,-0.3842572948403791,-3.255787119444925,0.291,,58.0,228.0,203.0,47.0,8.0,1.0,9.0,27.0,31.0,21.0,57.0,1.0,0.0,0.233721,0.321103,0.731146,107.614,1.15119,84.0,1.0,-2.9027252,0.48839402,0.18538612,0.5131395,0.23450847,-0.47866768,-0.7249368,0.03488642,-0.23568398,203.0,58.0,0.23454022911363603,0.715424678311615,23.333333333333332,7.666666666666667,74.5,0.8333333333333334,-2.8806040610939068,-2.8982989558011076,-0.07009469631014754,0.2855520217049601,0.015167480406693827,-0.6030485347350618,-0.5494182940962425,-0.16687581677855354,-0.7390345012440811
Sean Murphy,C,C,Free Agent,33557,19352,669221,1,14.0,9.0,58.0,0.0,0.22131148,0.80165097,27.0,122.0,141.0,37.0,-2.8820463653602357,10.913273753102715,-0.13192187983422013,1.228115417747368,0.28739972973164235,-0.5890666914016834,-0.5113973387609181,0.6321788194786453,0.9153080569608342,0.344,64.0,56.0,220.0,192.0,45.0,9.0,1.0,10.0,27.0,29.0,22.0,53.0,0.0,0.0,0.233523,0.334459,0.759613,111.972,1.50742,86.0,0.0,-2.783452,5.927593,0.18538612,0.68530947,0.26982012,-0.72881544,-0.69514906,0.42340598,0.13995716,192.0,56.0,0.2306532899744108,0.7694919057411186,23.945,9.765,79.42,0.0,-3.47080453015011,7.639659392997622,-0.029773892132753995,0.7089483876502704,0.12306694736601105,-0.8294028411482781,-0.6619873691952068,0.43986987559192064,0.3221646206003709
Gavin Lux,2B,"2B,OF,DH",Free Agent,40423,19955,666158,1,20.0,1.0,71.0,1.0,0.28888889,0.77608696,52.0,180.0,207.0,56.0,7.911734244550473,11.50002963900401,0.3791054021009161,-0.6976618100818384,0.6544980705322282,-0.2888404326099811,1.4038774276072428,0.6661681293468934,2.117146786895461,0.322,41.0,75.0,324.0,288.0,74.0,15.0,2.0,7.0,39.0,35.0,33.0,71.0,4.0,1.0,0.256483,0.324256,0.730782,99.7157,0.742806,114.0,3.0,2.4372997,0.5880604,0.82084745,0.16879956,0.7641831,0.021627802,0.6086997,0.042005543,2.4261632,288.0,75.0,0.26766302458035546,0.746412193127433,32.445,4.93,99.16499999999999,2.31,5.452596771286893,4.812531856754987,0.5305424601961469,-0.26664562156922533,0.5560903162911567,-0.20194870377084265,1.0399750722206127,0.2770919068791566,2.319552535228171
Addison Barger,3B,"3B,OF",Free Agent,4997589,24598,680718,1,16.0,6.0,63.0,1.0,0.27419355,0.84629981,34.0,124.0,136.0,39.0,3.6280836529125478,16.62863604020276,0.03842054747749194,0.5059489573114158,0.4285913992703292,-0.2888404326099811,0.6437760152653041,0.9632555490919237,2.2911520358064834,0.392,91.0,71.0,309.0,278.0,64.0,15.0,0.0,9.0,33.0,35.0,25.0,77.0,2.0,1.0,0.228162,0.301371,0.681664,94.1281,1.00039,106.0,1.0,-5.520562,-13.087157,0.5031168,0.5131395,0.62293655,-0.47866768,-1.3787246,-0.9348091,-1.1530086,278.0,71.0,0.2385958222871348,0.7189814425493815,29.146666666666665,8.32,96.25333333333333,1.0,-2.8174117430092447,-2.9803186045251158,0.3131177423022458,0.4173799609031822,0.49223517781624926,-0.5577776734524187,-0.5373656083172474,-0.17159827504853753,-0.3723321739112482
Trevor Story,SS,SS,Free Agent,32150,12564,596115,1,24.0,7.0,75.0,9.0,0.21834061,0.59390436,50.0,229.0,245.0,59.0,-6.090071997766347,-27.089222137044892,0.7197902567243403,0.7466711107900665,0.7674514061631776,2.1129696377236376,-1.0806372339991182,-1.5692112979684936,1.6970338794336097,0.302,22.0,80.0,346.0,314.0,75.0,15.0,1.0,10.0,40.0,40.0,26.0,101.0,14.0,3.0,0.237477,0.304071,0.691324,88.9232,1.22027,122.0,11.0,-3.3105452,-11.748655,0.87380254,0.68530947,0.90542966,2.0228097,-0.8267872,-0.8392005,2.8213637,314.0,80.0,0.22966297676242703,0.6515443110575408,33.46666666666667,8.775,102.80833333333334,10.183333333333334,-5.987169923912567,-24.54151843167855,0.5978902884270522,0.5091887042733726,0.635991479832169,1.9366467832212246,-1.1419343360958825,-1.413030883192757,2.362262349215252
Mike Yastrzemski,OF,OF,Free Agent,33341,14854,573262,1,24.0,5.0,71.0,3.0,0.23560209,0.70506108,45.0,191.0,219.0,56.0,-1.7825496849492248,-1.3631338519457419,0.7197902567243403,0.2652268038327649,0.6544980705322282,0.3116120849734235,-0.31629996520829884,-0.0789629554623269,1.5558642953921313,0.316,33.0,84.0,362.0,319.0,73.0,16.0,2.0,13.0,45.0,41.0,37.0,90.0,4.0,1.0,0.230296,0.320939,0.730434,105.947,0.998141,132.0,3.0,-5.654001,0.5403555,1.138578,1.2018194,1.0819879,0.021627802,-1.4120501,0.038598005,2.070561,319.0,84.0,0.2322327233823076,0.721172884512481,37.335,10.08,109.73500000000001,3.0,-5.262757852869909,-2.7207920096112286,0.8528891617124205,0.7725082869065558,0.7878987239659504,-0.014527338060699588,-1.00376705039684,-0.15665547129969482,1.882696659739362
Christopher Morel,2B,"2B,3B,DH,OF",Free Agent,42927,21897,666624,1,18.0,3.0,43.0,1.0,0.203125,0.62265079,26.0,128.0,143.0,44.0,-5.351655790541887,-11.462030905597146,0.20876297478920403,-0.21621750312453672,-0.13617527888441824,-0.2888404326099811,-0.9496108605822148,-0.6639669571807488,-2.046048057592696,0.306,24.0,47.0,203.0,180.0,42.0,8.0,1.0,9.0,25.0,26.0,19.0,58.0,4.0,2.0,0.230747,0.324132,0.741664,112.827,0.659719,79.0,2.0,-3.1091657,2.3263013,0.079475895,0.5131395,0.14622937,-0.22851995,-0.7764939,0.1661673,-0.10000177,180.0,47.0,0.2241637561966976,0.7132991791650942,23.331666666666667,7.57,70.42,1.7616666666666667,-4.421995327004107,-2.952510102749115,-0.07020456226158449,0.2660468674358354,-0.07431012634005697,-0.350889837390739,-0.8434082149219575,-0.16999714054929285,-0.5638094664694541
Jonah Heim,C,"C,DH",Free Agent,33842,16930,641680,1,15.0,6.0,58.0,3.0,0.24183007,0.65957277,37.0,153.0,164.0,47.0,-0.4750253521320982,-8.051645876846585,-0.0467506661783641,0.5059489573114158,0.28739972973164235,0.3116120849734235,-0.08428965746148204,-0.46641183025742605,0.5075086181192097,0.294,16.0,56.0,220.0,202.0,47.0,8.0,1.0,7.0,23.0,27.0,15.0,41.0,1.0,0.0,0.233742,0.297067,0.675047,89.7773,0.870803,78.0,1.0,-2.884185,-10.846009,-0.026434325,0.16879956,0.12857355,-0.47866768,-0.7203065,-0.7747249,-1.7027602,202.0,56.0,0.23595273816867268,0.6708173628768688,20.813333333333333,6.726666666666667,72.53333333333333,1.5466666666666666,-2.581087064187864,-11.894699338862214,-0.23621201488295107,0.09588121122588542,-0.027963065329076633,-0.40928924844534875,-0.49229134641345135,-0.6848629826591867,-1.0986200706045042
Kyle Manzardo,DH,"DH,1B",Free Agent,4917927,29794,700932,1,21.0,10.0,78.0,1.0,0.20994475,0.73237463,38.0,181.0,209.0,53.0,-6.333201016313135,3.6519869625540387,0.46427661575677215,1.468837571226019,0.8521664078863898,-0.2888404326099811,-1.1237786402425392,0.21155052635625848,1.584212048372919,0.32,38.0,78.0,338.0,296.0,70.0,16.0,1.0,14.0,41.0,44.0,37.0,79.0,1.0,1.0,0.23619,0.335422,0.767373,117.978,0.969351,130.0,0.0,-3.5017204,11.435347,0.92675763,1.3739893,1.0466762,-0.72881544,-0.8745319,0.81682235,2.5608978,296.0,78.0,0.2270479085825427,0.755181917680292,34.03333333333333,12.606666666666666,111.88666666666666,0.34833333333333333,-6.418016542641047,7.542051764866655,0.6352447119156452,1.2823326640098838,0.8350864651056784,-0.7347867410675538,-1.2241098136202195,0.4342499057694252,2.2206856142082985
Isiah Kiner-Falefa,2B,"2B,3B,SS",Free Agent,33572,16512,643396,1,21.0,1.0,66.0,6.0,0.30952381,0.7484127,52.0,168.0,181.0,49.0,10.850951854913776,6.084085316403751,0.46427661575677215,-0.6976618100818384,0.5133064009935413,1.2122908613485306,1.9254193715693897,0.35243593810134,3.7700673776877354,0.299,19.0,83.0,358.0,330.0,87.0,13.0,2.0,4.0,39.0,31.0,18.0,57.0,11.0,3.0,0.261844,0.291983,0.65492,81.6577,0.788303,116.0,8.0,4.5618763,-24.360638,0.82084745,-0.34771037,0.79949474,1.2723665,1.1392988,-1.7400687,1.9442284,330.0,83.0,0.2762274157474285,0.6831236185662766,33.56999999999999,3.0949999999999998,100.91666666666666,7.3966666666666665,9.07401621890033,-15.370870185983204,0.604701977416148,-0.6369072569193337,0.5945057430439489,1.1797179825754294,1.7306892602576718,-0.8850110206019363,2.495023165755843
Spencer Horwitz,1B,"1B,2B",Free Agent,4228472,,,1,4.0,1.0,18.0,0.0,0.20689655,0.5801861,12.0,58.0,63.0,16.0,-2.2062191300892917,-7.656684774098705,-0.9836340163927806,-0.6976618100818384,-0.8421336265778525,-0.5890666914016834,-0.3914769052336421,-0.44353271539932476,-3.9475057650871217,0.352,,73.0,314.0,272.0,72.0,17.0,1.0,7.0,37.0,35.0,36.0,59.0,2.0,1.0,0.266246,0.34297,0.772928,116.364,1.09357,112.0,1.0,4.957431,12.01911,0.7149372,0.16879956,0.72887146,-0.47866768,1.238086,0.85852027,3.2305467,272.0,73.0,0.2600142996874752,0.7526901000493317,33.535000000000004,6.370000000000001,102.13000000000001,0.895,3.069221557574189,6.252759658580592,0.6023947924359708,0.023913917888080734,0.6211150966843229,-0.5862983160604839,0.5853933538250511,0.36001613051584397,2.4768512026893053
Marcelo Mayer,SS,SS,Free Agent,4872648,,,1,3.0,0.0,8.0,0.0,0.1875,0.50714286,6.0,32.0,35.0,9.0,-1.8379139476354718,-6.561761486399288,-1.0688052300486366,-0.9383839635604891,-1.1245169656552263,-0.5890666914016834,-0.3261239350585091,-0.38010653118574717,-4.427003316910292,0.352,,71.0,308.0,282.0,69.0,17.0,1.0,8.0,36.0,33.0,22.0,69.0,5.0,1.0,0.246179,0.303301,0.693128,88.3817,0.515785,112.0,4.0,-0.51920223,-10.042614,0.6619821,0.34096953,0.72887146,0.27177554,-0.12966746,-0.7173387,1.1565925,282.0,71.0,0.24275605790317056,0.6822788571991246,34.074999999999996,7.533333333333333,105.93333333333334,3.7666666666666666,-1.6847635977477242,-13.373329955377042,0.6379913607015711,0.25864836064409835,0.7045251859801093,0.19371862383945937,-0.32133535959762954,-0.7699983312231464,0.8308827329855945
Parker Meadows,OF,OF,Free Agent,41223,23800,678009,1,3.0,0.0,5.0,1.0,0.25,1.07954545,2.0,8.0,11.0,2.0,0.040521513091132055,2.9387803484001775,-1.0688052300486366,-0.9383839635604891,-1.2092319673784384,-0.2888404326099811,0.007190236148327804,0.17023624014109204,-3.3278351173081258,0.437,,73.0,315.0,282.0,68.0,13.0,3.0,9.0,40.0,32.0,28.0,73.0,12.0,3.0,0.241982,0.31693,0.721599,104.917,1.58484,114.0,9.0,-1.7027566,-2.013794,0.87380254,0.5131395,0.7641831,1.5225142,-0.42525247,-0.14384374,3.1045432,282.0,73.0,0.24212899478773275,0.7281613347094396,39.321666666666665,8.835,112.00166666666667,8.853333333333333,-1.8615953963011864,-0.43447129746822943,0.9838493758253714,0.5212953517507604,0.8376085054919228,1.5753853101857316,-0.35506253037247015,-0.025015622521179316,2.9866162730922206
Nolan Schanuel,1B,1B,Free Agent,4739755,33189,694384,1,32.0,3.0,78.0,0.0,0.27722772,0.76849156,56.0,202.0,241.0,59.0,6.523167645551086,11.371318017104494,1.4011599659711886,-0.21621750312453672,0.8521664078863898,-0.5890666914016834,1.1574867824200248,0.6587121850513071,3.26424114680269,0.347,67.0,89.0,383.0,330.0,84.0,14.0,1.0,7.0,45.0,35.0,44.0,61.0,5.0,1.0,0.25441,0.321814,0.714546,105.406,0.61164,121.0,4.0,2.1086526,-4.6840434,1.138578,0.16879956,0.8877738,0.27177554,0.5266222,-0.33457845,2.6589704,330.0,89.0,0.263575116728766,0.7362141481049426,39.778333333333336,5.3933333333333335,103.72833333333334,2.3933333333333335,4.898757542741707,2.149004561776576,1.0139526465191204,-0.173155399382731,0.6561678029221226,-0.17931327312952097,0.9343411851270421,0.12373357509911524,2.902087456964964
J.P. Crawford,SS,SS,Free Agent,33210,15491,641487,1,27.0,5.0,78.0,2.0,0.28140704,0.7860276,56.0,199.0,238.0,56.0,7.257973598141909,14.692109016454445,0.9753038976919084,0.2652268038327649,0.8521664078863898,0.011385826181721214,1.2878725434463427,0.8510773525710449,4.243032831610172,0.363,80.0,90.0,387.0,332.0,80.0,16.0,1.0,8.0,46.0,37.0,48.0,75.0,3.0,1.0,0.240813,0.319778,0.708709,112.081,2.00078,122.0,2.0,-2.3927705,-6.6503234,1.1915332,0.34096953,0.90542966,-0.22851995,-0.59757894,-0.47502896,1.1368046,332.0,90.0,0.2569153037341587,0.739378712263153,38.46333333333333,6.81,104.54666666666665,2.0,2.7173890681850725,3.2126641323738108,0.927268410835296,0.11269599938892388,0.6741144961053962,-0.2861525057565591,0.5182882598836102,0.18497607020558615,2.3689417868874156
Trevor Larnach,OF,"OF,DH",Free Agent,41205,21501,663616,1,33.0,9.0,96.0,0.0,0.26339286,0.75650665,59.0,224.0,248.0,59.0,4.134603006551699,9.92515855520498,1.4863311796270446,1.228115417747368,1.3604564182256624,-0.5890666914016834,0.7336540451940783,0.5749397623956778,4.794430131788148,0.326,44.0,68.0,295.0,259.0,63.0,12.0,1.0,11.0,37.0,36.0,31.0,73.0,2.0,1.0,0.2424,0.328018,0.745055,112.205,0.884459,110.0,1.0,-1.4556154,4.2255654,0.7149372,0.85747945,0.6935598,-0.47866768,-0.36353055,0.3018309,1.7256091,259.0,68.0,0.2510770520030742,0.7497883603152262,35.346666666666664,10.173333333333332,104.21333333333334,0.5866666666666667,0.6077836711067354,5.202363936706295,0.7218190816480323,0.7913408496491587,0.666804234116283,-0.6700494094333739,0.11592272338608253,0.2995373301223829,2.994055105412376
Otto Lopez,2B,"2B,SS",Free Agent,41917,19608,672640,1,19.0,4.0,56.0,3.0,0.22699387,0.64355828,37.0,163.0,180.0,44.0,-2.9243733607681865,-11.188259111346362,0.2939341884450601,0.02450465035411411,0.2309230619161676,0.3116120849734235,-0.5189079440966049,-0.6481080377023654,-0.306041996110205,0.349,69.0,83.0,361.0,331.0,89.0,17.0,2.0,5.0,40.0,33.0,24.0,60.0,14.0,3.0,0.267677,0.308133,0.69657,92.6152,1.5657,125.0,11.0,6.506423,-10.648309,0.87380254,-0.17554039,0.9583971,2.0228097,1.6249367,-0.7606032,4.5438023,331.0,83.0,0.25547206737397765,0.6806664694335784,33.7,4.7,104.3,8.6,2.231492926133257,-16.230764943409262,0.6132715216282377,-0.31305443689921153,0.6687049022334524,1.5065736010361137,0.4256131737516146,-0.9345213168748087,3.088848984113716
Gabriel Arias,3B,"3B,SS,2B",Free Agent,40344,22563,672356,1,24.0,4.0,68.0,0.0,0.2393617,0.66792222,45.0,188.0,210.0,55.0,-1.0477448423583948,-8.323829052595809,0.7197902567243403,0.02450465035411411,0.5697830688090161,-0.5890666914016834,-0.18591440114308783,-0.4821787250151217,0.05691815832757752,0.304,23.0,68.0,294.0,270.0,64.0,14.0,2.0,8.0,33.0,29.0,19.0,85.0,7.0,2.0,0.237331,0.299013,0.678959,92.3652,1.01932,106.0,5.0,-2.8860676,-13.440893,0.5031168,0.34096953,0.62293655,0.5219233,-0.7207767,-0.9600763,0.30809325,270.0,68.0,0.2380417469179344,0.6750961348205109,29.849999999999998,6.6,92.7,3.25,-2.8859354957722254,-14.74358712716117,0.3594811738086764,0.0703227332180668,0.4143077850122981,0.05337895386326529,-0.5504351598938055,-0.848893844841735,0.22018196778323582
Drake Baldwin,C,C,Free Agent,4810190,,,1,12.0,6.0,57.0,0.0,0.31818182,0.8825886,35.0,110.0,118.0,36.0,8.057171005003067,18.742976290502444,-0.3022643071459322,0.5059489573114158,0.25916139582390496,-0.5890666914016834,1.4296840812223275,1.0857340238054,2.3891974596154326,0.352,,54.0,215.0,190.0,46.0,9.0,0.0,5.0,23.0,25.0,21.0,46.0,0.0,0.0,0.2402,0.308928,0.69158,94.5937,0.716895,70.0,0.0,-1.4858274,-7.0604186,-0.026434325,-0.17554039,-0.012673014,-0.72881544,-0.3710758,-0.5043219,-1.8188608,190.0,54.0,0.2555364230103044,0.7291450226900813,20.836666666666666,5.196666666666666,67.44333333333333,0.0,1.2931449605253984,-0.10582817204318751,-0.23467389156283253,-0.21283829944750202,-0.13959076590284183,-0.8294028411482781,0.24664184426693303,-0.006093285377804245,-0.9912759842573515
Connor Norby,2B,"2B,3B",Free Agent,4417606,29592,681393,1,20.0,3.0,57.0,3.0,0.25170068,0.67807768,37.0,147.0,155.0,40.0,0.994582763049553,-5.015673288146721,0.3791054021009161,-0.21621750312453672,0.25916139582390496,0.3116120849734235,0.1764811920843079,-0.2905454852435715,0.6195970866144442,0.292,15.0,89.0,383.0,348.0,84.0,18.0,1.0,12.0,47.0,41.0,29.0,108.0,7.0,2.0,0.241646,0.31043,0.704705,94.1791,1.03093,140.0,5.0,-2.2181993,-8.364214,1.2444884,1.0296494,1.2232344,0.5219233,-0.5539809,-0.5974513,2.8678637,348.0,89.0,0.24424346397167113,0.6978262756100819,40.025,9.675,118.55833333333334,4.483333333333333,-1.561452659850485,-11.092756635792568,1.030212807331802,0.6907884164341888,0.981401358817788,0.3883833273548254,-0.2978162352382821,-0.6386894009738018,2.287061458234061
Daulton Varsho,OF,OF,Free Agent,40963,19918,662139,1,14.0,8.0,50.0,1.0,0.20652174,0.78347826,19.0,92.0,100.0,24.0,-3.5340025194519806,6.557792526602048,-0.13192187983422013,0.9873932642687173,0.06149305846974337,-0.2888404326099811,-0.6270820294024745,0.37987661921103366,0.38091860010281875,0.321,,78.0,335.0,300.0,67.0,13.0,2.0,14.0,43.0,41.0,30.0,84.0,8.0,2.0,0.223344,0.313158,0.716152,102.42,1.47214,126.0,6.0,-7.4028435,-3.7764251,1.0326679,1.3739893,0.97605294,0.772071,-1.8488121,-0.2697477,2.0362215,300.0,78.0,0.22054028849478405,0.7273730536234793,38.16666666666667,13.000000000000002,113.33333333333333,5.166666666666667,-8.457032522247577,-0.6986878337330138,0.9077122714795034,1.3616984641394263,0.8668130021384317,0.5739938586136628,-1.6130118138225575,-0.04022845976398165,1.7603376868599914
Colt Keith,2B,"2B,DH,1B",Free Agent,4683384,27899,690993,1,28.0,4.0,62.0,0.0,0.24375,0.72083333,39.0,160.0,183.0,54.0,-0.18956973817735978,1.3816677680035738,1.0604751113477644,0.02450465035411411,0.40035306536259185,-0.5890666914016834,-0.03363771685935002,0.08003657914655249,0.9426649979499894,0.349,69.0,67.0,290.0,261.0,66.0,13.0,2.0,8.0,34.0,33.0,25.0,58.0,3.0,1.0,0.253364,0.320239,0.728506,107.245,0.608723,107.0,2.0,1.3947461,-0.0610916,0.5560719,0.34096953,0.64059234,-0.22851995,0.34832865,-0.004363091,1.6530795,261.0,67.0,0.25043172773718836,0.726165855563273,32.17,6.78,93.275,1.3900000000000001,0.44404734791213385,-0.9229371090615676,0.5124145782090355,0.10664267565023014,0.4269179869435192,-0.4518438580510334,0.08469325572470358,-0.0531400957108357,1.4364030836406465
Kyren Paris,2B,"2B,OF",Free Agent,42536,,,1,20.0,6.0,48.0,6.0,0.19047619,0.64713943,24.0,126.0,140.0,43.0,-6.861786228814672,-8.197368032697197,0.3791054021009161,0.5059489573114158,0.005016390654268628,1.2122908613485306,-1.2175720900047093,-0.47485315249873167,0.4099363689116901,0.352,,9.0,40.0,35.0,7.0,1.0,0.0,1.0,5.0,4.0,4.0,13.0,2.0,0.0,0.196474,0.274898,0.611175,72.4026,0.0490681,11.0,2.0,-1.8041149,-4.1147785,-0.9796263,-0.86422026,-1.0543665,-0.22851995,-0.45056605,-0.29391614,-3.871215,35.0,9.0,0.1950745116222089,0.6195667008451385,8.5,2.1666666666666665,19.633333333333333,2.933333333333333,-1.8779559848023473,-3.8547359278441102,-1.047901664099798,-0.8242239970555828,-1.1881016430014097,-0.032635682573756944,-0.3581829892880578,-0.22194473939173734,-2.87227976113079
Pavin Smith,1B,"1B,OF,DH",Free Agent,40767,19892,656976,1,23.0,4.0,70.0,1.0,0.28476821,0.85683459,43.0,151.0,178.0,54.0,6.01484326959512,21.84013921605336,0.6346190430684843,0.02450465035411411,0.6262597366244909,-0.2888404326099811,1.0672884649274148,1.2651449729214839,3.328976435286007,0.34,60.0,57.0,247.0,214.0,52.0,11.0,1.0,8.0,31.0,32.0,30.0,54.0,1.0,0.0,0.245253,0.334857,0.758567,111.799,0.556629,89.0,1.0,-0.59216917,6.382952,0.39720654,0.34096953,0.32278758,-0.47866768,-0.14789048,0.45593205,0.8903375,214.0,57.0,0.25697584330046164,0.7877197012008088,28.62666666666667,6.8133333333333335,83.36333333333334,1.0,1.764525529211733,12.415785260152306,0.27883956545388977,0.11336859091544553,0.2095473466972255,-0.5577776734524187,0.33654837165668244,0.7148656290573577,1.61380040298295
Luis Rengifo,2B,"2B,3B",Free Agent,37237,19858,650859,1,14.0,1.0,50.0,-3.0,0.21052632,0.50693899,40.0,190.0,202.0,55.0,-6.537613264085616,-38.99919412549577,-0.13192187983422013,-0.6976618100818384,0.06149305846974337,-1.4897454677767905,-1.1600500482175868,-2.2591263685532477,-5.67701251599394,0.299,19.0,78.0,335.0,308.0,78.0,13.0,2.0,8.0,39.0,33.0,21.0,54.0,12.0,4.0,0.252178,0.302468,0.683862,91.7971,0.999943,119.0,8.0,1.2806243,-13.822462,0.82084745,0.34096953,0.8524622,1.2723665,0.31982747,-0.98733157,2.6191416,308.0,78.0,0.2381552765720759,0.6242979006646545,30.583333333333336,5.6433333333333335,95.77,4.296666666666667,-3.257137061701617,-32.46446662061725,0.407822192440974,-0.1227110348936154,0.48163529793203447,0.337679962718265,-0.6212345223863143,-1.869211722535418,-0.17389696653066355
Brett Baty,3B,"3B,2B",Free Agent,42414,26123,683146,1,14.0,6.0,56.0,2.0,0.24193548,0.73405565,30.0,124.0,132.0,40.0,-0.3719170270874521,2.710360200202757,-0.13192187983422013,0.5059489573114158,0.2309230619161676,0.011385826181721214,-0.065993864699197,0.15700442878003937,0.7073465296559269,0.334,52.0,56.0,240.0,216.0,49.0,9.0,0.0,7.0,26.0,25.0,20.0,62.0,1.0,0.0,0.229013,0.295514,0.663766,90.1961,0.514136,79.0,1.0,-4.1055436,-14.034399,0.132431,0.16879956,0.14622937,-0.47866768,-1.0253329,-1.0024701,-2.059011,216.0,56.0,0.23185594244749605,0.679229743667572,23.36,6.78,73.94,1.22,-3.6448821622324625,-10.902010190763727,-0.06833684108715488,0.10664267565023014,0.002886240264982878,-0.49802013655932953,-0.6951892371474029,-0.627706762779049,-1.4504123298361697
Cam Smith,3B,"3B,OF",Free Agent,5080766,,,1,18.0,3.0,58.0,2.0,0.25,0.70702214,39.0,156.0,176.0,47.0,0.7901695052770751,-0.8074195661965287,0.20876297478920403,-0.21621750312453672,0.28739972973164235,0.011385826181721214,0.14020960489239664,-0.04677180832533916,0.38476882414508834,0.352,,79.0,339.0,304.0,71.0,11.0,2.0,10.0,40.0,38.0,28.0,90.0,4.0,1.0,0.235065,0.305592,0.691368,97.2935,0.625287,116.0,3.0,-3.9383638,-11.361122,0.87380254,0.68530947,0.79949474,0.021627802,-0.98358077,-0.81151915,0.58513474,304.0,79.0,0.23944593211015067,0.695959869631425,33.54666666666667,7.946666666666666,98.98666666666666,2.706666666666667,-2.822477296806092,-10.257611605100623,0.6031638540960299,0.34204970993276945,0.5521793261269811,-0.09420405391815162,-0.5383317625913824,-0.5906041236264389,0.5263607412977692
Dillon Dingler,C,C,Free Agent,4345620,,,1,17.0,6.0,78.0,0.0,0.29518072,0.79357894,49.0,166.0,173.0,45.0,8.340820916640991,13.509251569303693,0.12359176113334798,0.5059489573114158,0.8521664078863898,-0.5890666914016834,1.4800156135997649,0.782557361093814,3.155213409623049,0.352,,56.0,222.0,205.0,49.0,10.0,1.0,7.0,22.0,27.0,12.0,63.0,1.0,0.0,0.237644,0.299807,0.681912,92.8716,1.11544,82.0,1.0,-2.1271088,-9.599759,-0.07938944,0.16879956,0.19919683,-0.47866768,-0.53123164,-0.6857058,-1.4069982,205.0,56.0,0.25423375557723293,0.7141093045544198,20.558333333333334,6.711666666666666,80.84666666666666,0.7116666666666667,1.128188528366178,-3.1965052455414176,-0.25302150545281804,0.09285454935653836,0.15435486867941728,-0.6360962634713914,0.215179664934066,-0.1840456874260628,-0.09156048898038949
Ryan Mountcastle,1B,1B,Free Agent,34940,18373,663624,1,19.0,2.0,65.0,1.0,0.2459893,0.62759358,46.0,187.0,200.0,52.0,0.19718946850521069,-15.821009046145836,0.2939341884450601,-0.4569396566031875,0.48506806708580397,-0.2888404326099811,0.034989780399538886,-0.9164717249862699,-0.8482597782690356,0.32,38.0,65.0,280.0,258.0,67.0,13.0,1.0,10.0,33.0,36.0,18.0,66.0,1.0,1.0,0.258662,0.320127,0.734113,108.592,0.620561,112.0,0.0,2.7455955,1.3862035,0.5031168,0.68530947,0.72887146,-0.72881544,0.6856945,0.09901655,1.9731933,258.0,65.0,0.25443775693155923,0.6986065119877116,28.333333333333336,7.333333333333335,96.33333333333334,0.3333333333333333,1.4724988875550824,-8.022639279038444,0.25950315800097085,0.21829286905280623,0.4939896406936368,-0.7388611185829916,0.2808500612027553,-0.4619207689840257,1.0327089324766057
Mike Tauchman,OF,"OF,DH",Free Agent,33956,15274,643565,1,10.0,2.0,29.0,0.0,0.34,1.03,17.0,50.0,60.0,14.0,4.753259456819577,15.890104677501116,-0.4726067344576443,-0.4569396566031875,-0.5315119535927414,-0.5890666914016834,0.8434299551436476,0.9204742631475531,-0.2862208177640557,0.367,,67.0,288.0,247.0,60.0,11.0,1.0,6.0,37.0,28.0,36.0,60.0,5.0,1.0,0.244576,0.324059,0.720477,108.24,0.846992,91.0,4.0,-0.8507014,-2.0409884,0.7149372,-0.003370412,0.35809922,0.27177554,-0.21245722,-0.14578624,0.9831982,247.0,67.0,0.2541184064149857,0.75142928647995,34.300000000000004,5.6000000000000005,84.80000000000001,3.6,1.3308383496392977,5.366636532441424,0.652823264145572,-0.13145472473839537,0.24105457587030527,0.14844776255681616,0.25383111329052804,0.30899567931467864,0.8562563211719739
Josh Bell,1B,"1B,DH",Free Agent,32517,13145,605137,1,19.0,9.0,63.0,-1.0,0.18644068,0.63951429,33.0,177.0,201.0,52.0,-10.353461162858704,-12.865000111646047,0.2939341884450601,1.228115417747368,0.4285913992703292,-0.8892929501933858,-1.8371434093804575,-0.7452374756805461,-1.5210328297916322,0.336,55.0,81.0,348.0,309.0,74.0,13.0,1.0,12.0,37.0,42.0,34.0,70.0,1.0,0.0,0.239342,0.31836,0.720443,102.579,0.194353,125.0,1.0,-2.6815448,-2.5637994,0.7149372,1.0296494,0.9583971,-0.47866768,-0.6696984,-0.18313038,1.371487,309.0,81.0,0.2216200605003956,0.6933318890195832,30.97,10.995000000000001,104.23,0.33,-8.377093948181036,-11.238368331348886,0.43331109317436695,0.9571346609367191,0.6671697472157386,-0.7397665358086445,-1.597765110678132,-0.6470733085689222,0.4024928712815449
Will Benson,OF,OF,Free Agent,39216,21853,666181,1,10.0,6.0,39.0,0.0,0.25,0.84166667,18.0,72.0,80.0,23.0,0.3646936178201885,9.321750975601601,-0.4726067344576443,0.5059489573114158,-0.24912861451536772,-0.5890666914016834,0.06471212533495216,0.5399858613053035,-0.20015509642302398,0.404,,45.0,194.0,169.0,36.0,8.0,1.0,6.0,25.0,21.0,22.0,67.0,8.0,2.0,0.214429,0.310385,0.69741,90.2737,0.618788,64.0,6.0,-5.676902,-5.2947884,0.079475895,-0.003370412,-0.11860794,0.772071,-1.4177693,-0.3782037,-1.0664045,169.0,45.0,0.21917180518309276,0.7166442117896933,23.0,6.0,60.66666666666667,5.2,-4.995402000541962,-2.206768416246094,-0.09206788659755535,-0.05074374155581054,-0.2882083921415217,0.5830480308701914,-0.9527742054284533,-0.12705945367198795,-0.9509045464689724
Joey Ortiz,3B,"3B,SS",Free Agent,42958,25493,687401,1,22.0,2.0,46.0,4.0,0.17801047,0.49321865,34.0,191.0,214.0,60.0,-12.782549104949222,-41.82503798194575,0.5494478294126282,-0.4569396566031875,-0.05146027716120612,0.6118383437651259,-2.268166700376699,-2.4228204784617096,-4.038100939425048,0.288,13.0,85.0,367.0,329.0,78.0,17.0,2.0,7.0,41.0,37.0,30.0,71.0,8.0,3.0,0.235895,0.297684,0.669277,87.7657,0.997418,120.0,5.0,-3.9891741,-19.563354,0.92675763,0.16879956,0.870118,0.5219233,-0.9962703,-1.397401,0.093927145,329.0,85.0,0.21524951309627546,0.6064828631106592,34.22333333333333,5.216666666666667,93.60666666666667,4.6433333333333335,-11.015210772174166,-40.539100336378326,0.6477694303794677,-0.2088027502883727,0.43419169762268717,0.43184335418616293,-2.1009337566719464,-2.334126183415396,-1.3798295384421853
Lane Thomas,OF,OF,Free Agent,36409,16939,657041,1,2.0,0.0,8.0,1.0,0.11864407,0.30482399,7.0,59.0,65.0,17.0,-7.4511537109529,-24.035061070548686,-1.1539764437044926,-0.9383839635604891,-1.1245169656552263,-0.2888404326099811,-1.3221508939893702,-1.3922913396501861,-6.220160039169746,0.181,,61.0,263.0,237.0,57.0,12.0,1.0,8.0,32.0,30.0,20.0,68.0,11.0,4.0,0.239209,0.309757,0.701721,99.9233,0.871839,95.0,7.0,-2.0882416,-6.403523,0.45016167,0.34096953,0.4287225,1.0222188,-0.5215248,-0.4574001,1.2631477,237.0,61.0,0.2261477959472033,0.6587238351448148,28.749999999999996,7.133333333333333,85.57499999999999,6.35,-5.352076426352222,-16.821828168092555,0.2869696458602303,0.17793737746151336,0.25805093499499393,0.8954169737204297,-1.0208028030490555,-0.9685530575237049,0.4524560387371228
Ty France,1B,1B,Free Agent,35591,17982,664034,1,24.0,4.0,79.0,1.0,0.27358491,0.71024835,58.0,212.0,234.0,58.0,6.073821016915002,-0.413305967395281,0.7197902567243403,0.02450465035411411,0.8804047417941272,-0.2888404326099811,1.0777536203072908,-0.023941787264077148,2.389671049305814,0.355,76.0,84.0,361.0,321.0,82.0,17.0,0.0,9.0,39.0,39.0,27.0,64.0,0.0,0.0,0.255429,0.322221,0.722641,108.127,0.659109,126.0,0.0,2.3782432,-1.9578127,0.82084745,0.5131395,0.97605294,-0.72881544,0.5939507,-0.13984501,2.0353303,321.0,84.0,0.2625098046940636,0.7178078611386718,33.15,7.050000000000001,107.67,0.39,4.423189901163829,-3.8180227697175235,0.5770157576540145,0.16112258929847506,0.7426116509433912,-0.7234690257468929,0.8436360563340665,-0.21983090008726128,2.1735231895225415
Ronny Mauricio,2B,2B,Free Agent,40978,23698,677595,1,0.0,0.0,0.0,0.0,0.0,0.0,0.0,4.0,4.0,1.0,-0.979739243454434,-2.848791625799911,-1.3243188710162048,-0.9383839635604891,-1.3504236369171252,-0.5890666914016834,-0.17384732175174675,-0.16502341714160798,-4.541063901788857,0.121,,13.0,57.0,53.0,13.0,3.0,0.0,2.0,7.0,7.0,3.0,13.0,2.0,0.0,0.244484,0.298223,0.682989,92.0405,0.011607,22.0,2.0,-0.18741515,-2.424808,-0.8737161,-0.6920503,-0.8601524,-0.22851995,-0.0468058,-0.17320229,-2.8744469,53.0,13.0,0.24285411397616066,0.6784357412656148,6.953333333333333,1.9866666666666666,21.85333333333333,1.9866666666666666,-0.3114429950841112,-2.7171124055929825,-1.1498572670333707,-0.8605439394877462,-1.139415298153913,-0.2897741746591706,-0.05940159613687295,-0.15644361015792493,-2.8855576491157664
Carlos Narvaez,C,C,Free Agent,5012120,,,1,23.0,5.0,73.0,0.0,0.28930818,0.81340521,46.0,159.0,175.0,47.0,7.055365692686253,16.09196126445354,0.6346190430684843,0.2652268038327649,0.710974738347703,-0.5890666914016834,1.251921302374274,0.9321673134393863,3.2058425096609287,0.352,,58.0,231.0,205.0,44.0,9.0,0.0,6.0,24.0,24.0,21.0,68.0,2.0,1.0,0.215375,0.286812,0.639141,76.782,0.69307,71.0,1.0,-6.692253,-18.36781,0.026520785,-0.003370412,0.0049828067,-0.47866768,-1.6713468,-1.3120036,-3.4338849,205.0,58.0,0.23693884855754216,0.6899680776543109,23.708333333333336,5.708333333333334,71.58333333333333,0.7083333333333333,-2.417267410670431,-8.145456760063741,-0.04537485723681345,-0.10959550012644527,-0.04879731199805054,-0.6370016806970444,-0.46104598513988354,-0.4689922504886367,-1.4972977098674958
Tyler Fitzgerald,SS,"SS,2B",Free Agent,43030,26208,666149,1,15.0,2.0,50.0,5.0,0.26315789,0.70007778,35.0,133.0,147.0,40.0,2.4236695251400713,-1.6119768178470382,-0.0467506661783641,-0.4569396566031875,0.06149305846974337,0.9120646025568282,0.43006183387256003,-0.09337780988438527,0.8065513622331947,0.281,11.0,83.0,358.0,326.0,77.0,16.0,2.0,11.0,45.0,37.0,24.0,104.0,14.0,3.0,0.237345,0.304845,0.691806,94.9922,1.33642,130.0,11.0,-3.480098,-12.040509,1.138578,0.85747945,1.0466762,2.0228097,-0.86913186,-0.86004746,3.3363638,326.0,83.0,0.24366915438147718,0.6938325999561439,37.65,8.795,110.4,9.53,-1.6499650617804045,-11.693428674874543,0.8736538265340208,0.5132242534325017,0.802482696634232,1.7591850069932629,-0.31469822659957664,-0.6732743898470899,2.7165597470238048
Jake McCarthy,OF,OF,Free Agent,41197,21622,664983,1,2.0,0.0,4.0,1.0,0.07317073,0.26777374,3.0,41.0,47.0,14.0,-7.042327315407949,-18.221390824449088,-1.1539764437044926,-0.9383839635604891,-1.2374703012861759,-0.2888404326099811,-1.2496077408986415,-1.0555198743533993,-5.923798756413179,0.232,,30.0,128.0,115.0,30.0,5.0,1.0,2.0,16.0,12.0,9.0,22.0,7.0,1.0,0.258614,0.310137,0.697143,94.9723,0.399795,43.0,6.0,1.218294,-3.633664,-0.3971201,-0.6920503,-0.48938018,0.772071,0.3042609,-0.25955033,-0.761769,115.0,30.0,0.24408761388839492,0.6635090914497841,14.903333333333332,1.8433333333333333,39.945,5.6083333333333325,-0.5339200465963203,-7.6121859862392665,-0.6257966786786927,-0.8894653751281725,-0.7426508286947706,0.6939616410126671,-0.1018346968077725,-0.4382880349114368,-1.166127994558527
Andrew Vaughn,1B,"1B,DH",Free Agent,42394,26197,683734,1,9.0,5.0,58.0,0.0,0.18918919,0.53113009,35.0,185.0,193.0,48.0,-10.31293985976757,-33.497546043245876,-0.5577779481135003,0.2652268038327649,0.28739972973164235,-0.5890666914016834,-1.8299532104950413,-1.9404295715600575,-4.364600888005875,0.321,40.0,44.0,192.0,175.0,44.0,9.0,0.0,7.0,20.0,25.0,13.0,39.0,0.0,0.0,0.248915,0.319839,0.729976,105.271,0.238533,74.0,0.0,0.1566004,0.2162829,-0.18529965,0.16879956,0.05795027,-0.72881544,0.039109845,0.015449645,-0.63280576,175.0,44.0,0.2297031989704115,0.6660138978657804,16.461666666666666,6.3566666666666665,68.85333333333332,0.0,-3.329759638076282,-11.145420160608232,-0.5230720140850609,0.021223551781994327,-0.10866835768889126,-0.8294028411482781,-0.635085843560072,-0.6417216170605727,-1.83319986267986
Ryan McMahon,3B,3B,Free Agent,33247,15112,641857,1,23.0,6.0,71.0,1.0,0.20095694,0.65399863,42.0,209.0,245.0,60.0,-9.191375010494175,-12.163648778045337,0.6346190430684843,0.5059489573114158,0.6544980705322282,-0.2888404326099811,-1.6309400072169908,-0.7046099363970735,-0.829324305311917,0.342,62.0,88.0,380.0,333.0,78.0,16.0,1.0,12.0,43.0,42.0,42.0,110.0,3.0,2.0,0.235285,0.318307,0.719258,88.9976,0.99789,132.0,1.0,-4.240803,-3.1575346,1.0326679,1.0296494,1.0819879,-0.47866768,-1.059113,-0.22554062,1.3809838,333.0,88.0,0.221267708249327,0.6926104300625573,34.83333333333333,9.55,107.09166666666667,1.0,-9.145075321432003,-12.351497141230661,0.687980368605424,0.6655662341896309,0.7299283463922791,-0.5577776734524187,-1.744242379695452,-0.7111641018795857,0.4784413411174561
Jesus Sanchez,OF,OF,Free Agent,39957,19913,660821,1,17.0,4.0,59.0,5.0,0.27210884,0.76230729,40.0,147.0,169.0,42.0,3.9945822830495543,7.366079381853272,0.12359176113334798,0.02450465035411411,0.31563806363937974,0.9120646025568282,0.7088084263896687,0.42669866743533935,2.511306171508678,0.36,78.0,79.0,343.0,307.0,75.0,15.0,1.0,12.0,39.0,41.0,30.0,87.0,7.0,1.0,0.245383,0.32311,0.737203,102.81,0.818539,128.0,6.0,-0.8096044,2.598112,0.82084745,1.0296494,1.0113646,0.772071,-0.20219351,0.18558262,3.6173213,307.0,79.0,0.2529107742536083,0.7442740431027695,32.80333333333333,9.746666666666666,108.565,5.718333333333333,1.2833758468590275,4.473613220288639,0.55416363975511,0.7052491342544016,0.7622397043841612,0.7238404094592118,0.24477857890606577,0.25757793501348936,3.305793671586043
Eric Wagaman,3B,"3B,1B,OF",Free Agent,4987650,23395,676572,1,25.0,4.0,79.0,0.0,0.24880383,0.67445061,52.0,209.0,226.0,56.0,0.8086249995058257,-7.889184958045353,0.8049614703801963,0.02450465035411411,0.8804047417941272,-0.5890666914016834,0.14348439281653916,-0.4570008730888697,0.8072876908544238,0.341,61.0,70.0,303.0,280.0,70.0,15.0,1.0,8.0,33.0,32.0,19.0,59.0,3.0,1.0,0.248594,0.302067,0.686623,88.4863,0.00584745,111.0,2.0,0.16068041,-11.792793,0.5031168,0.34096953,0.7112156,-0.22851995,0.0401288,-0.8423532,0.5245576,280.0,70.0,0.24867303654982897,0.682038052256723,29.986666666666665,6.493333333333333,98.94666666666666,1.2466666666666666,-0.016060898685158476,-13.345909027509236,0.3684901818265136,0.048799804369377524,0.5513020946882873,-0.4907767987541066,-0.003063299006077508,-0.7684195121280332,0.6310525949572455
Jake Mangum,OF,OF,Free Agent,42664,,,1,8.0,1.0,33.0,9.0,0.31325301,0.74986309,26.0,83.0,88.0,25.0,5.670410528320495,3.126210234651846,-0.6429491617693563,-0.6976618100818384,-0.41855861796179195,2.1129696377236376,1.0061714789597187,0.18109358752431048,1.54106511439468,0.352,,47.0,203.0,189.0,49.0,10.0,1.0,2.0,22.0,19.0,10.0,38.0,8.0,2.0,0.259308,0.291387,0.657527,89.7924,0.472936,67.0,6.0,2.133407,-13.45927,-0.07938944,-0.6920503,-0.06564047,0.772071,0.5328045,-0.9613889,-0.49359357,189.0,47.0,0.2672199436232422,0.6710696517188802,19.946666666666665,1.8533333333333333,62.013333333333335,6.4399999999999995,3.494524330262617,-11.081516295221016,-0.2933423096302116,-0.8874476005486077,-0.2586749337055027,0.9198632388130571,0.666511452282547,-0.6380422141092471,-0.19517696600206147
Max Kepler,OF,OF,Free Agent,31870,12144,596146,1,24.0,6.0,70.0,0.0,0.22099448,0.6940574,40.0,181.0,205.0,54.0,-4.333199886313139,-3.283431667445958,0.7197902567243403,0.5059489573114158,0.6262597366244909,-0.5890666914016834,-0.7688935600807618,-0.1902010342931825,0.3038376648846194,0.33,48.0,71.0,309.0,277.0,68.0,14.0,1.0,10.0,37.0,37.0,26.0,60.0,1.0,0.0,0.246339,0.320252,0.727573,102.909,0.757192,114.0,1.0,-0.46567827,-0.32329184,0.7149372,0.68530947,0.7641831,-0.47866768,-0.1163002,-0.023091936,1.5463698,277.0,71.0,0.2376796179296945,0.7161218218823941,32.55833333333334,8.633333333333333,98.96666666666667,0.6583333333333333,-3.0610657754050674,-3.761712958760725,0.5380133448938658,0.4806035643962069,0.5517407104076343,-0.6505829390818373,-0.5838377995623529,-0.21658874120739363,1.1218379812642436
Jeff McNeil,2B,"2B,OF",Free Agent,33900,15362,643446,1,8.0,3.0,40.0,1.0,0.24418605,0.81463084,21.0,86.0,103.0,30.0,-0.06439343427033145,8.809232285301913,-0.6429491617693563,-0.21621750312453672,-0.22089028060763036,-0.2888404326099811,-0.011426128085697256,0.5102969276338393,-0.8700265785633626,0.337,,76.0,327.0,295.0,77.0,16.0,1.0,6.0,37.0,33.0,23.0,41.0,3.0,1.0,0.261832,0.315431,0.711945,103.753,1.14281,113.0,2.0,4.0744977,-4.954554,0.7149372,-0.003370412,0.74652725,-0.22851995,1.0175792,-0.3539009,1.8932524,295.0,76.0,0.25880277761010234,0.7295727336389788,32.02166666666667,5.485,100.46833333333333,1.8283333333333334,2.97135230880878,-0.03813743193176955,0.502636508531139,-0.15465913240338858,0.5846734406685912,-0.33278149287768166,0.5667267288530817,-0.002195844942328051,1.418889486100997
Andrew Benintendi,OF,"OF,DH",Free Agent,34986,17901,643217,1,18.0,6.0,52.0,0.0,0.24193548,0.73364055,30.0,124.0,141.0,35.0,-0.3719170270874521,2.658887800202757,0.20876297478920403,0.5059489573114158,0.11796972628521812,-0.5890666914016834,-0.065993864699197,0.15402276060201156,0.331643862886969,0.348,69.0,73.0,314.0,283.0,72.0,13.0,1.0,9.0,35.0,35.0,27.0,52.0,3.0,1.0,0.254891,0.316947,0.7188,103.236,0.505059,114.0,2.0,1.944455,-2.8130448,0.60902697,0.5131395,0.7641831,-0.22851995,0.4856149,-0.20093387,1.9425106,283.0,73.0,0.2518464590260723,0.7222875355971794,31.005000000000003,8.295,99.43,1.53,0.8818455810343555,-2.0982971245976705,0.435618278154545,0.4123355244542705,0.5619019745725023,-0.4138163345736131,0.1681946163070453,-0.12081398497917947,1.5639569204951125
Ke'Bryan Hayes,3B,3B,Free Agent,35020,18577,663647,1,15.0,1.0,58.0,5.0,0.22169811,0.5561936,47.0,212.0,231.0,57.0,-4.926180583084999,-33.07291296739528,-0.0467506661783641,-0.6976618100818384,0.28739972973164235,0.9120646025568282,-0.8741135016856292,-1.9158316330609437,-2.334893278718305,0.287,12.0,87.0,375.0,345.0,87.0,15.0,2.0,7.0,39.0,36.0,25.0,71.0,10.0,3.0,0.252447,0.29809,0.673258,85.8145,1.16031,127.0,7.0,1.527269,-19.141321,0.82084745,0.16879956,0.9937087,1.0222188,0.3814254,-1.3672552,2.0197449,345.0,87.0,0.24060868293826448,0.6281882100422249,29.759999999999998,4.6899999999999995,100.435,6.2299999999999995,-2.801991317583962,-35.022262044325714,0.35354841243107626,-0.3150722114787763,0.5839424144696799,0.8628219535969266,-0.5344244669275557,-2.016482313662487,0.34320918461728067
Miguel Amaya,C,C,Free Agent,38905,21693,665804,1,14.0,4.0,47.0,0.0,0.27956989,0.81850766,26.0,93.0,100.0,27.0,3.221062359684409,9.886807080152069,-0.13192187983422013,0.02450465035411411,-0.023221943253468744,-0.5890666914016834,0.5715531639338058,0.5727181567828505,0.4245654565813982,0.315,,28.0,109.0,97.0,23.0,5.0,0.0,3.0,11.0,13.0,8.0,22.0,0.0,0.0,0.240722,0.312803,0.707244,100.991,0.520761,37.0,0.0,-0.7079197,-2.0851233,-0.66189563,-0.51988035,-0.5953151,-0.72881544,-0.17679843,-0.14893878,-2.8316436,97.0,28.0,0.24719664883242287,0.7257879258143362,11.5,3.1666666666666665,38.66666666666667,0.0,-0.1487735627757504,-0.37966646372722235,-0.8501429515131271,-0.6224465390991205,-0.7706856834230214,-0.8294028411482781,-0.028375616826643028,-0.02186011595218375,-2.2889420750617515
Luisangel Acuna,SS,"SS,2B",Free Agent,42411,,,1,21.0,0.0,38.0,10.0,0.24615385,0.59018003,32.0,130.0,142.0,50.0,0.15847508773089686,-15.862323938497108,0.46427661575677215,-0.9383839635604891,-0.2773669484231051,2.41319589651534,0.028120206218595317,-0.9188649939965051,0.7709768125106081,0.352,,29.0,127.0,117.0,30.0,5.0,1.0,2.0,16.0,11.0,8.0,24.0,7.0,2.0,0.251819,0.29006,0.65305,86.4837,0.360345,43.0,5.0,0.44446805,-8.855741,-0.3971201,-0.6920503,-0.48938018,0.5219233,0.111002915,-0.63256085,-1.5781852,117.0,29.0,0.25047825893926495,0.6381707779161037,17.183333333333334,1.5266666666666666,41.81666666666666,6.183333333333334,0.20449985832771114,-10.70915451291882,-0.4755000571128228,-0.9533615701477188,-0.7016037076258977,0.8501461124377866,0.03900430636158579,-0.6166026809532821,-1.0222168575667896
Alex Verdugo,OF,OF,Free Agent,33786,17027,657077,1,17.0,0.0,44.0,1.0,0.25179856,0.62780504,35.0,139.0,151.0,36.0,0.9540611299584201,-11.730608436546897,0.12359176113334798,-0.9383839635604891,-0.10793694497668087,-0.2888404326099811,0.16929093464288691,-0.6795249858983946,-1.721803631269311,0.316,33.0,26.0,111.0,101.0,26.0,6.0,0.0,2.0,14.0,12.0,9.0,16.0,1.0,0.0,0.259784,0.314454,0.712025,98.355,0.216174,38.0,1.0,1.1881509,-1.688226,-0.5030303,-0.6920503,-0.57765925,-0.47866768,0.29673284,-0.12058856,-2.075263,101.0,26.0,0.2577743406862967,0.6908296334800387,14.754999999999999,1.4966666666666666,39.51,1.0,0.9134383221860916,-3.9261103385109473,-0.6355747483565892,-0.9594148938864125,-0.752190720590564,-0.5577776734524187,0.17422030730146107,-0.22605427510863657,-1.986309076362831
Edmundo Sosa,2B,"2B,3B,SS",Free Agent,33809,17022,624641,1,10.0,1.0,33.0,0.0,0.29411765,0.72519182,25.0,85.0,93.0,30.0,4.1805413265932785,1.104482651751898,-0.4726067344576443,-0.6976618100818384,-0.41855861796179195,-0.5890666914016834,0.7418054527837598,0.06397993440975057,-1.372108466709448,0.333,,32.0,137.0,125.0,31.0,6.0,1.0,3.0,16.0,15.0,6.0,32.0,3.0,1.0,0.251333,0.308159,0.699332,94.6768,0.464554,48.0,2.0,0.414107,-3.676012,-0.3971201,-0.51988035,-0.40110105,-0.22851995,0.10342044,-0.26257524,-1.7057761,125.0,32.0,0.2579646192930145,0.7033402711071869,15.07,2.69,45.675000000000004,1.69,1.1542777988423174,-3.2952177452586358,-0.6148100835349888,-0.7186271273917009,-0.6169874251019073,-0.37035630774227557,0.22015567766445587,-0.18972927261439973,-1.6540576129447846
Matt Wallner,OF,OF,Free Agent,42427,26466,670242,1,8.0,2.0,33.0,0.0,0.26470588,0.86801017,18.0,68.0,81.0,21.0,1.3444327012746227,10.595233921401517,-0.6429491617693563,-0.4569396566031875,-0.41855861796179195,-0.5890666914016834,0.23855941869590835,0.6137555626355841,-1.255199146404527,0.388,,73.0,317.0,273.0,65.0,15.0,2.0,14.0,39.0,41.0,33.0,106.0,2.0,1.0,0.238001,0.350677,0.80248,128.144,1.61833,126.0,1.0,-2.7352247,20.13099,0.82084745,1.3739893,0.97605294,-0.47866768,-0.68310463,1.4379481,3.4470658,273.0,73.0,0.24160616214013464,0.8113265577053252,34.815,12.379999999999999,113.445,0.865,-1.944916090064583,22.283500685646914,0.6867718431396167,1.2365964402064191,0.8692619399047847,-0.5944470710913596,-0.37095430600685453,1.2830206387646264,2.8122600583849557
Bo Naylor,C,C,Free Agent,41183,21865,666310,1,20.0,7.0,52.0,0.0,0.17391304,0.66076221,24.0,138.0,163.0,45.0,-9.801004379177973,-7.098126110096922,0.3791054021009161,0.7466711107900665,0.11796972628521812,-0.5890666914016834,-1.7391141297857735,-0.4111768005009356,-1.4956113825121915,0.3,21.0,70.0,277.0,243.0,51.0,11.0,1.0,10.0,31.0,32.0,29.0,74.0,4.0,1.0,0.209942,0.301986,0.682352,94.457,1.21576,94.0,3.0,-9.252989,-11.2723055,0.39720654,0.68530947,0.41106668,0.021627802,-2.3108737,-0.805175,-1.6008384,243.0,70.0,0.2001541311670693,0.6764867784037788,28.011666666666667,9.185,82.58999999999999,2.1849999999999996,-11.804032573655224,-12.931302023710954,0.2382990293736221,0.5919174620355221,0.1925875388824814,-0.23590184973282521,-2.2513859254962405,-0.74454761918115,-1.572251743503799
Enrique Hernandez,3B,"3B,1B,2B,OF",Free Agent,31358,10472,571771,1,19.0,7.0,52.0,0.0,0.23728814,0.74602148,28.0,118.0,132.0,43.0,-0.9023071619058012,3.9911816789026315,0.2939341884450601,0.7466711107900665,0.11796972628521812,-0.5890666914016834,-0.16010758428095848,0.2311992330785363,0.6405999829162392,0.339,59.0,42.0,183.0,167.0,39.0,8.0,0.0,6.0,21.0,22.0,14.0,37.0,1.0,0.0,0.23132,0.297246,0.673931,89.5496,0.326739,65.0,1.0,-2.7889247,-9.153118,-0.13234454,-0.003370412,-0.10095212,-0.47866768,-0.69651586,-0.6538024,-2.065653,167.0,42.0,0.2326329859128006,0.6897909076411682,20.56,6.22,62.14,0.78,-2.6882676352423864,-6.665154606490652,-0.2529116395013811,-0.00635270080538887,-0.2558970341496396,-0.6175352103455076,-0.5127339220885945,-0.38376065957144595,-1.4702774106111496
Michael Conforto,OF,"OF,DH",Free Agent,33711,16376,624424,1,24.0,3.0,46.0,1.0,0.16766467,0.58917459,28.0,167.0,204.0,54.0,-12.90411352422262,-20.54489384714627,0.7197902567243403,-0.21621750312453672,-0.05146027716120612,-0.2888404326099811,-2.2897373875285907,-1.1901146285192754,-3.31657997221925,0.334,52.0,68.0,292.0,256.0,59.0,12.0,1.0,11.0,36.0,36.0,31.0,71.0,1.0,0.0,0.231062,0.32258,0.730922,106.794,0.637624,106.0,1.0,-4.3412857,0.55856323,0.6619821,0.85747945,0.62293655,-0.47866768,-1.0842079,0.039898574,0.61942106,256.0,68.0,0.20950690451943663,0.6827278698544555,31.919999999999998,8.28,85.6,1.0,-10.041214050006872,-12.025380662988908,0.49593468549347935,0.4093088625849235,0.25859920464417757,-0.5577776734524187,-1.9151631314145232,-0.692387241900179,-0.7188192877511241
Michael Toglia,1B,1B,Free Agent,42412,25845,669911,1,14.0,6.0,65.0,2.0,0.19354839,0.61516285,36.0,186.0,207.0,53.0,-9.557874280631182,-18.048520499695847,-0.13192187983422013,0.5059489573114158,0.48506806708580397,0.011385826181721214,-1.695972531904517,-1.0455059261745292,-1.8709974873343254,0.276,7.0,48.0,209.0,187.0,41.0,8.0,1.0,9.0,24.0,26.0,20.0,66.0,3.0,1.0,0.221695,0.31534,0.720994,86.9783,-0.0152411,78.0,2.0,-4.9228005,-1.4485208,0.026520785,0.5131395,0.12857355,-0.22851995,-1.2294375,-0.10346653,-0.89319015,187.0,48.0,0.21198442341037826,0.6844822504115601,20.55,7.965,73.515,2.0,-6.8714970429848705,-8.456095616989133,-0.2535708352100032,0.34574896332863797,-0.0064343437711369385,-0.2861525057565591,-1.310602256740014,-0.48687795302074577,-1.2305336784279648
Miguel Andujar,OF,"OF,3B",Free Agent,33743,15878,609280,1,19.0,3.0,68.0,1.0,0.29585799,0.73014464,50.0,169.0,180.0,46.0,8.606017274050167,3.0329979699537684,0.2939341884450601,-0.21621750312453672,0.5697830688090161,-0.2888404326099811,1.527072702291393,0.17569403274442527,2.061426056555377,0.299,19.0,54.0,233.0,218.0,59.0,11.0,1.0,5.0,26.0,26.0,13.0,32.0,2.0,1.0,0.272046,0.313809,0.715287,101.793,0.651707,87.0,1.0,5.237637,-2.9327683,0.132431,-0.17554039,0.28747594,-0.47866768,1.3080657,-0.20948568,0.8642789,218.0,54.0,0.27918959683577727,0.7197443128202362,23.9,4.4,81.3,1.0,6.6401055855032824,-2.170778654286308,-0.03274027282155417,-0.37358767428615025,0.16429682498461182,-0.5577776734524187,1.2664689093095107,-0.12498726546287173,1.2234230557475883
Caleb Durbin,2B,"2B,3B",Free Agent,5007615,,,1,13.0,1.0,42.0,3.0,0.21641791,0.61408643,29.0,134.0,155.0,41.0,-3.8212647157235393,-13.14693784429702,-0.2170930934900762,-0.6976618100818384,-0.1644136127921556,0.3116120849734235,-0.6780545343786495,-0.761569427670947,-2.207180393440243,0.352,,66.0,285.0,253.0,62.0,14.0,1.0,5.0,33.0,30.0,22.0,34.0,14.0,3.0,0.24348,0.303784,0.6804,91.9175,0.990132,93.0,11.0,-1.1486568,-12.230041,0.5031168,-0.17554039,0.39341086,2.0228097,-0.28686965,-0.8735856,1.5833417,253.0,66.0,0.23648895779872706,0.66326900474337,27.833333333333336,3.966666666666667,79.82500000000002,8.933333333333334,-3.097084093197875,-16.807551106449143,0.22654337256985904,-0.46102457273395064,0.13194891568278444,1.5971153236014004,-0.59070758183657,-0.967731024890331,0.604123505670294
Luke Keaschall,2B,2B,Free Agent,4977664,,,1,4.0,0.0,10.0,5.0,0.36842105,1.06477733,7.0,19.0,26.0,7.0,2.346238543591439,6.699009047450425,-0.9836340163927806,-0.9383839635604891,-1.0680402978397516,0.9120646025568282,0.41632229158845563,0.388056941217107,-1.2736144424306306,0.352,,20.0,88.0,77.0,19.0,4.0,0.0,2.0,11.0,9.0,9.0,18.0,3.0,1.0,0.251577,0.323297,0.723532,108.884,0.345955,29.0,2.0,0.27387726,-0.40102178,-0.66189563,-0.6920503,-0.73656166,-0.22851995,0.068398975,-0.028644152,-2.2792726,77.0,20.0,0.25664023249394863,0.7383193177670385,10.696666666666667,1.9133333333333333,28.176666666666666,2.13,0.6090573405587948,0.6635324617292561,-0.90309834010578,-0.8753409530712201,-1.0007396282204275,-0.2508412339560974,0.11616565066201204,0.03820431335715958,-2.2356940380370456
Daniel Schneemann,SS,"SS,OF,2B",Free Agent,42001,,,1,19.0,7.0,57.0,2.0,0.23846154,0.76499215,31.0,130.0,148.0,47.0,-0.8415252122691042,6.863251661502895,0.2939341884450601,0.7466711107900665,0.25916139582390496,0.011385826181721214,-0.14932228684004734,0.3975711075624951,1.5594013419632007,0.352,,55.0,236.0,209.0,47.0,10.0,1.0,6.0,24.0,25.0,24.0,67.0,3.0,1.0,0.226865,0.302533,0.679754,94.8417,0.556801,77.0,2.0,-4.4214263,-10.2380905,0.026520785,-0.003370412,0.11091773,-0.22851995,-1.1042225,-0.7313015,-1.929976,209.0,55.0,0.22972547502441712,0.7007794244836222,22.766666666666666,6.246666666666666,72.06666666666666,2.0,-3.9720286724724994,-6.0448210143974626,-0.10744911979874093,-0.0009719685932165956,-0.03819743211383576,-0.2861525057565591,-0.7575859684452696,-0.3480436143547934,-1.069262912131214
Kody Clemens,1B,"1B,3B,2B,OF",Free Agent,41311,20572,665019,1,13.0,5.0,41.0,-1.0,0.24675325,0.88802309,19.0,77.0,91.0,32.0,0.1400198135021466,13.538539133351717,-0.2170930934900762,0.2652268038327649,-0.19265194669989297,-0.8892929501933858,0.02484545733178962,0.7842539168738815,-0.2247118123449191,0.408,,41.0,176.0,163.0,36.0,7.0,1.0,6.0,20.0,21.0,11.0,44.0,1.0,0.0,0.219264,0.293103,0.669372,87.6439,0.0117924,63.0,1.0,-4.687251,-9.676996,-0.18529965,-0.003370412,-0.13626376,-0.47866768,-1.1706105,-0.6912228,-2.6654348,163.0,41.0,0.2234332034716638,0.7025341007755684,18.938333333333336,5.848333333333333,59.663333333333334,0.6966666666666668,-4.123442529189785,-4.428369703871068,-0.35981121024962015,-0.08134665601254078,-0.31021228072875384,-0.6401706409868293,-0.7864651691600505,-0.25497294192228176,-2.2952585118835227
Victor Robles,OF,OF,Free Agent,35042,18363,645302,1,3.0,0.0,15.0,3.0,0.27272727,0.62351779,12.0,44.0,46.0,10.0,1.2228682020012274,-3.901925123799021,-1.0688052300486366,-0.9383839635604891,-0.9268486283010646,0.3116120849734235,0.21698871734862196,-0.22602882272205635,-2.6314658423102006,0.216,,30.0,129.0,114.0,29.0,6.0,1.0,2.0,16.0,11.0,9.0,25.0,9.0,2.0,0.254392,0.309107,0.690715,104.574,0.617965,43.0,7.0,0.72639155,-4.3348594,-0.3971201,-0.6920503,-0.48938018,1.0222188,0.18141147,-0.3096364,-0.6845567,114.0,30.0,0.2557977022352313,0.6855632276895585,15.003333333333334,1.8466666666666667,40.85333333333333,6.693333333333333,0.8056728079569071,-5.031821533285516,-0.6192047215924703,-0.8887927836016508,-0.7227303647744361,0.988674947962675,0.15366616527622257,-0.28971798322262404,-0.8338197551489639
Thairo Estrada,2B,2B,Free Agent,36485,16426,642731,1,2.0,0.0,7.0,-1.0,0.27777778,0.68888889,5.0,18.0,20.0,5.0,0.5911734444550467,-0.4195622960995993,-1.1539764437044926,-0.9383839635604891,-1.1527552995629637,-0.8892929501933858,0.10489925834439065,-0.024304200833464774,-4.053813599510405,0.274,,81.0,349.0,325.0,85.0,16.0,1.0,9.0,42.0,39.0,15.0,68.0,9.0,3.0,0.262893,0.311914,0.710061,84.6463,0.849169,130.0,6.0,4.833676,-6.0707016,0.9797128,0.5131395,1.0466762,0.772071,1.207179,-0.43362683,4.0851517,325.0,81.0,0.2633891509275843,0.7093552762419586,40.66666666666667,8.7,125.9,5.766666666666667,4.764095058225209,-6.612689468871647,1.0725111986350624,0.49405539492663764,1.1424098791280157,0.7369689592311784,0.9086569775953343,-0.38073986605563326,3.813852829967492
Evan Carter,OF,OF,Free Agent,4917921,,,1,5.0,1.0,9.0,3.0,0.17647059,0.52786378,6.0,34.0,38.0,12.0,-2.327783509362688,-6.267360299299242,-0.8984628027369245,-0.6976618100818384,-1.0962786317474889,0.3116120849734235,-0.41304758528783586,-0.36305260226170594,-3.15689134714237,0.352,,65.0,279.0,244.0,59.0,12.0,3.0,8.0,36.0,30.0,30.0,70.0,8.0,2.0,0.241564,0.326741,0.740396,110.652,1.37918,101.0,6.0,-1.5752974,2.844046,0.6619821,0.34096953,0.5346574,0.772071,-0.39342034,0.20314959,2.1194093,244.0,65.0,0.23744142262448298,0.7269356474195109,34.03666666666667,7.556666666666667,95.17333333333332,5.8100000000000005,-2.7545097237814895,-0.6749932185378005,0.6354644438185196,0.2633565013297492,0.46854992897152087,0.7487393831646658,-0.5253682913079121,-0.03886419116220733,1.785243613646183
Garrett Mitchell,OF,OF,Free Agent,4313442,27555,669003,1,9.0,0.0,20.0,3.0,0.20588235,0.57983193,14.0,68.0,78.0,24.0,-2.655567338725378,-9.000886398598485,-0.5577779481135003,-0.9383839635604891,-0.7856569587623778,0.3116120849734235,-0.4712103477054315,-0.5213989739888659,-2.9628161071572414,0.292,,43.0,186.0,164.0,38.0,7.0,1.0,5.0,22.0,19.0,18.0,57.0,8.0,2.0,0.232775,0.308632,0.694331,95.2173,0.71047,62.0,6.0,-2.500203,-5.643093,-0.07938944,-0.17554039,-0.15391958,0.772071,-0.62440944,-0.40308294,-0.66427076,164.0,43.0,0.22927895786463548,0.6794461124736008,20.310000000000002,4.35,56.54,5.609999999999999,-3.19003600217304,-8.241967697687455,-0.2693915322169368,-0.3836765471839735,-0.3787094355667486,0.6944143496254936,-0.6084363214269498,-0.4745490759885685,-0.9630816539375366
Christian Encarnacion-Strand,1B,1B,Free Agent,5012106,30011,687952,1,4.0,2.0,17.0,-1.0,0.15789474,0.48157895,9.0,57.0,60.0,15.0,-4.961284039225684,-13.145280517648729,-0.9836340163927806,-0.4569396566031875,-0.87037196048559,-0.8892929501933858,-0.8803423445895541,-0.7614734228581191,-4.842054351122617,0.263,,41.0,177.0,163.0,42.0,8.0,1.0,8.0,21.0,26.0,10.0,46.0,1.0,0.0,0.255022,0.327422,0.754702,101.871,0.188789,76.0,1.0,1.141301,4.231786,-0.13234454,0.34096953,0.09326191,-0.47866768,0.28503242,0.3022752,0.41052687,163.0,41.0,0.2453092644109955,0.7273896698069764,19.3,7.4,70.10000000000001,0.8,-0.5576445960787185,-0.37691195175157177,-0.33597029878778273,0.23174469958323682,-0.08132797784960591,-0.6121027069915906,-0.10635968574355538,-0.021701518981073177,-0.11473125059916972
Harrison Bader,OF,OF,Free Agent,35062,18030,664056,1,19.0,5.0,60.0,3.0,0.26573427,0.77886186,38.0,143.0,167.0,47.0,2.974322656503985,9.532945357653189,0.2939341884450601,0.2652268038327649,0.3438763975471171,0.3116120849734235,0.5277710689995505,0.5522198268546361,2.2946403706525524,0.312,28.0,67.0,291.0,267.0,64.0,13.0,1.0,7.0,35.0,32.0,17.0,62.0,12.0,4.0,0.241389,0.29631,0.671115,89.9,0.865202,100.0,8.0,-1.7705133,-15.385905,0.60902697,0.16879956,0.5170016,1.2723665,-0.44217426,-1.0990076,1.0260129,267.0,67.0,0.24816510475153897,0.7011045291142418,30.546666666666667,6.443333333333333,88.86666666666667,6.608333333333333,-0.15093300424677933,-7.6355282159887805,0.405405141509359,0.038710931471554445,0.33023977213749145,0.9655868087085269,-0.028787487609315897,-0.4396320141607431,1.3791142108546273
Jeimer Candelario,1B,"1B,3B,DH",Free Agent,32531,13621,600869,1,3.0,2.0,17.0,-1.0,0.1125,0.4103022,9.0,80.0,91.0,22.0,-10.594784869088677,-24.151656515998216,-1.0688052300486366,-0.4569396566031875,-0.87037196048559,-0.8892929501933858,-1.8799644766017354,-1.3990454239633296,-6.564419697895865,0.218,,43.0,186.0,168.0,38.0,9.0,1.0,6.0,21.0,23.0,14.0,45.0,2.0,1.0,0.229368,0.308054,0.701177,88.6872,0.0620684,67.0,1.0,-3.1335597,-4.6306,-0.13234454,-0.003370412,-0.06564047,-0.47866768,-0.78258616,-0.33076102,-1.7933702,168.0,43.0,0.21164302103718124,0.6570609895145341,18.27,5.3933333333333335,59.41666666666667,0.6966666666666668,-6.230679145335913,-12.20369195719328,-0.40386745677587316,-0.173155399382731,-0.31562187460069785,-0.6401706409868293,-1.1883789075099467,-0.7026538994517189,-2.5169794136235204
Jordan Walker,OF,OF,Free Agent,4684778,27475,691023,1,18.0,3.0,49.0,1.0,0.21518987,0.5833824,34.0,158.0,172.0,46.0,-4.699700656450141,-20.352850019096483,0.20876297478920403,-0.21621750312453672,0.033254724562006004,-0.2888404326099811,-0.8339263509319468,-1.1789900069573762,-2.275956594272631,0.28,8.0,59.0,256.0,233.0,57.0,12.0,1.0,7.0,27.0,28.0,18.0,62.0,3.0,1.0,0.244744,0.308995,0.701225,97.3152,0.353217,92.0,2.0,-0.7633405,-6.411021,0.18538612,0.16879956,0.37575504,-0.22851995,-0.1906394,-0.45793572,-0.14715427,233.0,59.0,0.23627181807759706,0.6674434423534598,24.42,5.853333333333334,79.67333333333333,1.7133333333333334,-2.902848866150185,-14.506246976780517,0.0015379040268023237,-0.08033776872275813,0.12862274647773733,-0.3640183871627055,-0.5536610510275379,-0.8352284735142389,-0.7574109374346973
Cole Young,2B,"2B,SS",Free Agent,5080641,sa3020459,702284,1,0.0,0.0,1.0,0.0,0.1,0.28181818,1.0,10.0,11.0,3.0,-1.4493481086360849,-4.303797264499777,-1.3243188710162048,-0.9383839635604891,-1.322185303009388,-0.5890666914016834,-0.257175864553456,-0.24930827682878853,-4.68043897037001,0.212,,72.0,312.0,277.0,62.0,13.0,1.0,4.0,31.0,27.0,27.0,60.0,6.0,2.0,0.223077,0.279288,0.617346,83.5978,0.496783,89.0,4.0,-6.9092507,-30.856167,0.39720654,-0.34771037,0.32278758,0.27177554,-1.7255405,-2.2040415,-3.2855227,277.0,72.0,0.2208205875356992,0.6111946455900327,30.43166666666667,3.9266666666666667,87.38666666666667,3.9266666666666667,-7.731017194541767,-32.826540791744854,0.3978243908602034,-0.4690956710522091,0.29778220890582685,0.23717865067079694,-1.474538738600837,-1.8900589242778054,-3.3110961643246677
Jordan Lawlar,3B,"3B,SS",Free Agent,4872649,29976,691783,1,1.0,0.0,0.0,0.0,0.0,0.13636364,0.0,19.0,22.0,7.0,-4.653761406408561,-10.940851062549577,-1.2391476573603486,-0.9383839635604891,-1.3504236369171252,-0.5890666914016834,-0.8257747783207963,-0.6337763044611462,-5.576573032021589,0.172,,25.0,110.0,99.0,25.0,5.0,1.0,3.0,14.0,12.0,9.0,27.0,5.0,1.0,0.252887,0.316213,0.715384,99.1081,0.4294,41.0,4.0,0.48181996,-1.3222529,-0.5030303,-0.51988035,-0.5246918,0.27177554,0.12033131,-0.09444727,-1.2499429,99.0,25.0,0.24361448685328166,0.6941532597285686,13.523333333333335,2.89,39.49666666666667,3.8533333333333335,-0.5064750948504366,-3.5193265807280536,-0.7167656864685612,-0.6782716358004084,-0.7524831310701284,0.21725947170643392,-0.09660011466806291,-0.20263282243330116,-1.4085860036369189
Luis Urias,3B,"3B,2B",Free Agent,35383,16622,649966,1,16.0,6.0,59.0,1.0,0.24657534,0.7413877,36.0,146.0,172.0,47.0,0.2395172539131606,4.261709858303251,0.03842054747749194,0.5059489573114158,0.31563806363937974,-0.2888404326099811,0.04250052591475309,0.24687025801187204,0.8605379197449314,0.315,31.0,50.0,216.0,188.0,42.0,8.0,0.0,7.0,24.0,25.0,21.0,48.0,1.0,1.0,0.222529,0.312512,0.698808,100.882,0.760062,71.0,0.0,-4.792336,-5.6272316,0.026520785,0.16879956,0.0049828067,-0.72881544,-1.1968548,-0.40194997,-2.127317,188.0,50.0,0.2294222799128286,0.7110141909335683,21.706666666666667,6.713333333333335,67.56,0.2866666666666667,-3.629925994016106,-3.513310561509278,-0.1773238649126979,0.09319084511979955,-0.1370321742066519,-0.7515369597421317,-0.6923366436450086,-0.20228643714448225,-1.2707985552560055
Nick Gonzales,2B,2B,Free Agent,4311634,27490,693304,1,1.0,1.0,5.0,-1.0,0.33333333,1.16666667,2.0,6.0,6.0,2.0,0.5303911148183489,2.726812581300133,-1.2391476573603486,-0.6976618100818384,-1.2092319673784384,-0.8892929501933858,0.09411389347535225,0.15795747431844118,-3.7832630172202175,0.23,,75.0,323.0,293.0,77.0,18.0,2.0,8.0,38.0,37.0,22.0,73.0,4.0,2.0,0.264872,0.325783,0.743685,104.665,1.45865,123.0,2.0,4.9375987,4.378859,0.7678923,0.34096953,0.92308545,-0.22851995,1.233133,0.3127806,3.3493407,293.0,75.0,0.26555662767732696,0.7479148237243836,37.629999999999995,7.93,121.82,1.97,4.930085617089941,5.3363535219523826,0.8723354351167761,0.33868675230016176,1.0529322723812646,-0.2943012607874349,0.9403163961594082,0.30725206963640256,3.278014640316537
Kameron Misner,OF,OF,Free Agent,42416,,,1,25.0,5.0,61.0,6.0,0.225,0.67338483,36.0,160.0,178.0,53.0,-3.189569738177358,-6.210092231996427,0.8049614703801963,0.2652268038327649,0.37211473145485446,1.2122908613485306,-0.5659650363370813,-0.35973520548413274,1.7288936251951321,0.352,,61.0,264.0,235.0,51.0,12.0,1.0,7.0,30.0,26.0,25.0,91.0,7.0,2.0,0.21618,0.292575,0.656064,90.6283,0.780439,86.0,5.0,-7.4824343,-17.078888,0.34425145,0.16879956,0.26982012,0.5219233,-1.8686893,-1.2199366,-1.7838315,235.0,61.0,0.2187965976993243,0.6612024945455715,28.51666666666667,6.406666666666667,78.58333333333334,5.296666666666667,-7.034442812693642,-16.097386853065863,0.2715884126590452,0.03131242467981759,0.10471818977333601,0.6093051304141245,-1.3416809419480031,-0.9268417854993898,-0.7417230301316505
Jose Trevino,C,C,Free Agent,35268,16725,624431,1,17.0,3.0,58.0,0.0,0.29411765,0.81279178,35.0,119.0,127.0,39.0,5.85275785723059,11.970670952452648,0.12359176113334798,-0.21621750312453672,0.28739972973164235,-0.5890666914016834,1.0385276338972638,0.6934312106793167,1.3376661409153505,0.279,,44.0,174.0,159.0,39.0,7.0,0.0,5.0,19.0,20.0,11.0,28.0,1.0,0.0,0.241796,0.296912,0.672748,81.1031,0.542984,61.0,1.0,-0.9896383,-8.902739,-0.23825477,-0.17554039,-0.1715754,-0.47866768,-0.24715582,-0.6359179,-1.947112,159.0,44.0,0.25287075066265713,0.7023906231445798,18.576666666666668,4.576666666666666,60.364999999999995,0.7883333333333333,0.6583162479006045,-4.3425109980235135,-0.3836521217114578,-0.3379403233805087,-0.29482417924166976,-0.6152716672813756,0.12556081371350913,-0.2500294416538976,-1.2518339319708987
Jesse Winker,OF,"OF,DH",Free Agent,32833,13590,608385,1,8.0,1.0,28.0,1.0,0.23880597,0.73842327,16.0,67.0,78.0,24.0,-0.4106323378617686,1.7570993578514909,-0.6429491617693563,-0.6976618100818384,-0.5597502875004788,-0.2888404326099811,-0.07286360390161009,0.10178439787029428,-2.1602808979929704,0.3,,31.0,135.0,115.0,27.0,5.0,0.0,3.0,16.0,15.0,18.0,29.0,2.0,1.0,0.235287,0.325202,0.724635,110.404,0.282478,41.0,1.0,-1.4643118,-0.47208548,-0.3971201,-0.51988035,-0.5246918,-0.47866768,-0.36570242,-0.0337202,-2.3197825,115.0,31.0,0.23574446241863595,0.7264274794476104,14.96,2.7399999999999998,39.31,1.0,-1.4933824656186026,-0.3765713664892367,-0.6220612363298333,-0.7085382544938779,-0.756576877784032,-0.5577776734524187,-0.284833190987668,-0.021681909049626615,-2.299047287822918
Joc Pederson,DH,DH,Free Agent,31392,11899,592626,1,10.0,2.0,29.0,1.0,0.13114754,0.50667044,16.0,122.0,146.0,46.0,-13.882047045360235,-25.074350906897273,-0.4726067344576443,-0.4569396566031875,-0.5315119535927414,-0.2888404326099811,-2.463264297506793,-1.4524948163248375,-5.665657891095186,0.312,28.0,34.0,148.0,128.0,30.0,5.0,1.0,7.0,19.0,19.0,16.0,34.0,1.0,0.0,0.231973,0.338368,0.7723,118.831,0.39915,58.0,1.0,-2.0540333,5.5756683,-0.23825477,0.16879956,-0.22454286,-0.47866768,-0.5129815,0.39826813,-0.88737905,128.0,34.0,0.20743881027316066,0.7076634774857239,16.81,5.783333333333332,50.94333333333333,1.0,-5.285323088526759,-2.8209325546921065,-0.5001100302347197,-0.09446219077971091,-0.5014487343639665,-0.5577776734524187,-1.0080709231323937,-0.16242127928150185,-2.0500935681926435
Nolan Jones,OF,OF,Free Agent,37340,20529,666134,1,10.0,2.0,44.0,1.0,0.21276596,0.60319598,30.0,141.0,159.0,53.0,-4.535807971768797,-15.369271629446862,-0.4726067344576443,-0.4569396566031875,-0.10793694497668087,-0.2888404326099811,-0.8048448330924705,-0.8903036993998231,-3.0214723011397875,0.33,48.0,55.0,236.0,204.0,47.0,11.0,1.0,6.0,26.0,25.0,28.0,73.0,5.0,2.0,0.228196,0.312209,0.704312,101.648,0.591889,78.0,3.0,-4.044126,-4.983326,0.132431,-0.003370412,0.12857355,0.021627802,-1.0099943,-0.35595608,-1.0866884,204.0,55.0,0.2241070357929081,0.6775162741780159,21.759999999999998,4.94,68.99,2.47,-5.023165666311043,-10.645890733812983,-0.17380815446671277,-0.2646278469896605,-0.1056711502733546,-0.15848867693950508,-0.958069575969212,-0.6129601323508842,-1.5994061332984808
Brooks Lee,3B,"3B,SS,2B",Free Agent,4629081,,,1,13.0,4.0,56.0,-1.0,0.24223602,0.63106308,39.0,161.0,173.0,45.0,-0.43450532904096795,-13.062707058446412,-0.2170930934900762,0.02450465035411411,0.2309230619161676,-0.8892929501933858,-0.07709968570238966,-0.7566901476338587,-1.6847481647494287,0.352,,72.0,313.0,288.0,72.0,15.0,1.0,7.0,32.0,36.0,22.0,49.0,3.0,1.0,0.249905,0.301774,0.687106,93.7434,0.912795,110.0,2.0,0.5428405,-11.990616,0.45016167,0.16879956,0.6935598,-0.22851995,0.13557078,-0.8564836,0.36308825,288.0,72.0,0.24769378106097534,0.6709469675304347,26.52166666666667,6.135,94.43,1.135,-0.29854536229458173,-16.921453115180526,0.140078868788909,-0.02350378473168816,0.45224804473579794,-0.5211082758134776,-0.0569416275834675,-0.9742891788384331,-0.227371249472064
Connor Wong,C,C,Free Agent,40086,19896,657136,1,5.0,0.0,9.0,1.0,0.15789474,0.4194332,9.0,57.0,65.0,20.0,-4.961284039225684,-16.687588267648728,-0.8984628027369245,-0.9383839635604891,-1.0962786317474889,-0.2888404326099811,-0.8803423445895541,-0.9666705050799762,-5.068978680324413,0.307,,39.0,153.0,139.0,34.0,7.0,1.0,4.0,17.0,16.0,9.0,39.0,3.0,1.0,0.245885,0.304516,0.690813,89.2364,0.580505,55.0,2.0,-0.29678482,-5.271866,-0.344165,-0.34771037,-0.27751032,-0.22851995,-0.074120164,-0.37656635,-1.648592,139.0,39.0,0.23635272150594486,0.6614135260987409,15.699999999999998,3.5666666666666664,50.016666666666666,1.8916666666666666,-1.7204968800900244,-9.49209968890159,-0.573280753891788,-0.5417355559165357,-0.5217712626937023,-0.31557856559027725,-0.32815077699293466,-0.5465281231111229,-2.019133886123483
Jo Adell,OF,OF,Free Agent,40854,20220,666176,1,17.0,9.0,69.0,2.0,0.21341463,0.70406504,35.0,164.0,180.0,52.0,-5.169309661631794,-1.33379009779634,0.12359176113334798,1.228115417747368,0.5980214027167534,0.011385826181721214,-0.9172549185755978,-0.0772631447293682,0.9665963444742246,0.354,76.0,75.0,326.0,296.0,66.0,13.0,1.0,14.0,38.0,42.0,24.0,95.0,9.0,3.0,0.222549,0.309377,0.708286,96.657,0.896115,123.0,6.0,-7.5394564,-6.054416,0.7678923,1.3739893,0.92308545,0.772071,-1.8829303,-0.4324636,1.5216441,296.0,75.0,0.21980869344002152,0.7070197031640166,31.699999999999996,12.499999999999998,106.8,4.799999999999999,-8.560824224827318,-6.7139637319508445,0.48143237990378995,1.2608097351611944,0.7235318671518045,0.4743979637918473,-1.6328080298117311,-0.38657095029770583,1.3551297841558658
Matt Vierling,3B,"3B,OF",Free Agent,41636,21558,663837,1,0.0,0.0,2.0,0.0,0.18181818,0.36363636,2.0,11.0,11.0,4.0,-0.6942829394996934,-3.834177010949755,-1.3243188710162048,-0.9383839635604891,-1.2939469691016505,-0.5890666914016834,-0.12319525871433087,-0.2221043429580645,-4.491016096752423,0.251,,41.0,177.0,161.0,41.0,8.0,1.0,4.0,23.0,18.0,14.0,36.0,3.0,1.0,0.256907,0.318592,0.723932,106.086,0.592003,63.0,2.0,1.4307818,-0.774099,-0.026434325,-0.34771037,-0.13626376,-0.22851995,0.35732836,-0.055292886,-0.43689296,161.0,41.0,0.2555303581222351,0.7173266072401316,22.578333333333333,3.9266666666666667,61.88166666666667,1.9633333333333334,1.094793756413424,-1.9924403384890172,-0.11986397231112633,-0.4690956710522091,-0.2615624871912026,-0.2961120952387406,0.2088102721786286,-0.11471905208480819,-0.5112185473999993
Coby Mayo,3B,3B,Free Agent,4683371,,,1,2.0,0.0,3.0,0.0,0.13043478,0.29710145,3.0,23.0,24.0,7.0,-2.6335007098629952,-9.547218498349487,-1.1539764437044926,-0.9383839635604891,-1.265708635193913,-0.5890666914016834,-0.4672947912413574,-0.5530466344139225,-4.967477159515858,0.352,,12.0,53.0,48.0,11.0,2.0,0.0,2.0,6.0,6.0,5.0,16.0,0.0,0.0,0.23298,0.315087,0.718025,105.046,0.137038,19.0,0.0,-0.7219269,-0.51432323,-0.9266712,-0.6920503,-0.91311985,-0.72881544,-0.18029664,-0.036737222,-3.4776907,48.0,12.0,0.22887818927281495,0.701188085557373,5.84,1.92,18.36,0.0,-0.952905966214129,-1.3686685205703828,-1.223247722593313,-0.873995770018177,-1.2160268437998238,-0.8294028411482781,-0.18174798038460127,-0.07880404359671951,-3.5372821552282905
Nolan Gorman,2B,2B,Free Agent,41174,22263,669357,1,13.0,2.0,32.0,-1.0,0.2,0.63148496,19.0,95.0,112.0,33.0,-4.2688070320428055,-7.667729912747884,-0.2170930934900762,-0.4569396566031875,-0.44679695186952934,-0.8892929501933858,-0.7574675349116796,-0.4441725328244334,-3.211762719892292,0.303,,65.0,282.0,252.0,55.0,11.0,0.0,13.0,34.0,38.0,27.0,91.0,3.0,1.0,0.219965,0.312971,0.715939,100.022,0.782129,105.0,2.0,-7.0698967,-3.22588,0.5560719,1.2018194,0.6052807,-0.22851995,-1.7656608,-0.2304225,0.13856888,252.0,65.0,0.2162381967306137,0.7001742339495016,30.08,10.946666666666667,91.37333333333333,1.44,-8.188034443258891,-7.441000338178096,0.37464267510698784,0.9473820838021566,0.3852129422956258,-0.4382625996662405,-1.5617057465746325,-0.42843165181341447,-0.4868263534651809
Joey Bart,C,C,Free Agent,41168,21524,663698,1,7.0,1.0,45.0,1.0,0.23972603,0.655278,35.0,146.0,170.0,44.0,-0.760482006086839,-8.310306341696743,-0.7281203754252125,-0.6976618100818384,-0.07969861106894349,-0.2888404326099811,-0.1349417826037519,-0.48139538798851295,-2.4106583997782405,0.337,56.0,41.0,164.0,145.0,35.0,6.0,0.0,5.0,18.0,19.0,14.0,45.0,0.0,0.0,0.242905,0.317872,0.713033,99.28,0.739291,56.0,0.0,-0.7416948,-2.277526,-0.29120988,-0.17554039,-0.2598545,-0.72881544,-0.18523353,-0.162682,-1.8033359,145.0,41.0,0.2420042959990622,0.6966690980223973,14.883333333333333,3.8666666666666667,52.88333333333333,0.2833333333333333,-0.9752846309659962,-4.789772681794508,-0.6271150700959373,-0.4812023185295969,-0.4589030095873251,-0.7524423769677847,-0.18601626840730628,-0.2757814982675349,-1.9754106119076376
Patrick Bailey,C,C,Free Agent,4345843,27478,672275,1,17.0,1.0,42.0,0.0,0.19078947,0.53075366,29.0,152.0,170.0,51.0,-8.230091811268492,-27.57952546039661,0.12359176113334798,-0.6976618100818384,-0.1644136127921556,-0.5890666914016834,-1.4603675709827288,-1.5976133506572958,-4.3855312747823545,0.259,4.0,83.0,327.0,296.0,67.0,14.0,1.0,6.0,32.0,33.0,26.0,81.0,2.0,0.0,0.226887,0.282828,0.634642,80.0056,1.29711,101.0,2.0,-6.2554092,-27.853035,0.45016167,-0.003370412,0.5346574,-0.22851995,-1.5622479,-1.989529,-2.7988482,296.0,83.0,0.21665936835424487,0.6052069738928274,27.75,4.583333333333333,84.28333333333335,1.4333333333333333,-9.493024450217204,-36.85053159622286,0.2210500749980069,-0.33659514032746557,0.22972366978717915,-0.4400734341175462,-1.8106067993501416,-2.1217488784361223,-3.2484083702367954
Mauricio Dubon,1B,"1B,2B,OF",Free Agent,35304,16530,643289,1,11.0,1.0,35.0,2.0,0.26804124,0.66474631,26.0,97.0,103.0,33.0,2.2413236262299776,-4.602804855647843,-0.3874355208017883,-0.6976618100818384,-0.3620819501463172,0.011385826181721214,0.39770593267770415,-0.26662904328838516,-1.3047165654589037,0.276,,46.0,198.0,185.0,48.0,9.0,1.0,3.0,22.0,20.0,9.0,26.0,3.0,1.0,0.257688,0.289209,0.655221,85.7687,0.40505,68.0,2.0,1.7885511,-13.601035,-0.07938944,-0.51988035,-0.047984656,-0.22851995,0.4466789,-0.9715151,-1.4006106,185.0,46.0,0.2594652945180682,0.6568561661334351,20.111666666666665,2.656666666666667,62.335,2.0,1.985956058921565,-13.476481683126858,-0.28246558043794473,-0.7253530426569162,-0.2516205308860081,-0.2861525057565591,0.3787818689766174,-0.775937514545114,-1.3841487626891
Robert Hassell III,OF,OF,Free Agent,4684371,sa3014701,690987,1,5.0,1.0,15.0,1.0,0.24444444,0.57777778,11.0,45.0,45.0,12.0,-0.02206668886238161,-6.048905690248996,-0.8984628027369245,-0.6976618100818384,-0.9268486283010646,-0.2888404326099811,-0.003915567110620481,-0.3503980698103606,-3.16612731065079,0.302,,32.0,137.0,125.0,28.0,5.0,0.0,2.0,14.0,11.0,10.0,35.0,4.0,1.0,0.227334,0.272552,0.608557,71.3991,-0.0505335,39.0,3.0,-2.5857687,-15.022889,-0.5030303,-0.6920503,-0.56000346,0.021627802,-0.64577895,-1.0730776,-3.452313,125.0,32.0,0.22861727626567652,0.6062485454159698,13.325000000000001,1.925,37.2,2.8500000000000005,-2.5141400795749314,-15.431683456660766,-0.729839734689569,-0.8729868827283946,-0.8028508361751213,-0.055271113215078375,-0.4795225321992004,-0.8885124758934896,-3.430849023644421
Dane Myers,OF,OF,Free Agent,40048,22054,667472,1,13.0,3.0,42.0,5.0,0.30208333,0.79326923,29.0,96.0,104.0,35.0,5.486257837093583,7.782847060802144,-0.2170930934900762,-0.21621750312453672,-0.1644136127921556,0.9120646025568282,0.9734949761279079,0.45084098304433307,1.7386763523223006,0.374,,58.0,249.0,226.0,58.0,10.0,1.0,6.0,29.0,27.0,17.0,71.0,8.0,2.0,0.255547,0.312642,0.706107,95.6841,0.775138,88.0,6.0,1.701067,-5.115075,0.29129633,-0.003370412,0.30513176,0.772071,0.42483032,-0.36536688,1.4245923,226.0,58.0,0.2636132865002319,0.7212151367125732,26.226666666666667,5.48,80.02666666666667,5.826666666666666,3.3635330491380437,-1.9180340566103062,0.1206325953845529,-0.15566801969317087,0.13637162418619792,0.7532664692929298,0.6415274542423532,-0.11043494984024413,1.4790334998139092
Trey Sweeney,SS,SS,Free Agent,4414687,,,1,25.0,4.0,59.0,1.0,0.22459893,0.59706142,42.0,187.0,206.0,59.0,-3.802809721494788,-21.530522966145842,0.8049614703801963,0.02450465035411411,0.31563806363937974,-0.2888404326099811,-0.6747798351757267,-1.2472096732317546,-1.0657257566437726,0.352,,59.0,255.0,229.0,52.0,10.0,2.0,6.0,29.0,26.0,21.0,65.0,6.0,2.0,0.226765,0.29429,0.662972,88.9908,0.933496,84.0,4.0,-4.867426,-15.0609,0.29129633,-0.003370412,0.23450847,0.27177554,-1.215608,-1.0757926,-1.4971906,229.0,59.0,0.2260213204192767,0.6403426834119345,27.626666666666672,5.3133333333333335,75.41666666666667,2.97,-5.200378514606834,-20.463286491526627,0.21291999459166636,-0.18929759601924798,0.03527070087675641,-0.02267609309157532,-0.9918694244515598,-1.1782178785980923,-1.3490543336164016
Brandon Marsh,OF,OF,Free Agent,40803,20202,669016,1,13.0,2.0,33.0,1.0,0.21153846,0.62564103,22.0,104.0,121.0,39.0,-3.473220489815282,-9.001915150797679,-0.2170930934900762,-0.4569396566031875,-0.41855861796179195,-0.2888404326099811,-0.6162967177661679,-0.5214585670464155,-2.51918708547762,0.308,,68.0,295.0,259.0,62.0,12.0,2.0,9.0,36.0,34.0,31.0,91.0,9.0,2.0,0.240585,0.320694,0.725396,103.209,1.27689,105.0,7.0,-1.9257021,-0.8661267,0.6619821,0.5131395,0.6052807,1.0222188,-0.48093164,-0.061866384,2.2598228,259.0,68.0,0.23472728055944153,0.7052787297518522,31.361666666666668,7.588333333333334,90.48,5.789999999999999,-3.626807132794119,-6.325630379207567,0.45912959176207135,0.2697461208317039,0.36562144016480136,0.7433068798107483,-0.6917417825062459,-0.36421181950766746,1.2960558427201025
Heston Kjerstad,OF,OF,Free Agent,4297758,,,1,16.0,4.0,48.0,1.0,0.19463087,0.56589765,29.0,149.0,160.0,50.0,-7.495287188677664,-21.798738211046675,0.03842054747749194,0.02450465035411411,0.005016390654268628,-0.2888404326099811,-1.3299820459548548,-1.2627467156191847,-2.813627605698146,0.352,,45.0,196.0,176.0,44.0,8.0,1.0,7.0,23.0,24.0,14.0,52.0,1.0,0.0,0.249419,0.324224,0.739412,111.474,0.579796,75.0,1.0,0.24619961,1.8782568,-0.026434325,0.16879956,0.075606085,-0.47866768,0.06148666,0.1341637,-0.065046,176.0,45.0,0.23480883473170475,0.6931415137917583,21.133333333333333,6.2,67.80000000000001,1.0,-2.450194942020535,-6.434647872839598,-0.2151177522070395,-0.01038824996451803,-0.1317687855744899,-0.5577776734524187,-0.46732626098463287,-0.3704887369583614,-0.7980010930198134
Lenyn Sosa,2B,"2B,3B,1B",Free Agent,41684,,,1,15.0,4.0,77.0,1.0,0.27363184,0.67434671,55.0,201.0,207.0,57.0,5.768102856414696,-7.608090486445517,-0.0467506661783641,0.02450465035411411,0.8239280739786524,-0.2888404326099811,1.023506244009027,-0.44071776911491917,1.0956301004385292,0.352,,63.0,271.0,255.0,63.0,12.0,0.0,7.0,26.0,29.0,11.0,57.0,2.0,1.0,0.247222,0.289527,0.662006,83.9477,0.235271,96.0,1.0,-0.20352468,-17.017189,0.132431,0.16879956,0.44637832,-0.47866768,-0.05082905,-1.2155294,-0.9974173,255.0,63.0,0.25633339894022444,0.6662635584076034,22.205000000000002,5.965,89.445,1.0,1.9387655196768612,-16.176805938721397,-0.14447394543302303,-0.057805952584286745,0.3429230766886033,-0.5577776734524187,0.36978120626163774,-0.9314145107388087,-0.2753159279435981
Andrew McCutchen,DH,DH,Free Agent,28701,9847,457705,1,18.0,5.0,70.0,1.0,0.25842697,0.75383535,46.0,178.0,209.0,53.0,2.4016043262776843,7.4114649519039695,0.20876297478920403,0.2652268038327649,0.6262597366244909,-0.2888404326099811,0.4261465311511742,0.42932774068550483,1.6668833544731574,0.362,79.0,72.0,310.0,268.0,64.0,12.0,0.0,9.0,36.0,33.0,36.0,71.0,3.0,1.0,0.237518,0.323396,0.7236,103.04,0.246521,103.0,2.0,-2.8145747,-1.3775537,0.6619821,0.5131395,0.56996906,-0.22851995,-0.70292175,-0.09839738,0.71525156,268.0,72.0,0.24480128966732256,0.7341319609220416,29.729999999999997,7.606666666666666,91.505,1.6516666666666666,-1.0530007389675125,1.1872260245465434,0.3515708253052095,0.2734453742275721,0.3881004957813256,-0.3807686058372835,-0.20083908007333498,0.06835710034343165,1.0467366383198253
Amed Rosario,2B,"2B,OF,DH,3B",Free Agent,33215,15518,642708,1,13.0,2.0,40.0,1.0,0.30337079,0.78277154,27.0,89.0,93.0,28.0,5.200802143138844,6.281053385951988,-0.2170930934900762,-0.4569396566031875,-0.22089028060763036,-0.2888404326099811,0.9228430213303807,0.3638458087321936,0.10292536675169911,0.368,,32.0,137.0,129.0,34.0,6.0,1.0,2.0,15.0,13.0,5.0,25.0,4.0,1.0,0.262765,0.293279,0.666639,85.5071,0.314951,48.0,3.0,1.9020854,-8.011045,-0.4500752,-0.6920503,-0.40110105,0.021627802,0.47503334,-0.5722247,-1.6187899,129.0,32.0,0.26905888927863236,0.6846395186669265,14.69,2.0,46.760000000000005,2.69,2.6223755165499747,-5.8130617779005,-0.6398595204626337,-0.8578535733816599,-0.5931925223273424,-0.09873114004641606,0.5001663027009362,-0.33469957618751106,-1.3519240431767563
DJ LeMahieu,1B,"1B,3B,2B",Free Agent,30765,9874,518934,1,2.0,1.0,16.0,0.0,0.24489796,0.64134543,12.0,49.0,54.0,17.0,-0.0018056923168162653,-3.471771346048908,-1.1539764437044926,-0.6976618100818384,-0.8986102943933273,-0.5890666914016834,-0.00032040645027102074,-0.20111108368568031,-3.5407467297172928,0.34,,72.0,312.0,275.0,68.0,11.0,1.0,6.0,33.0,30.0,30.0,55.0,1.0,1.0,0.245752,0.304392,0.679392,94.9067,0.775282,99.0,0.0,-0.6237373,-13.570732,0.5031168,-0.003370412,0.49934578,-0.72881544,-0.15577441,-0.9693506,-0.85484827,275.0,72.0,0.24567514255995407,0.6759677906557954,30.21,5.55,91.53,0.0,-0.8401949441385226,-14.776911163701664,0.3832122193190771,-0.14154359763621863,0.38864876543050925,-0.8294028411482781,-0.16025058047775415,-0.8508125481573203,-1.0965791274141345
Luke Raley,1B,"1B,OF",Free Agent,40422,19354,670042,1,10.0,2.0,22.0,1.0,0.20588235,0.66876751,14.0,68.0,84.0,24.0,-2.655567338725378,-2.953266958598484,-0.4726067344576443,-0.4569396566031875,-0.7291802909469031,-0.2888404326099811,-0.4712103477054315,-0.17107541345797114,-2.589852875781119,0.373,,48.0,209.0,185.0,43.0,8.0,1.0,9.0,26.0,26.0,16.0,61.0,5.0,1.0,0.230548,0.321128,0.728643,113.03,0.722545,80.0,4.0,-3.2323475,-0.017962754,0.132431,0.5131395,0.16388519,0.27177554,-0.8072578,-0.0012824171,0.27269104,185.0,48.0,0.22709480416269684,0.720260431508261,23.759999999999998,8.02,71.88,3.58,-4.002584656822139,-1.7466925887840656,-0.04196901274226552,0.3568467235162433,-0.04229117882773941,0.14301525920289895,-0.7634139185695344,-0.10056959508299586,-0.12806510715056305
Abraham Toro,3B,"3B,1B",Free Agent,40754,19844,647351,1,8.0,3.0,33.0,0.0,0.29850746,0.80136084,20.0,67.0,68.0,21.0,3.5893674921382313,5.97391654785149,-0.6429491617693563,-0.21621750312453672,-0.41855861796179195,-0.5890666914016834,0.6369061252368172,0.3460541352049375,-0.8838317138156135,0.291,,39.0,167.0,151.0,38.0,9.0,1.0,4.0,18.0,18.0,12.0,31.0,1.0,1.0,0.248053,0.309589,0.701035,92.8051,0.359764,61.0,0.0,0.004961416,-4.183466,-0.29120988,-0.34771037,-0.1715754,-0.72881544,0.0012389944,-0.29882243,-1.8368945,151.0,39.0,0.25377117158116225,0.7124052820255616,16.866666666666667,3.8866666666666667,57.826666666666675,0.0,0.761156976511828,-2.6118063875978446,-0.49637458788586025,-0.47716676937046765,-0.3504918242887698,-0.8294028411482781,0.145175650212676,-0.15038038892622202,-1.7288807283622785
David Fry,C,"C,1B,DH",Free Agent,41672,,,1,0.0,0.0,1.0,0.0,0.25,0.5,1.0,4.0,4.0,2.0,0.020260756545566028,-0.8487916257999109,-1.3243188710162048,-0.9383839635604891,-1.322185303009388,-0.5890666914016834,0.0035951180741637815,-0.04916838889237849,-4.219528099805981,0.352,,36.0,156.0,137.0,34.0,8.0,0.0,5.0,18.0,19.0,14.0,36.0,1.0,0.0,0.250116,0.328105,0.747304,112.83,0.335284,57.0,1.0,0.28713122,2.543258,-0.29120988,-0.17554039,-0.24219868,-0.47866768,0.07170906,0.18166442,-0.93424314,137.0,36.0,0.250115217367808,0.7456553288300831,17.88,4.966666666666667,56.626666666666665,0.9933333333333333,0.18972040377788926,2.185604259233319,-0.4295760894121404,-0.2592471147774883,-0.3768087674495791,-0.5595885079037244,0.036185417498618457,0.12584088166068205,-0.9561450423195021
Alex Call,OF,OF,Free Agent,38994,19296,669743,1,15.0,0.0,38.0,1.0,0.26666667,0.74174972,28.0,105.0,133.0,37.0,2.2818452093211077,3.1029404227523343,-0.0467506661783641,-0.9383839635604891,-0.2773669484231051,-0.2888404326099811,0.40489618124700266,0.1797456251668244,-0.9667002043581125,0.318,35.0,43.0,185.0,159.0,37.0,8.0,1.0,4.0,21.0,18.0,22.0,34.0,5.0,2.0,0.234845,0.316629,0.703827,101.401,0.57305,59.0,3.0,-2.094848,-3.9611785,-0.13234454,-0.34771037,-0.20688704,0.021627802,-0.5231747,-0.28294456,-1.4714335,159.0,43.0,0.24189880159045912,0.7122332212289648,19.669999999999998,3.1133333333333333,54.345,2.5566666666666666,-1.0862236545788786,-2.7775379026062934,-0.31158005756876017,-0.6332080035234652,-0.42684751076506183,-0.13494782907253064,-0.2071756946281199,-0.159922738543961,-1.3595509686128404
Jonny DeLuca,OF,OF,Free Agent,5005912,26365,676356,1,4.0,0.0,12.0,4.0,0.43478261,1.00173913,10.0,23.0,25.0,9.0,4.366499380137005,6.659448141650513,-0.9836340163927806,-0.9383839635604891,-1.0115636300242767,0.6118383437651259,0.7748023035098358,0.3857652762876,-1.161175686414985,0.313,,38.0,163.0,148.0,35.0,7.0,1.0,4.0,19.0,17.0,12.0,32.0,7.0,1.0,0.2382,0.304381,0.690774,98.9328,0.67972,56.0,6.0,-1.453382,-5.6189785,-0.23825477,-0.34771037,-0.2598545,0.772071,-0.3629728,-0.40136045,-0.8380819,148.0,38.0,0.24639093630267622,0.703730902968998,18.375000000000004,3.8333333333333335,54.16666666666667,5.916666666666667,-0.34624016874076247,-3.8437242948381822,-0.3969459018353394,-0.48792823379481226,-0.4307585009292375,0.7777127343855574,-0.06603846930108974,-0.22131072085881412,-0.8515441375596635
Romy Gonzalez,1B,"1B,2B,SS",Free Agent,42826,21562,663853,1,10.0,0.0,25.0,2.0,0.29032258,0.7414611,18.0,62.0,68.0,18.0,2.814041686456273,1.8143180001013808,-0.4726067344576443,-0.9383839635604891,-0.644465289223691,0.011385826181721214,0.4993304226166208,0.10509893157741605,-1.4396408068660667,0.366,,39.0,167.0,154.0,39.0,8.0,1.0,4.0,20.0,20.0,10.0,46.0,7.0,2.0,0.251049,0.305962,0.698874,90.2537,0.255407,61.0,5.0,0.46644592,-4.5993795,-0.18529965,-0.34771037,-0.1715754,0.5219233,0.11649174,-0.32853097,-0.39470136,154.0,39.0,0.2555000163252091,0.7037005351046957,18.866666666666667,3.546666666666667,56.92000000000001,4.66,1.0425213911316988,-4.004227606542289,-0.364535446161413,-0.5457711050756648,-0.37037573689915887,0.4363704403144273,0.19884035158129565,-0.2305520453890789,-0.5131278321133085
Bryan De La Cruz,OF,"OF,DH",Free Agent,40787,19600,650559,1,1.0,0.0,10.0,1.0,0.19148936,0.45276596,9.0,47.0,50.0,16.0,-2.511936190589599,-12.193301483148952,-1.2391476573603486,-0.9383839635604891,-1.0680402978397516,-0.2888404326099811,-0.44572408634522215,-0.7063276438907963,-4.686464081606589,0.248,,3.0,13.0,12.0,3.0,1.0,0.0,0.0,1.0,2.0,1.0,3.0,0.0,0.0,0.24199,0.303741,0.693809,94.4482,0.0120429,4.0,0.0,-0.07236171,-0.41917348,-1.1914468,-1.0363903,-1.1779572,-0.72881544,-0.018071953,-0.029940719,-4.1826224,12.0,3.0,0.23778161334207532,0.6737220550992458,1.0,0.0,4.5,0.08333333333333333,-0.13138540272240784,-0.6717594956401225,-1.5422984455664752,-1.2614084892945847,-1.5199875373071685,-0.8067674105069564,-0.02505916894579403,-0.038678002588145494,-4.224609236783561
Yoan Moncada,3B,3B,Free Agent,33984,17232,660162,1,16.0,6.0,49.0,0.0,0.2371134,0.84143783,23.0,97.0,113.0,30.0,-0.7586768537700237,12.536272584352167,0.03842054747749194,0.5059489573114158,0.033254724562006004,-0.5890666914016834,-0.1346214719723988,0.7261951072000812,0.5801311731769125,0.354,,68.0,295.0,264.0,63.0,14.0,1.0,8.0,32.0,31.0,27.0,82.0,2.0,0.0,0.239893,0.310215,0.698996,97.2471,0.780388,103.0,2.0,-2.1455646,-7.8524394,0.45016167,0.34096953,0.56996906,-0.22851995,-0.5358408,-0.56089556,0.03584391,264.0,68.0,0.23936951215538058,0.7258225506908084,28.986666666666665,7.623333333333333,92.83,1.6233333333333333,-2.4712735731803837,-1.0241780679101682,0.30257061096429,0.27680833186017995,0.4171587871880523,-0.3884646522553329,-0.47134659329275647,-0.05896926238996262,0.13835134358024984
Angel Martinez,OF,OF,Free Agent,42497,,,1,17.0,3.0,58.0,4.0,0.25324675,0.6499153,39.0,154.0,162.0,45.0,1.2800386270042952,-9.591521393296572,0.12359176113334798,-0.21621750312453672,0.28739972973164235,0.6118383437651259,0.22713317704705055,-0.5556129909867311,0.47813251756589903,0.352,,59.0,254.0,230.0,58.0,12.0,1.0,4.0,26.0,23.0,18.0,50.0,4.0,2.0,0.25147,0.301629,0.680073,94.2056,0.699263,84.0,2.0,0.79346716,-11.193427,0.132431,-0.34771037,0.23450847,-0.22851995,0.19816317,-0.79954076,-0.81066847,230.0,59.0,0.2519497221727943,0.6719304376749573,23.57,3.73,76.98,2.54,0.7404448122192211,-13.287462340688695,-0.05449373120608786,-0.5087785711169801,0.06955582960569932,-0.13947491520079497,0.141225214216844,-0.7650543180090288,-0.4626922022442067
Santiago Espinal,2B,"2B,3B",Free Agent,39924,19997,669289,1,17.0,0.0,54.0,1.0,0.24456522,0.5949858,45.0,184.0,199.0,53.0,-0.06800471890396276,-21.5670275867959,0.12359176113334798,-0.9383839635604891,0.17444639410069288,-0.2888404326099811,-0.012066923241994614,-1.2493242951600745,-2.1905774593384986,0.263,4.0,47.0,203.0,185.0,49.0,9.0,0.0,3.0,21.0,21.0,14.0,27.0,4.0,1.0,0.262507,0.301275,0.677069,84.0726,0.279493,67.0,3.0,2.680067,-9.559152,-0.13234454,-0.51988035,-0.06564047,0.021627802,0.6693292,-0.68280524,-0.7097136,185.0,47.0,0.2565563040359295,0.6498447442474988,19.673333333333332,2.005,62.68833333333333,2.3366666666666664,1.4477928197259022,-14.773594732025071,-0.31136032566588606,-0.8568446860918777,-0.2438716531775477,-0.1947053659656198,0.2761378670404727,-0.8506215974468307,-1.2008667654604304
Alek Thomas,OF,OF,Free Agent,41215,23792,677950,1,14.0,1.0,53.0,1.0,0.25503356,0.6557047,38.0,149.0,161.0,48.0,1.5047136213223333,-8.417487761046676,-0.13192187983422013,-0.6976618100818384,0.14620806019295549,-0.2888404326099811,0.26700005620671585,-0.4876041411718025,-1.1928201472981708,0.299,19.0,68.0,295.0,271.0,68.0,14.0,3.0,6.0,35.0,32.0,18.0,56.0,7.0,2.0,0.251805,0.305336,0.695113,91.7044,0.992432,106.0,5.0,1.0256984,-9.112942,0.60902697,-0.003370412,0.62293655,0.5219233,0.25616142,-0.65093267,1.3557452,271.0,68.0,0.2526713357232414,0.6845384418807972,29.365000000000002,4.658333333333334,91.77833333333334,3.9266666666666667,1.067994420481634,-12.23932779207234,0.3275101819404982,-0.3214618309807307,0.39409491061239893,0.23717865067079694,0.20369882849588772,-0.7047057095454037,0.6718801624655635
Jose Miranda,3B,"3B,DH",Free Agent,41000,20538,669304,1,2.0,1.0,9.0,0.0,0.16666667,0.41666667,6.0,36.0,36.0,12.0,-2.8176530710899064,-10.639124512199198,-1.1539764437044926,-0.6976618100818384,-1.0962786317474889,-0.5890666914016834,-0.499971235517163,-0.6162980354539533,-4.653252847906619,0.206,,14.0,62.0,57.0,15.0,3.0,0.0,2.0,6.0,7.0,3.0,11.0,0.0,0.0,0.256269,0.308835,0.703778,98.7102,0.0753295,24.0,0.0,0.47018534,-1.4228379,-0.9266712,-0.6920503,-0.8248408,-0.72881544,0.117425635,-0.101632014,-3.156584,57.0,14.0,0.25089286764594576,0.6865513469788697,5.76,1.94,23.099999999999998,0.0,0.12326083238917815,-2.4595879671520198,-1.228521288262291,-0.8699602208590476,-1.1120749183146281,-0.8294028411482781,0.02350956772394067,-0.14161608488857413,-3.2463841538379588
Orlando Arcia,SS,SS,Free Agent,32530,13185,606115,1,2.0,1.0,13.0,0.0,0.1875,0.49083333,9.0,48.0,50.0,16.0,-2.7568709214532077,-10.62549966959893,-1.1539764437044926,-0.6976618100818384,-0.9833252961165394,-0.5890666914016834,-0.48918590258776357,-0.6155087821917807,-4.528724926084098,0.272,,36.0,157.0,143.0,33.0,6.0,0.0,4.0,16.0,16.0,11.0,32.0,0.0,0.0,0.230354,0.289693,0.654009,69.5207,-0.282849,51.0,0.0,-2.526259,-10.686549,-0.3971201,-0.34771037,-0.3481336,-0.72881544,-0.6309168,-0.7633347,-3.216031,143.0,36.0,0.22678282981117565,0.6404110133519236,14.833333333333332,3.75,47.833333333333336,0.0,-3.1385020940273463,-12.768612959578524,-0.6304110486390484,-0.5047430219578508,-0.5696534787223966,-0.8294028411482781,-0.5986072469338841,-0.7351804452380695,-3.3254222288206066
Jacob Young,OF,OF,Free Agent,4414210,29931,696285,1,15.0,0.0,31.0,1.0,0.22727273,0.59076127,25.0,110.0,127.0,39.0,-1.9428288949969335,-13.358030009497547,-0.0467506661783641,-0.9383839635604891,-0.4750352857772667,-0.2888404326099811,-0.34474029929253386,-0.7737974720521962,-2.8675481194708308,0.309,,69.0,300.0,268.0,66.0,12.0,1.0,1.0,35.0,21.0,20.0,55.0,18.0,4.0,0.247272,0.284121,0.628481,79.2737,0.919066,83.0,14.0,-0.20050222,-26.869446,0.60902697,-0.86422026,0.21685265,2.773253,-0.05007421,-1.9192717,0.7655666,268.0,69.0,0.24303882096004478,0.6204969675109275,30.766666666666666,0.7883333333333333,71.99333333333334,11.248333333333333,-1.525342352517958,-29.266952209632024,0.41990744709904815,-1.10234059327224,-0.03980568975144054,2.225927586817315,-0.29092890777739044,-1.6851079302311944,-0.003442692183057816
Oswaldo Cabrera,3B,3B,Free Agent,40835,21707,665828,1,17.0,1.0,33.0,-1.0,0.24299065,0.63072526,26.0,107.0,122.0,33.0,-0.2080252124061085,-8.71757317014762,0.12359176113334798,-0.6976618100818384,-0.41855861796179195,-0.8892929501933858,-0.0369125012346434,-0.5049873429460883,-2.4238214612844,0.286,,8.0,36.0,32.0,8.0,1.0,0.0,1.0,4.0,4.0,3.0,8.0,1.0,0.0,0.235962,0.293187,0.661375,87.0241,0.0818914,12.0,1.0,-0.38586044,-2.1556835,-1.0325814,-0.86422026,-1.0367106,-0.47866768,-0.09636622,-0.15397885,-3.662525,32.0,8.0,0.23739116159734217,0.6551428751834721,6.643333333333333,1.0,16.27,0.5933333333333333,-0.3628555297578817,-2.3858924123450826,-1.1702923340006601,-1.0596310313381223,-1.2618621864715664,-0.6682385749820682,-0.06920752103892289,-0.13737290428888438,-3.4106552315325827
Adam Frazier,2B,"2B,OF",Free Agent,33546,15223,624428,1,15.0,3.0,59.0,1.0,0.24852071,0.66826136,42.0,169.0,188.0,55.0,0.6060169540501656,-7.425276350046229,-0.0467506661783641,-0.21621750312453672,0.31563806363937974,-0.2888404326099811,0.10753312690252786,-0.4301278006464701,-0.5587652120174444,0.263,4.0,34.0,148.0,134.0,32.0,6.0,1.0,2.0,16.0,13.0,11.0,24.0,3.0,1.0,0.237919,0.287582,0.641769,78.6621,0.0303923,46.0,2.0,-1.3535527,-11.654128,-0.3971201,-0.6920503,-0.4364127,-0.22851995,-0.33804107,-0.8324484,-2.9245925,134.0,34.0,0.24124087103634595,0.6500699339370595,15.686666666666667,2.3133333333333335,50.07333333333334,1.6866666666666665,-1.0035964660346226,-10.670698603714332,-0.5741596815032841,-0.794629969888635,-0.5205285181555529,-0.3712617249679285,-0.19141619140825905,-0.6143884989947176,-2.1832999463078244
Starling Marte,OF,"OF,DH",Free Agent,30830,9241,516782,1,15.0,3.0,34.0,3.0,0.2244898,0.68314567,22.0,98.0,117.0,39.0,-2.0036110646336334,-2.847119172097812,-0.0467506661783641,-0.21621750312453672,-0.3903202840540546,0.3116120849734235,-0.3555256357707823,-0.1649265360561569,-0.862128540210471,0.337,,45.0,196.0,178.0,46.0,7.0,1.0,4.0,24.0,21.0,12.0,41.0,9.0,2.0,0.256568,0.307892,0.693501,98.6216,0.333148,67.0,7.0,1.5215213,-6.27256,0.026520785,-0.34771037,-0.06564047,1.0222188,0.37998995,-0.4480455,0.5673332,178.0,45.0,0.25031276277049636,0.691481707136969,22.245,3.8049999999999997,60.565,6.22,0.28166112454322884,-6.803214455947082,-0.14183716259853413,-0.4936452617702454,-0.2904380220482015,0.860105701919968,0.05372129292250064,-0.3917097533308224,0.2885881779145733
Justin Turner,1B,"1B,DH",Free Agent,29607,5235,457759,1,6.0,1.0,23.0,1.0,0.21428571,0.58380952,18.0,84.0,100.0,35.0,-2.5745244725431142,-10.784624461798131,-0.8132915890810685,-0.6976618100818384,-0.7009419570391657,-0.2888404326099811,-0.45682990379956584,-0.6247264858394763,-3.5822921784510955,0.319,,52.0,225.0,198.0,49.0,9.0,0.0,5.0,26.0,26.0,21.0,41.0,1.0,0.0,0.248975,0.312482,0.697007,100.773,0.242502,73.0,1.0,0.1890606,-6.283153,0.132431,-0.17554039,0.040294446,-0.47866768,0.04721657,-0.44880214,-0.8830682,198.0,52.0,0.243193446520799,0.6781407537052664,22.666666666666668,4.333333333333334,64.66666666666667,1.0,-1.0963161755324409,-10.209129354069939,-0.11404107688496315,-0.387039504816581,-0.20048524827215816,-0.5577776734524187,-0.2091006435373883,-0.5878126534008382,-1.3329388663469213
Eli White,OF,OF,Free Agent,39963,19346,642201,1,22.0,2.0,51.0,4.0,0.24427481,0.67708276,32.0,131.0,140.0,41.0,-0.08646011313271143,-4.60008418494708,0.5494478294126282,-0.4569396566031875,0.08973139237748075,0.6118383437651259,-0.015341693421892807,-0.2664714415979383,0.5122647739322161,0.312,28.0,29.0,125.0,112.0,27.0,5.0,1.0,3.0,16.0,12.0,10.0,34.0,5.0,1.0,0.239257,0.303371,0.680432,90.8111,0.310019,43.0,4.0,-0.98147273,-5.4105043,-0.3971201,-0.51988035,-0.48938018,0.27177554,-0.24511652,-0.38646924,-1.7661909,112.0,29.0,0.24042781691770299,0.6796505272403818,17.4,2.7666666666666666,44.86666666666666,4.0,-0.9298889582721741,-5.60576641283391,-0.46121748342600777,-0.7031575222817055,-0.634714810425508,0.2570978296351599,-0.17735794101422483,-0.32276409820976254,-1.234551232397231
Leody Taveras,OF,OF,Free Agent,34951,18900,665750,1,13.0,3.0,51.0,6.0,0.21383648,0.55711835,34.0,159.0,168.0,50.0,-4.944634607313751,-24.65764947554646,-0.2170930934900762,-0.21621750312453672,0.08973139237748075,1.2122908613485306,-0.8773880287693854,-1.4283563382745161,-1.437032709932503,0.241,1.0,38.0,165.0,152.0,37.0,7.0,1.0,4.0,20.0,17.0,12.0,36.0,7.0,1.0,0.243026,0.298292,0.67561,96.966,0.543842,58.0,6.0,-0.75910914,-8.075773,-0.18529965,-0.34771037,-0.22454286,0.772071,-0.18958265,-0.57684815,-0.75191265,152.0,38.0,0.23485293673390809,0.6424323422160034,18.04,3.7199999999999998,56.04,6.0,-2.1093739455919183,-13.264989969694387,-0.4190289580741846,-0.5107963456965448,-0.389674828550419,0.800348165026879,-0.4023213917007636,-0.7637604227546695,-0.943746269262363
Jhonkensy Noel,OF,OF,Free Agent,42548,,,1,12.0,2.0,22.0,0.0,0.14583333,0.39916667,14.0,96.0,100.0,40.0,-9.513742162906414,-30.050998699197862,-0.3022643071459322,-0.4569396566031875,-0.7291802909469031,-0.5890666914016834,-1.6881416212607496,-1.7407796516065626,-5.506372218965018,0.352,,34.0,147.0,134.0,29.0,6.0,1.0,7.0,17.0,19.0,9.0,41.0,0.0,0.0,0.219354,0.306109,0.70126,97.3574,0.209016,58.0,0.0,-3.8412626,-3.6823368,-0.344165,0.16879956,-0.22454286,-0.72881544,-0.9593304,-0.263027,-2.3510811,134.0,34.0,0.2071005580565262,0.650911087220815,16.166666666666668,6.166666666666667,52.0,0.0,-5.5783984053304705,-10.557984063691086,-0.5425182874894168,-0.017114165229733417,-0.4782752038584762,-0.8294028411482781,-1.0639692476452263,-0.6078987161199902,-2.8769629805681647
Danny Jansen,C,C,Free Agent,35004,16535,643376,1,10.0,4.0,39.0,0.0,0.18699187,0.63214166,23.0,123.0,146.0,41.0,-7.126981726223844,-9.846918313347253,-0.4726067344576443,0.02450465035411411,-0.24912861451536772,-0.5890666914016834,-1.2646290260958388,-0.57040749968035,-3.12133391579677,0.302,22.0,61.0,242.0,210.0,46.0,10.0,0.0,9.0,28.0,29.0,27.0,49.0,0.0,0.0,0.219071,0.318872,0.717989,109.127,1.39653,83.0,0.0,-6.07932,-2.2577243,0.23834123,0.5131395,0.21685265,-0.72881544,-1.5182707,-0.16126758,-1.4400203,210.0,61.0,0.21126507898292463,0.6970995014084488,23.619999999999997,7.783333333333333,72.29333333333332,0.0,-7.867716763063782,-6.84652744876951,-0.05119775266297687,0.30909272513321395,-0.03322645396123865,-0.8294028411482781,-1.5006114796468717,-0.39420359236005686,-1.8491399637623074
MJ Melendez,OF,OF,Free Agent,40948,22197,669004,1,4.0,1.0,8.0,0.0,0.08510638,0.34328969,4.0,47.0,52.0,16.0,-7.511936250589598,-17.338686173148954,-0.9836340163927806,-0.6976618100818384,-1.1245169656552263,-0.5890666914016834,-1.3329362961213211,-1.0043869881973477,-5.732202767850197,0.224,,26.0,113.0,102.0,22.0,5.0,1.0,4.0,13.0,13.0,10.0,30.0,1.0,0.0,0.21802,0.301932,0.685896,88.738,-0.0172879,41.0,1.0,-3.0600138,-4.3701,-0.55598545,-0.34771037,-0.5246918,-0.47866768,-0.76421857,-0.31215364,-2.9834275,102.0,26.0,0.2065008260063708,0.6562034343227305,12.219999999999999,3.74,38.14,0.9133333333333333,-4.307416231382328,-7.496855032145595,-0.8026808604923262,-0.5067607965374153,-0.782235897365821,-0.5813185213193932,-0.8215545169056803,-0.43164760635050126,-3.221654712317891
Wenceel Perez,OF,OF,Free Agent,41586,,,1,5.0,2.0,15.0,0.0,0.30434783,0.98550725,7.0,23.0,24.0,7.0,1.3664994401370043,6.286114901650511,-0.8984628027369245,-0.4569396566031875,-0.9268486283010646,-0.5890666914016834,0.24247499467865058,0.36413900975431174,-2.2647037746098975,0.352,,50.0,216.0,195.0,48.0,10.0,2.0,5.0,26.0,21.0,17.0,43.0,6.0,2.0,0.24457,0.308749,0.700959,99.1618,0.46479,77.0,4.0,-0.67277735,-5.4173083,0.132431,-0.17554039,0.11091773,0.27177554,-0.16802186,-0.38695523,-0.21539322,195.0,50.0,0.24696111508140867,0.7123409557409668,25.16,4.88,74.52,3.84,-0.3450099550691239,-3.3854061790163916,0.05031838646484771,-0.2767344944670484,0.015606096126040558,0.21363780280382239,-0.06580383035644115,-0.19492206631057107,-0.29736563778554337
Jake Fraley,OF,OF,Free Agent,37974,19260,641584,1,14.0,4.0,32.0,1.0,0.18681319,0.66005957,17.0,91.0,107.0,32.0,-5.289067498588373,-4.7445886169479685,-0.13192187983422013,0.02450465035411411,-0.44679695186952934,-0.2888404326099811,-0.9385050413534469,-0.27484222412373915,-2.0564018794368026,0.323,,58.0,251.0,222.0,56.0,11.0,1.0,6.0,30.0,27.0,24.0,48.0,11.0,3.0,0.251588,0.319686,0.720266,96.6047,0.539907,87.0,8.0,0.7920615,-1.8812528,0.34425145,-0.003370412,0.28747594,1.2723665,0.19781211,-0.13437638,1.9641591,222.0,58.0,0.24003648149071705,0.7095291739431036,27.146666666666665,5.643333333333333,77.19166666666666,6.751666666666667,-1.9300492213660807,-4.478370286005838,0.18127860057779852,-0.12271103489361558,0.07419784596878631,1.0045197494116,-0.368118744622628,-0.25785183333769013,1.2471590841799438
Michael Massey,2B,2B,Free Agent,4109223,27684,686681,1,10.0,2.0,50.0,1.0,0.20418848,0.4856607,39.0,191.0,202.0,52.0,-7.782549194949221,-43.26860643194574,-0.4726067344576443,-0.4569396566031875,0.06149305846974337,-0.2888404326099811,-1.380954517216966,-2.5064428102389327,-5.044291092656968,0.246,1.0,49.0,214.0,198.0,48.0,11.0,1.0,6.0,23.0,25.0,10.0,39.0,2.0,1.0,0.244198,0.300695,0.689028,87.8677,0.4061,79.0,1.0,-0.7567853,-7.8629904,-0.026434325,-0.003370412,0.14622937,-0.47866768,-0.18900228,-0.5616492,-1.1128945,198.0,49.0,0.23072812459882888,0.6205610253667297,18.62333333333333,4.653333333333333,69.23666666666666,1.0,-3.5644499160825234,-21.60991556510019,-0.3805758750712209,-0.32247071827051316,-0.10026155640141045,-0.5577776734524187,-0.6798483758097128,-1.2442375218828672,-2.436464709454095
Johan Rojas,OF,OF,Free Agent,42829,,,1,17.0,1.0,34.0,6.0,0.25,0.64630631,25.0,100.0,113.0,42.0,0.5065189136391507,-6.589159644997766,0.12359176113334798,-0.6976618100818384,-0.3903202840540546,1.2122908613485306,0.08987795185410033,-0.38169363840494897,-0.043915158204863025,0.352,,49.0,212.0,194.0,49.0,9.0,2.0,3.0,26.0,19.0,10.0,43.0,14.0,2.0,0.249915,0.287294,0.64985,80.4745,0.715604,71.0,12.0,0.36760312,-15.304676,0.132431,-0.51988035,0.0049828067,2.2729576,0.0918064,-1.0932055,0.88909197,194.0,49.0,0.24993101139863333,0.6491826138743484,24.305,2.6233333333333335,64.03166666666667,10.870000000000001,0.23291921229332796,-15.62076344381207,-0.006042846622353526,-0.7320789579221317,-0.21441129736141976,2.1231627317057153,0.04442473646719949,-0.8993991641798023,0.7133756263334434
Pedro Pages,C,C,Free Agent,42608,,,1,15.0,4.0,49.0,0.0,0.21014493,0.60677314,29.0,138.0,147.0,44.0,-4.801003559177971,-14.548617770096918,-0.0467506661783641,0.02450465035411411,0.033254724562006004,-0.5890666914016834,-0.8519017851534197,-0.8427652613709097,-2.272725029188257,0.352,,58.0,230.0,210.0,49.0,9.0,1.0,6.0,22.0,25.0,15.0,57.0,1.0,0.0,0.23224,0.289021,0.654522,83.7191,0.835198,78.0,1.0,-3.3138285,-15.5858,-0.07938944,-0.003370412,0.12857355,-0.47866768,-0.82760715,-1.113286,-2.373747,210.0,58.0,0.22682671262735996,0.6428235306162041,20.285,5.51,70.895,0.755,-4.599773697732362,-18.244481315140888,-0.27103952148849253,-0.14961469595447713,-0.06389300300557017,-0.6243258395379042,-0.8773159256316464,-1.0504653824862793,-2.348996700478073
Matt Mervis,DH,"DH,1B",Free Agent,4297978,27845,670223,1,15.0,7.0,46.0,0.0,0.175,0.63706468,21.0,120.0,134.0,42.0,-8.392177303633021,-9.01598717399732,-0.0467506661783641,0.7466711107900665,-0.05146027716120612,-0.5890666914016834,-1.4891284162082747,-0.5222737243690746,-1.9520086645285364,0.235,1.0,,,,,,,,,,,,,,,,,,,,,,,,,,,,,,,,0.03908333333333333,0.14227777853333334,3.35,1.5633333333333332,10.273333333333333,0.0,-0.0,-0.0,-1.3873874540402495,-0.9459630633559818,-1.3933737996557205,-0.8294028411482781,1.9476213283723963e-16,-0.0,-0.43594860174470645
LaMonte Wade Jr.,1B,1B,Free Agent,37798,18126,664774,1,12.0,1.0,39.0,0.0,0.16666667,0.54628244,24.0,144.0,169.0,50.0,-11.270612284359625,-23.891827168796787,-0.3022643071459322,-0.6976618100818384,-0.24912861451536772,-0.5890666914016834,-1.9998849420686513,-1.3839941557833295,-5.222000520996803,0.288,13.0,61.0,262.0,221.0,51.0,10.0,1.0,7.0,30.0,26.0,35.0,56.0,1.0,0.0,0.229767,0.319066,0.711627,104.672,0.472788,84.0,1.0,-4.0339456,-3.781993,0.34425145,0.16879956,0.23450847,-0.47866768,-1.0074518,-0.27014542,-1.0087054,221.0,61.0,0.2119937365867527,0.6650549536245971,24.929999999999996,5.309999999999999,71.325,0.7183333333333333,-8.118801929730644,-14.287000137269612,0.03515688516653601,-0.1899701875457698,-0.05446276503961344,-0.6342854290200858,-1.5485010128896288,-0.8226048636046166,-2.1954501763081575
Edgar Quero,C,C,Free Agent,4917824,,,1,8.0,0.0,35.0,-1.0,0.25,0.64263323,29.0,116.0,132.0,37.0,0.5875619398214148,-8.069502468197408,-0.6429491617693563,-0.9383839635604891,-0.3620819501463172,-0.8892929501933858,0.10425842415075642,-0.46744621820511834,-3.1958958197239102,0.352,,59.0,238.0,211.0,53.0,10.0,0.0,6.0,23.0,28.0,21.0,45.0,1.0,0.0,0.249568,0.315912,0.70818,102.508,0.925917,81.0,1.0,0.32659805,-4.338178,-0.026434325,-0.003370412,0.18154101,-0.47866768,0.08156565,-0.30987346,-0.5552392,211.0,59.0,0.24966304033994674,0.6937597186486297,19.700000000000003,4.68,70.88,0.56,0.1967877653485328,-7.583824122752137,-0.30960247044289313,-0.3170899860583409,-0.0642219647950803,-0.6772927472385968,0.037533377043058515,-0.4366550394175443,-1.1361836568010522
Kyle Isbel,OF,OF,Free Agent,41263,21614,664728,1,17.0,3.0,59.0,0.0,0.28368794,0.71095672,40.0,141.0,153.0,49.0,5.464191208231206,-0.1750072894468595,0.12359176113334798,-0.21621750312453672,0.31563806363937974,-0.5890666914016834,0.9695794196638349,-0.010137737231342942,0.5933873126789995,0.247,1.0,79.0,340.0,311.0,73.0,14.0,4.0,7.0,41.0,34.0,20.0,71.0,9.0,2.0,0.234537,0.289382,0.656454,79.91,0.652564,116.0,7.0,-4.1932554,-22.480968,0.92675763,0.16879956,0.79949474,1.0222188,-1.0472383,-1.6058048,0.2642275,311.0,79.0,0.24707049374125212,0.6703522134908042,34.879999999999995,5.9799999999999995,101.465,5.215,-0.5162298830784178,-18.4577876688985,0.6910566152456611,-0.05477929071493988,0.606531124016041,0.5871224083856292,-0.09846064773467682,-1.0627469561093557,0.348163259309599
Mitch Garver,C,"C,DH",Free Agent,33667,15161,641598,1,9.0,1.0,24.0,3.0,0.20430108,0.57916543,19.0,93.0,109.0,37.0,-3.7789369703155904,-12.37202030984793,-0.5577779481135003,-0.6976618100818384,-0.6727036231314283,0.3116120849734235,-0.670543795961133,-0.7166803812487358,-3.003755473563212,0.304,,38.0,157.0,135.0,28.0,5.0,0.0,6.0,17.0,19.0,19.0,44.0,0.0,0.0,0.207493,0.31135,0.695826,106.152,0.555616,51.0,0.0,-5.4711633,-4.4434037,-0.344165,-0.003370412,-0.3481336,-0.72881544,-1.3663875,-0.31738967,-3.1082618,135.0,38.0,0.206913140411483,0.674632658218729,15.546666666666667,5.091666666666667,46.095,0.545,-5.645329626257049,-7.434362904821144,-0.5833884214239955,-0.23402493253293047,-0.6077764949956243,-0.6813671247540347,-1.0767350552478494,-0.42804948726460645,-3.08927650338765
Jacob Melton,OF,OF,Free Agent,4635337,,,1,0.0,0.0,1.0,0.0,0.2,0.53333333,1.0,5.0,6.0,2.0,-0.2246740543180424,-0.8943228822498883,-1.3243188710162048,-0.9383839635604891,-1.322185303009388,-0.5890666914016834,-0.03986671236377284,-0.051805901393496015,-4.265627442745035,0.352,,22.0,97.0,90.0,20.0,4.0,0.0,3.0,11.0,10.0,6.0,26.0,4.0,1.0,0.218645,0.280624,0.634925,79.7297,0.332173,33.0,3.0,-2.643762,-8.443357,-0.66189563,-0.51988035,-0.6659384,0.021627802,-0.6602624,-0.60310453,-3.0894537,90.0,22.0,0.21845855635404587,0.633909091041928,10.89,2.9699999999999998,32.68,2.9699999999999998,-2.7244656493407087,-8.621362982459512,-0.8903538897390835,-0.6621294391638916,-0.9019779887475022,-0.022676093091575443,-0.5196379778816769,-0.49639357822721664,-3.101215434659994
Kyle Higashioka,C,C,Free Agent,30545,5517,543309,1,8.0,1.0,30.0,0.0,0.23655914,0.59809085,22.0,93.0,98.0,30.0,-0.7789373903155897,-10.611956249847932,-0.6429491617693563,-0.6976618100818384,-0.5032736196850041,-0.5890666914016834,-0.13821655100922606,-0.6147242455528592,-3.1858920794999674,0.278,,50.0,201.0,187.0,41.0,8.0,0.0,9.0,20.0,26.0,12.0,51.0,1.0,0.0,0.218266,0.291317,0.668587,85.7323,0.586475,76.0,1.0,-5.5640254,-11.248624,-0.18529965,0.5131395,0.09326191,-0.47866768,-1.3895792,-0.8034834,-2.2506285,187.0,50.0,0.22125387567066307,0.6570726530801468,18.04,7.693333333333333,68.48666666666666,0.8366666666666667,-5.138109470311612,-13.581690317963409,-0.4190289580741846,0.29093275391713236,-0.11670964587691611,-0.602143117509409,-0.9799928349008624,-0.7819951287313127,-2.403388194035003
Richie Palacios,2B,"2B,OF",Free Agent,41359,24589,680700,1,1.0,0.0,4.0,1.0,0.75,1.75,3.0,4.0,4.0,1.0,2.020260756545566,4.151208374200089,-1.2391476573603486,-0.9383839635604891,-1.2374703012861759,-0.2888404326099811,0.3584799977259849,0.2404691817306952,-3.1048931753603144,0.577,,25.0,110.0,95.0,23.0,5.0,1.0,2.0,14.0,10.0,12.0,20.0,5.0,1.0,0.242079,0.313338,0.697386,105.234,0.335904,36.0,4.0,-0.56440806,-2.9786367,-0.5030303,-0.6920503,-0.6129709,0.27177554,-0.14095733,-0.21276203,-1.8899952,95.0,25.0,0.2454651446143786,0.70440345287323,13.913333333333332,1.9866666666666666,35.78666666666666,3.98,-0.31019896735025004,-2.4033632186224647,-0.6910570538322942,-0.8605439394877462,-0.8338463470089633,0.2516653262812427,-0.059164322432868365,-0.1383788236615159,-1.89809453704355
Freddy Fermin,C,"C,DH",Free Agent,41928,,,1,10.0,1.0,31.0,0.0,0.24271845,0.58537454,25.0,103.0,110.0,33.0,-0.22828516895167456,-13.062806744347705,-0.4726067344576443,-0.6976618100818384,-0.4750352857772667,-0.5890666914016834,-0.040507477354855576,-0.7566959221903138,-3.031573921263602,0.352,,41.0,164.0,150.0,38.0,7.0,1.0,3.0,17.0,17.0,11.0,31.0,1.0,0.0,0.25278,0.301641,0.680894,88.5337,0.704635,56.0,1.0,0.7139772,-7.176912,-0.344165,-0.51988035,-0.2598545,-0.47866768,0.17831106,-0.5126429,-1.9368994,150.0,41.0,0.25093537468829474,0.6633821130626272,15.716666666666667,2.6333333333333333,51.416666666666664,0.8166666666666667,0.3307466679028162,-9.947985000994318,-0.5721820943774175,-0.7300611833425671,-0.49106816233942513,-0.6075756208633263,0.0630833902206522,-0.5727767037347846,-2.137589748171042
Kris Bryant,1B,"1B,OF,DH",Free Agent,33172,15429,592178,1,2.0,0.0,8.0,0.0,0.15384615,0.40025016,6.0,39.0,41.0,11.0,-3.552457773680732,-12.16596211154913,-1.1539764437044926,-0.9383839635604891,-1.1245169656552263,-0.5890666914016834,-0.6303567747404316,-0.7047439420562894,-5.141044781118612,0.222,,24.0,105.0,93.0,22.0,5.0,0.0,3.0,11.0,11.0,9.0,26.0,0.0,0.0,0.241309,0.309086,0.691547,82.7208,-0.152597,36.0,0.0,-0.62413603,-3.45896,-0.66189563,-0.51988035,-0.6129709,-0.72881544,-0.155874,-0.24707131,-2.9265077,93.0,24.0,0.23533237381895922,0.6716416941009498,10.385,2.795,34.086666666666666,0.0,-1.2460161467484578,-5.399609664052478,-0.9236432730245066,-0.6974404943062724,-0.8711286831534427,-0.8294028411482781,-0.23765295446502308,-0.3108941785217145,-3.0778344111739084
Kyle Farmer,2B,"2B,3B,SS",Free Agent,33287,14813,571657,1,6.0,2.0,54.0,0.0,0.23178808,0.63090782,35.0,151.0,161.0,47.0,-1.9851563604048814,-12.274803053946634,-0.8132915890810685,-0.4569396566031875,0.17444639410069288,-0.5890666914016834,-0.352250988026167,-0.7110488272843573,-2.748151358295771,0.27,6.0,35.0,153.0,139.0,35.0,7.0,1.0,3.0,16.0,16.0,9.0,31.0,2.0,1.0,0.251202,0.306218,0.691411,80.7686,-0.117054,53.0,1.0,0.44227645,-5.1887417,-0.3971201,-0.51988035,-0.31282195,-0.47866768,0.11045557,-0.37062883,-1.9686635,139.0,35.0,0.24599258881668548,0.6751759934752075,13.316666666666666,2.731666666666667,53.26833333333333,0.7316666666666667,-0.38055532389707775,-7.579116723572736,-0.7303890644467542,-0.7102197333101816,-0.4504596569898989,-0.6306637601174744,-0.07258340696269641,-0.43638400075143535,-2.1778260416935153
Ramon Urias,3B,3B,Free Agent,40610,18795,602104,1,11.0,2.0,47.0,0.0,0.27272727,0.68056392,36.0,132.0,151.0,39.0,3.6686046060036817,-4.17568621139706,-0.3874355208017883,-0.4569396566031875,-0.023221943253468744,-0.5890666914016834,0.6509661520458663,-0.24188712199066162,-1.047584782004923,0.306,24.0,45.0,196.0,176.0,45.0,8.0,1.0,6.0,22.0,23.0,15.0,41.0,1.0,0.0,0.252989,0.320468,0.725301,108.831,0.864345,73.0,1.0,0.8745179,-0.6052761,-0.07938944,-0.003370412,0.040294446,-0.47866768,0.21840507,-0.043233942,-0.34596193,176.0,45.0,0.25795646021762775,0.7140421886279835,19.231666666666666,4.993333333333333,66.45666666666666,0.7483333333333333,1.623787143501913,-2.7561291016639515,-0.3404748027967015,-0.253866382565316,-0.16122914139061814,-0.62613667398921,0.3097053060528714,-0.1586900806304797,-0.5225370131996707
Moises Ballesteros,C,C,Free Agent,4987418,,,1,3.0,0.0,3.0,0.0,0.1875,0.46527778,3.0,16.0,18.0,5.0,-0.9189569738177359,-3.950722023199644,-1.0688052300486366,-0.9383839635604891,-1.265708635193913,-0.5890666914016834,-0.16306196752925467,-0.22885550580132333,-4.2538819935353,0.352,,10.0,43.0,40.0,10.0,2.0,0.0,1.0,5.0,5.0,3.0,8.0,0.0,0.0,0.257456,0.311998,0.708596,100.443,0.0376844,15.0,0.0,0.3774345,-0.8057642,-0.9796263,-0.86422026,-0.98374313,-0.72881544,0.09426171,-0.057554718,-3.5196981,40.0,10.0,0.25535732448101045,0.7012964448006042,4.9399999999999995,0.97,14.639999999999999,0.0,0.26507710314937927,-1.1362227307460726,-1.2825753363693144,-1.0656843550768162,-1.297609367598332,-0.8294028411482781,0.05055821859842838,-0.06542047564006404,-3.5417236585212692
Curtis Mead,2B,"2B,3B,1B",Free Agent,42360,23986,678554,1,7.0,3.0,29.0,1.0,0.21428571,0.63247214,18.0,84.0,94.0,35.0,-2.5745244725431142,-6.696964381798131,-0.7281203754252125,-0.21621750312453672,-0.5315119535927414,-0.2888404326099811,-0.45682990379956584,-0.3879384988186525,-2.6094586673706903,0.3,,32.0,137.0,124.0,31.0,7.0,1.0,3.0,14.0,14.0,9.0,27.0,2.0,1.0,0.249975,0.304537,0.686826,99.0427,0.173257,49.0,1.0,0.24240184,-5.197349,-0.5030303,-0.51988035,-0.38344523,-0.47866768,0.060538195,-0.37124366,-2.195729,124.0,32.0,0.24438367440144576,0.6783105540708354,12.903333333333332,3.0,45.86666666666667,1.0,-0.5389935901029458,-6.372540915804151,-0.75763582040314,-0.6560761154251976,-0.612784024458167,-0.5577776734524187,-0.10280237496114382,-0.366912794883036,-2.26054666244206
Rowdy Tellez,1B,1B,Free Agent,34287,15679,642133,1,16.0,9.0,59.0,0.0,0.20740741,0.69731101,28.0,135.0,146.0,48.0,-5.066199116587148,-2.0097310207469974,0.03842054747749194,1.228115417747368,0.31563806363937974,-0.5890666914016834,-0.8989587318910964,-0.11641872209099755,-0.02227011651953778,0.347,67.0,59.0,254.0,229.0,50.0,9.0,0.0,10.0,26.0,33.0,21.0,57.0,1.0,0.0,0.219436,0.296797,0.675989,95.9142,0.0886532,89.0,1.0,-6.5457673,-12.080008,0.132431,0.68530947,0.32278758,-0.47866768,-1.6347629,-0.8628688,-1.8357713,229.0,59.0,0.21650904670013008,0.6811773347215286,23.566666666666666,9.756666666666666,81.7,0.7566666666666666,-7.378689196291409,-11.11215134162956,-0.05471346310896197,0.7072669088339663,0.1730691393715483,-0.6238731309250778,-1.4073391361370589,-0.6398060930152661,-1.3944860288558645
Travis d'Arnaud,C,C,Free Agent,29951,7739,518595,1,3.0,1.0,28.0,0.0,0.22093023,0.59732053,19.0,86.0,92.0,26.0,-2.06439395427033,-9.879454374698087,-1.0688052300486366,-0.6976618100818384,-0.5597502875004788,-0.5890666914016834,-0.3663111000075867,-0.5722922328338098,-3.8538873518740333,0.314,,43.0,171.0,156.0,37.0,8.0,0.0,6.0,19.0,21.0,11.0,43.0,0.0,0.0,0.234806,0.309665,0.704307,96.8598,0.709956,63.0,0.0,-2.0614061,-3.81156,-0.23825477,-0.003370412,-0.13626376,-0.72881544,-0.51482284,-0.27225736,-1.8937845,156.0,43.0,0.232678382937794,0.6879024246215911,16.546666666666667,5.233333333333333,57.63333333333334,0.0,-2.5041141784591874,-6.520735797835716,-0.5174688505617718,-0.20543979265576498,-0.3547317762424557,-0.8294028411482781,-0.4776102897073607,-0.3754454350138686,-2.1943336234360333
Hunter Renfroe,OF,OF,Free Agent,33205,15464,592669,1,5.0,0.0,24.0,0.0,0.18181818,0.48316498,18.0,99.0,108.0,32.0,-6.248546455497241,-22.67425971854779,-0.8984628027369245,-0.9383839635604891,-0.6727036231314283,-0.5890666914016834,-1.108757328428976,-1.3134635001113595,-5.5208379093708615,0.261,,18.0,79.0,72.0,16.0,4.0,0.0,3.0,8.0,9.0,6.0,16.0,0.0,0.0,0.227381,0.301368,0.682709,91.4655,0.0197202,29.0,0.0,-1.4860178,-3.3142405,-0.82076097,-0.51988035,-0.73656166,-0.72881544,-0.37112337,-0.23673406,-3.4138758,72.0,18.0,0.21917969722423786,0.6467910588954223,7.460000000000001,2.46,28.1,0.0,-2.1276503768187442,-5.969588700516023,-1.1164580177965107,-0.7650359427216873,-1.0024209884779234,-0.8294028411482781,-0.40580725975268767,-0.34371195153513245,-3.7931289946538573
David Hamilton,2B,"2B,SS",Free Agent,42987,27531,666152,1,12.0,2.0,25.0,11.0,0.20512821,0.55508072,16.0,78.0,83.0,32.0,-3.104914867361462,-12.255140543098264,-0.3022643071459322,-0.4569396566031875,-0.644465289223691,2.7134221553070423,-0.5509436695163614,-0.7099098269094629,0.04889940590840747,0.237,,17.0,73.0,66.0,15.0,3.0,1.0,2.0,9.0,7.0,6.0,18.0,6.0,1.0,0.227647,0.292592,0.660227,80.848,0.28564,26.0,5.0,-1.3446269,-4.5218644,-0.7678059,-0.6920503,-0.7895291,0.5219233,-0.3358119,-0.32299408,-2.386268,66.0,17.0,0.22453190632757136,0.6456817652146686,9.415,2.0,25.861666666666665,5.83,-1.597100377930504,-5.545336358402768,-0.9875852567608635,-0.8578535733816599,-1.0515093977348215,0.7541718865185829,-0.3046153329415986,-0.31928470742056014,-2.0494030897516655
Denzel Clarke,OF,OF,Free Agent,4918085,sa3017426,672016,1,4.0,1.0,11.0,3.0,0.19444444,0.54239766,7.0,36.0,38.0,11.0,-1.817653351089906,-6.1128088721991976,-0.9836340163927806,-0.6976618100818384,-1.0398019639320142,0.3116120849734235,-0.32252884537513554,-0.3540998222853887,-3.0861143730937335,0.199,,55.0,238.0,218.0,48.0,10.0,1.0,6.0,28.0,23.0,17.0,77.0,10.0,1.0,0.221515,0.283523,0.637289,80.4887,0.517524,78.0,9.0,-5.778121,-19.936342,0.23834123,-0.003370412,0.12857355,1.5225142,-1.4430482,-1.4240433,-0.98103297,218.0,55.0,0.2198005310749415,0.631279203552917,26.48,5.683333333333334,73.75666666666667,8.62,-6.306710750358916,-21.456172474561896,0.13733222000298292,-0.1146399365753569,-0.00113440382902939,1.5120061043900308,-1.202880433524346,-1.2353854316744761,-1.1143547899174422
Luis Torrens,C,C,Free Agent,33805,15905,620443,1,7.0,1.0,39.0,0.0,0.26041667,0.75487385,25.0,96.0,109.0,36.0,1.4862584770935863,4.096890580802135,-0.7281203754252125,-0.6976618100818384,-0.24912861451536772,-0.5890666914016834,0.2637253303874279,0.23732268698641734,-1.7629294740502566,0.439,,44.0,176.0,161.0,37.0,8.0,0.0,4.0,17.0,19.0,12.0,44.0,1.0,0.0,0.229729,0.28769,0.649241,84.871,0.673713,57.0,1.0,-2.9448745,-12.799359,-0.344165,-0.34771037,-0.24219868,-0.47866768,-0.73546326,-0.9142518,-3.0624566,161.0,44.0,0.23530392406010514,0.66843094370047,15.183333333333334,3.455,53.730000000000004,0.8183333333333334,-2.161662127589503,-9.864642168374548,-0.6073391988372701,-0.5642673720550072,-0.44033494413497637,-0.6071229122504997,-0.41229432902405455,-0.567978060296631,-2.8263758451840206
Nathan Lukes,OF,OF,Free Agent,35682,,,1,19.0,4.0,44.0,-1.0,0.27358491,0.780948,29.0,106.0,127.0,43.0,3.036910508457501,7.28750991630236,0.2939341884450601,0.02450465035411411,-0.10793694497668087,-0.8892929501933858,0.5388768101536453,0.4221473336098755,0.28223308739262826,0.352,,48.0,207.0,186.0,48.0,10.0,0.0,3.0,23.0,21.0,16.0,36.0,3.0,1.0,0.260866,0.308096,0.691755,98.8588,0.626414,67.0,2.0,2.389327,-6.8792286,-0.026434325,-0.51988035,-0.06564047,-0.22851995,0.5967188,-0.49137956,-0.73513585,186.0,48.0,0.2635581585203748,0.7106341824588712,22.153333333333336,3.211666666666667,62.13166666666667,1.365,2.75796366096638,-3.5466164935315634,-0.14787978992757117,-0.6133665534910797,-0.2560797906993674,-0.4586344872434299,0.5260270615643556,-0.20420409805336306,-0.5197927608459502
Jake Rogers,C,C,Free Agent,39900,19452,668670,1,4.0,0.0,6.0,0.0,0.125,0.40972222,4.0,32.0,36.0,10.0,-3.837913947635472,-9.679221966399286,-0.9836340163927806,-0.9383839635604891,-1.180993633470701,-0.5890666914016834,-0.6810088147103301,-0.5606932671738754,-4.93378038670986,0.267,,44.0,174.0,157.0,34.0,7.0,1.0,6.0,20.0,20.0,13.0,51.0,1.0,0.0,0.213578,0.291755,0.661502,87.2073,0.769592,61.0,1.0,-5.4074163,-10.55638,-0.18529965,-0.003370412,-0.1715754,-0.47866768,-1.3504671,-0.7540368,-2.943417,157.0,44.0,0.20826332062482833,0.6463952166495543,19.039999999999996,5.64,57.699999999999996,0.94,-6.353330975559279,-13.079167037893155,-0.3531093872119612,-0.12338362642013705,-0.35326972384463323,-0.5740751835141702,-1.2117723201067176,-0.7530612664587155,-3.0628388711609658
Tommy Pham,OF,OF,Free Agent,31208,2967,502054,1,11.0,0.0,33.0,3.0,0.20714286,0.51313364,29.0,140.0,155.0,42.0,-5.290873120905188,-27.86899730299689,-0.3874355208017883,-0.9383839635604891,-0.41855861796179195,0.3116120849734235,-0.9388254353827465,-1.6143817349082017,-3.9859731876415943,0.249,2.0,42.0,183.0,165.0,40.0,8.0,1.0,4.0,20.0,17.0,16.0,42.0,4.0,1.0,0.241393,0.300909,0.675505,87.7335,0.0743232,62.0,3.0,-1.0934784,-8.783793,-0.18529965,-0.34771037,-0.15391958,0.021627802,-0.2730892,-0.62742174,-1.5658127,165.0,42.0,0.23254504708320428,0.633559052333004,17.675,2.966666666666667,54.50833333333333,3.0,-2.6705827201468284,-15.86358852148157,-0.44308960143889614,-0.662802030690413,-0.4232654823903962,-0.014527338060699588,-0.5093608740483343,-0.9133803420321792,-2.1910208311266794
Elias Diaz,C,C,Free Agent,33594,11680,553869,1,16.0,3.0,40.0,0.0,0.21259843,0.59032295,27.0,127.0,139.0,46.0,-4.106720369678278,-15.478119469147169,0.03842054747749194,-0.21621750312453672,-0.22089028060763036,-0.5890666914016834,-0.7287064820784793,-0.8966089841714965,-2.6130693939063345,0.249,2.0,49.0,195.0,180.0,41.0,8.0,0.0,5.0,19.0,22.0,13.0,42.0,0.0,0.0,0.229691,0.2837,0.639521,82.3191,0.526434,64.0,0.0,-3.2992458,-16.059437,-0.23825477,-0.17554039,-0.11860794,-0.72881544,-0.8239652,-1.1471176,-3.2323012,180.0,49.0,0.2257312203556848,0.6281234538778763,18.305,4.536666666666667,58.44,0.0,-4.139851778386411,-18.284140654448347,-0.4015602717956953,-0.34601142169876703,-0.33704094222880093,-0.8294028411482781,-0.7895949091415968,-1.0527488545299701,-3.088845858632846
Luis Campusano,C,C,Free Agent,40521,22217,669134,1,0.0,0.0,0.0,0.0,0.0,0.31578947,0.0,13.0,19.0,7.0,-3.1841525412269105,-5.15330967384971,-1.3243188710162048,-0.9383839635604891,-1.3504236369171252,-0.5890666914016834,-0.5650037956931764,-0.2985184189204423,-5.065715377509121,0.281,,31.0,128.0,117.0,29.0,5.0,0.0,4.0,15.0,16.0,9.0,20.0,0.0,0.0,0.251153,0.310738,0.704047,100.723,0.32252,46.0,0.0,0.36654344,-2.8890893,-0.4500752,-0.34771037,-0.4364127,-0.72881544,0.091541745,-0.2063657,-2.0778377,117.0,31.0,0.24319981416066488,0.6917522016987796,14.525,3.8733333333333335,44.54333333333334,0.0,-0.6470781807684969,-4.440127930345735,-0.6507362496549006,-0.4798571354765538,-0.6418057645549481,-0.8294028411482781,-0.12341737451058099,-0.25564994718528267,-2.1724538318889195
Dylan Carlson,OF,OF,Free Agent,39226,20126,666185,1,5.0,2.0,21.0,-1.0,0.22222222,0.64750958,12.0,54.0,58.0,20.0,-1.2264799066348586,-3.493169628298795,-0.8984628027369245,-0.4569396566031875,-0.7574186248546404,-0.8892929501933858,-0.2176295870307445,-0.20235063298295314,-3.422094254401836,0.267,,12.0,53.0,47.0,11.0,2.0,0.0,1.0,6.0,5.0,5.0,13.0,1.0,0.0,0.231385,0.30075,0.67076,94.9604,0.111179,16.0,1.0,-0.781852,-2.7250657,-0.9266712,-0.86422026,-0.96608734,-0.47866768,-0.19526254,-0.19464956,-3.6255584,47.0,12.0,0.2304992579148702,0.6685124376388687,5.903333333333333,1.0966666666666667,16.483333333333334,0.8066666666666666,-0.8568635324080714,-2.875910045228202,-1.2190728164387055,-1.0401258770689976,-1.2571836187985335,-0.6102918725402848,-0.16342978426203625,-0.1655867269380602,-3.6058901778609154
Drew Waters,OF,OF,Free Agent,41076,20505,671221,1,18.0,1.0,57.0,3.0,0.28187919,0.70102167,42.0,149.0,157.0,45.0,5.504712491322334,-1.6652592310466732,0.20876297478920403,-0.6976618100818384,0.25916139582390496,0.3116120849734235,0.976769615000401,-0.09646432762760068,0.9621799328774945,0.28,8.0,62.0,266.0,240.0,57.0,13.0,3.0,6.0,32.0,27.0,22.0,78.0,7.0,2.0,0.237387,0.305889,0.690889,91.5215,0.441093,94.0,5.0,-2.5519538,-9.084263,0.45016167,-0.003370412,0.41106668,0.5219233,-0.63733387,-0.6488841,0.09356326,240.0,62.0,0.2490291241681577,0.6935403826423985,28.336666666666666,4.691666666666666,84.31833333333333,4.476666666666667,0.07169454381161566,-8.678791302445799,0.25972288990384473,-0.3147359157155155,0.2304912472960357,0.38657249290351964,0.013674317303443762,-0.499700137678149,0.3208512884046577
Jace Jung,3B,3B,Free Agent,4721040,,,1,8.0,0.0,5.0,0.0,0.11111111,0.35639413,5.0,45.0,53.0,17.0,-6.022066538862383,-16.011169940248998,-0.6429491617693563,-0.9383839635604891,-1.2092319673784384,-0.5890666914016834,-1.068570179449718,-0.9274872728653801,-5.375689236425065,0.352,,13.0,56.0,49.0,10.0,2.0,0.0,1.0,6.0,6.0,7.0,15.0,0.0,0.0,0.214347,0.298756,0.661233,92.1321,0.144595,15.0,0.0,-1.6499838,-3.3078473,-0.9266712,-0.86422026,-0.98374313,-0.72881544,-0.41207278,-0.23627739,-4.1518,49.0,13.0,0.20522783417511953,0.6343055736926724,6.176666666666667,0.9116666666666666,14.116666666666665,0.0,-2.1316255736306657,-4.674425529452597,-1.201054800403031,-1.0774547067909432,-1.3090864789212402,-0.8294028411482781,-0.4065654499811196,-0.2691401370575019,-4.259910357775693
Jarred Kelenic,OF,OF,Free Agent,41150,22558,672284,1,7.0,2.0,18.0,-1.0,0.16666667,0.53076923,10.0,60.0,65.0,23.0,-4.69608845181651,-10.885720586998664,-0.7281203754252125,-0.4569396566031875,-0.8421336265778525,-0.8892929501933858,-0.8332853925286048,-0.630582733059974,-4.380354734388217,0.297,,3.0,13.0,12.0,3.0,1.0,0.0,0.0,2.0,2.0,1.0,4.0,0.0,0.0,0.228449,0.300055,0.682906,88.5543,0.0153825,4.0,0.0,-0.23485368,-0.5500095,-1.1384916,-1.0363903,-1.1779572,-0.72881544,-0.058653265,-0.039286274,-4.179594,12.0,3.0,0.22175591595156954,0.6664244916201769,2.5416666666666665,0.21666666666666667,5.516666666666667,-0.10833333333333334,-0.3236937714084771,-0.7593302573889487,-1.4406724404872138,-1.2176900400706845,-1.497691238240372,-0.8588289009819963,-0.061738189603637604,-0.04372007816958469,-4.201343115151374
Ramon Laureano,OF,OF,Free Agent,35142,17128,657656,1,13.0,6.0,50.0,2.0,0.26595745,0.85230324,25.0,94.0,103.0,34.0,1.9761280788208002,13.169901353702096,-0.2170930934900762,0.5059489573114158,0.06149305846974337,0.011385826181721214,0.3506489877144518,0.7628996466863615,1.4752833828736174,0.354,,25.0,107.0,97.0,22.0,4.0,0.0,4.0,13.0,12.0,7.0,30.0,3.0,1.0,0.231442,0.310744,0.704989,101.991,0.34278,38.0,2.0,-1.6080794,-2.3038547,-0.55598545,-0.34771037,-0.57765925,-0.22851995,-0.40160745,-0.16456266,-2.276045,97.0,25.0,0.23736715592963475,0.7302779578331037,13.0,4.343333333333334,40.06,2.0,-1.1022343743461978,0.055866642093227115,-0.7512635952197917,-0.3850217302370164,-0.7401287883085265,-0.2861525057565591,-0.21022942299732628,0.0032166424762091247,-1.6320670305197258
Tyrone Taylor,OF,OF,Free Agent,32783,13675,621438,1,18.0,1.0,55.0,4.0,0.2392638,0.63685834,39.0,163.0,179.0,53.0,-0.9243747707681846,-12.280349331346372,0.20876297478920403,-0.6976618100818384,0.20268472800843024,0.6118383437651259,-0.16402331463862369,-0.7113701093467696,-0.5497691875044715,0.328,46.0,59.0,253.0,234.0,54.0,12.0,2.0,7.0,31.0,28.0,13.0,58.0,6.0,1.0,0.231961,0.296649,0.676933,90.969,0.718387,91.0,5.0,-3.75784,-12.122863,0.39720654,0.16879956,0.35809922,0.5219233,-0.9384961,-0.86592996,-0.35839736,234.0,59.0,0.23413966655144722,0.6649773864699481,27.121666666666666,5.210000000000001,80.26,4.701666666666666,-3.414230902093928,-15.145562624238046,0.17963061130624303,-0.21014793334141563,0.14148880757857749,0.4476881556350879,-0.6511970677312634,-0.8720384515309119,-0.41548995844467046
Jerar Encarnacion,OF,OF,Free Agent,42623,21871,666464,1,0.0,0.0,0.0,0.0,0.0,0.0,0.0,6.0,6.0,2.0,-1.469608865181651,-4.273187438699866,-1.3243188710162048,-0.9383839635604891,-1.3504236369171252,-0.5890666914016834,-0.26077098262762,-0.24753512571241218,-4.710499271235535,0.133,,42.0,183.0,167.0,40.0,7.0,0.0,7.0,21.0,23.0,14.0,59.0,2.0,0.0,0.239225,0.311416,0.709298,99.4655,0.187525,68.0,2.0,-1.4687887,-3.2468276,-0.13234454,0.16879956,-0.047984656,-0.22851995,-0.3668205,-0.23191878,-0.83878887,167.0,42.0,0.23683275014162064,0.7022050344944,20.79,6.93,67.32,1.98,-1.9869070090294398,-4.591995422000952,-0.23775013820306964,0.1369092943436994,-0.14229556283881392,-0.2915850091104763,-0.3789632439156778,-0.26439404574052283,-0.8775059710391528
Zac Veen,OF,OF,Free Agent,4717903,27770,691728,1,1.0,1.0,8.0,0.0,0.11764706,0.42448331,4.0,34.0,37.0,10.0,-4.327783529362689,-9.782296279299242,-1.2391476573603486,-0.6976618100818384,-1.1245169656552263,-0.5890666914016834,-0.7679324684885059,-0.5666641058902725,-4.984989698877875,0.203,,29.0,127.0,115.0,26.0,5.0,1.0,3.0,14.0,12.0,10.0,34.0,6.0,1.0,0.223494,0.288566,0.651029,68.7534,-0.13738,42.0,5.0,-2.820507,-8.936777,-0.5030303,-0.51988035,-0.507036,0.5219233,-0.70440334,-0.6383493,-2.350776,115.0,29.0,0.2169667657299085,0.6370586737662358,13.198333333333334,2.8766666666666665,39.903333333333336,4.691666666666666,-3.652817584822259,-10.653984019847318,-0.7381895469987839,-0.6809620019064947,-0.7435646114434098,0.44497190395812936,-0.6967027621754011,-0.6134261207592568,-2.513219137850048
Endy Rodriguez,C,"C,1B",Free Agent,4712767,25332,682848,1,4.0,0.0,11.0,-1.0,0.16326531,0.46523054,8.0,49.0,54.0,15.0,-4.001805542316816,-12.101400956048908,-0.9836340163927806,-0.9383839635604891,-1.0398019639320142,-0.8892929501933858,-0.7100901391375473,-0.7010040748091488,-5.2622071080253665,0.254,,40.0,166.0,150.0,37.0,9.0,1.0,3.0,19.0,18.0,14.0,34.0,1.0,0.0,0.24623,0.308257,0.69541,92.7352,0.403195,57.0,1.0,-0.2685204,-4.9995127,-0.23825477,-0.51988035,-0.24219868,-0.47866768,-0.06706131,-0.3571123,-1.9031751,150.0,40.0,0.23876318355834047,0.6746938606109558,17.65,2.73,52.86000000000001,0.8200000000000001,-1.4950820015903241,-8.251222868745023,-0.4447375907104519,-0.7105560290734424,-0.4594147279265629,-0.6066702036376733,-0.2851573438856487,-0.4750819624344493,-2.2054879949049306
Tim Tawa,2B,"2B,OF",Free Agent,4345192,,,1,14.0,6.0,45.0,6.0,0.22330097,0.72749149,23.0,103.0,117.0,37.0,-2.2282856089516763,1.5752391056522974,-0.13192187983422013,0.5059489573114158,-0.07969861106894349,1.2122908613485306,-0.39539243508135047,0.09124968554231949,1.2024765782177518,0.352,,14.0,62.0,56.0,13.0,3.0,0.0,2.0,7.0,7.0,5.0,15.0,1.0,0.0,0.235358,0.300274,0.67664,88.2589,0.186928,22.0,1.0,-0.70908,-2.9176068,-0.8737161,-0.6920503,-0.8601524,-0.47866768,-0.1770882,-0.2084027,-3.2900774,56.0,14.0,0.23300687899031677,0.6865560197144096,8.365,2.78,26.485,1.9749999999999999,-0.8805170030697149,-2.4161756278713966,-1.056800806166198,-0.7004671561756194,-1.037839207815179,-0.29294313494895563,-0.16794121631752,-0.1391165257726239,-2.4140294127999824
Jorge Mateo,2B,2B,Free Agent,33832,17273,622761,1,7.0,1.0,17.0,13.0,0.2,0.5633282,11.0,55.0,59.0,25.0,-2.4714145974984665,-8.187833854748778,-0.7281203754252125,-0.6976618100818384,-0.87037196048559,3.313874672890447,-0.43853383600149876,-0.47430086127095805,0.10488582962534965,0.247,,16.0,71.0,66.0,15.0,3.0,1.0,2.0,9.0,7.0,4.0,18.0,5.0,1.0,0.226746,0.277316,0.631644,78.4757,0.274225,26.0,4.0,-1.4040939,-6.4083414,-0.7678059,-0.6920503,-0.7895291,0.27177554,-0.3506634,-0.4577443,-2.7860177,66.0,16.0,0.2241159702638785,0.6249262891736805,8.803333333333333,1.9016666666666666,25.115,4.885,-1.6245521581342328,-6.915197777107979,-1.0279060609382569,-0.8776950234140455,-1.0678843845904362,0.49748610304599555,-0.3098512174746886,-0.3981574347016127,-2.5017454802077155
Nick Allen,SS,SS,Free Agent,40338,22277,669397,1,12.0,0.0,38.0,2.0,0.23611111,0.57253086,34.0,144.0,165.0,48.0,-1.2706129243596211,-20.112054688796796,-0.3022643071459322,-0.9383839635604891,-0.2773669484231051,0.011385826181721214,-0.2254606573727065,-1.1650413320603,-2.897131382380812,0.253,2.0,92.0,396.0,358.0,88.0,17.0,1.0,4.0,42.0,32.0,27.0,68.0,9.0,3.0,0.244148,0.283243,0.632623,77.1101,0.814431,119.0,6.0,-1.3862265,-34.409916,0.9797128,-0.34771037,0.8524622,0.772071,-0.34620115,-2.4578843,-0.54754996,358.0,92.0,0.24193785602922346,0.6160976737048378,33.75,2.9,96.725,4.8999999999999995,-2.4317296325527966,-40.6703534924617,0.6165675001713488,-0.6762538612208439,0.502579198530845,0.5015604805614333,-0.4638043681411327,-2.341683367115282,-1.1936848533278648
Mickey Moniak,OF,OF,Free Agent,36181,19956,666160,1,18.0,5.0,60.0,0.0,0.21153846,0.64652015,33.0,156.0,168.0,54.0,-5.209830734722923,-10.24573000619653,0.20876297478920403,0.2652268038327649,0.3438763975471171,-0.5890666914016834,-0.9244450766492518,-0.593509669650938,-1.2891552615327873,0.313,30.0,45.0,196.0,182.0,45.0,9.0,2.0,7.0,23.0,23.0,11.0,52.0,3.0,1.0,0.246279,0.315388,0.727742,87.0107,0.156653,79.0,2.0,-0.31688768,-0.18165052,-0.026434325,0.16879956,0.14622937,-0.22851995,-0.07914072,-0.01297456,-0.032040626,182.0,45.0,0.23655164968989256,0.7049998937471313,21.6,6.44,73.67999999999999,1.44,-2.21653199265378,-4.495785716626682,-0.18435528580466834,0.03803833994503297,-0.0028157640865258656,-0.4382625996662405,-0.4227596713694576,-0.25885456433739834,-0.38403272381282916
Chris Taylor,2B,"2B,3B,OF",Free Agent,32900,13757,621035,1,5.0,0.0,10.0,-1.0,0.15384615,0.36211901,8.0,52.0,53.0,24.0,-4.7366103649076425,-18.20410261539884,-0.8984628027369245,-0.9383839635604891,-1.0680402978397516,-0.8892929501933858,-0.8404756996539088,-1.0545184113794517,-5.6891741253639125,0.179,,28.0,119.0,105.0,23.0,5.0,1.0,3.0,14.0,13.0,12.0,37.0,3.0,1.0,0.222575,0.298819,0.668076,89.2305,0.307458,39.0,2.0,-2.6717405,-6.3697324,-0.5030303,-0.51988035,-0.56000346,-0.22851995,-0.66724986,-0.45498645,-2.9336705,105.0,28.0,0.21650394608416906,0.6410497798491753,13.204999999999998,2.735,36.43833333333333,1.7349999999999999,-3.383777335901225,-9.308484488108467,-0.7377500831930359,-0.7095471417836602,-0.819554784820246,-0.35813317519596194,-0.6453886518463021,-0.5359560816921448,-3.1770733391871646
Reese McGuire,C,C,Free Agent,33250,15674,624512,1,2.0,2.0,8.0,0.0,0.14285714,0.71428571,2.0,14.0,15.0,4.0,-1.429087392090519,0.029229249700311488,-1.1539764437044926,-0.4569396566031875,-1.1245169656552263,-0.5890666914016834,-0.25358075357698956,0.001693177774867237,-3.5763873331667124,0.231,,13.0,52.0,47.0,10.0,1.0,0.0,1.0,5.0,5.0,4.0,13.0,1.0,0.0,0.222104,0.263203,0.580688,67.2292,0.789432,14.0,1.0,-1.2180588,-6.9584484,-0.9796263,-0.86422026,-1.0013989,-0.47866768,-0.30420235,-0.4970382,-4.1251535,47.0,13.0,0.22012282661336993,0.5840279424822081,4.925,1.025,13.85,0.975,-1.3445558035785838,-6.846681317591249,-1.2835641299322476,-1.0545865948892108,-1.3149346885125313,-0.5645683026448151,-0.2564474465257881,-0.39421245168951047,-4.111434386354986
Jose Iglesias,2B,"2B,3B",Free Agent,30382,10231,578428,1,7.0,0.0,33.0,1.0,0.24778761,0.59848701,28.0,113.0,126.0,39.0,0.3223663024122393,-12.849331298847478,-0.7281203754252125,-0.9383839635604891,-0.41855861796179195,-0.2888404326099811,0.0572014632176848,-0.7443298203058409,-3.061031746645631,0.263,4.0,37.0,160.0,150.0,40.0,8.0,0.0,2.0,17.0,15.0,6.0,25.0,2.0,1.0,0.265309,0.292234,0.657854,88.1278,0.256926,54.0,1.0,2.5933294,-10.632912,-0.344165,-0.6920503,-0.29516613,-0.47866768,0.64766705,-0.7595034,-1.9218855,150.0,37.0,0.2616295128208214,0.645386948370485,14.9,1.58,49.59,1.0,1.9348673877818177,-12.647259704815639,-0.6260164105815668,-0.9426001057233742,-0.5311283980397677,-0.5577776734524187,0.36903771464303475,-0.728193269720251,-2.161106204225392
Brooks Baldwin,2B,"2B,SS,OF",Free Agent,4424742,,,1,8.0,3.0,43.0,2.0,0.21538462,0.58791209,28.0,130.0,142.0,44.0,-3.841524812269104,-16.157156138497104,-0.6429491617693563,-0.21621750312453672,-0.13617527888441824,0.011385826181721214,-0.681649535340803,-0.935943890426396,-2.601549543363789,0.352,,17.0,74.0,68.0,16.0,3.0,0.0,2.0,7.0,7.0,5.0,17.0,2.0,0.0,0.237036,0.287277,0.650446,82.3645,0.0928351,25.0,2.0,-0.74692136,-5.3239985,-0.8737161,-0.6920503,-0.80718493,-0.22851995,-0.18653883,-0.38029015,-3.1683002,68.0,17.0,0.23191184362571882,0.6356463062224472,7.236666666666666,2.2366666666666664,29.259999999999998,2.0,-1.1436616228058862,-6.395788065582995,-1.131180055289074,-0.8100995749986306,-0.9769812767558081,-0.2861525057565591,-0.21813085189733963,-0.3682512996978527,-3.0341691744891426
Ben Williamson,3B,3B,Free Agent,4626239,,,1,20.0,1.0,44.0,0.0,0.24657534,0.57768565,36.0,146.0,152.0,41.0,0.2395172539131606,-19.638789441696737,0.3791054021009161,-0.6976618100818384,-0.10793694497668087,-0.5890666914016834,0.04250052591475309,-1.1376262527742218,-2.1106857712187557,0.352,,37.0,160.0,143.0,35.0,7.0,1.0,5.0,18.0,18.0,14.0,35.0,3.0,1.0,0.243995,0.313491,0.710081,107.658,0.75482,59.0,2.0,-0.5755959,-2.6682534,-0.29120988,-0.17554039,-0.20688704,-0.22851995,-0.14375143,-0.1905915,-1.2365,143.0,37.0,0.2446486831105672,0.6765408306700846,18.506666666666664,3.9866666666666664,55.199999999999996,1.4933333333333332,-0.583685072214354,-7.602049083081501,-0.3882664916718137,-0.45698902357482146,-0.40809668876298544,-0.4237759240557947,-0.11132639191783662,-0.4377043808371491,-1.4579604138894156
Paul DeJong,3B,"3B,SS",Free Agent,35185,18015,657557,1,3.0,0.0,15.0,2.0,0.2037037,0.52339181,11.0,54.0,57.0,16.0,-2.2264799866348595,-10.195529208298796,-1.0688052300486366,-0.9383839635604891,-0.9268486283010646,0.011385826181721214,-0.3950720410520504,-0.5906016622216501,-3.9083256990021695,0.22,,34.0,145.0,134.0,27.0,5.0,0.0,5.0,15.0,17.0,9.0,47.0,1.0,1.0,0.203301,0.27461,0.6212,72.7994,0.105471,47.0,0.0,-5.9923654,-14.41037,-0.4500752,-0.17554039,-0.41875687,-0.72881544,-1.4965544,-1.0293256,-4.299068,134.0,34.0,0.20333925434144878,0.6119082446488793,13.860000000000001,4.525,43.96,0.19,-6.082413103150843,-15.784364968330477,-0.6945727642782793,-0.34836549204159245,-0.654598723035897,-0.7777940592860648,-1.1601000902056386,-0.9088188749986539,-4.261947457957178
Henry Davis,C,C,Free Agent,4418683,29617,680779,1,7.0,2.0,19.0,0.0,0.19047619,0.57301587,12.0,63.0,73.0,22.0,-3.430893114407336,-8.768468296348598,-0.7281203754252125,-0.4569396566031875,-0.8138952926701152,-0.5890666914016834,-0.6087860450023547,-0.5079355710879694,-3.7047436321905227,0.341,,40.0,160.0,141.0,31.0,6.0,0.0,4.0,17.0,17.0,14.0,43.0,2.0,1.0,0.22004,0.293728,0.657206,82.8454,0.280956,49.0,1.0,-3.945201,-10.086308,-0.344165,-0.34771037,-0.38344523,-0.47866768,-0.9852883,-0.7204597,-3.2597363,141.0,40.0,0.21644306409573097,0.6469628665483502,15.783333333333333,3.7566666666666664,45.35,0.8783333333333333,-4.552513925722845,-11.66621965944771,-0.5677874563199359,-0.5033978389048078,-0.6241149305412931,-0.5908254021887482,-0.8683020581350541,-0.671707772068063,-3.313878858323654
Victor Caratini,C,C,Free Agent,33229,14968,605170,1,12.0,3.0,45.0,0.0,0.27192982,0.73848684,31.0,114.0,128.0,37.0,3.0774310415486306,2.996938424702538,-0.3022643071459322,-0.21621750312453672,-0.07969861106894349,-0.5890666914016834,0.5460668724083818,0.17360519292755747,-0.46757504740515643,0.331,49.0,42.0,169.0,150.0,37.0,6.0,0.0,5.0,19.0,18.0,15.0,34.0,0.0,0.0,0.243752,0.310048,0.696631,100.429,0.63802,58.0,0.0,-0.64022094,-4.8163624,-0.23825477,-0.17554039,-0.22454286,-0.72881544,-0.1598911,-0.34402993,-1.8710744,150.0,42.0,0.249763270403304,0.7055602571530334,17.506666666666664,4.573333333333333,55.22666666666667,0.0,0.15493102515420631,-3.6212633874333875,-0.4541860625340373,-0.33861291490703016,-0.4075118678038563,-0.8294028411482781,0.029550031082883947,-0.20850205405438774,-1.5716612347479062
Miguel Rojas,SS,"SS,2B",Free Agent,30791,7802,500743,1,6.0,1.0,25.0,0.0,0.2183908,0.53180077,19.0,87.0,91.0,34.0,-2.3093289451339394,-15.694550871148058,-0.8132915890810685,-0.6976618100818384,-0.644465289223691,-0.5890666914016834,-0.40977296238516275,-0.9091463172679132,-4.063404659441358,0.247,,21.0,92.0,84.0,21.0,4.0,0.0,1.0,10.0,9.0,5.0,11.0,2.0,1.0,0.254904,0.290399,0.651931,84.8891,0.227167,28.0,1.0,0.5782442,-6.4519653,-0.7148508,-0.86422026,-0.75421745,-0.47866768,0.14441264,-0.46086034,-3.1284037,84.0,21.0,0.24936616632194966,0.633711238129966,9.393333333333334,1.0,27.545,0.8483333333333334,0.05340463125259021,-8.063225094900359,-0.9890135141295449,-1.0596310313381223,-1.0145925746897977,-0.5989741572196239,0.01018587795383971,-0.4642575849146338,-3.27021214799918
Jon Berti,3B,3B,Free Agent,32273,12037,542932,1,12.0,0.0,19.0,7.0,0.22368421,0.5304878,17.0,76.0,82.0,30.0,-1.6150456656342458,-13.80996809019831,-0.3022643071459322,-0.9383839635604891,-0.8138952926701152,1.512517120140233,-0.28657764334040253,-0.7999771216054409,-1.6285812081821471,0.291,,27.0,115.0,103.0,26.0,4.0,1.0,2.0,14.0,9.0,9.0,24.0,7.0,1.0,0.251522,0.299317,0.666565,91.8112,0.480183,38.0,6.0,0.36069182,-6.4040346,-0.5030303,-0.6920503,-0.57765925,0.772071,0.09008034,-0.45743665,-1.3680251,103.0,27.0,0.2477175060084132,0.6479677835394058,13.726666666666667,1.7266666666666666,35.40333333333333,6.136666666666667,-0.10432776206786612,-8.418625641574572,-0.7033620403932425,-0.9130060785564263,-0.8422531482964439,0.8374702712786465,-0.01989845874217024,-0.48472053832773704,-1.4036344041092648
Edouard Julien,2B,2B,Free Agent,3985190,27534,666397,1,8.0,2.0,29.0,-2.0,0.1978022,0.60714286,18.0,91.0,104.0,29.0,-4.289067588588372,-9.560009226947976,-0.6429491617693563,-0.4569396566031875,-0.5315119535927414,-1.1895192089850881,-0.7610626174973557,-0.5537875695254756,-4.135770167973205,0.337,,15.0,66.0,57.0,13.0,3.0,0.0,2.0,8.0,6.0,8.0,21.0,1.0,0.0,0.229762,0.313268,0.695994,101.829,0.234868,22.0,1.0,-1.0407139,-1.8665264,-0.82076097,-0.6920503,-0.8601524,-0.47866768,-0.2599116,-0.13332449,-3.2448673,57.0,15.0,0.22422230366927592,0.6805931518602457,8.0,2.0,23.213333333333335,0.48,-1.3969613142810025,-2.7992050889135847,-1.08086144953091,-0.8578535733816599,-1.1095894292383293,-0.6990227606542656,-0.2664427619807109,-0.1611702735524132,-3.3992904843074125
Max Muncy,2B,"2B,SS",Free Agent,4872686,,,1,4.0,1.0,19.0,0.0,0.17647059,0.49067937,12.0,68.0,71.0,21.0,-4.655567018725376,-15.063260478598485,-0.9836340163927806,-0.6976618100818384,-0.8138952926701152,-0.5890666914016834,-0.8260951705756716,-0.8725772341367641,-4.782930215258853,0.352,,77.0,332.0,277.0,58.0,12.0,1.0,14.0,43.0,44.0,48.0,89.0,1.0,0.0,0.21015,0.329478,0.745018,111.489,1.42189,114.0,1.0,-10.490028,4.5089808,1.0326679,1.3739893,0.7641831,-0.47866768,-2.6198163,0.3220751,0.39443132,277.0,77.0,0.2061646061769623,0.714921266852181,38.385000000000005,12.461666666666668,102.75833333333334,0.8816666666666667,-11.790724030911884,-4.0942667021297545,0.9221047111177556,1.2530749326061972,0.634894940533802,-0.5899199849630953,-2.2488475839901274,-0.23573624061783077,-0.21822312585880588
Jose Siri,OF,OF,Free Agent,33954,17452,642350,1,5.0,0.0,2.0,2.0,0.05,0.30833333,1.0,20.0,24.0,9.0,-3.8986962172721693,-8.077291528999554,-0.8984628027369245,-0.9383839635604891,-1.2939469691016505,0.011385826181721214,-0.6917941689328222,-0.46789741913475213,-4.279099497284918,0.246,,34.0,148.0,135.0,28.0,6.0,1.0,6.0,19.0,18.0,10.0,53.0,5.0,1.0,0.208006,0.290792,0.662911,86.982,0.535963,54.0,4.0,-5.40191,-8.886929,-0.23825477,-0.003370412,-0.29516613,0.27177554,-1.3490919,-0.63478863,-2.2488961,135.0,34.0,0.20168575477600098,0.6487278911528808,18.439999999999998,5.76,51.919999999999995,3.92,-6.351026687047123,-10.931506458710652,-0.3926611297292953,-0.09917033146536154,-0.4800296667358636,0.23536781621949115,-1.211332822613621,-0.6294050740577078,-2.330104256991006
Oswald Peraza,SS,"SS,3B",Free Agent,42479,22823,672724,1,13.0,3.0,28.0,0.0,0.15909091,0.56307978,14.0,88.0,98.0,34.0,-7.554263275997547,-13.122395127598036,-0.2170930934900762,-0.21621750312453672,-0.5597502875004788,-0.5890666914016834,-1.340446906780281,-0.7601477291027103,-3.682722211399766,0.322,,35.0,151.0,137.0,31.0,5.0,0.0,4.0,18.0,16.0,11.0,37.0,5.0,2.0,0.223356,0.288699,0.647481,83.8673,0.301974,48.0,3.0,-3.3789883,-11.132493,-0.29120988,-0.34771037,-0.40110105,0.021627802,-0.84388036,-0.7951883,-2.6574621,137.0,35.0,0.21285936330251326,0.6336954877019588,17.183333333333334,3.836666666666667,44.73333333333333,2.51,-4.914331603167491,-13.152893975319708,-0.4755000571128228,-0.4872556422682907,-0.6376389152211535,-0.1476236702316708,-0.9373116293567275,-0.7573062539804519,-2.824921268308943
Donovan Solano,1B,"1B,3B,DH",Free Agent,29703,8623,456781,1,2.0,0.0,15.0,0.0,0.17333333,0.4125,13.0,75.0,80.0,33.0,-5.3701110647706365,-22.47734298374833,-1.1539764437044926,-0.9383839635604891,-0.9268486283010646,-0.5890666914016834,-0.9528856094690203,-1.3020566031748906,-5.8632179396116415,0.243,,28.0,120.0,109.0,27.0,5.0,0.0,2.0,11.0,11.0,8.0,26.0,0.0,0.0,0.244749,0.291213,0.649247,91.9865,0.0211464,38.0,0.0,-0.3565551,-8.664748,-0.66189563,-0.6920503,-0.57765925,-0.72881544,-0.0890474,-0.61891836,-3.3683865,109.0,28.0,0.2352269060803197,0.6176807252566019,9.8,1.7333333333333334,34.93333333333334,0.0,-1.4718804995932324,-12.210320371579295,-0.9622062219789073,-0.9116608955033833,-0.852560617701094,-0.8294028411482781,-0.28073211592048647,-0.7030355447138127,-3.701030698044614
J.C. Escarra,C,"C,1B",Free Agent,41644,,,1,3.0,1.0,19.0,1.0,0.23076923,0.70409429,12.0,52.0,62.0,22.0,-0.7366102049076421,-0.4213880553988405,-1.0688052300486366,-0.6976618100818384,-0.8138952926701152,-0.2888404326099811,-0.13070591195947615,-0.024409962531059717,-3.0243186399011073,0.352,,27.0,107.0,95.0,20.0,5.0,0.0,2.0,11.0,10.0,9.0,19.0,1.0,0.0,0.214602,0.280492,0.625917,78.0941,0.224477,31.0,1.0,-3.174724,-9.768192,-0.66189563,-0.6920503,-0.70125,-0.47866768,-0.7928667,-0.6977369,-4.0244675,95.0,27.0,0.21627260799284262,0.6339953356223496,10.173333333333334,1.8966666666666667,29.76,1.0,-3.0834899463961682,-9.09213435745611,-0.9375962488570104,-0.8787039107038277,-0.9660158837721375,-0.5577776734524187,-0.5881147670008333,-0.5234992560460203,-3.921118755997789
Brayan Rocchio,SS,SS,Free Agent,41217,23690,677587,1,8.0,0.0,18.0,0.0,0.16483516,0.43309632,15.0,91.0,102.0,32.0,-7.289068228588372,-25.398244366947974,-0.6429491617693563,-0.9383839635604891,-0.8421336265778525,-0.5890666914016834,-1.2933900505382487,-1.471257159306795,-5.777180653154425,0.278,,39.0,169.0,150.0,35.0,8.0,0.0,3.0,19.0,16.0,14.0,33.0,4.0,2.0,0.236065,0.295306,0.658356,89.7576,0.557297,52.0,2.0,-1.7932713,-10.557612,-0.23825477,-0.51988035,-0.33047777,-0.22851995,-0.44785792,-0.7541248,-2.5191157,150.0,39.0,0.2239559274453804,0.6200618634584946,17.13,2.4899999999999998,46.22,1.66,-3.7161704185343356,-16.44602244161421,-0.47901576755880815,-0.7589826189829935,-0.6050351467497066,-0.3785050627731514,-0.7087860631379894,-0.9469152318499221,-3.0729867307620515
Alexander Canario,OF,OF,Free Agent,41239,22842,672744,1,13.0,3.0,41.0,2.0,0.23076923,0.63614164,27.0,117.0,126.0,35.0,-1.6573729610421946,-8.898583174647397,-0.2170930934900762,-0.21621750312453672,-0.19265194669989297,0.011385826181721214,-0.294088301908821,-0.5154728025384456,-1.4241378215800513,0.327,,46.0,201.0,183.0,39.0,8.0,0.0,8.0,23.0,24.0,16.0,64.0,3.0,1.0,0.215848,0.294903,0.668858,83.6451,0.0709327,71.0,2.0,-5.887502,-10.9584255,-0.026434325,0.34096953,0.0049828067,-0.22851995,-1.4703654,-0.7827547,-2.162122,183.0,46.0,0.21898145739742356,0.6619875578393692,20.900000000000002,6.95,64.7,2.0,-5.444055929387991,-12.391745307069272,-0.23049898540822483,0.14094484350282874,-0.19975422207324683,-0.2861525057565591,-1.0383460754245522,-0.7134814768814686,-2.0071453313677177
Tyler Heineman,C,C,Free Agent,33142,13897,623168,1,10.0,1.0,26.0,2.0,0.39583333,0.95343137,19.0,48.0,51.0,17.0,7.243128918546791,11.57920625040107,-0.4726067344576443,-0.6976618100818384,-0.6162269553159536,0.011385826181721214,1.285238467280551,0.6707546336219358,0.1808834272287717,0.272,,27.0,105.0,92.0,20.0,4.0,0.0,2.0,10.0,9.0,9.0,24.0,2.0,0.0,0.219583,0.28031,0.616875,79.3126,0.377308,30.0,2.0,-2.6162167,-10.29159,-0.7148508,-0.6920503,-0.7189058,-0.22851995,-0.65338314,-0.7351229,-3.742833,92.0,27.0,0.23456428236244853,0.64548228490541,10.0,1.915,29.660000000000004,2.0,-1.3032825376641246,-7.748214991073826,-0.9490223078064626,-0.8750046573079592,-0.9682089623688717,-0.2861525057565591,-0.24857538675305715,-0.44612019840923806,-3.409317011356224
Rob Refsnyder,OF,OF,Free Agent,33411,13770,608701,1,10.0,4.0,33.0,2.0,0.31034483,0.96026987,18.0,58.0,69.0,23.0,3.793781109910708,14.38817388590129,-0.4726067344576443,0.02450465035411411,-0.41855861796179195,0.011385826181721214,0.6731777763080067,0.8334711460029605,0.6513740464273663,0.368,,26.0,111.0,98.0,26.0,5.0,0.0,3.0,14.0,13.0,11.0,27.0,2.0,1.0,0.264036,0.339468,0.768975,113.824,0.348062,40.0,1.0,1.5695541,3.9430225,-0.5030303,-0.51988035,-0.5423476,-0.47866768,0.39198583,0.28164896,-1.3702911,98.0,26.0,0.2693615152508156,0.790973927267636,13.540000000000001,3.115,39.195,1.115,2.0218495981568827,6.004647591441247,-0.7156670269541908,-0.6328717077602044,-0.7590989181702763,-0.5265407791673948,0.385627852207043,0.3457305428356562,-1.1377996204211602
Enmanuel Valdez,2B,"2B,1B",Free Agent,41557,21716,665839,1,7.0,2.0,33.0,0.0,0.20879121,0.65675501,19.0,91.0,102.0,31.0,-3.2890676785883723,-5.045303576947969,-0.7281203754252125,-0.4569396566031875,-0.41855861796179195,-0.5890666914016834,-0.5836201936412647,-0.2922618942166222,-3.068567429249762,0.339,,,,,,,,,,,,,,,,,,,,,,,,,,,,,,,,,0.035494505700000005,0.11164835170000001,1.1900000000000002,0.34,5.61,0.0,-0.0,-0.0,-1.5297737271026528,-1.1928041535893874,-1.4956443648834201,-0.8294028411482781,1.9476213283723963e-16,-0.0,-0.5216564629724595
Liam Hicks,C,C,Free Agent,4725251,,,1,13.0,4.0,48.0,0.0,0.28282828,0.84199134,28.0,99.0,114.0,38.0,3.751453444502758,12.849549921452205,-0.2170930934900762,0.02450465035411411,0.005016390654268628,-0.5890666914016834,0.6656670520858852,0.7443424845698653,0.6333707927723736,0.352,,54.0,219.0,192.0,46.0,9.0,0.0,3.0,21.0,20.0,21.0,34.0,1.0,0.0,0.238243,0.297227,0.652989,85.192,0.251805,64.0,1.0,-1.8772116,-14.544216,-0.13234454,-0.51988035,-0.11860794,-0.47866768,-0.46882147,-1.0388861,-2.757208,192.0,54.0,0.24671420216256448,0.6888994205265518,19.48,3.1900000000000004,60.96000000000001,0.81,-0.3871093900246052,-7.834097768199193,-0.32410477603258253,-0.6177383984134697,-0.28177536159110167,-0.609386455314632,-0.07383346554583006,-0.45106508463338696,-2.112998117583851
Zach Dezenzo,1B,"1B,OF",Free Agent,5137883,31562,701305,1,18.0,2.0,36.0,1.0,0.24489796,0.68844786,24.0,98.0,109.0,33.0,-0.0036113846336325306,-2.327504552097814,0.20876297478920403,-0.4569396566031875,-0.33384361623857983,-0.2888404326099811,-0.0006408129005417998,-0.13482655281675068,-1.006328096379837,0.329,,32.0,137.0,125.0,31.0,6.0,0.0,4.0,16.0,15.0,10.0,40.0,2.0,1.0,0.245077,0.305363,0.691594,97.1328,0.169718,49.0,1.0,-0.36789292,-4.6432614,-0.3971201,-0.34771037,-0.38344523,-0.47866768,-0.09187895,-0.33166543,-2.0304878,125.0,32.0,0.24504447363752627,0.6910224550230698,16.363333333333333,3.6366666666666667,46.638333333333335,1.0,-0.46074040809371275,-4.834944755773271,-0.5295541052198462,-0.5276111338595832,-0.595860767953369,-0.5577776734524187,-0.08787712704255664,-0.27838237790615855,-1.8444321007074749
Javier Sanoja,SS,"SS,OF,2B",Free Agent,5073992,28253,691594,1,15.0,1.0,41.0,0.0,0.23622047,0.60854893,30.0,127.0,142.0,44.0,-1.10672128967828,-13.16342000914717,-0.0467506661783641,-0.6976618100818384,-0.19265194669989297,-0.5890666914016834,-0.19637932584779255,-0.7625241985081085,-2.48503463871768,0.292,15.0,38.0,165.0,153.0,41.0,8.0,1.0,2.0,18.0,16.0,10.0,19.0,4.0,2.0,0.266411,0.301011,0.682112,87.7674,0.442112,57.0,2.0,2.8138022,-7.134102,-0.29120988,-0.6920503,-0.24219868,-0.22851995,0.70272875,-0.509585,-1.260835,153.0,38.0,0.2592659128239985,0.6647020570452413,17.29,1.7633333333333332,53.21333333333333,1.5266666666666666,1.611933936023551,-9.94499327167424,-0.46846863622085233,-0.9056075717646894,-0.4516658502181027,-0.41472175179926596,0.3074445409861661,-0.5726044484631643,-1.550562287169425
Seth Brown,1B,"1B,OF",Free Agent,35676,18171,664913,1,6.0,1.0,16.0,1.0,0.21153846,0.63556116,11.0,52.0,61.0,30.0,-1.736610244907641,-3.9851108153988433,-0.8132915890810685,-0.6976618100818384,-0.8986102943933273,-0.2888404326099811,-0.30814835888308406,-0.2308475630471709,-3.2374000480964704,0.325,,,,,,,,,,,,,,,,,,,,,,,,,,,,,,,,,0.0215064101,0.06461538459999999,0.61,0.10166666666666667,1.6266666666666667,0.10166666666666667,-0.0,-0.0,-1.5680070782027424,-1.2408944477356776,-1.583001995653328,-0.8017876157658658,1.9476213283723963e-16,-0.0,-0.3291356715564745
Connor Joe,1B,"1B,OF",Free Agent,35440,16572,656582,1,1.0,0.0,11.0,-1.0,0.2195122,0.53495935,9.0,41.0,45.0,19.0,-1.0423270454079485,-7.266780814449088,-1.2391476573603486,-0.9383839635604891,-1.0398019639320142,-0.8892929501933858,-0.18495305403371926,-0.42094654826947836,-4.7125261373494345,0.292,,9.0,39.0,34.0,8.0,2.0,0.0,1.0,4.0,4.0,4.0,9.0,0.0,0.0,0.226129,0.306511,0.678256,87.6369,0.0206985,13.0,0.0,-0.744299,-1.7164601,-1.0325814,-0.86422026,-1.0190548,-0.72881544,-0.18588391,-0.12260532,-3.9531612,34.0,9.0,0.22563273576215745,0.6675087283529472,3.7750000000000004,0.925,12.85,-0.075,-0.7853204787640297,-2.1145716803544996,-1.3593716364238049,-1.074764340684857,-1.336865474479872,-0.8497747287254677,-0.1497843607140952,-0.12175102764663553,-4.010113606953429
Randal Grichuk,OF,"OF,DH",Free Agent,31399,10243,545341,1,13.0,3.0,40.0,0.0,0.26829268,0.81364757,22.0,82.0,89.0,39.0,1.915345269184104,8.318872411101827,-0.2170930934900762,-0.21621750312453672,-0.22089028060763036,-0.5890666914016834,0.33986353767304256,0.4818915990949695,-0.4215124318559147,0.345,,39.0,167.0,154.0,39.0,9.0,1.0,6.0,21.0,22.0,11.0,33.0,1.0,0.0,0.255477,0.32384,0.742841,104.3,0.352457,68.0,1.0,1.1483579,2.17154,-0.13234454,-0.003370412,-0.047984656,-0.47866768,0.2867948,0.15511277,-0.2204597,154.0,39.0,0.2573780020752073,0.7533439790853953,19.813333333333336,5.555000000000001,63.846666666666664,0.8516666666666667,1.3317311966314218,3.6408627664854563,-0.30213158574517446,-0.14053471034643616,-0.21846849276537786,-0.5980687399939711,0.2540014062085751,0.2096305305978858,-0.25028252157747194
Justyn-Henry Malloy,OF,"OF,DH",Free Agent,4718623,29606,669234,1,13.0,1.0,27.0,0.0,0.21505376,0.63814867,20.0,93.0,115.0,45.0,-2.778937730315589,-6.88657898984793,-0.2170930934900762,-0.6976618100818384,-0.5879886214082162,-0.5890666914016834,-0.4931014909914765,-0.3989224017046905,-2.983834109077981,0.299,,6.0,26.0,22.0,5.0,1.0,0.0,1.0,3.0,3.0,3.0,8.0,0.0,0.0,0.226713,0.319721,0.712811,106.88,0.0270108,9.0,0.0,-0.4687571,-0.35044026,-1.0855365,-0.86422026,-1.089678,-0.72881544,-0.11706912,-0.025031136,-3.9103506,22.0,6.0,0.22447831373018012,0.6985007145822856,4.916666666666666,1.0,12.450000000000001,0.0,-0.5335458297861086,-0.6864285667133487,-1.2841134596894328,-1.0596310313381223,-1.3456377888668083,-0.8294028411482781,-0.10176332234702466,-0.03952260601037964,-3.732768241163037
Vinny Capra,2B,"2B,3B,SS",Free Agent,42023,,,1,9.0,1.0,10.0,1.0,0.08823529,0.27205882,6.0,68.0,73.0,30.0,-10.655567418725377,-29.929457878598487,-0.5577779481135003,-0.6976618100818384,-1.0680402978397516,-0.2888404326099811,-1.8907498805081109,-1.7337390940045752,-6.236809463157757,0.352,,21.0,92.0,83.0,18.0,4.0,0.0,1.0,9.0,8.0,7.0,21.0,1.0,0.0,0.222806,0.273396,0.607259,72.6002,0.0696233,25.0,1.0,-2.0927732,-10.082933,-0.7678059,-0.86422026,-0.80718493,-0.47866768,-0.52265656,-0.7202187,-4.160754,83.0,21.0,0.20643323614181505,0.5664762899192863,9.0,1.0,23.174999999999997,1.0,-3.5106643431182563,-13.54773502144748,-1.0149418786686861,-1.0596310313381223,-1.1104301093670774,-0.5577776734524187,-0.6695898407530779,-0.7800400792604111,-4.4133409270186865
Gio Urshela,3B,3B,Free Agent,32721,10681,570482,1,3.0,0.0,33.0,0.0,0.2244898,0.61292517,22.0,98.0,107.0,32.0,-2.0036110646336334,-9.728728172097814,-1.0688052300486366,-0.9383839635604891,-0.41855861796179195,-0.5890666914016834,-0.3555256357707823,-0.5635610386037329,-3.933901177347116,0.306,,25.0,108.0,101.0,26.0,5.0,0.0,2.0,10.0,11.0,6.0,17.0,0.0,0.0,0.262126,0.299161,0.67925,91.4894,0.2407,37.0,0.0,1.4246914,-4.9984994,-0.7148508,-0.6920503,-0.5953151,-0.72881544,0.3558073,-0.3570399,-2.7322645,101.0,25.0,0.2554142099609432,0.6674220735505382,8.751666666666667,1.6433333333333333,36.28666666666667,0.0,0.6750651189253921,-6.290273891390497,-1.031311905432805,-0.9298208667194648,-0.8228809540252927,-0.8294028411482781,0.12875532984669208,-0.3621760934238951,-2.9465563895231224
Mark Canha,1B,"1B,OF,DH",Free Agent,31670,11445,592192,1,7.0,0.0,21.0,-1.0,0.26388889,0.62093496,19.0,72.0,82.0,30.0,1.3646936978201876,-6.570932144398393,-0.7281203754252125,-0.9383839635604891,-0.7574186248546404,-0.8892929501933858,0.24215457935625773,-0.3806377646065223,-3.451699099283992,0.284,,29.0,127.0,109.0,27.0,6.0,0.0,2.0,14.0,13.0,13.0,24.0,2.0,0.0,0.250265,0.322106,0.713899,102.93,0.250644,39.0,2.0,0.24468973,-1.6176777,-0.5030303,-0.6920503,-0.56000346,-0.22851995,0.06110958,-0.11554933,-2.0380437,109.0,29.0,0.2521269335764129,0.7011939286750011,13.043333333333333,1.7266666666666666,36.54,1.5899999999999999,0.37022249748092717,-3.1073811989737834,-0.7484070804824287,-0.9130060785564263,-0.8173251549135664,-0.39751882451186155,0.07061262453569495,-0.17891417811926222,-2.231243303534073
Gary Sanchez,C,"C,DH",Free Agent,31095,11442,596142,1,1.0,0.0,3.0,0.0,0.1,0.3,3.0,30.0,35.0,11.0,-4.348044325908255,-12.365937193499331,-1.2391476573603486,-0.9383839635604891,-1.265708635193913,-0.5890666914016834,-0.7715275936603676,-0.7163280014405307,-5.520162542617333,0.254,,34.0,138.0,122.0,26.0,4.0,0.0,6.0,15.0,18.0,12.0,37.0,0.0,0.0,0.208939,0.300386,0.676622,94.7043,0.405609,48.0,0.0,-4.767899,-6.358411,-0.4500752,-0.003370412,-0.40110105,-0.72881544,-1.1907518,-0.45417777,-3.2282917,122.0,34.0,0.20258422590792177,0.6546523583928744,14.183333333333334,5.65,45.375,0.0,-5.629832861311212,-9.156057870518554,-0.6732587696994937,-0.12136585184057229,-0.6235666608921097,-0.8294028411482781,-1.0737793536033413,-0.5271797902546459,-3.3619842128595714
Jake Bauers,1B,"1B,OF",Free Agent,35013,15194,641343,1,11.0,4.0,38.0,4.0,0.25301205,0.81865607,21.0,83.0,97.0,37.0,0.6704108483204941,8.836027574651846,-0.3874355208017883,0.02450465035411411,-0.2773669484231051,0.6118383437651259,0.11895933661174668,0.5118491121361306,0.6023489736422238,0.364,,31.0,134.0,117.0,24.0,5.0,0.0,5.0,15.0,16.0,15.0,45.0,4.0,1.0,0.205078,0.300924,0.675912,89.9707,0.0277947,44.0,3.0,-5.02423,-6.1808844,-0.4500752,-0.17554039,-0.47172433,0.021627802,-1.2547688,-0.44149715,-2.7719781,117.0,31.0,0.21282734293787892,0.6989889769218176,14.353333333333333,4.838333333333333,43.03,3.1616666666666666,-4.200657313834455,-3.593425229250289,-0.6620524426529157,-0.2851418885485677,-0.674994353985524,0.029385397383464358,-0.8011923633036195,-0.20689921202350722,-2.22646192319166
Brendan Rodgers,2B,2B,Free Agent,35073,17907,663898,1,10.0,1.0,26.0,-1.0,0.19,0.52126126,19.0,100.0,111.0,32.0,-5.493481086360849,-19.093664644997776,-0.4726067344576443,-0.6976618100818384,-0.6162269553159536,-0.8892929501933858,-0.9747766871013629,-1.106048528413765,-4.75661366556395,0.292,,40.0,172.0,157.0,38.0,8.0,0.0,4.0,19.0,18.0,11.0,41.0,0.0,0.0,0.243574,0.296681,0.669553,91.025,0.440176,58.0,0.0,-0.6980454,-9.2923765,-0.23825477,-0.34771037,-0.22454286,-0.72881544,-0.17433238,-0.6637496,-2.3774054,157.0,40.0,0.23366280465722084,0.6421190133105903,17.335,3.445,52.08,-0.185,-2.365611982473656,-13.750530962110512,-0.46550225553205216,-0.5662851466345719,-0.476520740981089,-0.8796534971720121,-0.4511937330987247,-0.7917164931685701,-2.817558933240644
Thomas Saggese,2B,2B,Free Agent,4999876,,,1,4.0,1.0,21.0,0.0,0.34146341,0.87583149,14.0,41.0,44.0,14.0,3.9576725645920527,6.708976925550916,-0.9836340163927806,-0.6976618100818384,-0.7574186248546404,-0.5890666914016834,0.7022590758932821,0.3886343556165656,-1.936887711221095,0.352,,23.0,101.0,94.0,23.0,5.0,1.0,3.0,11.0,12.0,5.0,25.0,1.0,0.0,0.246629,0.301243,0.686754,92.0384,0.231721,39.0,1.0,-0.1307674,-3.9466941,-0.66189563,-0.51988035,-0.56000346,-0.47866768,-0.032658394,-0.28190994,-2.5350156,94.0,23.0,0.2535835231313436,0.7006196717264852,10.486666666666666,2.853333333333333,37.68,0.9266666666666666,0.45619386553235547,-2.733740086220452,-0.9169414499868471,-0.6856701425921454,-0.7923240589107978,-0.5776968524167816,0.08700996390416017,-0.15740098475183564,-2.4911528724384
Christian Vazquez,C,C,Free Agent,31389,9774,543877,1,7.0,1.0,27.0,-1.0,0.21348315,0.58619907,19.0,89.0,99.0,29.0,-2.799197816861155,-11.213896444048013,-0.7281203754252125,-0.6976618100818384,-0.5879886214082162,-0.8892929501933858,-0.49669649017920586,-0.6495931446545578,-4.049353391942416,0.275,,46.0,181.0,167.0,39.0,7.0,0.0,3.0,17.0,17.0,10.0,36.0,1.0,1.0,0.232283,0.273068,0.616189,73.5497,0.393576,55.0,0.0,-2.6281035,-18.796032,-0.344165,-0.51988035,-0.27751032,-0.72881544,-0.6563518,-1.3425914,-3.8693142,167.0,46.0,0.22918102155835723,0.6112406640472534,15.35,2.67,50.379999999999995,-0.165,-3.2647456824344285,-19.783045286674426,-0.5963526036935661,-0.7226626765508302,-0.5138030771255686,-0.874220993818095,-0.6226857164188114,-1.1390515232989158,-3.8990206614313627
Chas McCormick,OF,OF,Free Agent,40574,19599,676801,1,6.0,0.0,13.0,-2.0,0.25581395,0.64926436,11.0,43.0,53.0,25.0,0.46780298286483535,-2.706142497349042,-0.8132915890810685,-0.9383839635604891,-0.9833252961165394,-1.1895192089850881,0.08300810263737475,-0.1567601077384063,-3.998272062844217,0.307,,29.0,123.0,110.0,26.0,4.0,0.0,4.0,15.0,14.0,10.0,32.0,4.0,1.0,0.237212,0.308746,0.693697,99.5122,0.381462,42.0,3.0,-1.1888955,-3.8547432,-0.4500752,-0.34771037,-0.507036,0.021627802,-0.296919,-0.27534193,-1.8554547,110.0,29.0,0.2388551743262062,0.6897720946538004,14.204999999999998,3.6466666666666665,39.43833333333333,2.558333333333333,-1.086274483367674,-4.392291025700112,-0.6718305123308124,-0.5255933592800186,-0.7537624269182234,-0.13449512045970427,-0.2071853892150325,-0.25289563417043026,-2.0447368851632337
Jared Triolo,2B,"2B,3B,1B,SS",Free Agent,42933,,,1,6.0,2.0,24.0,5.0,0.15217391,0.48635976,14.0,92.0,104.0,33.0,-8.534002879451982,-20.777109473397953,-0.8132915890810685,-0.4569396566031875,-0.6727036231314283,0.9120646025568282,-1.5142942924113059,-1.203566302488926,-3.748730861159088,0.352,,35.0,153.0,136.0,33.0,6.0,1.0,3.0,16.0,14.0,14.0,38.0,4.0,1.0,0.23912,0.298874,0.666159,86.3482,0.353015,50.0,3.0,-1.2104185,-8.511032,-0.3971201,-0.51988035,-0.3657894,0.021627802,-0.30229422,-0.6079385,-2.1713948,136.0,35.0,0.22404934982399088,0.6349937770477662,14.266666666666666,2.8266666666666667,45.49333333333334,3.3466666666666667,-3.3566224026467717,-12.880320098922613,-0.6677654721276418,-0.6910508748043177,-0.6209715178859742,0.07963605340719838,-0.6402093850020787,-0.7416122248447692,-2.444799737919105
Tyler Freeman,OF,OF,Free Agent,40958,22532,671289,1,9.0,1.0,21.0,3.0,0.28301887,0.72955975,15.0,53.0,60.0,20.0,2.018455134228749,0.9201777081511786,-0.5577779481135003,-0.6976618100818384,-0.7574186248546404,0.3116120849734235,0.3581596036966847,0.05330360718608357,-1.289783087193787,0.32,,34.0,148.0,132.0,35.0,7.0,1.0,3.0,18.0,15.0,10.0,21.0,5.0,1.0,0.266242,0.327099,0.73695,94.982,0.308942,53.0,4.0,2.405285,1.0837047,-0.29120988,-0.51988035,-0.31282195,0.27177554,0.6007042,0.07740919,-0.17402329,132.0,34.0,0.2679196847323532,0.7362109572330474,17.099999999999998,2.8000000000000003,49.800000000000004,3.9000000000000004,2.5329859935701977,0.8591806296204703,-0.4809933546846749,-0.69643160701649,-0.5265229329866261,0.2299353128655741,0.4831170178342837,0.049469178823410134,-0.28559926567671895
Alan Roden,OF,OF,Free Agent,4424368,31564,702176,1,8.0,1.0,19.0,0.0,0.17567568,0.51558029,13.0,74.0,85.0,29.0,-5.125175683907028,-14.549703617298347,-0.6429491617693563,-0.6976618100818384,-0.8138952926701152,-0.5890666914016834,-0.9094236778888931,-0.8428281618000076,-4.495824795611894,0.222,,43.0,185.0,164.0,41.0,8.0,1.0,3.0,21.0,19.0,16.0,32.0,3.0,1.0,0.247589,0.310106,0.694785,100.273,0.373753,60.0,2.0,-0.07070619,-5.568636,-0.13234454,-0.51988035,-0.18923122,-0.22851995,-0.017658498,-0.3977645,-1.485399,164.0,43.0,0.23740128569216382,0.6693976651337916,19.158333333333335,2.716666666666667,54.19166666666666,1.7166666666666668,-1.857974238458393,-9.889913061416154,-0.345308904659931,-0.7132463951795286,-0.4302102312800542,-0.3631129699370526,-0.35437186608038235,-0.5694330864969478,-1.9118759944043173
Jose Tena,3B,3B,Free Agent,42105,,,1,18.0,0.0,47.0,0.0,0.25833333,0.72002488,31.0,120.0,134.0,38.0,1.6078222963669841,0.9392368260026718,0.20876297478920403,-0.9383839635604891,-0.023221943253468744,-0.5890666914016834,0.28529591107385566,0.05440765450462864,-1.0022060578479532,0.352,,34.0,145.0,135.0,33.0,6.0,1.0,3.0,15.0,15.0,8.0,39.0,3.0,1.0,0.2425,0.289443,0.655831,82.8959,0.191123,50.0,2.0,-0.7452183,-9.8427305,-0.4500752,-0.51988035,-0.3657894,-0.22851995,-0.1861135,-0.7030611,-2.4534395,135.0,34.0,0.24603611592181956,0.6701676171596811,15.669999999999998,2.33,49.33,1.5533333333333332,-0.3637279323616145,-8.037143447792609,-0.5752583410176547,-0.7912670122560274,-0.5368304023912764,-0.40747841399404305,-0.06937391459393509,-0.4627558777993881,-2.1293306778082415
Sam Haggerty,OF,OF,Free Agent,38347,18054,664059,1,10.0,1.0,23.0,3.0,0.24137931,0.69813903,14.0,58.0,64.0,19.0,-0.2062190500892918,-0.8154148340987077,-0.4726067344576443,-0.6976618100818384,-0.7009419570391657,0.3116120849734235,-0.036592011386425836,-0.04723495431967272,-1.6434253823113232,0.344,,38.0,166.0,148.0,36.0,7.0,1.0,5.0,19.0,18.0,14.0,36.0,3.0,1.0,0.243995,0.313491,0.710081,101.331,0.475239,60.0,2.0,-0.59572166,-2.761549,-0.23825477,-0.17554039,-0.18923122,-0.22851995,-0.1487777,-0.19725555,-1.1775796,148.0,38.0,0.24371598945014294,0.708807173120756,18.04,4.573333333333333,56.053333333333335,2.1066666666666665,-0.7421323029156875,-3.0924363123779917,-0.4190289580741846,-0.33861291490703016,-0.38938241807085444,-0.2571791545356675,-0.1415470697166251,-0.17805369402311894,-1.2272698537122066
Luis Matos,OF,OF,Free Agent,4722941,26467,682641,1,9.0,4.0,26.0,2.0,0.16666667,0.57163743,12.0,72.0,76.0,24.0,-5.635306142179813,-10.120354304398395,-0.5577779481135003,0.02450465035411411,-0.6162269553159536,0.011385826181721214,-0.9999424710343258,-0.5862469669141431,-2.7243038648420876,0.29,,17.0,74.0,69.0,17.0,3.0,0.0,2.0,8.0,8.0,4.0,10.0,1.0,0.0,0.247949,0.299996,0.68076,91.6921,0.115373,26.0,1.0,-0.004908532,-3.3106248,-0.82076097,-0.6920503,-0.7895291,-0.47866768,-0.0012259609,-0.2364758,-3.0187097,69.0,17.0,0.2376532418446635,0.6669378304875305,8.126666666666667,2.2533333333333334,26.0,1.1266666666666667,-0.7643236989752609,-4.330728598139056,-1.072511637221695,-0.8067366173660228,-1.0484756390093395,-0.5233718188776098,-0.14577963993734291,-0.24935104455466298,-2.9814182589100677
Davis Schneider,2B,"2B,OF",Free Agent,4997181,,,1,4.0,1.0,7.0,0.0,0.19047619,0.72619048,4.0,21.0,28.0,12.0,-1.1436310381357786,0.2938440445504674,-0.9836340163927806,-0.6976618100818384,-1.1527552995629637,-0.5890666914016834,-0.20292868166745173,0.017021655041131678,-3.609024844065586,0.352,,18.0,79.0,69.0,14.0,3.0,0.0,3.0,9.0,9.0,9.0,24.0,1.0,0.0,0.210348,0.311782,0.696855,101.452,0.210471,26.0,1.0,-2.599378,-2.200071,-0.7678059,-0.51988035,-0.7895291,-0.47866768,-0.6491778,-0.15714943,-3.3622103,69.0,18.0,0.20942064425444973,0.6982239972673757,8.766666666666667,2.906666666666667,25.113333333333337,0.9533333333333334,-2.712372932700011,-2.1719830903297375,-1.0303231118698717,-0.6749086781678006,-1.0679209359003816,-0.5704535146115588,-0.5173315311757736,-0.12505661346719077,-3.373728287024412
Griffin Conine,OF,OF,Free Agent,41295,,,1,10.0,1.0,28.0,-1.0,0.28125,0.78961268,18.0,64.0,71.0,20.0,2.3241721047290564,4.9545455072014235,-0.4726067344576443,-0.6976618100818384,-0.5597502875004788,-0.8892929501933858,0.4124067688384452,0.2870045048494575,-1.919900508545445,0.352,,,,,,,,,,,,,,,,,,,,,,,,,,,,,,,,,0.03328125,0.09343750046666666,1.1833333333333333,0.11833333333333333,3.3133333333333335,-0.11833333333333333,-0.0,-0.0,-1.530213190908401,-1.2375314901030698,-1.546012069988413,-0.8615451526589548,1.9476213283723963e-16,-0.0,-0.22718822684454432
Andy Ibanez,2B,"2B,3B",Free Agent,34947,18819,628451,1,13.0,2.0,28.0,3.0,0.21590909,0.61818182,19.0,88.0,100.0,42.0,-2.5542634359975476,-8.27341560759804,-0.2170930934900762,-0.4569396566031875,-0.5597502875004788,0.3116120849734235,-0.45323473604151854,-0.4792583994679429,-1.8546640881297805,0.315,,16.0,69.0,63.0,15.0,3.0,0.0,1.0,7.0,8.0,5.0,13.0,1.0,0.0,0.241497,0.294716,0.664933,89.2905,0.146985,21.0,1.0,-0.4109583,-4.0198455,-0.8737161,-0.86422026,-0.8778082,-0.47866768,-0.10263424,-0.2871351,-3.4841816,63.0,16.0,0.23723234424286527,0.6571411581974538,8.0,1.1666666666666667,22.166666666666664,1.3333333333333335,-0.7243773175428742,-4.571333856923538,-1.08086144953091,-1.026001455012045,-1.1325436518841463,-0.4672359508871321,-0.138160657155806,-0.263204411544466,-3.212595383465254
Adael Amador,2B,2B,Free Agent,4917787,,,1,3.0,1.0,20.0,0.0,0.14606742,0.4647191,13.0,89.0,102.0,31.0,-8.799197786861155,-22.02561377404802,-1.0688052300486366,-0.6976618100818384,-0.7856569587623778,-0.5890666914016834,-1.561351123811396,-1.2758890529994749,-5.978430867105407,0.352,,3.0,13.0,12.0,3.0,1.0,0.0,0.0,1.0,1.0,1.0,2.0,0.0,0.0,0.24409,0.306501,0.687185,80.9615,0.0121087,4.0,0.0,-0.04716164,-0.49866128,-1.1914468,-1.0363903,-1.1779572,-0.72881544,-0.011778399,-0.035618495,-4.1820064,12.0,3.0,0.22742616617700234,0.6493657882454605,1.3399999999999999,0.17,6.720000000000001,0.0,-0.2556507687032835,-0.9640346978855452,-1.5198857914733193,-1.227106321441986,-1.4713011924596717,-0.8294028411482781,-0.04876033159934217,-0.055506378074117575,-4.487398525461202
Alejandro Osuna,OF,OF,Free Agent,4916547,,,1,1.0,0.0,4.0,-2.0,0.23529412,0.67007673,4.0,17.0,23.0,8.0,-0.16389174468134446,-0.716059999649621,-1.2391476573603486,-0.9383839635604891,-1.2374703012861759,-1.1895192089850881,-0.029081351043583198,-0.04147957574377449,-4.675082057979458,0.352,,31.0,135.0,121.0,29.0,6.0,0.0,4.0,16.0,15.0,12.0,30.0,3.0,1.0,0.243995,0.313491,0.710081,101.331,0.354095,47.0,2.0,-0.48704273,-2.257753,-0.3971201,-0.34771037,-0.41875687,-0.22851995,-0.12163584,-0.16126962,-1.6750127,121.0,31.0,0.24366146237350586,0.7085474849564855,15.425,3.8466666666666667,45.35166666666667,1.8466666666666667,-0.6133410779811831,-2.559697901645233,-0.5914086358788994,-0.4852378676887261,-0.6240783792313476,-0.3278016981365909,-0.11698268891407572,-0.14738013039974013,-1.7900153661372518
Jorbit Vivas,2B,"2B,3B",Free Agent,4722676,,,1,6.0,1.0,12.0,0.0,0.15555556,0.52156863,7.0,45.0,53.0,20.0,-4.022066288862382,-8.578317440248998,-0.8132915890810685,-0.6976618100818384,-1.0115636300242767,-0.5890666914016834,-0.7136852554372868,-0.4969206046854523,-4.322189580711607,0.352,,7.0,31.0,27.0,6.0,1.0,0.0,0.0,3.0,3.0,3.0,5.0,1.0,0.0,0.222028,0.286908,0.632373,82.6071,0.0622158,7.0,1.0,-0.70178777,-2.6019123,-1.0855365,-1.0363903,-1.1249897,-0.47866768,-0.17526701,-0.18585277,-4.0867043,27.0,7.0,0.21615626975361615,0.6225852581768936,3.2649999999999997,0.08833333333333333,7.441666666666666,0.9116666666666666,-0.879501433013815,-2.8921523820937844,-1.3929906175635387,-1.2435848138417638,-1.455474475253241,-0.5817712299322195,-0.16774751640048388,-0.16652191453332582,-4.107505457996631
Jason Heyward,OF,OF,Free Agent,29551,4940,518792,1,9.0,2.0,23.0,-1.0,0.17647059,0.49399249,15.0,85.0,95.0,32.0,-5.819458773406721,-18.547460398248106,-0.5577779481135003,-0.4569396566031875,-0.7009419570391657,-0.8892929501933858,-1.0326189632195895,-1.074408274195249,-4.711979749364078,0.25,,34.0,147.0,132.0,29.0,6.0,1.0,4.0,17.0,17.0,12.0,31.0,2.0,0.0,0.219476,0.29361,0.665902,89.0645,0.148344,49.0,2.0,-3.7678268,-8.294626,-0.344165,-0.34771037,-0.38344523,-0.22851995,-0.94099027,-0.5924807,-2.8373115,132.0,34.0,0.2126668096410589,0.6386830098604406,15.733333333333334,3.6833333333333336,44.88333333333333,1.525,-4.760393518480651,-12.014508423563633,-0.571083434863047,-0.5181948524882816,-0.6343492973260523,-0.4151744604120924,-0.907950982044105,-0.6917612492534669,-3.1341339780943755
Matthew Lugo,OF,OF,Free Agent,42486,,,1,6.0,3.0,23.0,0.0,0.25,0.84329268,10.0,40.0,41.0,13.0,0.20260756545566028,5.243790942000892,-0.8132915890810685,-0.21621750312453672,-0.7009419570391657,-0.5890666914016834,0.035951180741639985,0.30375977385928404,-1.97980678604553,0.352,,13.0,57.0,53.0,12.0,2.0,0.0,2.0,6.0,6.0,4.0,17.0,2.0,0.0,0.2205,0.282268,0.639782,77.5873,-0.0109555,20.0,2.0,-1.4585671,-4.7147784,-0.9266712,-0.6920503,-0.89546406,-0.22851995,-0.36426774,-0.33677384,-3.443747,53.0,13.0,0.22251584010819594,0.6536885738558307,6.0,2.0683333333333334,20.205,1.8633333333333333,-1.3893715100862414,-4.0287122783115406,-1.212700591255357,-0.8440654470879684,-1.17556454369008,-0.3232746120083266,-0.2649951568309679,-0.2319618032030099,-3.3437111260094063
Josh Rojas,3B,3B,Free Agent,40718,19734,668942,1,4.0,0.0,13.0,3.0,0.15068493,0.43109424,11.0,73.0,83.0,25.0,-6.88024130304342,-20.52056765084837,-0.9836340163927806,-0.9383839635604891,-0.9833252961165394,0.3116120849734235,-1.2208468034030266,-1.1887054724396307,-5.003283466939043,0.26,,67.0,288.0,256.0,61.0,12.0,1.0,5.0,32.0,27.0,28.0,63.0,8.0,2.0,0.238889,0.299308,0.67059,90.8279,0.782379,90.0,6.0,-2.337574,-14.886429,0.45016167,-0.17554039,0.3404434,0.772071,-0.58379394,-1.0633302,-0.25998837,256.0,67.0,0.22668743169208916,0.6374597389508659,28.12666666666667,4.308333333333334,79.34833333333333,5.585,-5.642999093807823,-23.61402217430785,0.24587978002277794,-0.3920839412654926,0.12149524103835149,0.6876237204330973,-1.0762905522424266,-1.3596282846795866,-0.9161441896386355
Derek Hill,OF,OF,Free Agent,33721,16947,656537,1,11.0,2.0,27.0,6.0,0.23287671,0.66986301,17.0,73.0,82.0,23.0,-0.8802413630434209,-3.0904474408483704,-0.3874355208017883,-0.4569396566031875,-0.5879886214082162,1.2122908613485306,-0.15619217509410993,-0.1790219377811229,-0.5552870503398943,0.291,,30.0,129.0,119.0,28.0,5.0,1.0,3.0,15.0,12.0,7.0,37.0,4.0,1.0,0.237041,0.2909,0.659985,80.8849,0.171323,44.0,3.0,-1.3065183,-8.181856,-0.4500752,-0.51988035,-0.47172433,0.021627802,-0.32629454,-0.5844256,-2.3307724,119.0,30.0,0.23647187738947345,0.6613349997553004,14.453333333333333,2.8633333333333333,41.67666666666666,3.4099999999999997,-1.4587638220234997,-8.13567458436071,-0.6554604855666933,-0.6836523680125808,-0.7046740176613254,0.09683898069460274,-0.2782303689043289,-0.46842902061304115,-2.088122735462142
Shay Whitcomb,3B,3B,Free Agent,4683352,,,1,0.0,0.0,0.0,0.0,0.0,0.0,0.0,1.0,1.0,1.0,-0.2449348108636085,-0.7121979064499777,-1.3243188710162048,-0.9383839635604891,-1.3504236369171252,-0.5890666914016834,-0.04346183043793687,-0.04125585428540158,-4.286910847618842,0.352,,16.0,71.0,65.0,15.0,3.0,0.0,3.0,8.0,8.0,5.0,19.0,1.0,0.0,0.223066,0.301701,0.691249,94.5568,0.0861329,27.0,1.0,-1.622019,-2.4369204,-0.82076097,-0.51988035,-0.7718733,-0.47866768,-0.40508878,-0.17406748,-3.1703386,65.0,16.0,0.2226942254602909,0.6900969312588373,7.986666666666666,2.995,26.955,0.9983333333333333,-1.6923511437290286,-2.574330317677213,-1.0817403771424063,-0.6570850027149798,-1.027531738410529,-0.5582303820652451,-0.3227825340377857,-0.1482226233288746,-3.1721995843711737
Nick Fortes,C,C,Free Agent,41674,21538,663743,1,4.0,1.0,18.0,0.0,0.171875,0.52410714,11.0,64.0,71.0,26.0,-4.675827895270944,-12.037809052798572,-0.9836340163927806,-0.6976618100818384,-0.8421336265778525,-0.5890666914016834,-0.8296903099429286,-0.6973203539354039,-4.639506808332487,0.287,,38.0,151.0,138.0,31.0,6.0,0.0,3.0,14.0,14.0,8.0,24.0,1.0,1.0,0.228036,0.277147,0.623723,71.5236,0.229251,46.0,0.0,-2.7578115,-14.492363,-0.5030303,-0.51988035,-0.4364127,-0.72881544,-0.68874556,-1.0351822,-3.9120665,138.0,38.0,0.22139028283456963,0.6119350972115477,12.816666666666666,2.763333333333333,42.686666666666675,0.0,-3.772935741343475,-16.25183438836374,-0.763348849877866,-0.703830113808227,-0.6825239238343109,-0.8294028411482781,-0.7196129265875175,-0.9357344356349737,-3.998146900915841
Myles Straw,OF,OF,Free Agent,39105,17620,664702,1,15.0,1.0,36.0,3.0,0.28,0.67428571,28.0,100.0,109.0,39.0,3.5065189136391535,-3.7912196449977675,-0.0467506661783641,-0.6976618100818384,-0.33384361623857983,0.3116120849734235,0.6222052713318325,-0.21961592953512452,-0.36405466572865086,0.298,,22.0,97.0,88.0,20.0,4.0,0.0,0.0,10.0,7.0,7.0,18.0,6.0,1.0,0.231411,0.263657,0.581068,67.5979,0.0725018,24.0,5.0,-1.461605,-12.995146,-0.7148508,-1.0363903,-0.8248408,0.5219233,-0.3650264,-0.9282367,-3.3474216,88.0,22.0,0.24023799767792225,0.5980025337397841,10.908333333333333,0.18166666666666667,26.18,4.636666666666667,-0.7473311317431268,-11.589554180993527,-0.8891453642732762,-1.2247522510991606,-1.044528097535218,0.4300325197348572,-0.14253864356887655,-0.6672935917054219,-2.805443311347403
James Outman,OF,OF,Free Agent,41802,24770,681546,1,5.0,2.0,9.0,0.0,0.125,0.59722222,3.0,24.0,27.0,8.0,-2.878435460726604,-2.7594164747994645,-0.8984628027369245,-0.4569396566031875,-1.0962786317474889,-0.5890666914016834,-0.5107566110327477,-0.15984613681964005,-3.711350530341672,0.333,,8.0,35.0,31.0,7.0,1.0,0.0,1.0,5.0,4.0,4.0,12.0,1.0,0.0,0.218669,0.310065,0.699532,98.2756,0.128382,11.0,1.0,-0.9098855,-0.90545183,-0.9796263,-0.86422026,-1.0543665,-0.47866768,-0.22723807,-0.06467536,-3.6687942,31.0,8.0,0.21445389240980148,0.6949280335499214,4.999999999999999,1.045,10.909999999999998,0.955,-1.0625716392667093,-1.0779933650993723,-1.2786201621175808,-1.0505510457300815,-1.3794111992565135,-0.5700008059987323,-0.2026645401517857,-0.06206779425661292,-3.6707091920057864
Austin Wynns,C,C,Free Agent,35314,15271,642851,1,6.0,3.0,28.0,0.0,0.4,1.14186047,16.0,40.0,43.0,17.0,6.202607565455661,17.186502542000888,-0.8132915890810685,-0.21621750312453672,-0.5597502875004788,-0.5890666914016834,1.1006058196971034,0.9955713687544842,-0.08214888265617992,0.396,,4.0,16.0,14.0,3.0,1.0,0.0,0.0,2.0,2.0,1.0,4.0,0.0,0.0,0.23847,0.292546,0.656006,78.1313,0.0711168,4.0,0.0,-0.13370195,-1.0182776,-1.1384916,-1.0363903,-1.1779572,-0.72881544,-0.03339128,-0.07273446,-4.1877804,14.0,4.0,0.25004631945987543,0.6908255504690821,2.2866666666666666,0.21500000000000002,5.720000000000001,0.0,0.018422915806392492,-0.544270476402434,-1.457481931057081,-1.2180263358339452,-1.4932319784270127,-0.8294028411482781,0.003513807090441875,-0.03133754718998747,-3.8935434562548696
Jonah Bride,1B,"1B,3B",Free Agent,3960984,24703,681146,1,6.0,0.0,19.0,0.0,0.1827957,0.45672826,17.0,93.0,103.0,32.0,-5.778937310315589,-23.758677119847928,-0.8132915890810685,-0.9383839635604891,-0.8138952926701152,-0.5890666914016834,-1.0254287359433836,-1.3762811044421512,-5.556347377098891,0.228,,14.0,62.0,53.0,12.0,3.0,0.0,1.0,7.0,7.0,7.0,13.0,0.0,0.0,0.233086,0.31179,0.690357,100.789,0.244552,18.0,0.0,-0.7915093,-2.0343025,-0.8737161,-0.86422026,-0.9307757,-0.72881544,-0.19767438,-0.14530866,-3.7405107,53.0,14.0,0.22445283585344095,0.6502507573511589,6.828333333333334,0.8283333333333334,18.171666666666667,0.0,-1.286710735588256,-4.210916553059145,-1.1580972133911485,-1.0942694949539817,-1.220157141823673,-0.8294028411482781,-0.2454146430223944,-0.24245260751020264,-4.052229331335626
Taylor Walls,SS,SS,Free Agent,40576,22458,670764,1,17.0,1.0,29.0,3.0,0.18320611,0.49289722,24.0,131.0,151.0,47.0,-8.086459813132713,-28.728389924947077,0.12359176113334798,-0.6976618100818384,-0.5315119535927414,0.3116120849734235,-1.4348811587964454,-1.664164213154811,-3.893015289519065,0.258,3.0,25.0,110.0,96.0,20.0,4.0,1.0,2.0,13.0,9.0,13.0,27.0,5.0,1.0,0.20474,0.278036,0.611624,80.4006,0.309808,32.0,4.0,-4.1548934,-11.243145,-0.55598545,-0.6920503,-0.68359417,0.27177554,-1.0376577,-0.8030921,-3.5006042,96.0,25.0,0.19932063974226055,0.5817444288717376,14.006666666666668,1.7483333333333333,31.244999999999997,3.748333333333333,-4.74333668736148,-14.203928082961763,-0.6849045605518198,-0.9086342336340364,-0.9334486666106365,0.18873882909836856,-0.9046977286092598,-0.8178218108120993,-3.5993609554507477
Jonatan Clase,OF,OF,Free Agent,4918159,,,1,4.0,0.0,15.0,3.0,0.27272727,0.68784787,12.0,44.0,50.0,14.0,1.2228682020012274,-1.0714016037990182,-0.9836340163927806,-0.9383839635604891,-0.9268486283010646,0.3116120849734235,0.21698871734862196,-0.06206363153720195,-2.3823294374694903,0.352,,19.0,84.0,76.0,17.0,4.0,0.0,2.0,10.0,8.0,7.0,24.0,5.0,1.0,0.226952,0.285025,0.636944,82.6295,0.189922,27.0,4.0,-1.6011786,-6.9765034,-0.7148508,-0.6920503,-0.7718733,0.27177554,-0.39988402,-0.49832785,-2.8052106,76.0,19.0,0.23076660716474215,0.6411859854565557,9.5,1.8333333333333333,26.0,3.9166666666666665,-1.3652480200525703,-6.727218098565221,-0.9819820932375743,-0.891483149707737,-1.0484756390093395,0.23446239899383828,-0.2603940778694552,-0.3873340990578533,-2.769970494288127
Brewer Hicklen,OF,OF,Free Agent,41378,,,1,2.0,0.0,2.0,1.0,0.66666667,1.41666667,2.0,3.0,4.0,1.0,1.2651955774091745,2.1134062906500666,-1.1539764437044926,-0.9383839635604891,-1.2939469691016505,-0.2888404326099811,0.22449939011243536,0.1224243727526819,-3.3282240461114965,0.352,,1.0,4.0,4.0,1.0,0.0,0.0,0.0,0.0,0.0,0.0,2.0,0.0,0.0,0.207019,0.26623,0.58805,69.2516,0.00363545,1.0,0.0,-0.16400456,-0.56276035,-1.2444018,-1.0363903,-1.2309246,-0.72881544,-0.040959157,-0.040197063,-4.3216887,4.0,1.0,0.21008331903719532,0.5935741189013285,0.013333333333333334,0.0,1.0066666666666666,0.006666666666666667,-0.1545883114603226,-0.5445115766717099,-1.6073390888172028,-1.2614084892945847,-1.5965990829530796,-0.8275920066969724,-0.02948466521896628,-0.03135142905827453,-4.315065554665726
Timothy Elko,1B,1B,Free Agent,5135493,,,1,4.0,3.0,14.0,0.0,0.16129032,0.6391129,5.0,31.0,32.0,10.0,-2.5929792167718637,-2.2656351999493096,-0.9836340163927806,-0.21621750312453672,-0.9550869622088021,-0.5890666914016834,-0.46010455864187827,-0.13124261504628743,-3.3353523468159687,0.352,,,,,,,,,,,,,,,,,,,,,,,,,,,,,,,,,0.0086021504,0.034086021333333334,0.21333333333333335,0.16,0.7466666666666667,0.0,-0.0,-0.0,-1.5941551746447578,-1.2291240960215506,-1.602301087304588,-0.8294028411482781,1.9476213283723963e-16,-0.0,-0.17788545849685167
Max Schuemann,3B,"3B,SS",Free Agent,3962127,,,1,8.0,1.0,21.0,2.0,0.23728814,0.71307506,14.0,59.0,70.0,35.0,-0.4511535809529006,0.05175205945131389,-0.6429491617693563,-0.6976618100818384,-0.7574186248546404,0.011385826181721214,-0.08005379214047936,0.0029978681548444392,-2.163699694509749,0.352,,33.0,143.0,124.0,28.0,5.0,1.0,2.0,16.0,11.0,13.0,36.0,4.0,1.0,0.221702,0.289394,0.639522,84.6185,0.244492,41.0,3.0,-3.2634504,-11.063042,-0.3971201,-0.6920503,-0.5246918,0.021627802,-0.8150255,-0.7902274,-3.1974874,124.0,33.0,0.22352037817550466,0.6481032045094477,15.066666666666666,1.8833333333333333,38.66666666666667,2.8833333333333333,-3.1260423221196425,-10.118252261416227,-0.6150298154378628,-0.8813942768099138,-0.7706856834230214,-0.046216940958549876,-0.5962307916900631,-0.5825802086826374,-3.0768787939722024
Martin Maldonado,C,C,Free Agent,30289,6887,455117,1,3.0,2.0,20.0,0.0,0.16883117,0.45974026,13.0,77.0,82.0,32.0,-5.859980346497854,-19.43923877664828,-1.0688052300486366,-0.4569396566031875,-0.7856569587623778,-0.5890666914016834,-1.039809210014464,-1.1260667788060512,-5.0663445256364,0.267,,39.0,155.0,140.0,26.0,5.0,0.0,4.0,14.0,15.0,10.0,50.0,0.0,0.0,0.186108,0.250868,0.560213,59.9713,-0.0800223,43.0,0.0,-8.667701,-23.59379,-0.5030303,-0.34771037,-0.48938018,-0.72881544,-2.1647017,-1.6852931,-5.918931,140.0,39.0,0.18374682729870706,0.5464817509020492,12.496666666666666,3.7266666666666666,39.85666666666667,0.0,-9.097699744499646,-25.65083670340895,-0.7844431125537776,-0.5094511626435017,-0.7445880481218857,-0.8294028411482781,-1.7352064246985281,-1.4769022765463855,-5.802410854879577
Nick Loftin,2B,"2B,3B",Free Agent,4314013,27630,679845,1,3.0,1.0,10.0,0.0,0.25,0.77272727,5.0,20.0,22.0,6.0,0.10130378272783014,1.210587271000445,-1.0688052300486366,-0.6976618100818384,-1.0680402978397516,-0.5890666914016834,0.017975590370819874,0.07012631123995765,-3.335472127761132,0.34,,42.0,183.0,165.0,41.0,6.0,0.0,2.0,23.0,21.0,16.0,29.0,2.0,1.0,0.246625,0.286413,0.631008,77.8214,0.20525,53.0,1.0,-0.23019746,-16.125792,-0.026434325,-0.6920503,-0.31282195,-0.47866768,-0.0574904,-1.1518574,-2.719322,165.0,42.0,0.24674875597159068,0.6362044011546539,22.266666666666666,1.9633333333333334,51.42333333333334,0.9633333333333334,-0.32697075356307215,-15.427105965909337,-0.14040890522985275,-0.8652520801733968,-0.4909219570996427,-0.5677372629346001,-0.06236320918528664,-0.8882489169854577,-2.741914138762893
Rafael Marchan,C,C,Free Agent,40816,,,1,4.0,1.0,8.0,0.0,0.14285714,0.53089701,5.0,35.0,43.0,14.0,-3.5727184802262975,-6.3455313757492195,-0.9836340163927806,-0.6976618100818384,-1.1245169656552263,-0.5890666914016834,-0.6339518839424736,-0.36758085839689836,-4.3964122258709,0.352,,22.0,89.0,79.0,18.0,4.0,0.0,1.0,9.0,8.0,7.0,15.0,0.0,0.0,0.229931,0.284857,0.629763,78.8158,0.284129,25.0,0.0,-1.4290425,-7.81919,-0.7678059,-0.86422026,-0.80718493,-0.72881544,-0.35689414,-0.55852056,-4.083441,79.0,22.0,0.22369070381737316,0.6226776107005814,8.641666666666667,1.0,23.781666666666666,0.0,-1.9781357537073219,-8.454927787125294,-1.0385630582276497,-1.0596310313381223,-1.0971254325468907,-0.8294028411482781,-0.3772903003128938,-0.4868107126962111,-4.105870400881222
Yohel Pozo,C,C,Free Agent,35675,18848,650968,1,5.0,1.0,23.0,0.0,0.32075472,0.7672956,17.0,53.0,54.0,17.0,4.01845518422875,2.9201777581511794,-0.8984628027369245,-0.6976618100818384,-0.7009419570391657,-0.5890666914016834,0.7130444922206278,0.1691586383316888,-2.0039301307072956,0.334,,3.0,12.0,11.0,3.0,1.0,0.0,0.0,1.0,1.0,1.0,3.0,0.0,0.0,0.243995,0.313491,0.710081,100.376,0.0667911,4.0,0.0,-0.04427661,-0.20525026,-1.1914468,-1.0363903,-1.1779572,-0.72881544,-0.011057883,-0.014660279,-4.160328,11.0,3.0,0.2509033711160038,0.7152302969416657,1.3599999999999999,0.09,5.71,0.0,0.023902716351006187,-0.15918887740349263,-1.5185674000560747,-1.2432485180785031,-1.4934512862866862,-0.8294028411482781,0.0045589707447852654,-0.009165643138917046,-3.966252111116684
Leo Rivas,2B,"2B,SS",Free Agent,40858,21009,660844,1,14.0,0.0,18.0,4.0,0.28333333,0.7109589,17.0,60.0,73.0,28.0,2.30391114818349,-0.07434038699866585,-0.13192187983422013,-0.9383839635604891,-0.8421336265778525,0.6118383437651259,0.4088116152757932,-0.004306353817893989,-0.8960958647495367,0.293,,6.0,27.0,23.0,5.0,1.0,0.0,0.0,3.0,2.0,3.0,6.0,1.0,0.0,0.232662,0.299135,0.646887,97.5593,0.112038,6.0,1.0,-0.3532371,-1.882621,-1.0855365,-1.0363903,-1.1426455,-0.47866768,-0.088218756,-0.13447411,-3.9659326,23.0,6.0,0.2388270181517678,0.6546824183431104,4.338333333333333,0.0,7.459999999999999,1.365,-0.227777711261688,-1.725450678701349,-1.3222369448380855,-1.2614084892945847,-1.4550724108438398,-0.4586344872434299,-0.04344409675900367,-0.09934654627090045,-3.5924358039311084
Ryan Bliss,2B,2B,Free Agent,4414241,,,1,1.0,1.0,11.0,0.0,0.2,0.596337,7.0,35.0,39.0,11.0,-1.572718380226297,-4.05513172574922,-1.2391476573603486,-0.6976618100818384,-1.0398019639320142,-0.5890666914016834,-0.27906698654640844,-0.23490370032051072,-4.079648809642804,0.352,,2.0,9.0,8.0,2.0,0.0,0.0,0.0,1.0,1.0,1.0,2.0,1.0,0.0,0.219328,0.282992,0.631581,86.2032,0.0250901,2.0,1.0,-0.22953713,-0.7772727,-1.1914468,-1.0363903,-1.2132688,-0.47866768,-0.05732549,-0.055519585,-4.032619,8.0,2.0,0.21807168106734756,0.6292901478860664,1.0,0.065,2.585,0.935,-0.24526972667942726,-0.8032949214655165,-1.5422984455664752,-1.2482929545274144,-1.5619849924346265,-0.5754333093526495,-0.04678035299807525,-0.0462514385775534,-4.035675937141706
Will Wagner,2B,"2B,3B",Free Agent,4413898,,,1,4.0,0.0,13.0,1.0,0.18644068,0.50392107,11.0,59.0,68.0,20.0,-3.451153720952901,-12.288333350548687,-0.9836340163927806,-0.9383839635604891,-0.9833252961165394,-0.2888404326099811,-0.6123811364601526,-0.7118326037318828,-4.518397448871825,0.352,,15.0,66.0,59.0,15.0,3.0,0.0,1.0,7.0,6.0,6.0,12.0,0.0,0.0,0.256469,0.312974,0.699683,102.291,0.145819,21.0,0.0,0.49848327,-1.7143681,-0.8737161,-0.86422026,-0.8778082,-0.72881544,0.12449286,-0.12245589,-3.342523,59.0,15.0,0.24853246709199625,0.6774966573126312,6.66,0.8866666666666667,20.093333333333334,0.11333333333333333,-0.01167785880650335,-3.0801159896408614,-1.1691936744862894,-1.0824991432398547,-1.178013481456433,-0.7986186554760808,-0.0022273207730356434,-0.17734432485482837,-3.47578885775833
Will Brennan,OF,OF,Free Agent,4088296,25660,686823,1,0.0,0.0,1.0,-1.0,0.09090909,0.32167832,1.0,11.0,13.0,6.0,-1.6942829294996935,-4.295715450949754,-1.3243188710162048,-0.9383839635604891,-1.322185303009388,-0.8892929501933858,-0.30063769676581703,-0.2488401174602171,-5.023658902005502,0.205,,13.0,58.0,54.0,15.0,3.0,0.0,1.0,6.0,6.0,3.0,8.0,1.0,0.0,0.275392,0.309,0.702864,99.3911,0.125061,21.0,1.0,1.47808,-1.3973097,-0.9266712,-0.86422026,-0.8778082,-0.47866768,0.36914077,-0.099808544,-2.878035,54.0,13.0,0.2713948662788485,0.6946049683832172,5.869999999999999,0.9783333333333333,20.566666666666666,0.9566666666666666,1.2238813463349174,-1.8952404130460954,-1.2212701354674464,-1.0640028762605123,-1.1676329094318916,-0.569548097385906,0.23343117874526353,-0.10912255662438088,-2.924523584904323
Jacob Stallings,C,C,Free Agent,34089,13723,607732,1,4.0,0.0,15.0,0.0,0.14285714,0.39596273,12.0,84.0,93.0,28.0,-8.574524352543113,-26.563754821798128,-0.9836340163927806,-0.9383839635604891,-0.9268486283010646,-0.5890666914016834,-1.5214845214619361,-1.5387722826425132,-6.498190103760466,0.225,,41.0,164.0,144.0,33.0,7.0,0.0,3.0,16.0,16.0,15.0,41.0,0.0,0.0,0.231195,0.297968,0.66256,75.1533,0.214655,49.0,0.0,-2.42282,-9.529936,-0.3971201,-0.51988035,-0.38344523,-0.72881544,-0.6050836,-0.68071836,-3.315063,144.0,41.0,0.21750263406115455,0.6212374114167541,14.139999999999999,2.535,43.730000000000004,0.0,-4.496797849121483,-15.618902637960263,-0.6761152844368569,-0.7499026333749526,-0.6596428038083854,-0.8294028411482781,-0.8576753176629771,-0.8992920242673494,-3.8084477008507855
Korey Lee,C,C,Free Agent,4418346,25543,686676,1,5.0,0.0,8.0,0.0,0.24,0.6162963,6.0,25.0,28.0,12.0,-0.12337027159021255,-2.3975401612494425,-0.8984628027369245,-0.9383839635604891,-1.1245169656552263,-0.5890666914016834,-0.02189112199295277,-0.13888354155510763,-3.7112050869023836,0.207,,35.0,140.0,131.0,29.0,6.0,0.0,4.0,14.0,14.0,7.0,40.0,2.0,1.0,0.218176,0.267912,0.606726,68.7419,0.182213,47.0,1.0,-3.9095817,-15.983848,-0.5030303,-0.34771037,-0.41875687,-0.47866768,-0.9763926,-1.1417184,-3.8662763,131.0,35.0,0.2191944602648417,0.6071726052028759,13.58,3.8133333333333335,45.18,0.9533333333333334,-3.8692076995038875,-16.051352430495793,-0.713030244119702,-0.4919637829539415,-0.6278431641557412,-0.5704535146115588,-0.7379748999444921,-0.9241912542797123,-3.8590396092505537
Tim Anderson,SS,"SS,2B",Free Agent,33184,15172,641313,1,8.0,0.0,20.0,0.0,0.20481928,0.49939082,17.0,83.0,90.0,28.0,-3.3295890616795054,-17.66298817534815,-0.6429491617693563,-0.9383839635604891,-0.7856569587623778,-0.5890666914016834,-0.5908104067220757,-1.0231729970103824,-4.570040179226365,0.218,,,,,,,,,,,,,,,,,,,,,,,,,,,,,,,,,0.030722891999999998,0.074908623,1.2,0.0,3.0,0.0,-0.0,-0.0,-1.5291145313940306,-1.2614084892945847,-1.55288371625818,-0.8294028411482781,1.9476213283723963e-16,-0.0,-0.6855060268839547
Miles Mastrobuoni,3B,"3B,OF,2B",Free Agent,40900,20017,670156,1,12.0,1.0,28.0,-1.0,0.22916667,0.60359327,22.0,96.0,112.0,45.0,-1.5137415229064164,-10.426045099197864,-0.3022643071459322,-0.6976618100818384,-0.5597502875004788,-0.8892929501933858,-0.2686019890903042,-0.6039548747476541,-3.3215262187595935,0.335,,14.0,62.0,56.0,13.0,2.0,0.0,1.0,6.0,4.0,6.0,12.0,2.0,1.0,0.226559,0.270609,0.597231,77.4921,-0.0276228,18.0,1.0,-1.2018241,-7.364511,-0.9266712,-0.86422026,-0.9307757,-0.47866768,-0.30014783,-0.52604306,-4.0265255,56.0,14.0,0.2270457636247238,0.5984186000324158,7.12,1.0,19.866666666666667,0.6266666666666667,-1.2143394635429208,-7.351871130063052,-1.1388706718896666,-1.0596310313381223,-1.1829844596090302,-0.6591844027255395,-0.23161125318282597,-0.42329984531938336,-3.8949256320834964
Casey Schmitt,2B,"2B,SS,1B",Free Agent,4301949,27577,669477,1,2.0,0.0,12.0,0.0,0.19565217,0.56275636,9.0,46.0,54.0,17.0,-2.2670014797259914,-6.874311136698977,-1.1539764437044926,-0.9383839635604891,-1.0115636300242767,-0.5890666914016834,-0.4022622736515296,-0.3982117554681258,-4.493464757810598,0.344,,17.0,74.0,69.0,16.0,3.0,0.0,2.0,8.0,8.0,4.0,17.0,1.0,0.0,0.238959,0.291362,0.663247,85.8151,0.147122,25.0,1.0,-0.62521887,-4.5190244,-0.82076097,-0.6920503,-0.80718493,-0.47866768,-0.15614443,-0.32279122,-3.2775993,69.0,17.0,0.2350613848582676,0.6542028326176667,7.46,1.82,23.83,0.91,-0.9431618310365769,-5.209443451159663,-1.1164580177965107,-0.8941735158138231,-1.0960654445584692,-0.582223938545046,-0.1798894791768161,-0.2999449484443082,-3.387027222795239
Jack Suwinski,OF,OF,Free Agent,36754,22244,669261,1,4.0,0.0,6.0,3.0,0.12820513,0.3982906,5.0,39.0,45.0,13.0,-4.552457553680731,-12.24238495154913,-0.9836340163927806,-0.9383839635604891,-1.180993633470701,0.3116120849734235,-0.8077991755290053,-0.7091709271998327,-4.308369631179385,0.313,,15.0,65.0,57.0,12.0,3.0,0.0,2.0,8.0,8.0,7.0,20.0,2.0,0.0,0.212302,0.306923,0.696612,91.827,0.113452,21.0,2.0,-2.0359342,-1.8313015,-0.82076097,-0.6920503,-0.8778082,-0.22851995,-0.50846136,-0.13080838,-3.258409,57.0,15.0,0.2059947341307316,0.6742378954304886,7.7,1.85,19.875,2.075,-2.435932777978029,-3.161454705409739,-1.100637320789577,-0.8881201920751292,-1.1828017030593023,-0.2657806181793696,-0.46460603506251186,-0.18202757694049815,-3.3371560688769977
Isaac Collins,OF,OF,Free Agent,42959,,,1,13.0,2.0,35.0,5.0,0.23076923,0.66426955,24.0,104.0,120.0,45.0,-1.4732204098152841,-4.984549070797684,-0.2170930934900762,-0.4569396566031875,-0.3620819501463172,0.9120646025568282,-0.26141182391895207,-0.2887425367034675,-0.6742044583051723,0.352,,18.0,78.0,68.0,15.0,3.0,0.0,1.0,9.0,7.0,8.0,21.0,3.0,1.0,0.223707,0.296304,0.661787,86.8261,0.153153,21.0,2.0,-1.6532934,-4.5528126,-0.7678059,-0.86422026,-0.8778082,-0.22851995,-0.41289935,-0.3252047,-3.476458,68.0,18.0,0.22511945030526734,0.662283488781128,9.8,1.2000000000000002,23.8,2.6,-1.605544368596587,-4.584459651592704,-0.9622062219789073,-1.0192755397468298,-1.0967233681374895,-0.12317740513904338,-0.3062258572791093,-0.2639601574974156,-2.9160073497909176
Austin Barnes,C,C,Free Agent,32856,12158,605131,1,4.0,0.0,12.0,0.0,0.21428571,0.51827243,9.0,42.0,44.0,13.0,-1.2872622362715571,-8.144870010899064,-0.9836340163927806,-0.9383839635604891,-1.0115636300242767,-0.5890666914016834,-0.22841495189978303,-0.47181207259950597,-4.222875325878519,0.244,,15.0,60.0,54.0,12.0,2.0,0.0,1.0,6.0,5.0,5.0,13.0,1.0,0.0,0.223041,0.273666,0.604618,72.2989,0.0653148,17.0,1.0,-1.3488739,-6.7025924,-0.9266712,-0.86422026,-0.9484315,-0.47866768,-0.33687255,-0.4787625,-4.0336256,54.0,15.0,0.22239894353000997,0.5982860034920787,5.853333333333333,0.9266666666666666,16.633333333333333,0.9266666666666666,-1.421898482102364,-7.096464517167572,-1.2223687949818167,-1.0744280449215962,-1.2538940009034325,-0.5776968524167816,-0.2711990338991783,-0.4085942584259857,-4.047503915753634
Daylen Lile,OF,OF,Free Agent,4917889,,,1,3.0,0.0,13.0,-1.0,0.22580645,0.70506912,7.0,31.0,35.0,10.0,-0.5929791867718636,-0.22099237994930931,-1.0688052300486366,-0.9383839635604891,-0.9833252961165394,-0.8892929501933858,-0.105219673666784,-0.01280153921094529,-3.9978286527967803,0.352,,19.0,84.0,75.0,18.0,3.0,0.0,2.0,10.0,9.0,7.0,18.0,2.0,0.0,0.243995,0.313491,0.710081,99.2652,0.206438,27.0,2.0,-0.30188596,-1.3994336,-0.7148508,-0.6920503,-0.7718733,-0.22851995,-0.07539414,-0.09996026,-2.5826488,75.0,19.0,0.2429339974378061,0.7097886226813939,9.591666666666667,1.8833333333333333,26.183333333333334,1.825,-0.43472995983523943,-1.493504279089658,-0.9759394659085372,-0.8813942768099138,-1.0444549949153268,-0.33368691010333457,-0.08291614809239084,-0.08599173178339804,-2.665200914876026
Michael A. Taylor,OF,OF,Free Agent,32219,11489,572191,1,15.0,3.0,40.0,6.0,0.20560748,0.6511427,22.0,107.0,120.0,44.0,-4.2080244024061075,-6.532907090147619,-0.0467506661783641,-0.21621750312453672,-0.22089028060763036,1.2122908613485306,-0.7466821168099091,-0.3784350677393214,-0.3966847731112311,0.289,,39.0,170.0,155.0,33.0,6.0,1.0,5.0,19.0,16.0,12.0,54.0,5.0,1.0,0.213634,0.276328,0.622737,74.6624,0.231216,56.0,4.0,-5.329852,-16.430481,-0.23825477,-0.17554039,-0.2598545,0.27177554,-1.3310959,-1.1736212,-2.9065912,155.0,39.0,0.212028695382782,0.6284181323614502,18.200000000000003,4.6,52.800000000000004,4.4,-5.688763735521567,-15.6990015097099,-0.4084818267362286,-0.3332321826948579,-0.4607305750846034,0.36574789671350383,-1.0850192531839722,-0.9039038896580841,-2.4046098962116016
Kevin Newman,2B,"2B,SS,3B",Free Agent,35022,17696,621028,1,5.0,0.0,12.0,1.0,0.18518519,0.42222222,10.0,54.0,56.0,22.0,-3.2264795266348587,-15.658687068298798,-0.8984628027369245,-0.9383839635604891,-1.0115636300242767,-0.2888404326099811,-0.5725143992544385,-0.9070688163218003,-4.61683404450791,0.21,,33.0,141.0,130.0,32.0,6.0,1.0,1.0,14.0,12.0,7.0,23.0,3.0,1.0,0.245546,0.276213,0.62187,73.3276,0.089957,43.0,2.0,-0.32163873,-13.893115,-0.5030303,-0.86422026,-0.48938018,-0.22851995,-0.080327265,-0.9923783,-3.1578562,130.0,33.0,0.2399123227822123,0.6032361902352783,13.16,0.9066666666666666,40.10666666666666,1.9066666666666665,-1.146349635608276,-16.4405569684171,-0.7407164638818359,-1.0784635940807255,-0.7391053516300506,-0.31150418807483937,-0.21864353721509797,-0.9466005454363539,-3.2940274890311874
Brandon Lockridge,OF,OF,Free Agent,42641,,,1,9.0,0.0,18.0,7.0,0.21875,0.55661232,14.0,64.0,71.0,28.0,-1.6758278952709436,-9.95747753279857,-0.5577779481135003,-0.9383839635604891,-0.8421336265778525,1.512517120140233,-0.29736299046519693,-0.5768119204267226,-1.6999533290035282,0.352,,36.0,156.0,140.0,33.0,7.0,1.0,2.0,18.0,12.0,13.0,43.0,12.0,2.0,0.232529,0.281244,0.625223,80.6472,0.311536,48.0,10.0,-2.16876,-14.492396,-0.29120988,-0.6920503,-0.40110105,1.772662,-0.5416338,-1.0351846,-1.1885176,140.0,36.0,0.23089848451316358,0.6171040527605991,16.935000000000002,1.7633333333333334,44.45,9.645,-2.496467734475734,-15.763714443211963,-0.49187008387694153,-0.9056075717646893,-0.6438526379118998,1.790421901278287,-0.47615188163732,-0.9076298764520544,-1.2490374685857097
Ezequiel Duran,3B,3B,Free Agent,42457,23733,677649,1,2.0,0.0,5.0,0.0,0.11428571,0.27799228,4.0,35.0,37.0,14.0,-4.572718530226297,-15.197196925749221,-1.1539764437044926,-0.9383839635604891,-1.2092319673784384,-0.5890666914016834,-0.811394332640506,-0.8803358395708891,-5.582389238256499,0.208,,21.0,92.0,86.0,21.0,4.0,0.0,2.0,10.0,10.0,5.0,22.0,1.0,1.0,0.244659,0.295703,0.670173,88.8179,0.197046,31.0,0.0,-0.28905767,-5.0367713,-0.7148508,-0.6920503,-0.70125,-0.72881544,-0.07219036,-0.35977367,-3.2689304,86.0,21.0,0.23661931997221552,0.6459885122907183,9.506666666666666,1.8766666666666667,29.39666666666667,0.0,-1.0415526159851982,-7.19936106695424,-0.9815426294318262,-0.8827394598629569,-0.9739840693402715,-0.8294028411482781,-0.19865557686840007,-0.4145187493260623,-3.4115937280370074
Cavan Biggio,2B,"2B,OF,DH",Free Agent,37639,19252,624415,1,9.0,1.0,17.0,1.0,0.17391304,0.54267311,12.0,69.0,83.0,33.0,-4.900502189588987,-11.697210955048465,-0.5577779481135003,-0.6976618100818384,-0.87037196048559,-0.2888404326099811,-0.8695570648928869,-0.6775903528171677,-3.9617995690009646,0.305,,5.0,22.0,19.0,4.0,1.0,0.0,0.0,3.0,2.0,3.0,6.0,0.0,0.0,0.215693,0.300425,0.657018,87.6778,0.01769,5.0,0.0,-0.61421573,-1.3627198,-1.0855365,-1.0363903,-1.1603013,-0.72881544,-0.15339647,-0.097337805,-4.261778,19.0,5.0,0.20991343626336467,0.6412002952556338,3.83,0.13833333333333334,6.66,0.13833333333333334,-0.7375222521393147,-1.6815326384588207,-1.3557460600263824,-1.2334959409439405,-1.4726170396177123,-0.7918280262836843,-0.14066779364135287,-0.09681787033078869,-4.220280878422697
Austin Hedges,C,C,Free Agent,32168,12976,595978,1,5.0,3.0,15.0,1.0,0.11320755,0.49968553,6.0,53.0,61.0,20.0,-6.981544825771249,-11.26315595184882,-0.8984628027369245,-0.21621750312453672,-0.9268486283010646,-0.2888404326099811,-1.2388223476388123,-0.6524466254884606,-4.22163833989978,0.212,,32.0,126.0,113.0,20.0,3.0,0.0,3.0,11.0,11.0,8.0,37.0,1.0,0.0,0.180605,0.238189,0.524039,49.5782,0.00251685,32.0,1.0,-7.617912,-23.131227,-0.66189563,-0.51988035,-0.68359417,-0.47866768,-1.902524,-1.6522524,-5.898814,113.0,32.0,0.17375292079349644,0.5215630373559349,10.389999999999999,3.0,30.271666666666665,1.0,-8.472454800292086,-23.51970425560528,-0.9233136751701955,-0.6560761154251976,-0.9547946316188484,-0.5577776734524187,-1.6159533085627524,-1.3541977269764756,-5.728301322107035
Manuel Margot,OF,OF,Free Agent,33599,14712,622534,1,1.0,0.0,6.0,0.0,0.31578947,0.61578947,6.0,19.0,20.0,6.0,1.346238523591439,-1.8317602925495775,-1.2391476573603486,-0.9383839635604891,-1.180993633470701,-0.5890666914016834,0.23887984821369632,-0.10610932021957352,-3.8148214177990987,0.303,,,,,,,,,,,,,,,,,,,,,,,,,,,,,,,,,0.010526315666666668,0.020526315666666666,0.03333333333333333,0.0,0.2,0.0,-0.0,-0.0,-1.606020697399958,-1.2614084892945847,-1.6142899169667344,-0.8294028411482781,1.9476213283723963e-16,-0.0,-0.1271607139266366
Nick Sogard,2B,"2B,SS,1B",Free Agent,42979,,,1,8.0,0.0,15.0,0.0,0.24489796,0.60800924,12.0,49.0,53.0,14.0,-0.0018056923168162653,-5.1052446560489075,-0.6429491617693563,-0.9383839635604891,-0.9268486283010646,-0.5890666914016834,-0.00032040645027102074,-0.29573413192288645,-3.393302983405751,0.352,,5.0,21.0,20.0,4.0,1.0,0.0,0.0,3.0,2.0,2.0,5.0,0.0,0.0,0.190476,0.231623,0.498965,37.959,-0.125031,5.0,0.0,-1.1508828,-4.595502,-1.0855365,-1.0363903,-1.1603013,-0.72881544,-0.28742558,-0.32825398,-4.6267233,20.0,5.0,0.19528327341502966,0.5085972367745856,3.4416666666666664,0.0,5.883333333333334,0.0,-1.0689424697449263,-4.422095525893408,-1.3813448267112125,-1.2614084892945847,-1.4896499500523468,-0.8294028411482781,-0.20387965015617457,-0.25461169258582517,-4.517771162452326
Luke Maile,C,C,Free Agent,33271,13355,571912,1,2.0,1.0,6.0,0.0,0.375,1.25,3.0,8.0,10.0,3.0,1.040521513091132,4.302416748400178,-1.1539764437044926,-0.6976618100818384,-1.180993633470701,-0.5890666914016834,0.18463267597423835,0.2492283069629309,-3.1878375957215455,0.58,,1.0,4.0,4.0,1.0,0.0,0.0,0.0,0.0,0.0,0.0,1.0,0.0,0.0,0.223292,0.293793,0.649835,83.0125,0.0194788,1.0,0.0,-0.0989126,-0.31562042,-1.2444018,-1.0363903,-1.2309246,-0.72881544,-0.024702864,-0.02254397,-4.2877793,4.0,1.0,0.22582045992215474,0.6598377406597138,0.03333333333333333,0.016666666666666666,1.0833333333333333,0.0,-0.0916397479204849,-0.27945708963816873,-1.606020697399958,-1.258045531661977,-1.5949177226955833,-0.8294028411482781,-0.01747847080197552,-0.016090344991701092,-4.26944696894918
Emmanuel Rivera,1B,"1B,3B",Free Agent,40519,19890,656896,1,3.0,0.0,17.0,0.0,0.24590164,0.59212136,15.0,61.0,67.0,21.0,0.058976577319882206,-7.324669333448638,-1.0688052300486366,-0.9383839635604891,-0.87037196048559,-0.5890666914016834,0.010464947772221117,-0.4242998862714778,-3.880462783995656,0.283,,12.0,53.0,49.0,12.0,2.0,0.0,1.0,6.0,6.0,4.0,12.0,0.0,0.0,0.247822,0.304373,0.685692,97.5095,0.120628,17.0,0.0,-0.009708896,-2.1093562,-0.9266712,-0.86422026,-0.9484315,-0.72881544,-0.0024248206,-0.15066971,-3.6212327,49.0,12.0,0.24760756120038968,0.6752432894687417,5.665,0.8883333333333333,17.0,0.0,-0.0550189493924281,-2.6684774564252,-1.234783647494202,-1.0821628474765939,-1.2458527127154073,-0.8294028411482781,-0.010493777234583078,-0.15364334800756516,-3.650180102047601
Dairon Blanco,OF,OF,Free Agent,42228,19779,680118,1,2.0,0.0,2.0,1.0,0.16666667,0.5,1.0,6.0,8.0,8.0,-0.469608845181651,-1.2731874386998663,-1.1539764437044926,-0.9383839635604891,-1.2939469691016505,-0.2888404326099811,-0.0833285392528607,-0.07375258333856802,-3.8322289315680425,0.175,,13.0,57.0,52.0,13.0,2.0,0.0,1.0,9.0,5.0,4.0,14.0,9.0,2.0,0.251541,0.305057,0.689469,90.9364,0.290777,18.0,7.0,0.18308401,-2.042098,-0.7678059,-0.86422026,-0.9307757,1.0222188,0.045723952,-0.1458655,-1.6407247,52.0,13.0,0.25040933110125124,0.6869427267710368,8.906666666666668,0.9866666666666667,17.78666666666667,6.920000000000001,0.08730457834671423,-2.2234828875073944,-1.0210943719491603,-1.0623213974442085,-1.228600494421099,1.05024331930707,0.016651622883510325,-0.12802182542393176,-1.6699447159340908
Tyler Wade,3B,"3B,OF",Free Agent,33878,15730,642180,1,9.0,0.0,20.0,-2.0,0.22972973,0.59968203,17.0,74.0,88.0,31.0,-1.125175983907029,-8.326174857298353,-0.5577779481135003,-0.9383839635604891,-0.7856569587623778,-1.1895192089850881,-0.19965397181798292,-0.48231461165016193,-4.153306662889601,0.247,,22.0,93.0,83.0,19.0,3.0,0.0,1.0,11.0,6.0,7.0,21.0,4.0,1.0,0.226724,0.265553,0.582275,69.9667,-0.035821,25.0,3.0,-1.7675799,-12.156605,-0.66189563,-0.86422026,-0.80718493,0.021627802,-0.44144166,-0.86834013,-3.6214547,83.0,22.0,0.22716483936321613,0.5848280083615885,10.706666666666667,0.8533333333333333,24.266666666666666,2.266666666666666,-1.7899412757419666,-12.024542390736396,-0.9024391443971579,-1.08922505850507,-1.0864890013527302,-0.21371912770433005,-0.34139592300551985,-0.692338976566287,-3.6994596679790166
Vidal Brujan,2B,"2B,SS",Free Agent,40462,20536,660644,1,3.0,0.0,7.0,0.0,0.25,0.6,5.0,20.0,20.0,15.0,0.10130378272783014,-2.2439581289995547,-1.0688052300486366,-0.9383839635604891,-1.1527552995629637,-0.5890666914016834,0.017975590370819874,-0.12998691621266523,-3.8610225104156175,0.217,,11.0,48.0,44.0,10.0,2.0,0.0,1.0,6.0,4.0,4.0,10.0,2.0,1.0,0.22578,0.276941,0.613872,76.5803,0.0360228,15.0,1.0,-0.97856647,-5.0541964,-0.9266712,-0.86422026,-0.98374313,-0.47866768,-0.2443907,-0.36101833,-3.8587115,44.0,11.0,0.22658732881148655,0.6134095919132233,5.8999999999999995,0.9666666666666667,14.733333333333333,0.9666666666666667,-0.9742949959947345,-5.116866530865437,-1.2192925483415795,-1.0663569466033376,-1.2955624942413801,-0.5668318457089473,-0.18582751509509923,-0.29461463248155345,-3.858788515405069
Weston Wilson,OF,OF,Free Agent,38682,,,1,3.0,1.0,8.0,0.0,0.17857143,0.58874459,5.0,28.0,33.0,14.0,-1.8581746641810377,-3.4566928605993756,-1.0688052300486366,-0.6976618100818384,-1.1245169656552263,-0.5890666914016834,-0.32971904603497554,-0.20023762450682472,-4.010007367729185,0.352,,19.0,84.0,75.0,17.0,3.0,0.0,3.0,10.0,9.0,7.0,24.0,2.0,1.0,0.222009,0.299562,0.679008,88.8256,0.0754152,29.0,1.0,-1.9508355,-3.7299066,-0.7148508,-0.51988035,-0.73656166,-0.47866768,-0.48720855,-0.2664249,-3.203594,75.0,19.0,0.2196199366384529,0.6740435191118346,9.614999999999998,2.89,27.845,0.945,-2.183284519786731,-4.174387046806604,-0.9744013425884188,-0.6782716358004084,-1.0080133388995955,-0.5727170576756909,-0.4164183730034863,-0.2403493423586872,-3.2479467062562177
Nick Martini,DH,"DH,OF",Free Agent,36497,12005,605361,1,9.0,1.0,30.0,0.0,0.2254902,0.58240594,23.0,102.0,111.0,43.0,-1.9833503080880661,-13.238780577897726,-0.5577779481135003,-0.6976618100818384,-0.5032736196850041,-0.5890666914016834,-0.35193051769661804,-0.7668896489188453,-3.4666002358974892,0.259,,,,,,,,,,,,,,,,,,,,,,,,,,,,,,,,,0.041715687,0.1077450989,1.665,0.185,5.55,0.0,-0.0,-0.0,-1.4984619309430967,-1.224079659572639,-1.4969602120414607,-0.8294028411482781,1.9476213283723963e-16,-0.0,-0.6413210436410355
Kevin Pillar,OF,OF,Free Agent,32859,12434,607680,1,6.0,0.0,11.0,3.0,0.20930233,0.46511628,9.0,43.0,43.0,19.0,-1.5321966771351647,-10.624509937349043,-0.8132915890810685,-0.9383839635604891,-1.0398019639320142,0.3116120849734235,-0.27187671668401675,-0.6154514494628958,-3.367193597747061,0.22,,,,,,,,,,,,,,,,,,,,,,,,,,,,,,,,,0.015000000316666668,0.0333333334,0.43000000000000005,0.0,0.7883333333333333,0.21500000000000002,-0.0,-0.0,-1.5798726009579427,-1.2614084892945847,-1.601387304555949,-0.7710034300936685,1.9476213283723963e-16,-0.0,-0.24131554117187273
Joshua Palacios,OF,OF,Free Agent,36462,,,1,10.0,3.0,36.0,0.0,0.20535714,0.62611607,23.0,112.0,129.0,42.0,-4.4326991367241515,-9.641165682397501,-0.4726067344576443,-0.21621750312453672,-0.33384361623857983,-0.5890666914016834,-0.7865489498345412,-0.5584887612448316,-2.956772256301817,0.352,,21.0,92.0,82.0,20.0,3.0,0.0,2.0,10.0,10.0,7.0,20.0,1.0,1.0,0.237429,0.300545,0.674912,91.6983,-0.0139167,29.0,0.0,-0.86847425,-4.413906,-0.7148508,-0.6920503,-0.73656166,-0.72881544,-0.21689588,-0.31528267,-3.4044566,82.0,21.0,0.2305335445945431,0.6644208561005677,10.0,2.215,30.505000000000003,0.0,-1.4921418892340963,-5.353054871432441,-0.9490223078064626,-0.8144714199210206,-0.9496774482264686,-0.8294028411482781,-0.28459657556034246,-0.3082136858734751,-3.308204478231569
Stuart Fairchild,OF,OF,Free Agent,40346,20321,656413,1,7.0,0.0,9.0,1.0,0.18181818,0.52272727,6.0,33.0,36.0,19.0,-2.0828488184990803,-6.252531002849266,-0.7281203754252125,-0.9383839635604891,-1.0962786317474889,-0.2888404326099811,-0.36958577614299215,-0.36219357798214186,-3.7834027574683056,0.26,,5.0,22.0,20.0,4.0,1.0,0.0,1.0,3.0,2.0,2.0,6.0,1.0,0.0,0.223285,0.298815,0.670383,87.7101,0.0482969,8.0,1.0,-0.49470276,-1.1671424,-1.0855365,-0.86422026,-1.1073339,-0.47866768,-0.12354888,-0.0833678,-3.7426753,20.0,5.0,0.2207969950267799,0.6615236341400634,3.2399999999999998,0.94,8.059999999999999,1.0,-0.5586680375099212,-1.3635675785838508,-1.3946386068350944,-1.07173767881551,-1.441913939263435,-0.5577776734524187,-0.10655488696986527,-0.07851034585424241,-3.7451189515961696
Logan Davidson,3B,"3B,OF",Free Agent,42429,,,1,1.0,0.0,4.0,0.0,0.1875,0.52777778,3.0,16.0,19.0,6.0,-0.9189569738177359,-2.950722023199644,-1.2391476573603486,-0.9383839635604891,-1.2374703012861759,-0.5890666914016834,-0.16306196752925467,-0.1709279916767086,-4.33805857281466,0.352,,12.0,52.0,48.0,10.0,1.0,0.0,1.0,7.0,6.0,4.0,16.0,0.0,0.0,0.213597,0.257058,0.568063,61.8716,-0.091719,14.0,0.0,-1.6523108,-7.7124996,-0.8737161,-0.86422026,-1.0013989,-0.72881544,-0.41265395,-0.55089974,-4.4317045,48.0,12.0,0.21277059465646747,0.5667873214171478,6.81,0.9683333333333334,13.683333333333334,0.0,-1.7260705077988079,-7.819905199301191,-1.159305738856956,-1.066020650840077,-1.318589819507088,-0.8294028411482781,-0.3292138363244988,-0.45024791685216153,-4.428739066147656
Sam Hilliard,OF,OF,Free Agent,35831,17954,656541,1,1.0,1.0,8.0,0.0,0.33333333,1.05128205,4.0,12.0,13.0,4.0,1.0607822296366978,4.069009722600267,-1.2391476573603486,-0.6976618100818384,-1.1245169656552263,-0.5890666914016834,0.18822778695070472,0.23570761817912222,-3.22645771936927,0.308,,23.0,100.0,89.0,21.0,3.0,2.0,4.0,14.0,12.0,9.0,34.0,3.0,0.0,0.234118,0.326089,0.754375,94.2949,0.189196,40.0,3.0,-1.2372907,2.2815046,-0.5030303,-0.34771037,-0.5423476,0.021627802,-0.30900538,0.16296749,-1.5174985,89.0,23.0,0.23626766516331044,0.7608079674231059,13.718333333333332,3.9349999999999996,39.306666666666665,2.9349999999999996,-1.1091831247679325,2.7684299374926398,-0.7039113701504278,-0.46741419223590536,-0.7566499804039233,-0.03218297396093056,-0.21155475980927266,0.15939832779796484,-1.5545259430950316
Eric Haase,C,C,Free Agent,33452,14111,606992,1,6.0,2.0,17.0,0.0,0.23255814,0.67795753,10.0,43.0,47.0,20.0,-0.5321968471351654,-1.4723361873490404,-0.8132915890810685,-0.4569396566031875,-0.87037196048559,-0.5890666914016834,-0.09443430702332112,-0.08528877528884239,-2.909392979883693,0.298,,22.0,87.0,80.0,17.0,3.0,0.0,3.0,9.0,10.0,6.0,30.0,1.0,0.0,0.216886,0.280505,0.634793,76.0721,0.200266,29.0,1.0,-2.4907315,-7.515769,-0.7678059,-0.51988035,-0.73656166,-0.47866768,-0.622044,-0.53684735,-3.661807,80.0,22.0,0.2181136499022342,0.6381742063386158,8.765,2.9216666666666664,28.06,0.9216666666666666,-2.4493397600033417,-7.322224538451216,-1.0304329778213088,-0.6718820162984539,-1.0032982199166172,-0.5790549782552609,-0.46716315191616553,-0.4215928788313256,-3.602867957280322
Rece Hinds,OF,OF,Free Agent,42545,,,1,2.0,2.0,10.0,0.0,0.15789474,0.72631579,3.0,19.0,20.0,6.0,-1.6537613464085612,0.26823978745042376,-1.1539764437044926,-0.4569396566031875,-1.0680402978397516,-0.5890666914016834,-0.29344744819651813,0.01553846407631863,-3.5459320736693147,0.352,,4.0,17.0,16.0,3.0,1.0,0.0,0.0,2.0,2.0,1.0,6.0,0.0,0.0,0.214695,0.264948,0.596947,59.3458,-0.0388683,4.0,0.0,-0.5332022,-2.1086893,-1.1384916,-1.0363903,-1.1779572,-0.72881544,-0.13316385,-0.15062208,-4.3654404,16.0,4.0,0.21280166438866424,0.6012593068540903,2.0,0.06666666666666667,4.2,0.0,-0.5748597202177876,-2.05508329944265,-1.4763788747042517,-1.247956658764154,-1.5265667730973707,-0.8294028411482781,-0.10964313044353634,-0.11832585574239535,-4.338123425486242
Matt Thaiss,C,C,Free Agent,36176,19318,642136,1,11.0,1.0,26.0,0.0,0.21348315,0.69043992,19.0,89.0,118.0,37.0,-2.799197816861155,-1.9364607940480179,-0.3874355208017883,-0.6976618100818384,-0.6162269553159536,-0.5890666914016834,-0.49669649017920586,-0.11217435999897866,-2.899261827779448,0.325,,39.0,153.0,131.0,28.0,5.0,0.0,3.0,14.0,15.0,20.0,40.0,2.0,0.0,0.21348,0.296934,0.652078,93.6942,0.558531,42.0,2.0,-4.5247593,-10.042738,-0.5030303,-0.51988035,-0.507036,-0.22851995,-1.1300293,-0.71734756,-3.6058435,131.0,39.0,0.2134806160677897,0.6596224891541205,13.41,2.606666666666667,38.85333333333334,1.6066666666666667,-4.617721289317701,-9.180417632882751,-0.7242365711662799,-0.7354419155547394,-0.7665919367091177,-0.3929917383835972,-0.8807390740209492,-0.528582356140032,-3.4668824731483907
Nicky Lopez,2B,"2B,SS,3B",Free Agent,38106,19339,670032,1,2.0,0.0,1.0,0.0,0.04166667,0.2202381,1.0,24.0,28.0,15.0,-4.878435380726604,-11.807035354799465,-1.1539764437044926,-0.9383839635604891,-1.322185303009388,-0.5890666914016834,-0.8656414764891737,-0.6839522072849711,-5.553206085450198,0.251,,,,,,,,,,,,,,,,,,,,,,,,,,,,,,,,,0.0019444446000000002,0.010277778,0.09333333333333334,0.0,0.04666666666666667,0.0,-0.0,-0.0,-1.6020655231482246,-1.2614084892945847,-1.6176526374817266,-0.8294028411482781,1.9476213283723963e-16,-0.0,-0.2591496173210093
Garrett Hampson,2B,"2B,OF",Free Agent,39899,19262,641658,1,10.0,0.0,7.0,1.0,0.16666667,0.49358974,7.0,42.0,54.0,20.0,-3.2872619162715573,-9.181542990899064,-0.4726067344576443,-0.9383839635604891,-1.1527552995629637,-0.2888404326099811,-0.5832997747700234,-0.5318639612910625,-3.9677501662521646,0.273,,11.0,48.0,43.0,10.0,2.0,0.0,0.0,5.0,4.0,4.0,12.0,1.0,0.0,0.236233,0.280774,0.623313,70.1182,-0.0103347,12.0,1.0,-0.50684726,-4.533365,-0.9796263,-1.0363903,-1.0367106,-0.47866768,-0.12658189,-0.32381555,-3.9817924,43.0,11.0,0.22997202664811403,0.6116379154624192,5.449999999999999,0.0,11.55,1.0,-0.8066099209289633,-5.076756197093982,-1.2489563552295802,-1.2614084892945847,-1.3653754962374154,-0.5577776734524187,-0.1538449010550946,-0.2923051934583724,-3.980528644418261
Pablo Reyes,2B,"2B,3B",Free Agent,35439,16357,622569,1,3.0,0.0,6.0,1.0,0.19230769,0.48076923,5.0,26.0,28.0,21.0,-1.3683051424538206,-6.017145587699421,-1.0688052300486366,-0.9383839635604891,-1.180993633470701,-0.2888404326099811,-0.24279540290334625,-0.3485582860213209,-4.068376948614475,0.209,,7.0,31.0,28.0,7.0,1.0,0.0,1.0,4.0,3.0,3.0,7.0,1.0,0.0,0.243995,0.313491,0.710081,101.307,0.120135,11.0,1.0,-0.1127041,-0.5224552,-1.0325814,-0.86422026,-1.0543665,-0.47866768,-0.028147202,-0.037318084,-3.495301,28.0,7.0,0.24158292167390874,0.6993797661960307,3.9533333333333336,0.9533333333333334,10.766666666666666,1.0,-0.2001293063942824,-0.8490229124503075,-1.3476159796200415,-1.069047312709424,-1.3825546119118324,-0.5577776734524187,-0.0381707099572911,-0.04888432633744293,-3.522044552109353
Keston Hiura,2B,2B,Free Agent,39879,20003,669374,1,2.0,0.0,3.0,0.0,0.22222222,0.63333333,2.0,9.0,10.0,3.0,-0.20441331777247645,-0.7097811880497992,-1.1539764437044926,-0.9383839635604891,-1.265708635193913,-0.5890666914016834,-0.036271597838457625,-0.04111585979614002,-4.024523191495176,0.176,,27.0,118.0,109.0,27.0,5.0,0.0,5.0,14.0,14.0,9.0,36.0,0.0,0.0,0.25,0.319064,0.724359,89.5128,-0.0435555,47.0,0.0,0.21580449,-0.4775421,-0.5030303,-0.17554039,-0.41875687,-0.72881544,0.05389568,-0.034109965,-1.8063573,109.0,27.0,0.249537037,0.7228418817891769,13.799999999999999,4.916666666666666,46.26666666666666,0.0,0.08792377065191825,-0.7477543095286239,-0.6985279385300128,-0.26933598767531153,-0.6040117100712309,-0.8294028411482781,0.01676972157837696,-0.04305356799115359,-1.8433266966350117
Jared Young,3B,"3B,OF",Free Agent,41575,,,1,2.0,1.0,7.0,0.0,0.17647059,0.63398693,3.0,17.0,18.0,7.0,-1.163891754681344,-1.329586599649622,-1.1539764437044926,-0.6976618100818384,-1.1527552995629637,-0.5890666914016834,-0.20652379264391807,-0.0770196465311014,-3.877003683925998,0.352,,16.0,70.0,62.0,15.0,3.0,0.0,2.0,8.0,8.0,6.0,15.0,1.0,0.0,0.243995,0.313491,0.710081,102.433,0.0979331,24.0,1.0,-0.24955907,-1.1568651,-0.82076097,-0.6920503,-0.8248408,-0.47866768,-0.06232584,-0.0826337,-2.9612794,62.0,16.0,0.24196926377310293,0.7077981597169403,7.819999999999999,1.97,23.490000000000002,0.97,-0.4191902540087282,-1.3580389078435737,-1.0927269722861102,-0.8639068971203538,-1.103521911787365,-0.5659264284832944,-0.07995225632355225,-0.07819202070574909,-2.9887511209929385
Eddie Rosario,OF,OF,Free Agent,31944,12155,592696,1,1.0,0.0,1.0,0.0,0.125,0.25,1.0,8.0,8.0,5.0,-0.959478486908868,-3.6975832515998217,-1.2391476573603486,-0.9383839635604891,-1.322185303009388,-0.5890666914016834,-0.17025220367758273,-0.21419180603398702,-4.473227625043479,0.349,,,,,,,,,,,,,,,,,,,,,,,,,,,,,,,,,0.0016666666666666668,0.0033333333333333335,0.013333333333333334,0.0,0.013333333333333334,0.0,-0.0,-0.0,-1.6073390888172028,-1.2614084892945847,-1.618383663680638,-0.8294028411482781,1.9476213283723963e-16,-0.0,-0.05964303500057972
Yuli Gurriel,1B,1B,Free Agent,36006,19198,493329,1,2.0,0.0,5.0,0.0,0.11111111,0.33888889,4.0,36.0,40.0,16.0,-4.817653231089906,-13.439124592199198,-1.1539764437044926,-0.9383839635604891,-1.2092319673784384,-0.5890666914016834,-0.8548561435597745,-0.7784950796370758,-5.5240102892419545,0.186,,,,,,,,,,,,,,,,,,,,,,,,,,,,,,,,,0.0074074073333333336,0.022592592666666668,0.13333333333333333,0.0,0.3333333333333333,0.0,-0.0,-0.0,-1.5994287403137357,-1.2614084892945847,-1.611365812171089,-0.8294028411482781,1.9476213283723963e-16,-0.0,-0.3682673526161303
Dustin Harris,OF,OF,Free Agent,4917924,25705,687957,1,4.0,1.0,12.0,0.0,0.2,0.60601504,7.0,35.0,38.0,15.0,-1.572718380226297,-3.7164003257492215,-0.9836340163927806,-0.6976618100818384,-1.0115636300242767,-0.5890666914016834,-0.27906698654640844,-0.2152818323625603,-3.776274966809548,0.264,,8.0,35.0,31.0,7.0,1.0,0.0,1.0,4.0,3.0,3.0,9.0,1.0,0.0,0.224285,0.284106,0.638282,80.66,0.00880993,11.0,1.0,-0.7357892,-2.804201,-1.0325814,-0.86422026,-1.0543665,-0.47866768,-0.18375865,-0.20030215,-3.8138967,31.0,8.0,0.2227469561100006,0.6362384268206842,4.0,1.0,11.063333333333333,0.9366666666666666,-0.8054866645605367,-2.8973711737057246,-1.3445397329798043,-1.0596310313381223,-1.3760484787415213,-0.5749806007398232,-0.1536306621021927,-0.16682239772229998,-3.811513949052011
Jose Herrera,C,C,Free Agent,40851,17040,645444,1,6.0,1.0,17.0,0.0,0.18965517,0.59161091,11.0,58.0,70.0,20.0,-3.206219170089292,-6.994045794098708,-0.8132915890810685,-0.6976618100818384,-0.87037196048559,-0.5890666914016834,-0.5689193521572502,-0.40514768652585464,-3.9444590897332854,0.234,,16.0,64.0,57.0,12.0,2.0,0.0,1.0,6.0,5.0,6.0,15.0,0.0,0.0,0.217436,0.26317,0.579287,63.0028,0.040286,17.0,0.0,-1.743296,-8.5188265,-0.9266712,-0.86422026,-0.9484315,-0.72881544,-0.4353769,-0.60849524,-4.5120106,57.0,16.0,0.21419490378920938,0.580724782919075,6.0,1.0,17.0,0.0,-1.9685231074447953,-8.491702118560314,-1.212700591255357,-1.0596310313381223,-1.2458527127154073,-0.8294028411482781,-0.3754568780169805,-0.48892807418592943,-4.445796234469941
Tirso Ornelas,OF,OF,Free Agent,40481,,,1,0.0,0.0,1.0,0.0,0.07142857,0.25892857,1.0,14.0,16.0,7.0,-2.429087372090519,-6.345770710299687,-1.3243188710162048,-0.9383839635604891,-1.322185303009388,-0.5890666914016834,-0.4310231898540513,-0.36759472245245106,-4.972572741294268,0.352,,31.0,134.0,121.0,28.0,6.0,0.0,3.0,14.0,13.0,10.0,28.0,1.0,0.0,0.229858,0.283128,0.636601,81.9294,-0.034272,43.0,1.0,-2.1976197,-11.148834,-0.5030303,-0.51988035,-0.48938018,-0.47866768,-0.54884124,-0.79635555,-3.3361552,121.0,31.0,0.22563321140998382,0.6265297071893392,13.626666666666667,2.92,41.88,0.9733333333333334,-2.7947594445673496,-12.483849011469928,-0.7099539974794649,-0.6722183120617146,-0.7002147578479659,-0.5650210112576415,-0.5330451300761042,-0.7187845464179725,-3.3797929778995615
Ji Hwan Bae,OF,OF,Free Agent,40896,23818,678225,1,3.0,0.0,1.0,2.0,0.09090909,0.25757576,1.0,11.0,12.0,7.0,-1.6942829294996935,-5.000843610949755,-1.0688052300486366,-0.9383839635604891,-1.322185303009388,0.011385826181721214,-0.30063769676581703,-0.2896864389082808,-3.9083128061108905,0.257,,4.0,17.0,16.0,4.0,1.0,0.0,0.0,2.0,2.0,1.0,4.0,1.0,0.0,0.249109,0.290578,0.646566,80.7015,0.0360437,5.0,1.0,0.017421722,-1.314786,-1.1384916,-1.0363903,-1.1603013,-0.47866768,0.0043508746,-0.09391391,-3.9034138,16.0,4.0,0.2459450017682236,0.6387861694835235,2.02,0.0,4.92,1.02,-0.04456632214483802,-1.4546534973717193,-1.4750604832870071,-1.2614084892945847,-1.5107766072008852,-0.5523451700985015,-0.008500145166657019,-0.08375481418775467,-3.9035117532535653
Austin Slater,OF,OF,Free Agent,35265,16153,596103,1,5.0,2.0,20.0,0.0,0.28571429,0.91353383,10.0,35.0,38.0,17.0,1.4272817697737021,7.0467573242507795,-0.8984628027369245,-0.4569396566031875,-0.7856569587623778,-0.5890666914016834,0.253260359547689,0.40820113443326994,-2.0686646155232142,0.432,,40.0,175.0,153.0,37.0,6.0,0.0,4.0,21.0,17.0,18.0,48.0,3.0,1.0,0.240098,0.312257,0.69465,99.937,0.380124,55.0,2.0,-1.2120879,-5.2157855,-0.13234454,-0.34771037,-0.27751032,-0.22851995,-0.30271113,-0.37256056,-1.6613569,153.0,40.0,0.2429870312998128,0.7085126372963445,19.986666666666665,3.873333333333333,52.78333333333333,1.8733333333333333,-0.8787349371768639,-3.2419744932554546,-0.2907055267957227,-0.47985713547655384,-0.4610960881840592,-0.320558360331368,-0.1676013224681565,-0.18666367748378238,-1.6871530796364165
Matt Gorski,OF,"OF,1B",Free Agent,42962,,,1,2.0,2.0,16.0,-1.0,0.19512195,0.60452962,8.0,41.0,42.0,15.0,-2.0423272954079486,-4.414399744449087,-1.1539764437044926,-0.4569396566031875,-0.8986102943933273,-0.8892929501933858,-0.36239553822023973,-0.2557152035482696,-4.016930086662903,0.352,,8.0,35.0,32.0,7.0,2.0,0.0,1.0,4.0,4.0,2.0,10.0,1.0,0.0,0.220511,0.285167,0.651602,77.0183,-0.0204879,12.0,1.0,-0.8802924,-2.4684181,-1.0325814,-0.86422026,-1.0367106,-0.47866768,-0.21984738,-0.17631735,-3.8083448,32.0,8.0,0.21873377052571677,0.648306961114386,3.86,1.0699999999999998,12.280000000000001,0.8599999999999999,-0.9598920440498944,-2.6046416625558386,-1.3537684729005157,-1.04550660928117,-1.3493660224812565,-0.595805196929839,-0.18308043666305704,-0.14996786442077534,-3.8229458081995817
Michael Siani,OF,OF,Free Agent,41209,22557,672279,1,4.0,0.0,4.0,0.0,0.25,0.54411765,4.0,16.0,17.0,14.0,0.08104302618226411,-2.6892841031996433,-0.9836340163927806,-0.9383839635604891,-1.2374703012861759,-0.5890666914016834,0.014380472296655851,-0.15578354287319868,-3.8899580432176717,0.309,,12.0,53.0,47.0,10.0,2.0,0.0,1.0,6.0,4.0,4.0,14.0,2.0,1.0,0.217771,0.264716,0.581453,67.1755,0.0444786,15.0,1.0,-1.42171,-6.9224925,-0.9266712,-0.86422026,-0.98374313,-0.47866768,-0.3550629,-0.49446988,-4.102835,47.0,12.0,0.21868414888779322,0.5803951897063713,5.943333333333333,0.9716666666666667,14.688333333333333,0.9716666666666667,-1.412173656680689,-7.017420698055581,-1.2164360336042164,-1.0653480593135554,-1.2965493796099103,-0.565473719870468,-0.2693442156457001,-0.40404313996761954,-4.09680365954578
Luken Baker,DH,DH,Free Agent,41313,,,1,3.0,0.0,11.0,0.0,0.23529412,0.68938307,8.0,34.0,41.0,19.0,-0.3277834893626889,-0.7757044392992427,-1.0688052300486366,-0.9383839635604891,-1.0398019639320142,-0.5890666914016834,-0.05816270208716616,-0.04493462986403268,-3.7391551808940213,0.352,,9.0,40.0,35.0,8.0,1.0,0.0,1.0,4.0,5.0,4.0,11.0,0.0,0.0,0.218933,0.306544,0.693857,95.6467,0.0119371,12.0,0.0,-1.01805,-1.2209079,-1.0325814,-0.86422026,-1.0367106,-0.72881544,-0.25425142,-0.08720825,-4.0037875,35.0,9.0,0.22005101094797916,0.6935512946603157,3.9316666666666666,0.9316666666666666,11.931666666666667,0.0,-1.0037785084003883,-1.2652751443129084,-1.3490442369887232,-1.073419157631814,-1.3570052462598803,-0.8294028411482781,-0.19145091239175105,-0.07285094684045709,-3.985704307876279
Travis Jankowski,OF,"OF,DH",Free Agent,32751,13768,608671,1,7.0,0.0,13.0,2.0,0.24444444,0.57460317,11.0,45.0,49.0,19.0,-0.02206668886238161,-6.1917631402489945,-0.7281203754252125,-0.9383839635604891,-0.9833252961165394,0.011385826181721214,-0.003915567110620481,-0.35867344676304197,-3.0010328227941825,0.255,,3.0,13.0,12.0,3.0,0.0,0.0,0.0,1.0,1.0,1.0,3.0,1.0,0.0,0.233438,0.272423,0.593031,76.4521,0.00808655,3.0,1.0,-0.1749857,-1.6285093,-1.1914468,-1.0363903,-1.195613,-0.47866768,-0.043701626,-0.11632303,-4.0621424,12.0,3.0,0.23433685934286047,0.5915260506045183,1.49,0.0,3.8166666666666664,1.0816666666666666,-0.17272245071298598,-1.6581115495768515,-1.5099978558439857,-1.2614084892945847,-1.5349735743848516,-0.5355949514239234,-0.032943393888993394,-0.09546935059675683,-3.9754850922688125
Chadwick Tromp,C,C,Free Agent,35358,16953,644433,1,0.0,0.0,0.0,0.0,0.0,0.1,0.0,9.0,10.0,3.0,-2.2044132977724766,-5.509781158049799,-1.3243188710162048,-0.9383839635604891,-1.3504236369171252,-0.5890666914016834,-0.39115647394142994,-0.3191679258564653,-4.912517562693398,0.119,,,,,,,,,,,,,,,,,,,,,,,,,,,,,,,,,0.0,0.0016666666666666668,0.0,0.0,0.0,0.0,-0.0,-0.0,-1.608218016428699,-1.2614084892945847,-1.6186760741602026,-0.8294028411482781,1.9476213283723963e-16,-0.0,-0.08187529271155664
Sean Bouchard,OF,OF,Free Agent,41989,21270,656248,1,7.0,1.0,16.0,0.0,0.16923077,0.49615385,11.0,65.0,72.0,30.0,-4.920762656134552,-14.04286366924855,-0.7281203754252125,-0.6976618100818384,-0.8986102943933273,-0.5890666914016834,-0.8731521315087433,-0.813468183550434,-4.600079486361238,0.226,,6.0,26.0,23.0,5.0,1.0,0.0,1.0,3.0,3.0,3.0,8.0,1.0,0.0,0.234139,0.317113,0.717674,88.1848,0.0197688,9.0,1.0,-0.31926638,-0.25451982,-1.0855365,-0.86422026,-1.089678,-0.47866768,-0.07973479,-0.018179582,-3.616017,23.0,6.0,0.2263500083599304,0.6910915969182129,3.48,1.0,9.84,0.88,-0.5147489364739478,-0.8880395714739914,-1.3788179098281605,-1.0596310313381223,-1.402877140241568,-0.5903726935759218,-0.09817818643842824,-0.05113079467692032,-3.734104589175116
Christian Koss,SS,"SS,2B",Free Agent,4109031,,,1,6.0,1.0,17.0,1.0,0.21875,0.54098732,14.0,64.0,72.0,24.0,-1.6758278952709436,-10.95747753279857,-0.8132915890810685,-0.6976618100818384,-0.87037196048559,-0.2888404326099811,-0.29736299046519693,-0.6347394345513373,-3.6022682172750127,0.352,,20.0,87.0,78.0,19.0,4.0,0.0,2.0,10.0,10.0,8.0,19.0,2.0,1.0,0.243995,0.313491,0.710081,100.878,0.30294,29.0,1.0,-0.31396142,-1.455411,-0.7148508,-0.6920503,-0.73656166,-0.47866768,-0.07840991,-0.103958696,-2.804499,78.0,20.0,0.24096559643745422,0.6897897419040283,9.520000000000001,1.88,27.56,1.0,-0.6056544362560967,-3.1131571508877576,-0.9806637018203298,-0.8820668683364354,-1.0142636129002875,-0.5577776734524187,-0.11551661391926292,-0.17924674101495278,-2.9002312276684608
Scott Kingery,SS,SS,Free Agent,35276,17975,664068,1,1.0,0.0,2.0,0.0,0.125,0.47222222,1.0,8.0,9.0,3.0,-0.959478486908868,-1.9198054915998215,-1.2391476573603486,-0.9383839635604891,-1.2939469691016505,-0.5890666914016834,-0.17025220367758273,-0.11120955973116105,-4.342007044832915,0.283,,15.0,66.0,60.0,14.0,5.0,0.0,3.0,6.0,6.0,6.0,20.0,1.0,0.0,0.236063,0.338467,0.780259,117.121,0.403203,28.0,1.0,-0.7174283,3.091135,-0.9266712,-0.51988035,-0.75421745,-0.47866768,-0.17917314,0.22079903,-2.637811,60.0,15.0,0.23439705848693845,0.7756384612783249,5.925,2.955,27.61,0.985,-0.8600003049202509,2.756186892544137,-1.2176445590700238,-0.6651561010332384,-1.0131670736019205,-0.5618520509678565,-0.16402806162541508,0.1586934080651165,-2.663373887000695
Akil Baddoo,OF,OF,Free Agent,40634,22168,668731,1,0.0,0.0,3.0,1.0,0.11764706,0.34313725,2.0,17.0,18.0,7.0,-2.1638917646813445,-6.274031159649621,-1.3243188710162048,-0.9383839635604891,-1.265708635193913,-0.2888404326099811,-0.3839662342442531,-0.36343902861887584,-4.564657165243717,0.271,,3.0,13.0,11.0,2.0,0.0,0.0,0.0,2.0,1.0,1.0,4.0,0.0,0.0,0.200329,0.279571,0.622919,78.6365,-0.000860942,2.0,0.0,-0.52460253,-1.1640317,-1.1384916,-1.0363903,-1.2132688,-0.72881544,-0.13101615,-0.08314561,-4.331128,11.0,3.0,0.19784854734668425,0.614525569845848,1.94,0.0,2.03,0.03,-0.5597003451115089,-1.2669408754574871,-1.480334048955985,-1.2614084892945847,-1.5741565786465006,-0.8212540861174025,-0.10675177924295036,-0.07294685490567883,-4.338133991767004
Oliver Dunn,3B,3B,Free Agent,5001160,,,1,4.0,0.0,8.0,1.0,0.16666667,0.42735043,6.0,36.0,41.0,14.0,-2.8176530710899064,-10.254509152199198,-0.9836340163927806,-0.9383839635604891,-1.1245169656552263,-0.2888404326099811,-0.499971235517163,-0.5940182237550096,-4.42936483749065,0.352,,13.0,56.0,50.0,10.0,2.0,0.0,1.0,6.0,6.0,5.0,19.0,1.0,0.0,0.20515,0.281363,0.622842,76.6566,0.0758063,15.0,1.0,-2.1435075,-5.294904,-0.9266712,-0.86422026,-0.98374313,-0.47866768,-0.5353271,-0.37821198,-4.1668415,50.0,13.0,0.20252029954157466,0.6094834222737866,5.863333333333333,0.9316666666666666,14.521666666666667,1.0,-2.3105048680350655,-6.0109295397734686,-1.2217095992731943,-1.073419157631814,-1.3002045106044673,-0.5577776734524187,-0.4406831401240278,-0.3460922395670447,-4.184780601211071
Andruw Monasterio,2B,"2B,3B",Free Agent,36950,19455,655316,1,2.0,0.0,6.0,0.0,0.16666667,0.56034483,4.0,24.0,29.0,11.0,-1.878435380726604,-3.6444738347994647,-1.1539764437044926,-0.9383839635604891,-1.180993633470701,-0.5890666914016834,-0.333314157011442,-0.21111530954213428,-4.406850198690942,0.32,,30.0,130.0,115.0,26.0,5.0,0.0,2.0,14.0,13.0,13.0,33.0,4.0,1.0,0.229459,0.291951,0.642623,83.8635,0.334451,37.0,3.0,-2.134531,-9.903465,-0.5030303,-0.6920503,-0.5953151,0.021627802,-0.5330853,-0.70739937,-3.0092525,115.0,30.0,0.22642403987101026,0.6386462287281359,13.42,1.9033333333333333,35.501666666666665,2.855,-2.5652310585955567,-10.471415199228806,-0.7235773754576578,-0.8773587276507846,-0.8400966210096554,-0.053912987376599227,-0.4892671267154489,-0.6029143269368731,-3.0768031013239763
Sam Huff,C,C,Free Agent,40798,22209,669087,1,5.0,2.0,18.0,0.0,0.20754717,0.59824333,11.0,53.0,58.0,20.0,-1.98154496577125,-6.039592551848821,-0.8984628027369245,-0.4569396566031875,-0.8421336265778525,-0.5890666914016834,-0.3516101733512012,-0.34985858285413995,-3.488071533524989,0.263,,11.0,44.0,41.0,9.0,2.0,0.0,1.0,4.0,5.0,3.0,16.0,0.0,0.0,0.21427,0.274927,0.61992,74.628,0.114433,14.0,0.0,-1.383756,-4.461623,-1.0325814,-0.86422026,-1.0013989,-0.72881544,-0.34558415,-0.31869107,-4.291291,41.0,11.0,0.21362012253941753,0.6178246024193583,4.096666666666667,1.0966666666666667,14.386666666666667,0.0,-1.4395212488771958,-4.586973836645804,-1.338167507796456,-1.0401258770689976,-1.303165166710058,-0.8294028411482781,-0.2745602283755227,-0.26410491712734563,-4.213646665553371
John Rave,OF,OF,Free Agent,4418140,,,1,1.0,0.0,4.0,-1.0,0.2,0.51666667,3.0,15.0,17.0,5.0,-0.6740221629541272,-2.932968546749666,-1.2391476573603486,-0.9383839635604891,-1.2374703012861759,-0.8892929501933858,-0.11960013709131802,-0.1698995769188915,-4.593794586410608,0.352,,20.0,87.0,78.0,19.0,4.0,0.0,2.0,10.0,10.0,8.0,19.0,2.0,1.0,0.243995,0.313491,0.710081,96.8694,0.182981,29.0,1.0,-0.31396142,-1.455411,-0.7148508,-0.6920503,-0.73656166,-0.47866768,-0.07840991,-0.103958696,-2.804499,78.0,20.0,0.24274847106635572,0.7046009091023646,9.745000000000001,1.9433333333333334,28.291666666666668,0.9433333333333334,-0.4665902152017794,-1.957886109417526,-0.9658317983763295,-0.8692876293325261,-0.9982175878341831,-0.5731697662885173,-0.08899286213628747,-0.11272951777955066,-2.855195621709953
Nasim Nunez,SS,SS,Free Agent,4728688,,,1,6.0,0.0,8.0,6.0,0.19444444,0.49722222,7.0,36.0,41.0,19.0,-1.817653351089906,-7.739124712199198,-0.8132915890810685,-0.9383839635604891,-1.1245169656552263,1.2122908613485306,-0.32252884537513554,-0.4483082560780734,-2.4347387584014624,0.352,,11.0,48.0,42.0,9.0,1.0,0.0,0.0,5.0,3.0,5.0,11.0,4.0,1.0,0.222614,0.266892,0.575686,67.5465,0.106901,10.0,3.0,-1.0670577,-6.428273,-0.9796263,-1.0363903,-1.0720222,0.021627802,-0.26649082,-0.45916802,-3.7920694,42.0,11.0,0.22068908491880104,0.5703242878101786,5.068333333333333,0.0,9.863333333333333,3.205,-1.1777351033059469,-6.693864460881248,-1.2741156581086621,-1.2614084892945847,-1.4023654219023303,0.041155821316951634,-0.2246296948945809,-0.3854136913925542,-3.6993185055438875
Gage Workman,3B,"3B,SS",Free Agent,4424290,,,1,0.0,0.0,4.0,1.0,0.1875,0.48529412,3.0,16.0,17.0,8.0,-0.9189569738177359,-3.6304605831996435,-1.3243188710162048,-0.9383839635604891,-1.2374703012861759,-0.2888404326099811,-0.16306196752925467,-0.21030355671215387,-4.16237909271426,0.352,,,,,,,,,,,,,,,,,,,,,,,,,,,,,,,,,0.0053124999999999995,0.013750000066666665,0.0,0.0,0.11333333333333333,0.028333333333333332,-0.0,-0.0,-1.608218016428699,-1.2614084892945847,-1.616190585083904,-0.8217067947302288,1.9476213283723963e-16,-0.0,-0.1179340742935707
Graham Pauley,3B,3B,Free Agent,4622931,,,1,6.0,0.0,23.0,0.0,0.20987654,0.54531425,17.0,81.0,89.0,26.0,-2.839719939952288,-13.517576172448194,-0.8132915890810685,-0.9383839635604891,-0.7009419570391657,-0.5890666914016834,-0.5038868345674224,-0.7830395846600479,-4.328610620309877,0.352,,18.0,76.0,69.0,15.0,3.0,0.0,2.0,8.0,8.0,6.0,19.0,1.0,0.0,0.222862,0.285414,0.641971,77.1508,-0.0264657,24.0,1.0,-1.7359115,-5.987068,-0.82076097,-0.6920503,-0.8248408,-0.47866768,-0.43353269,-0.42765293,-3.6775053,69.0,18.0,0.22093582789075622,0.6276335753452174,7.703333333333333,1.7033333333333334,23.851666666666667,0.8516666666666667,-1.9178252617948626,-7.0427222029586645,-1.100417588886703,-0.9177142192420772,-1.0955902775291768,-0.5980687399939711,-0.3657872659215358,-0.4054999287119199,-3.7740858839708684
Bobby Dalbec,1B,"1B,3B",Free Agent,39382,19966,666915,1,2.0,0.0,5.0,0.0,0.22222222,0.61111111,4.0,18.0,21.0,7.0,-0.4088266355449529,-1.8195623360995996,-1.1539764437044926,-0.9383839635604891,-1.2092319673784384,-0.5890666914016834,-0.07254319567691501,-0.10540272292502599,-4.068604984647045,0.258,,,,,,,,,,,,,,,,,,,,,,,,,,,,,,,,,0.0077777777,0.02138888885,0.07,0.0,0.17500000000000002,0.0,-0.0,-0.0,-1.6036036464683432,-1.2614084892945847,-1.614838186615918,-0.8294028411482781,1.9476213283723963e-16,-0.0,-0.1424011744626466
Ben Rortvedt,C,C,Free Agent,40869,20287,666163,1,2.0,0.0,7.0,0.0,0.0952381,0.2968254,6.0,63.0,70.0,24.0,-9.430892784407334,-26.168467906348596,-1.1539764437044926,-0.9383839635604891,-1.1527552995629637,-0.5890666914016834,-1.6734406254018126,-1.5158742942645351,-7.023497317895977,0.21,,,,,,,,,,,,,,,,,,,,,,,,,,,,,,,,,0.011111111666666668,0.03462963,0.23333333333333334,0.0,0.8166666666666667,0.0,-0.0,-0.0,-1.5928367832275134,-1.2614084892945847,-1.6007659322868741,-0.8294028411482781,1.9476213283723963e-16,-0.0,-0.8194080204211973
Dominic Canzone,OF,OF,Free Agent,4345621,,,1,0.0,0.0,0.0,0.0,0.0,0.0,0.0,3.0,3.0,2.0,-0.7348044325908255,-2.136593719349933,-1.3243188710162048,-0.9383839635604891,-1.3504236369171252,-0.5890666914016834,-0.13038549131381014,-0.12376756285620584,-4.456346217065519,0.352,,5.0,22.0,20.0,5.0,1.0,0.0,1.0,2.0,3.0,2.0,5.0,0.0,0.0,0.226447,0.290104,0.658694,91.2062,0.0264863,9.0,0.0,-0.43146282,-1.4009213,-1.1384916,-0.86422026,-1.089678,-0.72881544,-0.10775512,-0.10006653,-4.029027,20.0,5.0,0.22531476609408854,0.6554005587100983,1.99,0.995,8.955,0.0,-0.46831261616374853,-1.4860290871831539,-1.477038070412874,-1.0606399186279045,-1.422285885822665,-0.8294028411482781,-0.0893213760792677,-0.0855613314782544,-4.0311635813279425
Trey Lipscomb,3B,3B,Free Agent,4413982,31567,702358,1,1.0,0.0,2.0,0.0,0.5,1.0,2.0,4.0,4.0,1.0,1.0202607565455661,1.1512083742000891,-1.2391476573603486,-0.9383839635604891,-1.2939469691016505,-0.5890666914016834,0.18103755790007434,0.06668663935685099,-3.812821084167246,0.14,,3.0,13.0,12.0,3.0,1.0,0.0,0.0,1.0,1.0,1.0,3.0,0.0,0.0,0.238636,0.269093,0.603635,69.0442,0.0167559,4.0,0.0,-0.112609684,-1.501261,-1.1914468,-1.0363903,-1.1779572,-0.72881544,-0.028123623,-0.10723374,-4.269967,12.0,3.0,0.24037842859824496,0.6062774463494619,1.0,0.0,3.9866666666666664,0.0,-0.10022361964837212,-1.4810948006375289,-1.5422984455664752,-1.2614084892945847,-1.5312453407704036,-0.8294028411482781,-0.01911567468749869,-0.08527722928242243,-4.266919439195962
Blake Dunn,OF,OF,Free Agent,4650237,,,1,10.0,1.0,14.0,0.0,0.15,0.55333333,9.0,60.0,75.0,28.0,-5.69608865181651,-9.531874586998665,-0.4726067344576443,-0.6976618100818384,-0.9550869622088021,-0.5890666914016834,-1.0107278678430032,-0.552157799772421,-4.277307865765392,0.352,,6.0,26.0,23.0,5.0,1.0,0.0,1.0,3.0,2.0,2.0,8.0,1.0,0.0,0.220919,0.291897,0.645276,77.6891,0.026094,9.0,1.0,-0.6233263,-1.9196739,-1.0855365,-0.86422026,-1.089678,-0.47866768,-0.15567178,-0.13712078,-3.8108952,23.0,6.0,0.21205412335693835,0.63378317503191,3.875,1.0,9.625,0.875,-0.8435542915427652,-2.2061332748589586,-1.3527796793375824,-1.0596310313381223,-1.4075922592245464,-0.5917308194144011,-0.1608913096029553,-0.12702288403601722,-3.869196787196733
Jose Barrero,SS,"SS,OF",Free Agent,40951,23378,676480,1,3.0,1.0,7.0,0.0,0.16666667,0.5994152,3.0,18.0,19.0,9.0,-1.4088265355449532,-2.0300887160995984,-1.0688052300486366,-0.6976618100818384,-1.1527552995629637,-0.5890666914016834,-0.2499856177585816,-0.11759799277607995,-3.8758726416297837,0.205,,9.0,40.0,35.0,9.0,2.0,0.0,1.0,5.0,4.0,3.0,9.0,1.0,0.0,0.243995,0.313491,0.710081,100.376,0.159589,14.0,1.0,-0.14088012,-0.653069,-0.9796263,-0.86422026,-1.0013989,-0.47866768,-0.035183977,-0.04664777,-3.4057448,35.0,9.0,0.2415462656298502,0.7065765648481827,4.9366666666666665,1.0,13.778333333333332,0.9683333333333334,-0.25144459453490153,-0.8093906877375662,-1.2827950682721883,-1.0596310313381223,-1.3165063948401905,-0.5663791370961209,-0.047958087005065465,-0.04660241547505509,-3.4206321729665157
Nick Maton,3B,"3B,SS,DH",Free Agent,41284,21635,665155,1,5.0,2.0,17.0,-1.0,0.16666667,0.6005291,9.0,54.0,63.0,23.0,-4.226479606634859,-6.030115548298794,-0.8984628027369245,-0.4569396566031875,-0.87037196048559,-0.8892929501933858,-0.7499568532757444,-0.34930960359713675,-4.214333826891969,0.242,,,,,,,,,,,,,,,,,,,,,,,,,,,,,,,,,0.01750000035,0.0630555555,0.525,0.21,1.785,-0.105,-0.0,-0.0,-1.5736102417260316,-1.2190352231237276,-1.579529621208499,-0.8579234837563434,1.9476213283723963e-16,-0.0,-0.44250505182365674
Johnathan Rodriguez,OF,OF,Free Agent,41349,,,1,0.0,0.0,0.0,0.0,0.0,0.0,0.0,5.0,5.0,4.0,-1.2246740543180425,-3.560989532249889,-1.3243188710162048,-0.9383839635604891,-1.3504236369171252,-0.5890666914016834,-0.21730915218968339,-0.2062792714270101,-4.625781586512196,0.352,,3.0,13.0,12.0,3.0,1.0,0.0,0.0,1.0,2.0,1.0,4.0,0.0,0.0,0.234,0.305259,0.688034,96.7594,0.0511851,4.0,0.0,-0.16824174,-0.48847318,-1.1914468,-1.0363903,-1.1779572,-0.72881544,-0.042017363,-0.034890767,-4.211518,12.0,3.0,0.23204999739925067,0.6823003813624382,0.9916666666666667,0.0,3.966666666666667,0.0,-0.2001647940363036,-0.5688195804818132,-1.5428477753236605,-1.2614084892945847,-1.5316839564897504,-0.8294028411482781,-0.038177478523649847,-0.03275101483321608,-4.214970008952289
DaShawn Keirsey Jr.,OF,OF,Free Agent,42753,,,1,6.0,1.0,10.0,3.0,0.109375,0.29261364,7.0,64.0,66.0,31.0,-8.675827895270944,-26.853393052798573,-0.8132915890810685,-0.6976618100818384,-1.0680402978397516,0.3116120849734235,-1.5394600692465708,-1.55555030535982,-5.362391986635626,0.352,,9.0,40.0,36.0,8.0,2.0,0.0,1.0,4.0,3.0,2.0,10.0,2.0,0.0,0.225334,0.277898,0.626198,76.9479,0.0576916,13.0,2.0,-0.816701,-3.6915157,-1.0325814,-0.86422026,-1.0190548,-0.22851995,-0.20396584,-0.26368266,-3.6120248,36.0,9.0,0.2125785131752491,0.5895037148422531,4.22,1.0,12.67,2.11,-1.3014678141729676,-5.047138736172105,-1.3300374273901152,-1.0596310313381223,-1.3408130159539935,-0.25627373731001457,-0.2482292641122423,-0.29059990423265175,-3.8045651763683592
Samad Taylor,2B,"2B,SS,OF",Free Agent,39710,22274,669392,1,1.0,0.0,1.0,0.0,0.125,0.25,1.0,8.0,9.0,3.0,-0.959478486908868,-3.6975832515998217,-1.2391476573603486,-0.9383839635604891,-1.322185303009388,-0.5890666914016834,-0.17025220367758273,-0.21419180603398702,-4.473227625043479,0.203,,,,,,,,,,,,,,,,,,,,,,,,,,,,,,,,,0.001875,0.00375,0.015,0.0,0.015,0.0,-0.0,-0.0,-1.6072292228657654,-1.2614084892945847,-1.6183471123706925,-0.8294028411482781,1.9476213283723963e-16,-0.0,-0.06709841437565219
Riley Adams,C,C,Free Agent,40655,19864,656180,1,3.0,2.0,12.0,0.0,0.13513514,0.45945946,5.0,37.0,37.0,14.0,-4.062587821953515,-9.351322518649177,-1.0688052300486366,-0.4569396566031875,-1.0115636300242767,-0.5890666914016834,-0.7208754951344638,-0.5416988672828775,-4.388949570495126,0.282,,19.0,77.0,69.0,15.0,3.0,0.0,2.0,7.0,8.0,6.0,23.0,0.0,0.0,0.219611,0.292556,0.659993,85.0153,0.169922,24.0,0.0,-1.9602306,-4.7435503,-0.8737161,-0.6920503,-0.8248408,-0.72881544,-0.4895549,-0.338829,-3.9478064,69.0,19.0,0.21440165904858696,0.647626758350486,6.753333333333333,2.0,23.259999999999998,0.0,-2.3686829119045414,-5.6631925755951285,-1.1630411812058152,-0.8578535733816599,-1.1085659925598534,-0.8294028411482781,-0.4517794521956304,-0.32607053345380643,-3.9750101897537955
Tsung-Che Cheng,2B,"2B,SS",Free Agent,42692,,,1,0.0,0.0,0.0,-1.0,0.0,0.0,0.0,7.0,7.0,3.0,-1.7145436760452595,-4.985385345149844,-1.3243188710162048,-0.9383839635604891,-1.3504236369171252,-0.8892929501933858,-0.30423281306555666,-0.28879097999781433,-5.095443214750576,0.352,,3.0,13.0,12.0,3.0,1.0,0.0,0.0,2.0,1.0,1.0,3.0,0.0,0.0,0.243995,0.313491,0.710081,96.2978,0.0505162,4.0,0.0,-0.048301756,-0.22390938,-1.1384916,-1.0363903,-1.1779572,-0.72881544,-0.012063136,-0.015993092,-4.1097107,12.0,3.0,0.2411483876655499,0.7017967031399409,1.9766666666666666,0.0,3.953333333333333,-0.011666666666666667,-0.09098411084071267,-0.3348637191517807,-1.4779169980243703,-1.2614084892945847,-1.531976366969315,-0.8325718014380632,-0.017353420986633002,-0.019280501250952497,-4.121210906108939
Oscar Gonzalez,OF,OF,Free Agent,39400,20970,660757,1,2.0,0.0,14.0,-1.0,0.22033898,0.48318977,13.0,59.0,61.0,20.0,-1.4511540209529017,-13.511480050548684,-1.1539764437044926,-0.9383839635604891,-0.9550869622088021,-0.8892929501933858,-0.2574963100410636,-0.7826864514726086,-4.976923081180842,0.297,,,,,,,,,,,,,,,,,,,,,,,,,,,,,,,,,0.022401129633333332,0.049124293283333335,0.20333333333333334,0.0,1.4233333333333333,-0.10166666666666667,-0.0,-0.0,-1.5948143703533801,-1.2614084892945847,-1.5874612554666874,-0.8570180665306906,1.9476213283723963e-16,-0.0,-0.5059871799200523
Jose Azocar,OF,OF,Free Agent,35058,18821,640492,1,5.0,0.0,5.0,1.0,0.27777778,0.62777778,5.0,18.0,20.0,9.0,0.5911734444550467,-1.5195622760995997,-0.8984628027369245,-0.9383839635604891,-1.2092319673784384,-0.2888404326099811,0.10489925834439065,-0.08802446521199073,-3.318044373153433,0.357,,3.0,13.0,12.0,3.0,1.0,0.0,0.0,2.0,1.0,1.0,3.0,0.0,0.0,0.243995,0.313491,0.710081,97.6996,0.0338659,4.0,0.0,-0.048301756,-0.22390938,-1.1384916,-1.0363903,-1.1779572,-0.72881544,-0.012063136,-0.015993092,-4.1097107,12.0,3.0,0.2451210887532641,0.7073375412127584,2.1,0.0,4.033333333333333,0.03333333333333333,-0.04331169778814237,-0.2683736622779711,-1.4697869176180292,-1.2614084892945847,-1.5302219040919276,-0.8203486688917495,-0.008260850366272145,-0.015452192743901826,-4.083321816019177
J.D. Davis,1B,"1B,3B",Free Agent,33796,16219,605204,1,0.0,0.0,1.0,0.0,0.11111111,0.22222222,1.0,9.0,9.0,5.0,-1.2044133077724766,-4.4097811780497995,-1.3243188710162048,-0.9383839635604891,-1.322185303009388,-0.5890666914016834,-0.21371403588994378,-0.2554476614779394,-4.643116526355649,0.121,,,,,,,,,,,,,,,,,,,,,,,,,,,,,,,,,0.00166666665,0.0033333333,0.0,0.0,0.015,0.0,-0.0,-0.0,-1.608218016428699,-1.2614084892945847,-1.6183471123706925,-0.8294028411482781,1.9476213283723963e-16,-0.0,-0.06964674789533473
Luke Williams,2B,2B,Free Agent,40466,19931,663897,1,2.0,0.0,3.0,2.0,0.15384615,0.38461538,2.0,13.0,13.0,9.0,-1.1841525912269106,-4.25857284384971,-1.1539764437044926,-0.9383839635604891,-1.265708635193913,0.011385826181721214,-0.21011892491347736,-0.24668853856280426,-3.803490679753456,0.135,,11.0,49.0,46.0,9.0,2.0,0.0,0.0,6.0,5.0,3.0,14.0,2.0,0.0,0.206897,0.229268,0.499444,40.3707,-0.149844,11.0,2.0,-1.8916643,-10.54762,-0.9266712,-1.0363903,-1.0543665,-0.22851995,-0.4724309,-0.75341105,-4.47179,46.0,11.0,0.2057475702376305,0.49695605426960854,5.913333333333332,0.0,10.826666666666666,2.0,-1.977210026573692,-10.706314104783782,-1.218413620730083,-1.2614084892945847,-1.3812387647537918,-0.2861525057565591,-0.37711373615767824,-0.6164391383254347,-4.457310021812393
Carson McCusker,OF,OF,Free Agent,4326103,,,1,0.0,0.0,1.0,0.0,0.16666667,0.33333333,1.0,6.0,6.0,5.0,-0.469608845181651,-2.2731874586998666,-1.3243188710162048,-0.9383839635604891,-1.322185303009388,-0.5890666914016834,-0.0833285392528607,-0.13168009862173305,-4.38896346686236,0.352,,4.0,18.0,16.0,4.0,1.0,0.0,1.0,2.0,2.0,2.0,4.0,0.0,0.0,0.243995,0.313491,0.710081,101.986,0.0317983,8.0,0.0,-0.06440234,-0.29854584,-1.1384916,-0.86422026,-1.1073339,-0.72881544,-0.016084153,-0.02132434,-3.8762696,16.0,4.0,0.24322171269213602,0.7063135047420318,1.98,0.99,7.93,0.0,-0.08813894736223915,-0.37421613323558667,-1.477697266121496,-1.061648805917687,-1.4447649414391894,-0.8294028411482781,-0.016810762283244855,-0.021546301412560677,-3.8813965178130023
Brett Wisely,2B,"2B,SS",Free Agent,4997597,,,1,1.0,0.0,0.0,-1.0,0.0,0.0,0.0,10.0,12.0,5.0,-2.449348108636085,-7.121979064499778,-1.2391476573603486,-0.9383839635604891,-1.3504236369171252,-0.8892929501933858,-0.43461830437936655,-0.41255854285402077,-5.264425055264736,0.352,,4.0,17.0,16.0,4.0,1.0,0.0,0.0,2.0,2.0,1.0,4.0,0.0,0.0,0.232693,0.284705,0.638405,81.2836,0.027886,5.0,0.0,-0.24523425,-1.4453611,-1.1384916,-1.0363903,-1.1603013,-0.72881544,-0.061245743,-0.10324084,-4.2284856,16.0,4.0,0.22803914159536362,0.6256369245052338,1.98,0.0,4.9,-0.02,-0.3310600849105976,-1.665041417024355,-1.477697266121496,-1.2614084892945847,-1.511215222920232,-0.8348353445021953,-0.06314316832069747,-0.09586835266938795,-4.249204373679147
Daz Cameron,OF,OF,Free Agent,34964,18353,663662,1,7.0,1.0,11.0,1.0,0.2,0.53650794,7.0,35.0,36.0,16.0,-1.572718380226297,-6.1491488257492195,-0.7281203754252125,-0.6976618100818384,-1.0398019639320142,-0.2888404326099811,-0.27906698654640844,-0.3562049054579455,-3.3896964740534004,0.227,,13.0,56.0,51.0,12.0,2.0,0.0,1.0,6.0,6.0,4.0,15.0,2.0,0.0,0.226261,0.294935,0.66267,85.8946,0.131003,17.0,2.0,-1.109716,-3.369574,-0.9266712,-0.86422026,-0.9484315,-0.22851995,-0.27714443,-0.2406865,-3.4856737,51.0,13.0,0.224685344517231,0.6551002917114319,6.06,1.0,16.639999999999997,1.94,-1.226297671637294,-3.804687789249027,-1.2087454170036238,-1.0596310313381223,-1.25374779566365,-0.3024500158183107,-0.2338920450418652,-0.21906310981050173,-3.479915034483548
Jacob Amaya,SS,SS,Free Agent,42106,23296,676070,1,6.0,0.0,7.0,2.0,0.09677419,0.23230621,6.0,62.0,68.0,28.0,-9.185958493543726,-29.75328517989862,-0.8132915890810685,-0.9383839635604891,-1.1527552995629637,0.011385826181721214,-1.6299788872339447,-1.723533847512267,-6.246557760769012,0.195,,,,,,,,,,,,,,,,,,,,,,,,,,,,,,,,,0.010967741533333332,0.026328037133333333,0.6799999999999999,0.0,0.7933333333333333,0.22666666666666666,-0.0,-0.0,-1.5633927082423869,-1.2614084892945847,-1.6012776506261122,-0.7678344698038834,1.9476213283723963e-16,-0.0,-0.7079432128871547
Mickey Gasper,2B,2B,Free Agent,5132012,,,1,5.0,0.0,7.0,0.0,0.17647059,0.48793363,6.0,34.0,39.0,15.0,-2.327783509362688,-7.624985399299242,-0.8984628027369245,-0.9383839635604891,-1.1527552995629637,-0.5890666914016834,-0.41304758528783586,-0.44169644941788744,-4.4334127919677835,0.352,,2.0,9.0,8.0,2.0,0.0,0.0,0.0,1.0,1.0,1.0,2.0,0.0,0.0,0.242986,0.318681,0.705421,105.637,0.0142133,2.0,0.0,-0.04027319,-0.186553,-1.1914468,-1.0363903,-1.2132688,-0.72881544,-0.010058054,-0.013324742,-4.193304,8.0,2.0,0.23866249238819087,0.6912842937571594,1.26,0.0,2.325,0.0,-0.08054323611268077,-0.3073417544967727,-1.525159357142297,-1.2614084892945847,-1.5676869967861349,-0.8294028411482781,-0.015362030479542812,-0.017695864744783147,-4.208911129344727
Nick Kurtz,1B,1B,The New Vegas,4966637,sa3025385,701762,0,11.0,5.0,42.0,-1.0,0.24468085,0.76162333,23.0,94.0,108.0,28.0,-0.023872321179197853,4.645989813702099,-0.3874355208017883,0.2652268038327649,-0.1644136127921556,-0.8892929501933858,-0.004235962914344866,0.2691306405560451,-0.9110206023128645,,,68.0,294.0,264.0,60.0,11.0,1.0,10.0,34.0,32.0,24.0,85.0,2.0,1.0,0.227278,0.301039,0.683325,92.8104,0.0872261,103.0,1.0,-5.4759274,-11.989588,0.5560719,0.68530947,0.56996906,-0.47866768,-1.3675773,-0.85641015,-0.8913046,264.0,68.0,0.23041050820782472,0.6974186933785005,29.860000000000003,9.100000000000001,92.02000000000001,0.6400000000000001,-4.8364506153351305,-8.522796398359448,0.360140369517299,0.574766378109223,0.39939485055450646,-0.6555627338229281,-0.9224573701215529,-0.4907183944454167,-0.8948534903872934
