name,position,eligible_positions,team,player_id,fangraphs_id,mlbamid,is_free_agent,k,qs,era,whip,k_bb,svhd,g,ip,er,bb,team_kbb_contribution,era_diff,whip_diff,k_z,qs_z,svhd_z,era_z,whip_z,k_bb_z,current_pr
Dylan Cease,P,"P,SP",Corb Your Enthusiasm: S2,34943,18525,656302,0,78.0,4.0,4.66492147,1.28795812,3.7142857142857144,0.0,12.0,63.666666666666664,33.0,21.0,0.004253858180383041,-1.6365858571463412,-0.04049518734906858,2.381706134848967,1.1196910827916817,-0.682754177022791,-0.9432696391038318,-0.1392741283541732,1.615029308876462,3.3511285820363144
Pablo Lopez,P,"P,SP",Corb Your Enthusiasm: S2,39671,17085,641154,0,61.0,3.0,2.81868132,1.07142857,4.357142857142857,0.0,11.0,60.666666666666664,19.0,14.0,0.004484270098723098,2.0796367423441113,0.38821225115324115,1.558195300401622,0.6986325749226511,-0.682754177022791,1.1986283462319989,1.335169101199934,1.7025283069603154,5.810399452693731
Luis Castillo,P,"P,SP",Corb Your Enthusiasm: S2,35124,15689,622491,0,55.0,7.0,3.02926829,1.27317073,2.391304347826087,0.0,12.0,68.33333333333333,23.0,23.0,-0.0008943584650236147,1.8749061384777355,-0.010632692953418711,1.2675444176555004,2.3828666063987733,-0.682754177022791,1.0806289379032015,-0.03656876631733928,-0.34000757305633844,3.6717094455610066
Ryan Walker,P,"P,RP",Corb Your Enthusiasm: S2,5000950,20423,676254,0,20.0,0.0,4.5,1.18181818,2.857142857142857,13.0,25.0,22.0,11.0,7.0,0.00032368947668937054,-0.4476374360736567,0.061874769874418645,-0.4279190650302096,-0.5645429486844407,2.269858185014366,-0.2580022312491526,0.21280441468491876,0.12254651392752816,1.3547448686630104
Carlos Rodon,P,"P,SP",Corb Your Enthusiasm: S2,33696,16137,607074,0,98.0,7.0,2.48535565,0.92887029,3.6296296296296298,0.0,13.0,79.66666666666667,22.0,27.0,0.005046542537644694,3.5937349587360177,0.8787944501077245,3.3505424106693726,2.3828666063987733,-0.682754177022791,2.0713004837231885,3.022416713033259,1.9160514415717567,12.06042347837356
Kenley Jansen,P,"P,RP",Corb Your Enthusiasm: S2,29630,3096,445276,0,18.0,0.0,4.65517241,1.44827586,2.0,12.0,21.0,19.333333333333332,10.0,9.0,-0.000995043849827404,-0.49084984720244235,-0.11300049938936682,-0.5248026926122501,-0.5645429486844407,2.0427341571653543,-0.28290832173763425,-0.38863991220433997,-0.3782428794393035,-0.09640259751261393
Tyler Rogers,P,"P,RP",Corb Your Enthusiasm: S2,34026,15541,643511,0,26.0,0.0,1.64634146,0.73170732,8.666666666666666,13.0,29.0,27.333333333333332,5.0,3.0,0.003330287204601934,1.9781033141064124,0.4766063022843735,-0.13726818228408785,-0.5645429486844407,2.269858185014366,1.1401081043561794,1.6391806450128261,1.2643029418449314,5.611638745259775
David Peterson,P,"P,SP",Corb Your Enthusiasm: S2,40921,20302,656849,0,59.0,6.0,2.68586387,1.2565445,2.5652173913043477,0.0,11.0,63.666666666666664,19.0,23.0,-0.0001645646317811611,2.4572170204002868,0.02448582581101168,1.4613116728195816,1.9618080985297428,-0.682754177022791,1.416252133618135,0.08421351449653629,-0.06286813653532305,4.1779631059058815
Tyler Mahle,P,"P,SP",Corb Your Enthusiasm: S2,34973,16358,641816,0,53.0,7.0,2.01869159,1.06542056,2.0384615384615383,0.0,13.0,71.33333333333333,16.0,26.0,-0.0026833115102959937,4.299387826282378,0.4703938482035499,1.1706607900734598,2.3828666063987733,-0.682754177022791,2.478013594921436,1.6178143004250432,-1.019363051748948,5.9472380630469734
Bryan King,P,"P,RP",Corb Your Enthusiasm: S2,5201821,,,0,26.0,0.0,3.28378378,1.05405405,4.333333333333333,12.0,27.0,24.666666666666668,9.0,6.0,0.001898498691190298,0.47281845051700416,0.17176904330639028,-0.13726818228408785,-0.5645429486844407,2.0427341571653543,0.2725156686606553,0.59076115832016,0.7205808058806287,2.9247806590582694
Landen Roupp,P,"P,RP,SP",Corb Your Enthusiasm: S2,4345404,30076,694738,0,61.0,5.0,3.17647059,1.37967914,2.772727272727273,0.0,12.0,62.333333333333336,22.0,22.0,0.0006756304948472014,1.4121600860269923,-0.22540429980833732,1.558195300401622,1.5407495906607123,-0.682754177022791,0.8139186397627572,-0.7752276119253683,0.25619622569275463,2.711077967569687
Drew Rasmussen,P,"P,SP,RP",Corb Your Enthusiasm: S2,42584,25385,656876,0,56.0,3.0,2.14285714,0.87301587,4.3076923076923075,0.0,12.0,63.0,15.0,13.0,0.004047223512844145,3.542968251440173,0.8092747309640357,1.3159862314465207,0.6986325749226511,-0.682754177022791,2.042040366717815,2.7833192073543067,1.5365597292240785,7.693783932642581
A.J. Puk,P,"P,RP",Corb Your Enthusiasm: S2,36201,19343,640462,0,12.0,0.0,3.375,1.25,6.0,6.0,8.0,8.0,3.0,2.0,0.0012437971214080967,0.1296372405342675,0.004777825541405767,-0.8154535753583719,-0.5645429486844407,0.6799899900712816,0.07471827558524496,0.016432260998611725,0.47195767990446835,-0.1368983174832058
Ranger Suarez,P,"P,SP",Corb Your Enthusiasm: S2,39817,17277,624133,0,33.0,5.0,2.72477064,1.18348624,3.3,0.0,6.0,36.333333333333336,11.0,10.0,0.0012720668278052294,1.3563571729833144,0.10021799492006099,0.20182451425305417,1.5407495906607123,-0.682754177022791,0.7817558336271634,0.3446773506090577,0.48269310975416546,2.668946221881362
Zack Wheeler,P,"P,SP",Cornwood Fancymen,31267,10310,554430,0,94.0,9.0,2.96052632,0.92105263,5.222222222222222,0.0,12.0,76.0,25.0,18.0,0.008604855833818092,2.255004489733172,0.8576518188077623,3.1567751555052914,3.2249836221368344,-0.682754177022791,1.2997040527510364,2.9497013673791384,3.267322029164009,13.21573204991352
Michael King,P,"P,SP",Cornwood Fancymen,40429,19853,650633,0,64.0,2.0,2.58682635,1.0239521,3.764705882352941,0.0,10.0,55.666666666666664,16.0,17.0,0.003602671124117496,2.3275797660034065,0.44208447285149105,1.703520741774683,0.27757406705362053,-0.682754177022791,1.341533850042975,1.5204505435316011,1.3677408205079176,5.528065845888006
Spencer Schwellenbach,P,"P,SP",Cornwood Fancymen,4424862,31846,680885,0,71.0,9.0,3.13392857,1.03125,5.916666666666667,0.0,12.0,74.66666666666667,26.0,12.0,0.007266324259108892,1.7947765618166776,0.5752711869332784,2.042613438311825,3.2249836221368344,-0.682754177022791,1.0344451116599442,1.9785164206493178,2.7590142448513753,10.356818660586507
Robert Suarez,P,"P,RP",Cornwood Fancymen,4148749,30115,663158,0,29.0,0.0,1.97560976,0.76829268,3.625,19.0,27.0,27.333333333333332,6.0,8.0,0.0014936935842571053,1.6856888175927156,0.4441158085922315,0.008057259088973008,-0.5645429486844407,3.6326023521084387,0.9715708318441517,1.527436867912511,0.5668559398621689,6.1419803021318025
Lucas Erceg,P,"P,RP",Cornwood Fancymen,36618,19360,668674,0,18.0,0.0,1.95652174,0.73913043,6.0,14.0,24.0,23.0,5.0,3.0,0.0018653540421773585,1.432709592192749,0.3954996139703039,-0.5248026926122501,-0.5645429486844407,2.4969822128633785,0.8257626412125401,1.3602323536698693,0.7079941150472447,4.301625681496342
Shane Baz,P,"P,SP",Cornwood Fancymen,39639,22264,669358,0,55.0,4.0,4.92265193,1.37569061,2.5,0.0,11.0,60.333333333333336,33.0,22.0,-0.0004192600161014859,-2.056119470959675,-0.21035352006948238,1.2675444176555004,1.1196910827916817,-0.682754177022791,-1.1850738309008062,-0.7234638255003161,-0.15958878842330357,-0.3636451214000349
Brady Singer,P,"P,SP",Cornwood Fancymen,41172,25377,663903,0,53.0,4.0,4.66492147,1.33507853,2.0384615384615383,0.0,12.0,63.666666666666664,33.0,26.0,-0.0026833115102959937,-1.6365858571463412,-0.13796666571795327,1.1706607900734598,1.1196910827916817,-0.682754177022791,-0.9432696391038318,-0.4745054503431368,-1.019363051748948,-0.8295404453535662
Alex Vesia,P,"P,RP",Cornwood Fancymen,42622,25007,681911,0,35.0,0.0,3.15584416,1.20779221,3.888888888888889,13.0,29.0,25.666666666666668,9.0,9.0,0.002114522640020766,0.5986785328415367,0.05052689556905561,0.29870814183509475,-0.5645429486844407,2.269858185014366,0.3450569251510715,0.17377594226599805,0.8026159680413247,3.3254722136234145
Matthew Liberatore,P,"P,SP,RP",Cornwood Fancymen,41173,22294,669461,0,56.0,7.0,3.07772021,1.05699482,6.222222222222222,0.0,11.0,64.33333333333333,22.0,9.0,0.005955751833362832,1.663880261506224,0.4418453721381837,1.3159862314465207,2.3828666063987733,-0.682754177022791,0.9590011589857109,1.5196282101726346,2.2613239561057092,7.756051986086557
Abner Uribe,P,"P,RP",Cornwood Fancymen,4917865,,,0,39.0,0.0,1.53409091,1.15909091,3.25,17.0,30.0,29.333333333333332,5.0,12.0,0.0014162328514304434,2.229823487852817,0.10416002316039963,0.49247539699917586,-0.5645429486844407,3.1783542964104146,1.2851906225803933,0.358235073959937,0.5374402023343429,5.287152643599823
Phil Maton,P,"P,RP",Cornwood Fancymen,36161,18064,664208,0,28.0,0.0,2.45454545,1.13636364,4.666666666666667,13.0,24.0,22.0,6.0,6.0,0.0022645309020248305,1.0144350172533794,0.0943652648661808,-0.04038455470204728,-0.5645429486844407,2.269858185014366,0.5846841144572597,0.3245481962549865,0.8595816524738645,3.4337446448139888
Jameson Taillon,P,"P,SP",Cornwood Fancymen,31258,11674,592791,0,53.0,8.0,3.76442308,1.00961538,4.076923076923077,0.0,12.0,69.33333333333333,29.0,13.0,0.0034988776894113727,0.2462792743188874,0.582916146599508,1.1706607900734598,2.803925114267804,-0.682754177022791,0.1419465781102356,2.004809547401364,1.3283252312020548,6.766913084032127
Logan Gilbert,P,"P,SP",Soggy Bottom Boys and devil,41221,22250,669302,0,44.0,1.0,2.37362637,0.79120879,7.333333333333333,0.0,6.0,30.333333333333332,8.0,6.0,0.005192788588701092,1.4784401110690262,0.47027536593030345,0.7346844659542773,-0.14348444081541006,-0.682754177022791,0.8521200790750865,1.6174068071792513,1.9715884252197518,4.3495611595901655
Josh Hader,P,"P,RP",Soggy Bottom Boys and devil,32760,14212,623352,0,39.0,0.0,1.38461538,0.73076923,6.5,16.0,24.0,26.0,4.0,6.0,0.00427770806161476,2.1027043532249134,0.4541496686827745,0.49247539699917586,-0.5645429486844407,2.9512302685614027,1.2119236933080528,1.561946082701222,1.624086308736662,7.277118801622075
George Kirby,P,"P,SP",Soggy Bottom Boys and devil,42406,25436,669923,0,11.0,0.0,8.56097561,1.82926829,2.75,0.0,3.0,13.666666666666666,13.0,4.0,0.00010660281321417386,-2.081300489735089,-0.24905432972620362,-0.8638953891493921,-0.5645429486844407,-0.682754177022791,-1.1995872708091577,-0.8565665936164036,0.04010778554798082,-4.127238593734204
Hunter Greene,P,"P,SP",Soggy Bottom Boys and devil,39635,22182,668881,0,73.0,5.0,2.7150838,0.97206704,5.214285714285714,0.0,11.0,59.666666666666664,18.0,14.0,0.006677252554863511,2.2461911439702833,0.5744353870329714,2.1394970658938655,1.5407495906607123,-0.682754177022791,1.2946243550127503,1.9756418740620814,2.535314080847931,8.80307278945455
Andres Munoz,P,"P,RP",Soggy Bottom Boys and devil,40939,20373,662253,0,33.0,0.0,1.4025974,0.85714286,3.6666666666666665,17.0,26.0,25.666666666666668,4.0,9.0,0.0017486912882738181,2.0607509885512094,0.34294138504314464,0.20182451425305417,-0.5645429486844407,3.1783542964104146,1.1877432722307504,1.1794700952175066,0.6636913977494464,5.846540627176731
Freddy Peralta,P,"P,SP",Soggy Bottom Boys and devil,39825,18679,642547,0,75.0,4.0,2.91549296,1.21126761,2.586206896551724,0.0,13.0,71.0,23.0,29.0,-9.633349701676508e-05,2.210533030849684,0.13175206355713195,2.236380693475906,1.1196910827916817,-0.682754177022791,1.2740722921023204,0.4531317179152441,-0.036957341759516815,4.363564267502845
Seth Lugo,P,"P,SP",Soggy Bottom Boys and devil,34873,12447,607625,0,45.0,6.0,3.45,1.15,2.6470588235294117,0.0,10.0,60.0,23.0,17.0,0.0001323514894142619,0.8260720589992074,0.23077668490427491,0.7831262797452976,1.9618080985297428,-0.682754177022791,0.47611843250596125,0.7937047273655278,0.04988585339153815,3.381889214515277
Nick Pivetta,P,"P,SP",Soggy Bottom Boys and devil,36071,15454,601713,0,71.0,7.0,2.74331551,1.01069519,3.9444444444444446,0.0,11.0,62.333333333333336,19.0,18.0,0.0044047097417800885,2.2894035556405776,0.5218771600552419,2.042613438311825,2.3828666063987733,-0.682754177022791,1.3195304458133381,1.794879622314346,1.6723152365173495,8.529451172332841
Jose Berrios,P,"P,SP",Soggy Bottom Boys and devil,32811,14168,621244,0,65.0,7.0,3.85714286,1.3,2.3214285714285716,0.0,12.0,70.0,30.0,28.0,-0.0014444309222700902,0.03777151061825097,-0.07191077262987633,1.7519625555657032,2.3828666063987733,-0.682754177022791,0.021770149750290693,-0.24732099868977406,-0.5488977608093669,2.677626375192835
Ryan Pressly,P,"P,RP",Soggy Bottom Boys and devil,33072,7005,519151,0,13.0,0.0,4.5,1.63636364,1.1818181818181819,7.0,24.0,22.0,11.0,11.0,-0.00286135901336948,-0.4476374360736567,-0.2630302229306602,-0.7670117615673516,-0.5645429486844407,0.9071140179202938,-0.2580022312491526,-0.9046335485175635,-1.086976646750876,-2.6740531188490904
Shane Smith,P,"P,SP,RP",Soggy Bottom Boys and devil,5201814,,,0,60.0,3.0,2.45454545,1.13903743,2.4,0.0,12.0,62.333333333333336,17.0,25.0,-0.0009321259281245275,2.874232548884575,0.26195318106005316,1.509753486610602,0.6986325749226511,-0.682754177022791,1.6566049909622362,0.9009293041974487,-0.35434977898607517,3.728816400684072
Ben Casparius,P,"P,SP,RP",Soggy Bottom Boys and devil,4326800,,,0,44.0,0.0,2.53846154,0.8974359,6.285714285714286,7.0,20.0,39.0,11.0,7.0,0.00471527227632329,1.691984071961664,0.4700362560113546,0.7346844659542773,-0.5645429486844407,0.9071140179202938,0.975199191633976,1.6165844421595423,1.7902514561828933,5.459290625166542
Corbin Burnes,P,"P,SP",Soggy Bottom Boys and devil,39878,19361,669203,0,63.0,7.0,2.65803109,1.16580311,2.423076923076923,0.0,11.0,64.33333333333333,19.0,26.0,-0.000859825004095871,2.5411237332858416,0.2144118802287353,1.6550789279836626,2.3828666063987733,-0.682754177022791,1.4646129662847154,0.7374216464348134,-0.3268934804637585,5.230332489615415
Tony Gonsolin,P,"P,SP",Soggy Bottom Boys and devil,38958,19388,664062,0,32.0,1.0,5.22580645,1.4516129,2.1333333333333333,0.0,6.0,31.0,18.0,15.0,-0.0012911580263739175,-1.3617980651546209,-0.1845515408443897,0.15338270046203387,-0.14348444081541006,-0.682754177022791,-0.7848917695589213,-0.6347236960767659,-0.4906923306348187,-2.583163713646673
Daniel Palencia,P,"P,RP",Soggy Bottom Boys and devil,4875225,,,0,22.0,0.0,1.74193548,0.77419355,3.142857142857143,10.0,19.0,20.666666666666668,4.0,7.0,0.0006896547099919381,1.431450544871254,0.3318326206567304,-0.331035437448169,-0.5645429486844407,1.58848610146733,0.825036971301991,1.1412639878182949,0.26152192578204353,2.92073060023705
Paul Skenes,P,"P,SP",North Hollywood Fantasy Basebal,4719507,33677,694973,0,85.0,10.0,2.052,0.876,4.473684210526316,0.0,13.0,83.33333333333333,19.0,19.0,0.006484527421477537,4.932465424923019,1.0623895648140262,2.720798831386109,3.6460421300058647,-0.682754177022791,2.8428969130723885,3.653850995591101,2.4621266511423126,14.642961344174987
Garrett Crochet,P,"P,SP",North Hollywood Fantasy Basebal,4297835,27463,676979,0,101.0,8.0,1.97560976,1.06097561,3.8846153846153846,0.0,13.0,82.0,18.0,26.0,0.006069423719463618,5.057066452778146,0.5525754439542386,3.4958678520424336,2.803925114267804,-0.682754177022791,2.9147124955324553,1.9004594951804001,2.304490890419591,12.736701670419894
Edwin Diaz,P,"P,RP",North Hollywood Fantasy Basebal,35394,14710,621242,0,39.0,0.0,2.48684211,0.98684211,3.5454545454545454,13.0,25.0,25.333333333333332,7.0,11.0,0.0018927093720755295,1.141554149498647,0.2317331029197378,0.49247539699917586,-0.5645429486844407,2.269858185014366,0.6579510423563341,0.796994112948501,0.7183823101353595,4.371118098769296
Ryan Helsley,P,"P,RP",North Hollywood Fantasy Basebal,39909,18138,664854,0,23.0,0.0,3.0,1.42857143,2.090909090909091,13.0,21.0,21.0,7.0,11.0,-0.0010328711728138096,0.5961604351660997,-0.10929757976835706,-0.28259362365714874,-0.5645429486844407,2.269858185014366,0.34360558358217924,-0.3759045494034179,-0.3926078171792859,0.9978148296722522
Bailey Ober,P,"P,SP",North Hollywood Fantasy Basebal,3107919,21224,641927,0,50.0,6.0,3.48387097,1.35483871,3.5714285714285716,0.0,12.0,62.0,24.0,14.0,0.0024740361805943856,0.7853777420802056,-0.1741600954929575,1.025335348700399,1.9618080985297428,-0.682754177022791,0.45266368158889314,-0.5989846468612292,0.9391413475633341,3.097209652498349
Bryan Woo,P,"P,SP",North Hollywood Fantasy Basebal,4629089,30279,693433,0,63.0,9.0,2.81516588,0.95260664,7.0,0.0,11.0,70.33333333333333,22.0,9.0,0.007236161564476706,2.4190407928174933,0.7215979734169945,1.6550789279836626,3.2249836221368344,-0.682754177022791,1.3942487194635258,2.4817746341924503,2.747559952127115,10.820891678880798
Kodai Senga,P,"P,SP",North Hollywood Fantasy Basebal,4142421,31838,673540,0,59.0,5.0,1.59677419,1.17741935,2.107142857142857,0.0,11.0,62.0,11.0,28.0,-0.002538123959091365,4.586766123979548,0.18323540270084282,1.4613116728195816,1.5407495906607123,-0.682754177022791,2.6436481822982008,0.630197133669334,-0.9642280337508594,4.628924368674179
Ronel Blanco,P,"P,SP",North Hollywood Fantasy Basebal,41829,19407,669854,0,48.0,4.0,4.09655172,1.17931034,2.4,0.0,9.0,48.333333333333336,22.0,20.0,-0.000746381374794769,-0.34988114741780646,0.13987524143673444,0.9284517211183585,1.1196910827916817,-0.682754177022791,-0.20165899773171397,0.4810695691195195,-0.28381322674097675,1.3609859715340777
Jason Adam,P,"P,RP",North Hollywood Fantasy Basebal,32145,11861,592094,0,35.0,0.0,1.2,1.03333333,2.3333333333333335,15.0,30.0,30.0,4.0,15.0,-0.0007430125851164426,2.6061447046165833,0.2291050918183639,0.29870814183509475,-0.5645429486844407,2.7241062407123904,1.5020887320036447,0.7879556572847722,-0.28253392780656245,4.465781895344899
MacKenzie Gore,P,"P,SP",North Hollywood Fantasy Basebal,39636,22201,669022,0,101.0,7.0,3.16097561,1.2,4.809523809523809,0.0,12.0,68.33333333333333,24.0,21.0,0.008451704502704604,1.582491641964039,0.15181979770913254,3.4958678520424336,2.3828666063987733,-0.682754177022791,0.9120916653911739,0.522150195542498,3.209162763253722,9.83938490560581
Max Scherzer,P,"P,SP",North Hollywood Fantasy Basebal,28976,3137,453286,0,1.0,0.0,6.0,1.0,1.0,0.0,1.0,3.0,2.0,0.0,0.00018321729571280088,-0.20724871356329727,0.026159558745993596,-1.348313527059595,-0.5645429486844407,-0.682754177022791,-0.11945075682644411,0.08996994410897119,0.06920215924894994,-2.5558893062353496
Jesus Luzardo,P,"P,SP",North Hollywood Fantasy Basebal,39667,19959,666200,0,81.0,7.0,3.58293839,1.33649289,3.6818181818181817,0.0,12.0,70.33333333333333,28.0,22.0,0.004325265531343714,0.6645538569476752,-0.15564548309208917,2.527031576222028,2.3828666063987733,-0.682754177022791,0.383025109297422,-0.5353077836893491,1.6421462727466194,5.717007603952702
Shelby Miller,P,"P,RP",North Hollywood Fantasy Basebal,30738,10197,571946,0,27.0,0.0,1.82432432,1.09459459,2.7,13.0,25.0,24.666666666666668,5.0,10.0,0.0001747734847179494,1.6424764110125996,0.13927854484897498,-0.08882636849306756,-0.5645429486844407,2.269858185014366,0.9466647439773609,0.4790173648307543,0.06599561938164791,3.108166596026621
Will Vest,P,"P,RP",North Hollywood Fantasy Basebal,41606,19769,676684,0,29.0,0.0,1.92857143,1.03571429,3.2222222222222223,10.0,26.0,28.0,6.0,9.0,0.0010170285847803662,1.7695955456405037,0.21166537883979175,0.008057259088973008,-0.5645429486844407,1.58848610146733,1.019931673249702,0.7279756699618231,0.38584225716585846,3.1657500122492457
Dylan Lee,P,"P,RP",North Hollywood Fantasy Basebal,41455,19996,669276,0,25.0,0.0,2.52,1.04,3.125,9.0,27.0,25.0,7.0,8.0,0.0007618970237013301,1.0996007904566294,0.18550582399265803,-0.18570999607510813,-0.5645429486844407,1.3613620736183178,0.6337706245249347,0.6380057392621068,0.28895596701728077,2.1718414596630913
Mason Miller,P,"P,RP",A Drive Into Deep Left Field ,4730225,31757,695243,0,37.0,0.0,5.49152542,1.3220339,3.7,12.0,20.0,19.666666666666668,12.0,10.0,0.0020035957231963053,-1.0337254642927598,-0.0342827200554419,0.3955917694171353,-0.5645429486844407,2.0427341571653543,-0.5958024391925819,-0.11790773832391285,0.7604914366690085,1.9205642370505627
Tyler Glasnow,P,"P,SP",A Drive Into Deep Left Field ,33190,14374,607192,0,23.0,1.0,4.5,1.27777778,2.090909090909091,0.0,5.0,18.0,9.0,11.0,-0.0010328711728138096,-0.3662488113329918,-0.005495143276767985,-0.28259362365714874,-0.14348444081541006,-0.682754177022791,-0.21109273465839765,-0.018899314712536426,-0.3926078171792859,-1.7314321080455697
Emmanuel Clase,P,"P,RP",A Drive Into Deep Left Field ,41743,21032,661403,0,26.0,0.0,3.96,1.32,5.2,14.0,26.0,25.0,11.0,5.0,0.0023755868034447403,-0.07005716960575949,-0.04192766824169537,-0.13726818228408785,-0.5645429486844407,2.4969822128633785,-0.04037845054208608,-0.14420082559315242,0.9017551657866608,2.5123469715462723
Roki Sasaki,P,"P,SP",A Drive Into Deep Left Field ,5134638,35323,808963,0,24.0,1.0,4.7184466,1.48543689,1.0909090909090908,0.0,8.0,34.333333333333336,18.0,22.0,-0.006076194322671036,-0.9422644352043378,-0.24212669451003907,-0.23415180986612844,-0.14348444081541006,-0.682754177022791,-0.5430875684611857,-0.8327405436719977,-2.307811361356777,-4.74402990119429
Felix Bautista,P,"P,RP",A Drive Into Deep Left Field ,4905859,20666,642585,0,25.0,0.0,3.66101695,1.3220339,1.7857142857142858,10.0,20.0,19.666666666666668,8.0,14.0,-0.002094677269698142,0.13593249284548437,-0.0342827200554419,-0.18570999607510813,-0.5645429486844407,1.58848610146733,0.0783466341890662,-0.11790773832391285,-0.7958290147025323,0.0028430378704020765
Jack Flaherty,P,"P,SP",A Drive Into Deep Left Field ,33837,17479,656427,0,76.0,4.0,3.71938776,1.08673469,3.8,0.0,12.0,65.33333333333333,27.0,20.0,0.004364973134150407,0.32766789559389853,0.38558423831904076,2.2848225072669264,1.1196910827916817,-0.682754177022791,0.18885607270351154,1.3261306395765369,1.6572252473366818,5.893971372652547
Cristopher Sanchez,P,"P,SP",A Drive Into Deep Left Field ,42359,20778,650911,0,74.0,6.0,3.15228426,1.30964467,2.8461538461538463,0.0,12.0,65.66666666666667,23.0,26.0,0.0011460101527238642,1.5392792374416544,-0.08803646922759507,2.1879388796848858,1.9618080985297428,-0.682754177022791,0.8871855787103861,-0.3027817209329269,0.4348230479497983,4.486219706919095
Robbie Ray,P,"P,SP",A Drive Into Deep Left Field ,32175,11486,592662,0,78.0,8.0,2.43127962,1.10900474,2.6,0.0,12.0,70.33333333333333,19.0,30.0,-2.423756499414509e-05,3.296284272178227,0.3642024953673029,2.381706134848967,2.803925114267804,-0.682754177022791,1.899860531132015,1.2525929229430377,-0.00957888901563301,7.645751637153398
Ryan Pepiot,P,"P,SP",A Drive Into Deep Left Field ,4208281,26221,686752,0,56.0,8.0,3.21428571,1.15714286,2.8,0.0,12.0,70.0,25.0,20.0,0.0007140056277612494,1.499843976941487,0.2529942097782431,1.3159862314465207,2.803925114267804,-0.682754177022791,0.8644565029472486,0.8701169287546947,0.2707691944241649,5.442499794817643
Clay Holmes,P,"P,RP,SP",A Drive Into Deep Left Field ,32827,13649,605280,0,59.0,5.0,3.07425743,1.15841584,2.5652173913043477,0.0,12.0,67.33333333333333,23.0,23.0,-0.0001645646317811611,1.749046034384569,0.24057144493132024,1.4613116728195816,1.5407495906607123,-0.682754177022791,1.0080876688661222,0.827391611030147,-0.06286813653532305,4.091918229818448
Dennis Santana,P,"P,RP",A Drive Into Deep Left Field ,39801,17878,642701,0,21.0,0.0,2.18918919,0.97297297,4.2,12.0,26.0,24.666666666666668,6.0,5.0,0.0014603387712281979,1.3500619168815393,0.23675004022122073,-0.3794772512391893,-0.5645429486844407,2.0427341571653543,0.7781274728385997,0.8142487452989706,0.5541894391779624,3.245279614557257
Zack Littell,P,"P,SP",A Drive Into Deep Left Field ,36052,15823,641793,0,48.0,8.0,3.85714286,1.09821429,4.363636363636363,0.0,12.0,74.66666666666667,32.0,11.0,0.0035383484285760325,0.04028961132613437,0.4128186820832091,0.9284517211183585,2.803925114267804,-0.682754177022791,0.02322149306697676,1.4197974099946893,1.3433142567499423,5.83595581817498
Blake Snell,P,"P,SP",Don't Judge Me I'm Crashing Out,33748,13543,605483,0,4.0,0.0,2.0,2.0,0.5,0.0,2.0,9.0,2.0,8.0,-0.0030800349192188214,0.5479118193724971,-0.21393581377761642,-1.2029880856865343,-0.5645429486844407,-0.682754177022791,0.315796804587689,-0.7357843224869902,-1.1700188904192672,-4.040291619712335
Max Fried,P,"P,SP",Don't Judge Me I'm Crashing Out,32685,13743,608331,0,70.0,8.0,1.92,0.97333333,4.375,0.0,12.0,75.0,16.0,16.0,0.005175202459462902,4.760874821447874,0.7189699745537085,1.9941716245208045,2.803925114267804,-0.682754177022791,2.7439982174085804,2.4727362206188843,1.964910087138977,11.29698708693226
Tanner Scott,P,"P,RP",Don't Judge Me I'm Crashing Out,35135,17586,656945,0,31.0,0.0,4.55421687,1.12048193,7.75,15.0,29.0,27.666666666666668,14.0,4.0,0.003768265207941379,-0.6116737383998666,0.13294759896435857,0.10494088667101359,-0.5645429486844407,2.7241062407123904,-0.3525468975246936,0.45724349421899957,1.4306252256532241,3.7998260010464935
Justin Martinez,P,"P,RP",Don't Judge Me I'm Crashing Out,5116851,24453,679885,0,16.0,0.0,3.46153846,1.07692308,2.2857142857142856,8.0,15.0,13.0,5.0,7.0,-0.0004082409899166528,0.1741087052660451,0.0808675877090637,-0.6216863201942907,-0.5645429486844407,1.1342380457693058,0.10035003960470613,0.27812595835646864,-0.1554043097818399,0.17108046506990937
Pete Fairbanks,P,"P,RP",Don't Judge Me I'm Crashing Out,42180,17998,664126,0,22.0,0.0,1.95652174,1.17391304,1.8333333333333333,10.0,24.0,23.0,5.0,12.0,-0.0016916282088983436,1.432709592192749,0.07059462408936985,-0.331035437448169,-0.5645429486844407,1.58848610146733,0.8257626412125401,0.24279440052432794,-0.642771007752683,1.1186937493189053
Dustin May,P,"P,SP",Don't Judge Me I'm Crashing Out,40937,19716,669160,0,63.0,5.0,4.08648649,1.24864865,2.8636363636363638,0.0,11.0,61.666666666666664,28.0,22.0,0.0010405939984967638,-0.426233583414,0.039536610748346315,1.6550789279836626,1.5407495906607123,-0.682754177022791,-0.24566581499237897,0.13597731880059533,0.3947912303981074,2.7981770758279074
Carlos Estevez,P,"P,RP",Don't Judge Me I'm Crashing Out,34861,14542,608032,0,25.0,0.0,1.70886076,1.10126582,2.272727272727273,17.0,25.0,26.333333333333332,5.0,11.0,-0.0006671736047025867,1.8522432218181268,0.14298146544469967,-0.18570999607510813,-0.5645429486844407,3.1783542964104146,1.067566842123012,0.4917527309839901,-0.25373405126493415,3.7336868734929336
Robert Garcia,P,"P,RP",Don't Judge Me I'm Crashing Out,5125167,23363,676395,0,23.0,0.0,2.25,1.0,2.875,13.0,28.0,24.0,6.0,8.0,0.0003959987434232204,1.2661551916495941,0.20927646996794877,-0.28259362365714874,-0.5645429486844407,2.269858185014366,0.729766633056001,0.7197595528717725,0.15000598059475237,3.0222537791953026
Fernando Cruz,P,"P,RP",Don't Judge Me I'm Crashing Out,34068,7048,518585,0,35.0,0.0,2.66197183,0.97183099,4.375,9.0,21.0,23.666666666666668,7.0,8.0,0.0025913884250914343,0.931787339451231,0.2280301817825048,0.29870814183509475,-0.5645429486844407,1.3613620736183178,0.5370489446476313,0.7842587449328686,0.983705899129754,3.400540855479226
Tomoyuki Sugano,P,"P,SP",Don't Judge Me I'm Crashing Out,4142423,,,0,40.0,6.0,3.04225352,1.04225352,3.6363636363636362,0.0,12.0,71.0,24.0,11.0,0.002075558156131141,1.9181185486318066,0.5216380629158892,0.5409172107901962,1.9618080985297428,-0.682754177022791,1.1055350278298925,1.794057301247196,0.7878191930925353,5.507382654466772
Tanner Bibee,P,"P,SP",Don't Judge Me I'm Crashing Out,4345278,30134,676440,0,56.0,5.0,3.89423077,1.22596154,2.4347826086956523,0.0,12.0,69.33333333333333,30.0,23.0,-0.0007119100067130013,-0.046135210498230536,0.09555864937756683,1.3159862314465207,1.5407495906607123,-0.682754177022791,-0.02659068766030179,0.328652575034172,-0.2707227139260846,2.2053208185322273
Kris Bubic,P,"P,RP,SP",Don't Judge Me I'm Crashing Out,41201,21455,663460,0,79.0,9.0,1.43362832,0.99557522,3.590909090909091,0.0,12.0,75.33333333333333,12.0,22.0,0.003960302027694151,5.972486140985486,0.6677257556176043,2.4301479486399873,3.2249836221368344,-0.682754177022791,3.4423277105566847,2.2964932052700378,1.5035512680412666,12.21474957762202
Yoshinobu Yamamoto,P,"P,SP",Don't Judge Me I'm Crashing Out,4872587,33825,808967,0,77.0,7.0,2.39408867,1.00492611,3.347826086956522,0.0,12.0,67.66666666666667,18.0,23.0,0.003119507617808104,3.253071856609074,0.579213210733249,2.3332643210579467,2.3828666063987733,-0.682754177022791,1.8749544380842642,1.9920741287285457,1.1842593278085716,9.084664645055312
Taj Bradley,P,"P,SP",Don't Judge Me I'm Crashing Out,42480,22543,671737,0,64.0,8.0,3.94811321,1.20283019,2.3703703703703702,0.0,12.0,70.66666666666667,31.0,27.0,-0.0011521812545156607,-0.17073625264917722,0.15050578555204405,1.703520741774683,2.803925114267804,-0.682754177022791,-0.09840627835996846,0.5176309449893951,-0.4379158580368224,3.8060004876123
Ryan Yarbrough,P,"P,RP,SP",Don't Judge Me I'm Crashing Out,33735,16502,642232,0,40.0,2.0,2.83064516,0.99193548,3.6363636363636362,0.0,13.0,41.333333333333336,13.0,11.0,0.002075558156131141,1.4008286361988687,0.3712507586623768,0.5409172107901962,0.27757406705362053,-0.682754177022791,0.8073875967727275,1.2768338461512792,0.7878191930925353,3.0077777368375678
Chris Sale,P,"P,SP",GUY CANNON,30948,10603,519242,0,86.0,5.0,3.0591133,1.24137931,4.526315789473684,0.0,12.0,67.66666666666667,23.0,19.0,0.006667109126790471,1.7909994077224063,0.059365232815365085,2.7692406451771294,1.5407495906607123,-0.682754177022791,1.0322680949371215,0.20417342395855487,2.5314621108633895,7.395139688574116
Jacob deGrom,P,"P,SP",GUY CANNON,32796,10954,594798,0,66.0,5.0,2.33653846,0.98076923,3.8823529411764706,0.0,12.0,69.33333333333333,18.0,17.0,0.003967967927770655,3.4628386748874163,0.6478971357166188,1.8004043693567235,1.5407495906607123,-0.682754177022791,1.9958565405369788,2.2282971075616644,1.5064623959939232,8.389015827087212
Joe Ryan,P,"P,SP",GUY CANNON,42450,21390,657746,0,76.0,6.0,2.91176471,0.89705882,6.333333333333333,0.0,12.0,68.0,22.0,12.0,0.008180401041558483,2.125367250498525,0.8203834982745946,2.2848225072669264,1.9618080985297428,-0.682754177022791,1.2249857779148459,2.8215253248104593,3.1061351889945987,10.716522720493781
Sonny Gray,P,"P,SP",GUY CANNON,32082,12768,543243,0,76.0,7.0,3.65217391,1.11594203,5.428571428571429,0.0,12.0,69.0,28.0,14.0,0.007225498168898614,0.49674041514791767,0.34174585775854244,2.2848225072669264,2.3828666063987733,-0.682754177022791,0.2863034347259212,1.1753583468496989,2.743510524319835,8.190107242538364
Zach Eflin,P,"P,SP",GUY CANNON,32804,13774,621107,0,24.0,4.0,4.46280992,1.09090909,4.0,0.0,7.0,40.333333333333336,20.0,6.0,0.0015324664803557653,-0.771932887931424,0.23256890617739628,-0.23415180986612844,1.1196910827916817,-0.682754177022791,-0.44491454782646567,0.7998686710825959,0.5815799592873928,1.1393191784462855
Chris Martin,P,"P,RP",GUY CANNON,32903,11847,455119,0,23.0,0.0,1.83050847,0.91525424,7.666666666666667,10.0,22.0,19.666666666666668,4.0,3.0,0.0027809372686928846,1.3055904563735263,0.2256412704197235,-0.28259362365714874,-0.5645429486844407,1.58848610146733,0.7524957112535656,0.7760426192757935,1.0556871317958623,3.325574991450962
Luke Weaver,P,"P,RP",GUY CANNON,33770,16918,596133,0,24.0,0.0,1.05194805,0.7012987,3.4285714285714284,14.0,24.0,25.666666666666668,3.0,7.0,0.0010556199432949498,2.353165478025298,0.47290338407128535,-0.23415180986612844,-0.5645429486844407,2.4969822128633785,1.3562805406853995,1.6264452870541353,0.40049733763672757,5.081510619689071
Nathan Eovaldi,P,"P,SP",GUY CANNON,31174,9132,543135,0,73.0,8.0,1.55769231,0.80769231,7.3,0.0,12.0,69.33333333333333,12.0,10.0,0.008587355781718653,5.217325606316867,1.0377831154727755,2.1394970658938655,2.803925114267804,-0.682754177022791,3.007080148143813,3.5692226234748614,3.2606763789036077,14.09764715366116
Keegan Akin,P,"P,RP",GUY CANNON,36724,19362,669211,0,28.0,0.0,3.11538462,1.34615385,2.0,8.0,26.0,26.0,9.0,14.0,-0.0015464316556630386,0.6406318953492075,-0.06569831746603601,-0.04038455470204728,-0.5645429486844407,1.1342380457693058,0.3692373449799496,-0.22595465037719759,-0.5876325712306283,0.08496066575494154
Matt Strahm,P,"P,RP",GUY CANNON,34862,13799,621381,0,29.0,0.0,3.69863014,1.2739726,4.142857142857143,10.0,27.0,24.333333333333332,10.0,7.0,0.001970533026551813,0.13845059214544608,-0.004420236165053656,0.008057259088973008,-0.5645429486844407,1.58848610146733,0.07979797669427649,-0.015202412417573764,0.7479358672731846,1.8445318434217497
Matthew Boyd,P,"P,SP",GUY CANNON,34401,15440,571510,0,64.0,7.0,3.08152174,1.25543478,4.266666666666667,0.0,11.0,61.333333333333336,21.0,15.0,0.0045557266803686325,1.5787144890610856,0.025799834719049904,1.703520741774683,2.3828666063987733,-0.682754177022791,0.9099146493549843,0.08873275387525845,1.729663966198453,6.131944540579362
Chris Bassitt,P,"P,SP",GUY CANNON,33148,12304,605135,0,69.0,3.0,3.79899497,1.35678392,4.6,0.0,12.0,66.33333333333333,28.0,15.0,0.005469302415797017,0.16111351530315504,-0.19052489789416244,1.9457298107297842,0.6986325749226511,-0.682754177022791,0.09286007621973907,-0.6552677199698789,2.076594637578599,3.4757952024581034
Trevor Megill,P,"P,RP",GUY CANNON,40080,17722,656730,0,22.0,0.0,2.21311475,1.2295082,2.0,12.0,24.0,20.333333333333332,5.0,11.0,-0.001215719956869421,1.097082692023081,0.0256813456227989,-0.331035437448169,-0.5645429486844407,2.0427341571653543,0.6323192825190941,0.0883252371632704,-0.46204470013646176,1.4057555905786474
Devin Williams,P,"P,RP",GUY CANNON,33224,15816,642207,0,29.0,0.0,6.35294118,1.45588235,2.4166666666666665,13.0,26.0,22.666666666666668,16.0,12.0,-0.0004119207134687386,-1.825803162869128,-0.138085153622886,0.008057259088973008,-0.5645429486844407,2.269858185014366,-1.0523277364239119,-0.47491296295785246,-0.15680168595210328,0.02933011008503117
Walker Buehler,P,"P,SP",The New Vegas,39251,19374,621111,0,42.0,3.0,4.43571429,1.30714286,2.8,0.0,9.0,46.666666666666664,23.0,15.0,0.0005359934444832959,-0.8520624651339905,-0.058770685715524504,0.6378008383722368,0.6986325749226511,-0.682754177022791,-0.4910983743818292,-0.20212861235212906,0.20316901212564195,0.16362126166378066
Logan Webb,P,"P,SP",The New Vegas,41216,17995,657277,0,91.0,9.0,2.54508197,1.16803279,5.352941176470588,0.0,13.0,81.33333333333333,23.0,17.0,0.008534177973432922,3.511087279850852,0.26517787737751153,3.0114497141322305,3.2249836221368344,-0.682754177022791,2.0236653132893476,0.9120199250396128,3.240482089568151,11.729846487143384
Luis Severino,P,"P,SP",The New Vegas,33263,15890,622663,0,55.0,6.0,4.5387931,1.26724138,2.391304347826087,0.0,13.0,77.33333333333333,39.0,23.0,-0.0008943584650236147,-1.6709848996605874,0.0028649799799333273,1.2675444176555004,1.9618080985297428,-0.682754177022791,-0.9630960186831519,0.00985345705448453,-0.34000757305633844,1.2533482044774467
Kevin Gausman,P,"P,SP",The New Vegas,32667,14107,592332,0,68.0,6.0,3.82075472,1.01886792,4.857142857142857,0.0,12.0,70.66666666666667,30.0,14.0,0.005763509864805005,0.12167823606679955,0.5728822845595354,1.8972879969387642,1.9618080985297428,-0.682754177022791,0.07013098965773192,1.970300325908027,2.188320008394758,7.405093242406234
Jeff Hoffman,P,"P,RP",The New Vegas,33841,17432,656546,0,38.0,0.0,5.81012658,1.10126582,5.428571428571429,13.0,26.0,26.333333333333332,17.0,7.0,0.0036173765764146992,-1.6567306559864032,0.14298146544469967,0.4440335832081556,-0.5645429486844407,2.269858185014366,-0.9548803817047837,0.4917527309839901,1.3733252206190099,3.0595463894362975
Merrill Kelly,P,"P,SP",The New Vegas,32968,11156,518876,0,64.0,6.0,3.7826087,1.05797101,3.5555555555555554,0.0,12.0,69.0,29.0,18.0,0.00312640440942058,0.20432590856216643,0.4717078656674199,1.703520741774683,1.9618080985297428,-0.682754177022791,0.117766156408721,1.6223335692296328,1.1868783865813655,5.9095527755013535
Emilio Pagan,P,"P,RP",The New Vegas,33403,14771,641941,0,31.0,0.0,3.7125,0.8625,4.428571428571429,16.0,27.0,26.666666666666668,11.0,7.0,0.0023364982598548245,0.1397096450986279,0.3516612403411123,0.10494088667101359,-0.5645429486844407,2.9512302685614027,0.0805236498507287,1.2094600847817083,0.8869112791278687,4.668523220308281
Tony Santillan,P,"P,RP",The New Vegas,40950,19926,663574,0,20.0,0.0,3.21428571,1.07142857,2.5,14.0,29.0,28.0,10.0,8.0,-0.0001528486769939441,0.5999375907765948,0.1791748851476498,-0.4279190650302096,-0.5645429486844407,2.4969822128633785,0.34578260117889925,0.6162318928615079,-0.05841899903904018,2.408115694150095
Brendon Little,P,"P,RP",The New Vegas,39645,,,0,37.0,0.0,1.36708861,1.13924051,2.8461538461538463,10.0,28.0,26.333333333333332,4.0,13.0,0.0005743666311039952,2.144657710209199,0.11049096103069296,0.3955917694171353,-0.5645429486844407,1.58848610146733,1.2361041099534489,0.3800089170082222,0.2177412417515441,3.2533891909132397
Andrew Abbott,P,"P,SP",The New Vegas,4414528,29911,671096,0,59.0,3.0,2.18012422,1.0621118,3.1052631578947367,0.0,10.0,53.666666666666664,13.0,19.0,0.00173740308333592,2.953103069560004,0.35966377898673446,1.4613116728195816,0.6986325749226511,-0.682754177022791,1.7020631423012471,1.2369830243567796,0.6594046983922822,5.0756409357697505
Michael Wacha,P,"P,SP",The New Vegas,32640,14078,608379,0,50.0,5.0,2.88349515,1.16504854,2.7777777777777777,0.0,12.0,68.66666666666667,22.0,18.0,0.0005697937447020074,2.20927397573047,0.23053758765662058,1.025335348700399,1.5407495906607123,-0.682754177022791,1.2733466176974446,0.7928824059258986,0.21600468670956624,4.16556447267123
Kyle Leahy,P,"P,RP",The New Vegas,5006093,,,0,24.0,0.0,2.55789474,1.04210526,2.1818181818181817,12.0,26.0,31.666666666666668,9.0,11.0,-0.0008500223887581981,1.3538390659939343,0.23280801371370863,-0.23415180986612844,-0.5645429486844407,2.0427341571653543,0.7803044866900469,0.8006910279077603,-0.32317093422211,2.5018639789904826
Griffin Jax,P,"P,RP",The New Vegas,42604,20253,643377,0,43.0,0.0,4.5,1.34615385,7.166666666666667,14.0,28.0,26.0,13.0,6.0,0.005009772483283825,-0.5290260608143215,-0.06569831746603601,0.6862426521632571,-0.5645429486844407,2.4969822128633785,-0.30491172783990755,-0.22595465037719759,1.9020880019231339,3.989903540048224
Jordan Romano,P,"P,RP",The New Vegas,36380,16122,605447,0,29.0,0.0,7.36363636,1.59090909,2.4166666666666665,13.0,24.0,22.0,18.0,12.0,-0.0004119207134687386,-2.4945388635835974,-0.23053972079098853,0.008057259088973008,-0.5645429486844407,2.269858185014366,-1.43776311111833,-0.7928897423638617,-0.15680168595210328,-0.6740820440153965
Tarik Skubal,P,"P,SP",Jim Crow-Armstrong Era,42409,22267,669373,0,99.0,7.0,2.25991189,0.79295154,14.142857142857142,0.0,12.0,75.66666666666667,19.0,7.0,0.014779316192151448,3.9675380877880984,1.1688200244284739,3.398984224460393,2.3828666063987733,-0.682754177022791,2.286747257320298,4.019894727290915,5.612075282184933,17.017813920632523
Shota Imanaga,P,"P,SP",Jim Crow-Armstrong Era,5134630,33829,684007,0,34.0,2.0,2.82089552,1.09701493,2.4285714285714284,0.0,8.0,44.666666666666664,14.0,14.0,-0.00044994042759283204,1.5279477773248724,0.2486945949773954,0.25026632804407445,0.27757406705362053,-0.682754177022791,0.8806545297903411,0.8553293665072382,-0.17123968428682035,1.4098304300856628
Raisel Iglesias,P,"P,RP",Jim Crow-Armstrong Era,33618,17130,628452,0,24.0,0.0,5.64179104,1.29850746,6.0,8.0,23.0,22.333333333333332,14.0,4.0,0.0024866833697867463,-1.2829275397139177,-0.021859942212319333,-0.23415180986612844,-0.5645429486844407,1.1342380457693058,-0.7394336154733765,-0.07518237590184663,0.9439441216163469,0.4648714174598605
Spencer Strider,P,"P,SP",Jim Crow-Armstrong Era,4307825,27498,675911,0,19.0,0.0,5.68421053,1.36842105,2.375,0.0,4.0,19.0,12.0,8.0,-0.00033579781713299894,-1.1176321948314858,-0.06175628521853568,-0.47636087882122985,-0.5645429486844407,-0.682754177022791,-0.6441632820338197,-0.21239691324458304,-0.12789399225030437,-2.7081121920571682
Jhoan Duran,P,"P,RP",Jim Crow-Armstrong Era,41109,21029,661395,0,32.0,0.0,0.98780488,1.02439024,2.909090909090909,10.0,28.0,27.333333333333332,3.0,11.0,0.0006127678836866934,2.5629322893723336,0.21668231722429135,0.15338270046203387,-0.5645429486844407,1.58848610146733,1.4771826391431566,0.7452303060370861,0.23232412943529696,3.6320629278604626
Mitch Keller,P,"P,SP",Jim Crow-Armstrong Era,33722,17594,656605,0,56.0,9.0,3.72857143,1.25714286,2.9473684210526314,0.0,12.0,70.0,29.0,19.0,0.0011896579673966734,0.33018600388289815,0.025560717543889538,1.3159862314465207,3.2249836221368344,-0.682754177022791,0.19030742038968226,0.08791036389943485,0.451398319228882,4.587831780078563
Kyle Finnegan,P,"P,RP",Jim Crow-Armstrong Era,36543,15009,640448,0,18.0,0.0,2.61290323,1.30645161,2.25,16.0,21.0,20.666666666666668,6.0,8.0,-0.0005187469572720538,0.8466215594249762,-0.025562864107664132,-0.5248026926122501,-0.5645429486844407,2.9512302685614027,0.48796243064741995,-0.08791774652483476,-0.19736898546156856,2.064560325925729
Nick Lodolo,P,"P,SP",Jim Crow-Armstrong Era,42433,26378,666157,0,60.0,7.0,3.10047847,1.10526316,4.285714285714286,0.0,12.0,69.66666666666667,24.0,14.0,0.004301521560711397,1.7503050917781184,0.36921942313823963,1.509753486610602,2.3828666063987733,-0.682754177022791,1.0088133445818437,1.269847522515328,1.6331294924696806,7.121656275553437
Griffin Canning,P,"P,SP",Jim Crow-Armstrong Era,41065,19867,656288,0,50.0,2.0,3.22641509,1.39622642,2.0,0.0,11.0,53.0,19.0,25.0,-0.002755945005271876,1.1147094047759842,-0.22014828063803646,1.025335348700399,0.27757406705362053,-0.682754177022791,0.6424786902302235,-0.7571507110273333,-1.0469456441925327,-0.5414624262584138
Camilo Doval,P,"P,RP",Jim Crow-Armstrong Era,41337,21992,666808,0,24.0,0.0,1.66666667,0.92592593,1.8461538461538463,14.0,28.0,27.0,5.0,13.0,-0.0018017986037710543,1.9361499452089435,0.3004170229212313,-0.23415180986612844,-0.5645429486844407,2.4969822128633785,1.1159276808444498,1.033217074647572,-0.6846082496771119,3.1628239601277195
Justin Verlander,P,"P,SP",Jim Crow-Armstrong Era,6341,8700,434378,0,41.0,4.0,4.32692308,1.40384615,1.9523809523809523,0.0,10.0,52.0,25.0,21.0,-0.002499198946829928,-0.7656376368115261,-0.22886811860773787,0.5893590245812165,1.1196910827916817,-0.682754177022791,-0.4412861899092781,-0.7871406409948438,-0.9494462481652248,-1.1515771487192397
Tommy Kahnle,P,"P,RP",Jim Crow-Armstrong Era,31867,11384,592454,0,23.0,0.0,1.4025974,0.77922078,3.8333333333333335,15.0,24.0,25.666666666666668,4.0,6.0,0.001349450374938499,2.0607509885512094,0.407922384557215,-0.28259362365714874,-0.5645429486844407,2.7241062407123904,1.1877432722307504,1.402957691135821,0.5120795359907748,4.979750167728147
Tyler Anderson,P,"P,SP",Jim Crow-Armstrong Era,32151,12880,542881,0,51.0,5.0,3.85714286,1.27040816,1.9615384615384615,0.0,12.0,65.33333333333333,28.0,26.0,-0.003048008811535663,0.035253409910367565,-0.004301749668042137,1.0737771624914194,1.5407495906607123,-0.682754177022791,0.020318806433604626,-0.014794904645087854,-1.157856966005851,0.7794395119120063
Reed Garrett,P,"P,RP",Jim Crow-Armstrong Era,36526,,,0,32.0,0.0,0.675,1.1625,2.2857142857142856,16.0,27.0,26.666666666666668,2.0,14.0,-0.0008154375036162342,2.7714400552390024,0.09173724921613695,0.15338270046203387,-0.5645429486844407,2.9512302685614027,1.5973590687515251,0.3155097249471262,-0.3100373132680897,4.1429015007695575
Jake Irvin,P,"P,SP",Jim Crow-Armstrong Era,41290,21504,663623,0,47.0,6.0,3.92727273,1.17272727,2.35,0.0,12.0,73.33333333333333,32.0,20.0,-0.0009289297501138272,-0.1275238400041681,0.22790956767451015,0.8800099073273382,1.9618080985297428,-0.682754177022791,-0.07350018699758978,0.7838439197188655,-0.3531360293864508,2.5162715321691147
Cole Ragans,P,"P,SP",Royal Mutton,41054,21846,666142,0,72.0,2.0,4.53284672,1.20437956,5.538461538461538,0.0,9.0,45.666666666666664,23.0,13.0,0.006971734571151522,-0.97792255438983,0.09496196318676677,2.091055252102845,0.27757406705362053,-0.682754177022791,-0.5636396348672031,0.32660040650342037,2.647143718674589,4.095979632444481
Framber Valdez,P,"P,SP",Royal Mutton,36581,17295,664285,0,73.0,9.0,3.11538462,1.06410256,3.0416666666666665,0.0,12.0,78.0,27.0,24.0,0.0019141896013592508,1.9218956860476224,0.5176960433396836,2.1394970658938655,3.2249836221368344,-0.682754177022791,1.1077120349398493,1.780499607694662,0.7265394339268604,8.29647758756928
Hunter Brown,P,"P,SP",Royal Mutton,4717803,25880,686613,0,84.0,10.0,1.83257919,0.90950226,4.2,0.0,12.0,73.66666666666667,15.0,20.0,0.0058253601367059815,4.885475848978096,0.8589658298818342,2.672357017595089,3.6460421300058647,-0.682754177022791,2.8158137996813832,2.9542206142074483,2.2118076685016548,13.617487052968649
Brandon Pfaadt,P,"P,SP",Royal Mutton,4721302,27782,694297,0,49.0,6.0,5.05347594,1.31550802,3.2666666666666666,0.0,12.0,62.333333333333336,35.0,15.0,0.0018149994740830344,-2.389228289049347,-0.09544231031074298,0.9768935349093788,1.9618080985297428,-0.682754177022791,-1.3770658570140148,-0.32825245286691973,0.6888719520578463,1.2395010985932424
Bryan Abreu,P,"P,RP",Royal Mutton,41208,16609,650556,0,33.0,0.0,1.66666667,1.22222222,2.2,16.0,27.0,27.0,5.0,15.0,-0.0011084428792882406,1.9361499452089435,0.04049303731964091,0.20182451425305417,-0.5645429486844407,2.9512302685614027,1.1159276808444498,0.13926673380943558,-0.4213061963587895,3.422400052425112
Cade Smith,P,"P,RP",Royal Mutton,4987924,27867,671922,0,41.0,0.0,2.73417722,1.21518987,4.1,14.0,28.0,26.333333333333332,8.0,10.0,0.0027351246185878253,0.9749997480890789,0.04550996931434239,0.5893590245812165,-0.5645429486844407,2.4969822128633785,0.5619550337004253,0.15652134790841893,1.0382897635840203,4.278564433953019
Hunter Gaddis,P,"P,RP",Royal Mutton,4187661,25636,683769,0,35.0,0.0,1.14084507,1.22535211,3.888888888888889,14.0,26.0,23.666666666666668,3.0,9.0,0.002114522640020766,2.1014452990804138,0.03308719363725311,0.29870814183509475,-0.5645429486844407,2.4969822128633785,1.2111980194649674,0.11379599293593914,0.8026159680413247,4.358757386456264
Aroldis Chapman,P,"P,RP",Royal Mutton,30442,10233,547973,0,33.0,0.0,1.8,0.96,3.6666666666666665,10.0,27.0,25.0,5.0,9.0,0.0017486912882738181,1.6844297704878235,0.2504868217739019,0.20182451425305417,-0.5645429486844407,1.58848610146733,0.9708451620584448,0.8614933292207525,0.6636913977494464,3.721797556064587
Casey Mize,P,"P,SP",Royal Mutton,41167,20492,663554,0,45.0,3.0,2.82352941,1.1372549,3.75,0.0,9.0,51.0,16.0,12.0,0.0025131249903704855,1.7402326926288416,0.21727900969658756,0.7831262797452976,0.6986325749226511,-0.682754177022791,1.0030079734374209,0.747282496171637,0.953985335306413,3.503280482560628
Jeremiah Estrada,P,"P,RP",Royal Mutton,41014,22210,669093,0,40.0,0.0,2.3625,1.05,4.444444444444445,12.0,29.0,26.666666666666668,7.0,9.0,0.0030291010193881363,1.3093676051610168,0.18920874588800274,0.5409172107901962,-0.5645429486844407,2.0427341571653543,0.7546727249177495,0.6507411098850947,1.1499273937710204,4.574449647844974
Huascar Brazoban,P,"P,RP",Royal Mutton,4916509,6107,623211,0,37.0,0.0,1.51401869,0.89719626,3.3636363636363638,9.0,27.0,35.666666666666664,6.0,11.0,0.0015270118039643066,2.7345228964214336,0.43013991852852307,0.3955917694171353,-0.5645429486844407,1.3613620736183178,1.5760813368668647,1.4793699238132512,0.5795085442210077,4.8273706992521355
Yusei Kikuchi,P,"P,SP",Royal Mutton,41415,20633,579328,0,63.0,5.0,3.22966507,1.59330144,1.575,0.0,13.0,69.66666666666667,25.0,40.0,-0.007489515158648707,1.4578906082606218,-0.735457544774592,1.6550789279836626,1.5407495906607123,-0.682754177022791,0.8402760795603617,-2.52944152615057,-2.8445203910371295,-2.0206114960057535
Nick Martinez,P,"P,SP,RP",Royal Mutton,33372,12730,607259,0,47.0,6.0,3.89423077,1.16826923,3.1333333333333333,0.0,12.0,69.33333333333333,30.0,15.0,0.0014495691799116805,-0.046135210498230536,0.22552065013853423,0.8800099073273382,1.9618080985297428,-0.682754177022791,-0.02659068766030179,0.77562777283047,0.550099683505788,3.4582005975102463
Grant Holmes,P,"P,SP,RP",Royal Mutton,33840,16944,656550,0,64.0,5.0,3.77720207,1.16580311,2.3703703703703702,0.0,12.0,64.33333333333333,27.0,27.0,-0.0011521812545156607,0.20180782247500742,0.2144118802287353,1.703520741774683,1.5407495906607123,-0.682754177022791,0.11631482151889831,0.7374216464348134,-0.4379158580368224,2.9773367653294933
Aaron Nola,P,"P,SP",Free Agent,33709,16149,605400,1,52.0,3.0,6.16107383,1.51006711,3.25,0.0,9.0,49.666666666666664,34.0,16.0,0.001886930628991479,-3.6910415895957747,-0.39000660382790414,1.1222189762824397,0.6986325749226511,-0.682754177022791,-2.1273845505460183,-1.341340375395297,0.7161878306410644,-1.614439721117951
Zac Gallen,P,"P,SP",Free Agent,39910,19291,668678,1,70.0,5.0,5.13122172,1.33031674,2.121212121212121,0.0,13.0,73.66666666666667,42.0,33.0,-0.002904082559161303,-3.0097153720207834,-0.1482396365938584,1.9941716245208045,1.5407495906607123,-0.682754177022791,-1.7346924515903608,-0.5098370331313912,-1.1032009266332081,-0.49556337319623434
Bryce Miller,P,"P,SP",Free Agent,4654313,29837,682243,1,37.0,0.0,5.35877863,1.53435115,1.6818181818181819,0.0,9.0,43.666666666666664,26.0,22.0,-0.003703931548948436,-2.1068862008905676,-0.377344737184657,0.3955917694171353,-0.5645429486844407,-0.682754177022791,-1.2143339609522128,-1.2977927205869886,-1.4069438307718154,-4.770775868601113
Sandy Alcantara,P,"P,SP",Free Agent,35241,18684,645261,1,44.0,2.0,7.89473684,1.57894737,1.4666666666666666,0.0,12.0,57.0,50.0,30.0,-0.006219572841962062,-7.446699433990953,-0.5751548501407898,0.7346844659542773,0.27757406705362053,-0.682754177022791,-4.2920116026563315,-1.9781163063041323,-2.362259398919642,-8.302882951894999
Noah Cameron,P,"P,SP",Free Agent,4417208,sa3018097,702070,1,16.0,4.0,1.05194805,0.81818182,2.0,0.0,4.0,25.666666666666668,3.0,8.0,-0.0008846452375501634,2.353165478025298,0.3754318848001798,-0.6216863201942907,1.1196910827916817,-0.682754177022791,1.3562805406853995,1.2912138931766637,-0.33631897188409693,2.126426047552566
Bowden Francis,P,"P,SP,RP",Free Agent,4734325,20548,670102,1,48.0,3.0,5.84210526,1.47368421,2.526315789473684,0.0,12.0,57.0,37.0,19.0,-0.00027099567510813216,-3.645311061838761,-0.3802118528981984,0.9284517211183585,0.6986325749226511,-0.682754177022791,-2.1010271075649327,-1.3076535230189403,-0.1032853585402413,-2.567635870105896
Tylor Megill,P,"P,SP",Free Agent,3332018,21318,656731,1,79.0,1.0,3.77094972,1.30726257,2.8214285714285716,0.0,12.0,59.666666666666664,25.0,28.0,0.0011075194969789592,0.19928971732675585,-0.0753745893715452,2.4301479486399873,-0.14348444081541006,-0.682754177022791,0.11486347564294262,-0.25923402068214224,0.4202062093872238,1.8797449951498104
Justin Steele,P,"P,SP",Free Agent,41022,17312,657006,1,21.0,1.0,4.76470588,1.14705882,4.2,0.0,4.0,22.666666666666668,12.0,5.0,0.0014603387712281979,-0.6561451984746726,0.08934833904467403,-0.3794772512391893,-0.14348444081541006,-0.682754177022791,-0.37817865886004265,0.3072936033873239,0.5541894391779624,-0.7224114853721467
Reese Olson,P,"P,SP",Free Agent,4734319,24968,681857,1,51.0,3.0,2.95890411,1.17123288,2.6842105263157894,0.0,9.0,48.666666666666664,16.0,19.0,0.0002767494408311144,1.446559148468744,0.15361201259245585,1.0737771624914194,0.6986325749226511,-0.682754177022791,0.8337450308275798,0.5283141172832866,0.10472102062315886,2.5564357291253046
David Bednar,P,"P,RP",Free Agent,38303,19569,670280,1,25.0,0.0,4.33928571,1.33928571,5.0,9.0,22.0,18.666666666666668,9.0,5.0,0.0021925371970015206,-0.28234208285199724,-0.043002569288516465,-0.18570999607510813,-0.5645429486844407,1.3613620736183178,-0.16273189300316285,-0.147897707029273,0.8322420204649549,1.132721549291288
Tanner Houck,P,"P,SP",Free Agent,41009,19879,656557,1,32.0,3.0,8.03816794,1.69465649,1.8823529411764706,0.0,9.0,43.666666666666664,39.0,17.0,-0.002242077734329939,-5.908274566869565,-0.604778224437134,0.15338270046203387,0.6986325749226511,-0.682754177022791,-3.405318452485602,-2.0799992683081996,-0.8518043872669928,-6.167861009698901
Mick Abel,P,"P,SP",Free Agent,4718970,sa3014534,690953,1,9.0,1.0,0.0,0.83333333,9.0,0.0,1.0,6.0,0.0,0.0,0.0016489556614143197,0.7551605329357943,0.0848096170324191,-0.9607790167314327,-0.14348444081541006,-0.682754177022791,0.43524756141413284,0.29168368543214146,0.6258167622429981,-0.43426962548036135
Clarke Schmidt,P,"P,SP",Free Agent,41085,19899,657376,1,42.0,4.0,3.94615385,1.26923077,2.1,0.0,8.0,43.333333333333336,19.0,20.0,-0.0018416716267113387,-0.10193813339735977,-0.0011955284759204072,0.6378008383722368,1.1196910827916817,-0.682754177022791,-0.058753499476225865,-0.004111752465080376,-0.6997500426146643,0.3121224495851569
Alexis Diaz,P,"P,RP",Free Agent,4905920,21132,664747,1,3.0,0.0,12.0,2.16666667,0.6,2.0,6.0,6.0,8.0,5.0,-0.0018345541447519764,-1.5841553871889833,-0.1751143753921762,-1.2514298994775546,-0.5645429486844407,-0.2285061213247668,-0.9130505887199086,-0.6022666788721923,-0.6970471766135881,-4.256843413692451
Gavin Williams,P,"P,SP",Free Agent,4345076,30122,668909,1,66.0,3.0,3.79213483,1.4494382,1.9411764705882353,0.0,12.0,59.333333333333336,25.0,34.0,-0.004106109102496536,0.15733635590210124,-0.3490353597748665,1.8004043693567235,0.6986325749226511,-0.682754177022791,0.09068305643827637,-1.2004289566164394,-1.559670882570144,-0.8531340154917233
Ryan Weathers,P,"P,SP",Free Agent,41178,23796,677960,1,22.0,0.0,2.49230769,1.01538462,3.142857142857143,0.0,4.0,21.666666666666668,6.0,7.0,0.0006896547099919381,0.9724816526879768,0.17809997695291874,-0.331035437448169,-0.5645429486844407,-0.682754177022791,0.5605036934423785,0.6125349868417518,0.26152192578204353,-0.14377195708922685
Andrew Heaney,P,"P,SP",Free Agent,32672,15423,571760,1,47.0,4.0,3.3919598,1.19095477,1.9583333333333333,0.0,12.0,66.33333333333333,25.0,24.0,-0.002828604999151718,1.038356972678652,0.1668705991083199,0.8800099073273382,1.1196910827916817,-0.682754177022791,0.5984718752167228,0.573914056463413,-1.0745382996031876,1.4147944451731769
Max Meyer,P,"P,SP",Free Agent,4345164,27474,676974,1,68.0,5.0,4.73195876,1.42268041,3.4,0.0,12.0,64.66666666666667,34.0,20.0,0.002904586131594833,-1.8031402439351851,-0.32418980950370474,1.8972879969387642,1.5407495906607123,-0.682754177022791,-1.0392656393328772,-1.1149782503962737,1.1026428261717087,1.703682347019243
Jack Leiter,P,"P,SP,RP",Free Agent,4622181,30146,683004,1,36.0,2.0,3.66428571,1.2,1.565217391304348,0.0,9.0,46.666666666666664,19.0,23.0,-0.004360879172923493,0.31759550792459756,0.1036818130696515,0.347149955626115,0.27757406705362053,-0.682754177022791,0.18305070817573668,0.35659037744365707,-1.6564198965304868,-1.1748089652541485
Reynaldo Lopez,P,"P,SP",Free Agent,33860,16400,625643,1,1.0,0.0,5.4,2.2,0.5,0.0,1.0,5.0,3.0,2.0,-0.0007708548932439108,-0.2479430259336297,-0.15134372876707552,-1.348313527059595,-0.5645429486844407,-0.682754177022791,-0.1429055051218216,-0.520512863027651,-0.29310705302962464,-3.552136073945924
Lance McCullers Jr.,P,"P,SP",Free Agent,32764,14120,621121,1,33.0,2.0,4.43835616,1.39726027,2.75,0.0,6.0,24.333333333333332,12.0,12.0,0.0003193407124908454,-0.44637838203745817,-0.10189173186220447,0.20182451425305417,0.27757406705362053,-0.682754177022791,-0.25727655746848827,-0.3504337940032283,0.12089506936244147,-0.6901708778253914
Logan Henderson,P,"P,SP",Free Agent,4917878,,,1,29.0,1.0,1.71428571,0.95238095,4.833333333333333,0.0,4.0,21.0,4.0,6.0,0.002447547007442097,1.4734039081370363,0.21560741173710202,0.008057259088973008,-0.14348444081541006,-0.682754177022791,0.8492173915678175,0.7415334093293133,0.9290820757704825,1.7016515179183853
Will Warren,P,"P,SP",Free Agent,5132011,,,1,69.0,1.0,5.19230769,1.42307692,2.875,0.0,12.0,52.0,30.0,24.0,0.0011845288935883325,-2.227710077792172,-0.26135861879797984,1.9457298107297842,-0.14348444081541006,-0.682754177022791,-1.283972528499672,-0.8988844404439187,0.44945055184531457,-0.6139152242066929
Kirby Yates,P,"P,RP",Free Agent,32623,9073,489446,1,31.0,0.0,4.33928571,1.28571429,5.166666666666667,9.0,22.0,18.666666666666668,9.0,6.0,0.0028135792182766295,-0.28234208285199724,-0.01051207559637442,0.10494088667101359,-0.5645429486844407,1.3613620736183178,-0.16273189300316285,-0.036153929928957586,1.0680829223637185,1.7709571110364888
Nestor Cortes,P,"P,SP",Free Agent,36480,17874,641482,1,8.0,1.0,9.0,1.75,1.1428571428571428,0.0,2.0,8.0,8.0,7.0,-0.0018721019231278113,-1.3324352095437184,-0.12518417002108187,-1.009220830522453,-0.14348444081541006,-0.682754177022791,-0.7679680682485309,-0.43054291891867913,-0.7113059572002387,-3.745276392728103
Jackson Jobe,P,"P,SP",Free Agent,4872647,30203,695549,1,39.0,2.0,4.2244898,1.48979592,1.4444444444444444,0.0,10.0,49.0,23.0,27.0,-0.005710066395810287,-0.558388924547848,-0.352499183122937,0.49247539699917586,0.27757406705362053,-0.682754177022791,-0.3218354338318884,-1.2123420013300465,-2.1687741665726366,-3.615656314704566
Jose Quintana,P,"P,SP",Free Agent,32106,11423,500779,1,27.0,2.0,2.76923077,1.28205128,1.8,0.0,7.0,39.0,12.0,15.0,-0.002204733761802302,1.3995695829207817,-0.017321221499684243,-0.08882636849306756,0.27757406705362053,-0.682754177022791,0.8066619234290117,-0.0595724624164156,-0.8376230020149648,-0.5845400194646067
Clayton Kershaw,P,"P,SP",Free Agent,28963,2036,477132,1,8.0,0.0,5.17021277,1.65957447,0.8888888888888888,0.0,4.0,15.666666666666666,9.0,9.0,-0.0028242006085617,-0.6599223539768657,-0.19912412717095254,-1.009220830522453,-0.5645429486844407,-0.682754177022791,-0.3803556763943413,-0.6848428433473528,-1.0728657308985263,-4.394582206869905
Erick Fedde,P,"P,SP",Free Agent,33793,17425,607200,1,44.0,6.0,3.8195122,1.28780488,1.5172413793103448,0.0,12.0,68.33333333333333,29.0,29.0,-0.005746051011140896,0.12041918159739443,-0.043123199966665374,0.7346844659542773,1.9618080985297428,-0.682754177022791,0.06940531562738275,-0.14831258923261087,-2.1824393355037603,-0.24760822164775953
Jeffrey Springs,P,"P,SP",Free Agent,35397,17677,605488,1,49.0,6.0,4.72131148,1.37704918,1.6896551724137931,0.0,12.0,61.0,32.0,29.0,-0.004834806250798351,-1.6797982714158741,-0.21537044599929084,0.9768935349093788,1.9618080985297428,-0.682754177022791,-0.9681757314025279,-0.740718418740458,-1.8363938526418073,-1.2893405463684626
Jose Soriano,P,"P,SP",Free Agent,40973,,,1,52.0,6.0,4.10599078,1.58986175,1.4054054054054055,0.0,13.0,72.33333333333333,33.0,37.0,-0.00807353098572916,-0.5457984043299751,-0.7555252557500367,1.1222189762824397,1.9618080985297428,-0.682754177022791,-0.3145787076355917,-2.5984599240672503,-3.066300584105245,-3.5780663180186956
Chris Paddack,P,"P,SP",Free Agent,35999,20099,663978,1,50.0,3.0,3.58163265,1.13265306,2.5,0.0,12.0,65.33333333333333,26.0,20.0,-0.00038128462415576436,0.6200824025045553,0.2881127360154883,1.025335348700399,0.6986325749226511,-0.682754177022791,0.35739335120797566,0.9908992352696434,-0.1451676214496913,2.2443387116281865
Cade Horton,P,"P,SP",Free Agent,4692526,,,1,19.0,1.0,4.20779221,1.24675325,3.8,0.0,5.0,25.666666666666668,12.0,5.0,0.0010942395583413145,-0.2785649355807301,0.018036395812020396,-0.47636087882122985,-0.14348444081541006,-0.682754177022791,-0.16055488021287598,0.06203214430684078,0.4151631485343818,-0.9859590840310843
JP Sears,P,"P,SP",Free Agent,39818,23429,676664,1,46.0,4.0,5.05347594,1.28342246,4.181818181818182,0.0,12.0,62.333333333333336,35.0,11.0,0.0031726508604648096,-2.389228289049347,-0.03046131556194557,0.8315680935363179,1.1196910827916817,-0.682754177022791,-1.3770658570140148,-0.10476487333769463,1.2044404908355906,0.9911147597890897
Adrian Houser,P,"P,SP,RP",Free Agent,32157,12718,605288,1,14.0,3.0,1.47272727,0.98181818,2.8,0.0,3.0,18.333333333333332,3.0,5.0,0.0001789915261247721,1.4301914933259938,0.1706941374942959,-0.7185699477763313,0.6986325749226511,-0.682754177022791,0.8243112989570146,0.5870642604949491,0.06759742192568337,0.7762814315011759
Hayden Birdsong,P,"P,SP,RP",Free Agent,5197166,31635,806185,1,40.0,0.0,2.36842105,1.23684211,3.3333333333333335,3.0,14.0,38.0,10.0,12.0,0.0015990482079204504,1.858538478353109,0.038939914918698554,0.5409172107901962,-0.5645429486844407,-0.0013820934757546848,1.0711952031612606,0.13392511711918556,0.6068643911630213,1.7869768800734684
Brayan Bello,P,"P,SP",Free Agent,4720856,23920,678394,1,33.0,3.0,3.91304348,1.60869565,1.375,0.0,9.0,46.0,20.0,24.0,-0.005382417476349932,-0.058725717070093775,-0.5086207315831286,0.20182451425305417,0.6986325749226511,-0.682754177022791,-0.03384740599152583,-1.7492871052424266,-2.044349386888598,-3.6097809859696364
Spencer Arrighetti,P,"P,SP",Free Agent,4726080,,,1,8.0,1.0,5.5862069,0.93103448,1.6,0.0,2.0,9.666666666666666,6.0,5.0,-0.000919306112535434,-0.5378394158911534,0.10595224497502949,-1.009220830522453,-0.14348444081541006,-0.682754177022791,-0.3099914309464179,0.3643990195394022,-0.34948145000488967,-2.1305333097725594
Bailey Falter,P,"P,SP",Free Agent,4705677,20070,663559,1,41.0,6.0,3.13636364,1.07575758,1.8636363636363635,0.0,12.0,66.0,23.0,22.0,-0.002974004541649311,1.5812325841372827,0.4130577888614097,0.5893590245812165,1.9618080985297428,-0.682754177022791,0.9113659894257675,1.4206197642124982,-1.12975382136111,3.070644878365324
Stephen Kolek,P,"P,RP,SP",Free Agent,5190073,21487,663568,1,27.0,2.0,3.46788991,1.23853211,2.25,0.0,6.0,36.333333333333336,14.0,12.0,-0.0007775514264487526,0.4791136982795513,0.03523699897994536,-0.08882636849306756,0.27757406705362053,-0.682754177022791,0.2761440246427858,0.12118976698256034,-0.29565006360945995,-0.39232275044635184
AJ Smith-Shawver,P,"P,SP",Free Agent,4917640,29960,700363,1,42.0,2.0,3.85714286,1.42105263,2.0,0.0,9.0,44.333333333333336,19.0,21.0,-0.0023166838893375896,0.023921956724892283,-0.21990916443759084,0.6378008383722368,0.27757406705362053,-0.682754177022791,0.01378776150851734,-0.7563283244038228,-0.8801360979748725,-1.3900559324671116
Jose Alvarado,P,"P,RP",Free Agent,36063,17780,621237,1,25.0,0.0,2.7,1.2,6.25,12.0,20.0,20.0,6.0,4.0,0.0026697664895229956,0.7627148363590645,0.04443506274413636,-0.18570999607510813,-0.5645429486844407,2.0427341571653543,0.4396015921132455,0.15282444747585278,1.013469993621567,2.898377245616471
Miles Mikolas,P,"P,SP",Free Agent,32116,9803,571945,1,34.0,3.0,3.90361446,1.24698795,2.125,0.0,11.0,55.333333333333336,24.0,16.0,-0.0014013412014795001,-0.0536895160875339,0.03846171305887665,0.25026632804407445,0.6986325749226511,-0.682754177022791,-0.030944719607838702,0.13228044891133314,-0.5325344258566795,-0.16505397060925064
Chad Patrick,P,"P,SP",Free Agent,5131708,,,1,57.0,4.0,2.96858639,1.20942408,3.1666666666666665,0.0,13.0,63.666666666666664,21.0,18.0,0.0018480990770615158,1.8723880260732728,0.12195732486551387,1.364428045237541,1.1196910827916817,-0.682754177022791,1.079177587845025,0.419444907629049,0.7014415366455502,4.001428983126055
Colin Rea,P,"P,SP",Free Agent,33950,12317,607067,1,43.0,2.0,3.95541401,1.37579618,2.6875,1.0,12.0,52.333333333333336,23.0,16.0,0.00024279471375621142,-0.13885528398400274,-0.1826408450957415,0.6862426521632571,0.27757406705362053,-0.4556301491737789,-0.08003122661687456,-0.6281522859324163,0.09182670239227679,-0.1081702401139154
Ben Brown,P,"P,SP,RP",Free Agent,41516,23590,676962,1,71.0,2.0,5.71764706,1.46470588,3.736842105263158,0.0,12.0,56.666666666666664,36.0,19.0,0.0039283835470937944,-3.3948499427783636,-0.3614581345855424,2.042613438311825,0.27757406705362053,-0.682754177022791,-1.9566702634959094,-1.2431543086090844,1.4914302150462202,-0.07096102871611931
Mitchell Parker,P,"P,SP",Free Agent,4683356,,,1,42.0,5.0,4.70769231,1.30769231,1.5,0.0,12.0,65.0,34.0,28.0,-0.00563692089675083,-1.7611868919327738,-0.08301954318948508,0.6378008383722368,1.5407495906607123,-0.682754177022791,-1.0150852255588554,-0.28552712732030605,-2.140997140418112,-1.9458132412871152
Lucas Giolito,P,"P,SP",Free Agent,32697,15474,608337,1,27.0,3.0,6.41584158,1.63366337,2.4545454545454546,0.0,7.0,33.666666666666664,24.0,11.0,-0.0003014760365913638,-2.7806580987970397,-0.3995622655242787,-0.08882636849306756,0.6986325749226511,-0.682754177022791,-1.6026720198455762,-1.3742049338954947,-0.11486028535058239,-3.164685209684861
Zebby Matthews,P,"P,SP",Free Agent,4791597,31827,805673,1,21.0,0.0,6.42857143,1.5,4.2,0.0,3.0,14.0,10.0,5.0,0.0014603387712281979,-1.1621036572889285,-0.1053555514197166,-0.3794772512391893,-0.5645429486844407,-0.682754177022791,-0.6697950447424355,-0.36234682568005877,0.5541894391779624,-2.1047268081909527
Luke Jackson,P,"P,RP",Free Agent,31749,11752,592426,1,15.0,0.0,4.41818182,1.47272727,1.5,8.0,24.0,18.333333333333332,9.0,10.0,-0.0020198132014561665,-0.324295449475131,-0.12172035197979299,-0.670128133985311,-0.5645429486844407,1.1342380457693058,-0.1869123152040468,-0.41862989245655907,-0.7673993613632185,-1.4733746059242703
Edward Cabrera,P,"P,SP",Free Agent,40944,21690,665795,1,48.0,0.0,4.13868613,1.42335766,2.526315789473684,0.0,9.0,45.666666666666664,21.0,19.0,-0.00027099567510813216,-0.39309356536959716,-0.22994302247040238,0.9284517211183585,-0.5645429486844407,-0.682754177022791,-0.22656509215273202,-0.7908375321154272,-0.1032853585402413,-1.4395333873972738
Randy Rodriguez,P,"P,RP",Free Agent,4919929,,,1,38.0,0.0,0.675,0.6375,12.666666666666666,6.0,25.0,26.666666666666668,2.0,3.0,0.005527686948238575,2.7714400552390024,0.5466042336848438,0.4440335832081556,-0.5645429486844407,0.6799899900712816,1.5973590687515251,1.879922854657645,2.098766182041377,6.135528730045544
Charlie Morton,P,"P,SP,RP",Free Agent,29155,4676,450203,1,52.0,2.0,6.20496894,1.58385093,1.9259259259259258,0.0,14.0,53.666666666666664,37.0,27.0,-0.0033399661223367794,-4.064844689947915,-0.5500701891925676,1.1222189762824397,0.27757406705362053,-0.682754177022791,-2.3428313076015073,-1.8918432324569021,-1.2687278461338987,-4.786363519879038
Luis Ortiz,P,"P,SP,RP",Free Agent,5101355,27646,682847,1,64.0,4.0,4.3988764,1.43258427,2.1333333333333333,0.0,11.0,59.333333333333336,29.0,30.0,-0.0025752579731572744,-1.012321598311997,-0.3165448658661213,1.703520741774683,1.1196910827916817,-0.682754177022791,-0.5834660152579986,-1.088685178771166,-0.9783296872113519,-0.5100232336969427
Andre Pallante,P,"P,SP,RP",Free Agent,4109034,26108,669467,1,44.0,4.0,4.90909091,1.37878788,1.9130434782608696,0.0,12.0,66.0,36.0,23.0,-0.00290129150643903,-2.220155780217191,-0.23675218245292853,0.7346844659542773,1.1196910827916817,-0.682754177022791,-1.2796185011713044,-0.8142561130251968,-1.1021410234886249,-2.0243942659619583
Dean Kremer,P,"P,SP",Free Agent,38295,19350,665152,1,51.0,3.0,4.70149254,1.3880597,2.8333333333333335,0.0,12.0,67.0,35.0,18.0,0.0007524087921817468,-1.8018812052778224,-0.26052282257992926,1.0737771624914194,0.6986325749226511,-0.682754177022791,-1.0385399744160246,-0.8960099065209787,0.2853528081289203,-0.5595415124168036
Blake Treinen,P,"P,RP",Free Agent,32185,12572,595014,1,10.0,0.0,3.375,1.375,3.3333333333333335,5.0,8.0,8.0,3.0,3.0,0.00040042087975322715,0.1296372405342675,-0.027712673349216146,-0.9123372029404124,-0.5645429486844407,0.45286596222226955,0.07471827558524496,-0.09531153398071102,0.15168528824972682,-0.892922159548323
Michael Lorenzen,P,"P,SP",Free Agent,33252,14843,547179,1,54.0,4.0,5.12307692,1.46153846,2.7,0.0,12.0,65.0,37.0,20.0,0.00034890887712224483,-2.638430350607891,-0.40792452397307977,1.21910260386448,1.1196910827916817,-0.682754177022791,-1.5206970253048941,-1.4029650491775856,0.13212358913287953,-1.135498975716229
Porter Hodge,P,"P,RP",Free Agent,5185133,26413,687863,1,19.0,0.0,5.12068966,1.5,1.7272727272727273,8.0,21.0,19.333333333333332,11.0,11.0,-0.0017642663090362554,-0.783264342633123,-0.14549099957960865,-0.47636087882122985,-0.5645429486844407,1.1342380457693058,-0.4514455936254501,-0.5003837116534143,-0.6703553490079893,-1.5288504360232185
Patrick Corbin,P,"P,SP",Free Agent,31313,9323,571578,1,41.0,2.0,3.7125,1.25625,2.2777777777777777,0.0,10.0,53.333333333333336,22.0,18.0,-0.001073741682617424,0.2794192901972558,0.021022003979164323,0.5893590245812165,0.27757406705362053,-0.682754177022791,0.16104729970145767,0.07230047499763913,-0.4081284060652943,0.009398283245848349
Kyle Harrison,P,"P,SP",Free Agent,4683375,27758,690986,1,16.0,0.0,2.51162791,0.97674419,2.6666666666666665,1.0,6.0,14.333333333333334,4.0,6.0,6.833763701719064e-05,0.6343366449874205,0.13581472290882624,-0.6216863201942907,-0.5645429486844407,-0.4556301491737789,0.3656089874997101,0.4671043249593788,0.02557657291428054,-0.7835695326791406
Kumar Rocker,P,"P,SP",Free Agent,4414525,31843,677958,1,16.0,1.0,8.1,1.75,3.2,0.0,5.0,20.0,18.0,5.0,0.0005450907390112114,-2.7462590438281014,-0.3129604250527047,-0.6216863201942907,-0.14348444081541006,-0.682754177022791,-1.5828456330878162,-1.0763572972966975,0.20662371256909529,-3.9005041558479094
Orion Kerkering,P,"P,RP",Free Agent,4630789,31776,689147,1,19.0,0.0,3.17647059,1.5,1.4615384615384615,10.0,26.0,22.666666666666668,8.0,13.0,-0.002715708309492193,0.5135127585552699,-0.1705756546795412,-0.47636087882122985,-0.5645429486844407,1.58848610146733,0.29597041445918426,-0.5866567653867616,-1.0316657463804282,-0.774769823346346
Randy Vasquez,P,"P,SP",Free Agent,4722847,24719,681190,1,35.0,4.0,3.98863636,1.46590909,1.1666666666666667,0.0,12.0,58.666666666666664,26.0,30.0,-0.007859514532924106,-0.21898485587978755,-0.376508930244742,0.29870814183509475,1.1196910827916817,-0.682754177022791,-0.12621505011359863,-1.294918149788597,-2.985027769188331,-3.6705159214865413
Bryce Elder,P,"P,SP",Free Agent,4301067,27779,693821,1,37.0,4.0,4.56081081,1.2972973,2.3125,0.0,9.0,49.333333333333336,25.0,16.0,-0.0008532958964009296,-1.1012645338404463,-0.04634791090484891,0.3955917694171353,1.1196910827916817,-0.682754177022791,-0.6347295467925093,-0.15940326035948513,-0.3244140497736941,-0.28601818173966237
Jordan Hicks,P,"P,SP,RP",Free Agent,37909,19618,663855,1,43.0,2.0,6.47260274,1.54109589,2.15,1.0,13.0,48.666666666666664,35.0,20.0,-0.0016591232513918364,-4.109316161611,-0.4312169615904487,0.6862426521632571,0.27757406705362053,-0.4556301491737789,-2.3684630756159266,-1.4830741722306393,-0.6304272399690216,-3.973777917772489
Yennier Cano,P,"P,RP",Free Agent,35536,25911,666974,1,20.0,0.0,4.73684211,1.31578947,3.3333333333333335,10.0,23.0,19.0,10.0,6.0,0.0008004020586862559,-0.5328032154501019,-0.02926578567810371,-0.4279190650302096,-0.5645429486844407,1.58848610146733,-0.3070887448748369,-0.10065311603038414,0.30357826610075234,0.4918604929482109
Tyler Holton,P,"P,SP,RP",Free Agent,3983833,26231,663947,1,24.0,0.0,4.3875,1.3875,3.0,6.0,25.0,26.666666666666668,13.0,8.0,0.0005789478835622752,-0.4451193349325668,-0.10320574412759442,-0.23415180986612844,-0.5645429486844407,0.6799899900712816,-0.2565508876827818,-0.35495304492880986,0.21948097380601658,-0.5107277272848625
Taijuan Walker,P,"P,SP",Free Agent,31864,11836,592836,1,39.0,1.0,3.53076923,1.36153846,2.2941176470588234,1.0,10.0,43.333333333333336,17.0,17.0,-0.0009635389215443269,0.4828908531319341,-0.1311575207893581,0.49247539699917586,-0.14348444081541006,-0.4556301491737789,0.27832104180255696,-0.4510869212079916,-0.3662788730661416,-0.6456839454615894
Martin Perez,P,"P,SP",Free Agent,31098,6902,527048,1,18.0,2.0,3.15,1.25,1.6363636363636365,0.0,4.0,20.0,7.0,11.0,-0.0019471150930918668,0.47030034634346746,0.011944563853514419,-0.5248026926122501,0.27757406705362053,-0.682754177022791,0.27106432334649044,0.04108065249652995,-0.7397922319651652,-1.3576300587035655
Aaron Civale,P,"P,SP",Free Agent,40934,19479,650644,1,14.0,0.0,5.19230769,1.32692308,2.8,0.0,4.0,17.333333333333332,10.0,5.0,0.0001789915261247721,-0.7425700259307239,-0.03296871158061001,-0.7185699477763313,-0.5645429486844407,-0.682754177022791,-0.42799084283322414,-0.11338850043510687,0.06759742192568337,-2.439648994826211
Liam Hendriks,P,"P,RP",Free Agent,31755,3548,521230,1,12.0,0.0,6.58536585,1.3902439,1.7142857142857142,0.0,14.0,13.666666666666666,10.0,7.0,-0.001140171456522232,-1.2040570179554708,-0.054111336490773834,-0.8154535753583719,-0.5645429486844407,-0.682754177022791,-0.6939754635101528,-0.1861038241129467,-0.4333551334910393,-3.3761851221797423
Ben Joyce,P,"P,RP",Free Agent,4867388,31461,690829,1,1.0,0.0,6.23076923,1.38461538,1.0,2.0,5.0,4.333333333333333,3.0,1.0,-0.0002939061840181445,-0.33184975170708286,-0.016364801534791355,-1.348313527059595,-0.5645429486844407,-0.2285061213247668,-0.19126634521652622,-0.05628307012881457,-0.11198563146735044,-2.500897643881494
Eduardo Rodriguez,P,"P,SP",Free Agent,32675,13164,593958,1,52.0,1.0,7.05223881,1.70149254,2.888888888888889,0.0,9.0,44.666666666666664,35.0,18.0,0.0009350238396619304,-4.612756522316612,-0.6285488722535529,1.1222189762824397,-0.14348444081541006,-0.682754177022791,-2.6586281196797423,-2.1617530882500136,0.3547009295484429,-4.169699919937075
Sean Burke,P,"P,SP",Free Agent,4867679,29878,680732,1,45.0,4.0,4.2,1.41666667,1.4516129032258065,0.0,12.0,60.0,28.0,31.0,-0.006510739591044423,-0.6360003910787787,-0.28907130384377544,0.7831262797452976,1.1196910827916817,-0.682754177022791,-0.36656791132781474,-0.9941960146523949,-2.472830062987631,-2.613530803453653
Davis Martin,P,"P,SP",Free Agent,42823,21448,663436,1,41.0,5.0,3.66990291,1.23786408,2.411764705882353,0.0,12.0,68.66666666666667,28.0,17.0,-0.000598242117891612,0.45478705123232605,0.06808507977410454,0.5893590245812165,1.5407495906607123,-0.682754177022791,0.2621230140855678,0.2341633848418487,-0.22755729758030457,1.71608353956625
Slade Cecconi,P,"P,SP,RP",Free Agent,41462,,,1,17.0,1.0,5.2826087,1.43478261,3.4,0.0,3.0,15.333333333333334,9.0,5.0,0.0007281403454548752,-0.7018757170260449,-0.08289891521887771,-0.5732445064032704,-0.14348444081541006,-0.682754177022791,-0.4045360965353255,-0.28511225442895094,0.27613685789096987,-1.812994617314778
Cal Quantrill,P,"P,SP",Free Agent,39875,19312,615698,1,40.0,0.0,5.63190184,1.49079755,2.3529411764705883,0.0,12.0,54.333333333333336,34.0,17.0,-0.0007808905197177474,-3.103694500300866,-0.3926346357231972,0.5409172107901962,-0.5645429486844407,-0.682754177022791,-1.7888586647645466,-1.3503789025750539,-0.29691808532313874,-4.142535567579775
Hayden Wesneski,P,"P,SP,RP",Free Agent,42996,27581,669713,1,29.0,2.0,4.5,1.09375,4.833333333333333,0.0,6.0,32.0,16.0,6.0,0.002447547007442097,-0.6511089979253188,0.18156379661873262,0.008057259088973008,0.27757406705362053,-0.682754177022791,-0.3752759727260401,0.6244480188910618,0.9290820757704825,0.7811312710553069
Landon Knack,P,"P,SP",Free Agent,4417826,,,1,34.0,2.0,4.58490566,1.35849057,2.6153846153846154,0.0,8.0,35.333333333333336,18.0,13.0,2.6020807671223167e-05,-0.8164043481145326,-0.10344485415484513,0.25026632804407445,0.27757406705362053,-0.682754177022791,-0.47054630922423646,-0.3557754103209989,0.009506743729520619,-0.9717287577408107
Ryne Nelson,P,"P,SP,RP",Free Agent,4916269,26253,669194,1,35.0,1.0,3.42857143,1.0,3.1818181818181817,2.0,13.0,42.0,16.0,11.0,0.0011613142358530837,0.6074918883515754,0.36623382244391034,0.29870814183509475,-0.14348444081541006,-0.2285061213247668,0.35013662850726673,1.2595792175256022,0.4406347783066559,1.9770682040344425
Mark Leiter Jr.,P,"P,RP",Free Agent,36202,15551,643410,1,35.0,0.0,3.55263158,1.22368421,4.375,10.0,28.0,25.333333333333332,10.0,8.0,0.0025913884250914343,0.2643106824843019,0.03679011390807281,0.29870814183509475,-0.5645429486844407,1.58848610146733,0.15233923780386238,0.12653135797173698,0.983705899129754,2.5852277895233375
Logan Allen,P,"P,SP",Free Agent,4683350,27589,671106,1,38.0,1.0,4.2244898,1.59183673,1.52,0.0,11.0,49.0,23.0,25.0,-0.004944527897849049,-0.558388924547848,-0.514951667503992,0.4440335832081556,-0.14348444081541006,-0.682754177022791,-0.3218354338318884,-1.7710609415860843,-1.878060682440417,-4.353162092488435
Ronny Henriquez,P,"P,RP",Free Agent,4905923,,,1,40.0,0.0,2.19767442,1.18604651,2.857142857142857,8.0,25.0,28.666666666666668,7.0,14.0,0.0006465508004773746,1.5610877815066617,0.07668645767240086,0.5409172107901962,-0.5645429486844407,1.1342380457693058,0.8997552446400727,0.2637458979218288,0.2451532026569876,2.5192666530939505
Chase Dollander,P,"P,SP",Free Agent,4719068,33482,801403,1,39.0,1.0,6.264,1.44,1.8571428571428572,0.0,9.0,41.666666666666664,29.0,21.0,-0.002864229061814161,-3.235849842842636,-0.2323319415226017,0.49247539699917586,-0.14348444081541006,-0.682754177022791,-1.865028284415532,-0.7990536842185335,-1.0880665485457608,-4.085911738018852
Emerson Hancock,P,"P,SP",Free Agent,4297897,27470,676106,1,32.0,4.0,5.64179104,1.56716418,2.1333333333333333,0.0,9.0,44.666666666666664,28.0,15.0,-0.0012911580263739175,-2.5658550794278354,-0.43360587631058156,0.15338270046203387,1.1196910827916817,-0.682754177022791,-1.4788672309467528,-1.4912903094345733,-0.4906923306348187,-2.87053026478522
Louis Varland,P,"P,SP,RP",Free Agent,4917888,27691,686973,1,30.0,0.0,2.63414634,0.91463415,5.0,9.0,30.0,27.333333333333332,8.0,6.0,0.002630563112859363,1.1008598423267943,0.31415380718145397,0.0564990728799933,-0.5645429486844407,1.3613620736183178,0.6344962970571747,1.0804616678813366,0.9985824990671005,3.566858661819482
Cade Povich,P,"P,SP",Free Agent,5085743,,,1,53.0,2.0,5.29411765,1.52941176,2.65,0.0,10.0,51.0,30.0,20.0,0.00016636050180274253,-2.3535701753872385,-0.43253096356718057,1.1706607900734598,0.27757406705362053,-0.682754177022791,-1.3565137937914786,-1.4875933877706855,0.06280078648723682,-2.015825714970638
Quinn Priester,P,"P,SP,RP",Free Agent,42449,25977,682990,1,36.0,1.0,3.88023952,1.31137725,1.3846153846153846,0.0,11.0,55.666666666666664,24.0,26.0,-0.005783238570835625,-0.011736147514969838,-0.07776350993996789,0.347149955626115,-0.14348444081541006,-0.682754177022791,-0.006764296283372726,-0.26745017799995935,-2.196561322933551,-2.9498644594289694
Marcus Stroman,P,"P,SP",Free Agent,32815,13431,573186,1,7.0,0.0,11.57142857,2.03571429,1.0,0.0,3.0,9.333333333333334,12.0,7.0,-0.002055084539779095,-2.334279717409391,-0.23268953003254061,-1.0576626443134733,-0.5645429486844407,-0.682754177022791,-1.3453954627516151,-0.8002835298197382,-0.7807936631274964,-5.231432425719555
Chad Green,P,"P,RP",Free Agent,33325,15552,643338,1,24.0,0.0,3.90789474,1.30263158,3.4285714285714284,5.0,26.0,25.333333333333332,11.0,7.0,0.0010556199432949498,-0.028103809264122075,-0.02819088517279084,-0.23415180986612844,-0.5645429486844407,0.45286596222226955,-0.016198031961632272,-0.09695623645665985,0.40049733763672757,-0.05848572710986405
Kyle Freeland,P,"P,SP",Free Agent,33839,16256,607536,1,52.0,6.0,5.18719212,1.53694581,4.0,0.0,13.0,67.66666666666667,39.0,13.0,0.0033160957482669673,-2.887632437509026,-0.5904447395819902,1.1222189762824397,1.9618080985297428,-0.682754177022791,-1.6643282082023374,-2.0307024570039345,1.2589137318613242,-0.03484403555555615
Richard Fitts,P,"P,SP",Free Agent,4414243,,,1,15.0,2.0,4.71428571,1.28571429,2.142857142857143,0.0,5.0,21.0,11.0,7.0,-0.0005912236065679366,-0.5734975219721444,-0.011826085045921222,-0.670128133985311,0.27757406705362053,-0.682754177022791,-0.33054348979946896,-0.04067317117007723,-0.2248920157090976,-1.671416920633125
Michael Soroka,P,"P,SP,RP",Free Agent,34984,18383,647336,1,28.0,1.0,5.80645161,1.22580645,4.666666666666667,0.0,6.0,31.0,20.0,6.0,0.0022645309020248305,-1.946627043886195,0.042881949765438625,-0.04038455470204728,-0.14348444081541006,-0.682754177022791,-1.121966306343377,0.1474828631913031,0.8595816524738645,-0.9815249632184576
Matt Brash,P,"P,RP",Free Agent,4894467,25756,666374,1,10.0,0.0,0.0,1.32,2.5,5.0,10.0,8.333333333333334,0.0,4.0,-7.648030652207538e-05,1.0488340735219368,-0.01397588941389846,-0.9123372029404124,-0.5645429486844407,0.45286596222226955,0.6045105019640736,-0.048066941864384434,-0.029418086457239187,-0.49698871576013354
Steven Matz,P,"P,SP,RP",Free Agent,33106,13361,571927,1,29.0,0.0,2.59615385,1.03846154,9.666666666666666,4.0,17.0,34.666666666666664,10.0,3.0,0.003879637140510983,1.4390048413632177,0.25896756747782584,0.008057259088973008,-0.5645429486844407,0.22574193437325743,0.8293909980061462,0.8906609548826836,1.4729187518940006,2.8622269495606205
Ryan Gusto,P,"P,SP,RP",Free Agent,5131986,,,1,42.0,0.0,4.61538462,1.56410256,2.210526315789474,0.0,13.0,39.0,20.0,19.0,-0.0013664859069870694,-0.9397463420775712,-0.3747167066972855,0.6378008383722368,-0.5645429486844407,-0.682754177022791,-0.5416362295139846,-1.2887541982494626,-0.5192981168672103,-2.9591848319656524
Yimi Garcia,P,"P,RP",Free Agent,32888,12095,554340,1,24.0,0.0,3.15,1.05,2.4,9.0,21.0,20.0,7.0,10.0,-0.0003738731868256906,0.47030034634346746,0.14190655941600203,-0.23415180986612844,-0.5645429486844407,1.3613620736183178,0.27106432334649044,0.48805583241382083,-0.14235312580461085,1.1794343450234492
Calvin Faucher,P,"P,RP",Free Agent,3978173,,,1,19.0,0.0,4.71428571,1.42857143,1.9,6.0,23.0,21.0,11.0,10.0,-0.0012882843060646465,-0.5734975219721444,-0.10929757976835706,-0.47636087882122985,-0.5645429486844407,0.6799899900712816,-0.33054348979946896,-0.3759045494034179,-0.4896010344482068,-1.5569629110854828
Logan Evans,P,"P,SP,RP",Free Agent,5202474,,,1,25.0,2.0,4.11428571,1.28571429,2.5,0.0,6.0,35.0,16.0,10.0,-0.0001909909629778106,-0.27352872658384664,-0.019710141743202035,-0.18570999607510813,0.27757406705362053,-0.682754177022791,-0.15765218921001894,-0.06778861861679508,-0.07290354407585793,-0.8892344579469504
Drew Pomeranz,P,"P,RP",Free Agent,31010,11426,519141,1,15.0,0.0,0.0,0.51219512,5.0,4.0,15.0,13.666666666666666,0.0,3.0,0.0013160041062683092,1.720087880575976,0.33577464998008577,-0.670128133985311,-0.5645429486844407,0.22574193437325743,0.9913972232210807,1.1548217148939675,0.49937830499817554,1.6366680948167296
Brant Hurter,P,"P,RP",Free Agent,5197093,,,1,31.0,0.0,1.72340426,0.92553191,3.4444444444444446,4.0,17.0,31.333333333333332,6.0,9.0,0.0013828599365273142,2.189129171583625,0.34903322707370515,0.10494088667101359,-0.5645429486844407,0.22574193437325743,1.2617358720378524,1.2004216216683934,0.5247668274577367,2.7530641935238127
Hunter Dobbins,P,"P,SP",Free Agent,4415836,,,1,37.0,2.0,4.06015038,1.33082707,3.7,0.0,9.0,44.333333333333336,20.0,10.0,0.0020035957231963053,-0.26849253502353077,-0.08994717450678978,0.3955917694171353,0.27757406705362053,-0.682754177022791,-0.15474950825697675,-0.30935316385545675,0.7604914366690085,0.28680042400453987
Garrett Whitlock,P,"P,SP,RP",Free Agent,39674,20191,676477,1,37.0,0.0,3.56043956,1.31868132,2.8461538461538463,3.0,21.0,30.333333333333332,12.0,13.0,0.0005743666311039952,0.30878214786588953,-0.04957261881058545,0.3955917694171353,-0.5645429486844407,-0.0013820934757546848,0.17797100219785086,-0.17049392105693703,0.2177412417515441,0.0548850501493979
Yariel Rodriguez,P,"P,SP,RP",Free Agent,4411979,,,1,28.0,0.0,2.73033708,0.94382022,2.8,7.0,24.0,29.666666666666668,9.0,10.0,0.0003576557085658294,1.1021188902980996,0.31283980585453197,-0.04038455470204728,-0.5645429486844407,0.9071140179202938,0.6352219673422511,1.075942454576166,0.13544520111040084,2.148796137562624
Jack Dreyer,P,"P,RP,SP",Free Agent,5136082,,,1,33.0,0.0,2.78350515,1.02061856,2.75,5.0,24.0,32.333333333333336,10.0,12.0,0.0003193407124908454,1.145331309982717,0.260281574869641,0.20182451425305417,-0.5645429486844407,0.45286596222226955,0.6601280627620085,0.895180189046696,0.12089506936244147,1.7663508489620292
Reid Detmers,P,"P,SP,RP",Free Agent,4326697,27468,672282,1,29.0,0.0,6.03947368,1.69736842,2.4166666666666665,5.0,22.0,25.333333333333332,17.0,12.0,-0.0004119207134687386,-1.7825907432928125,-0.3530958723461835,0.008057259088973008,-0.5645429486844407,0.45286596222226955,-1.0274216410665757,-1.2143941802902187,-0.15680168595210328,-2.502237234682096
Kyle Hendricks,P,"P,SP",Free Agent,33173,12049,543294,1,39.0,4.0,5.33898305,1.28813559,2.1666666666666665,0.0,11.0,59.0,35.0,18.0,-0.0014389717775769029,-2.808761908386067,-0.03786715296283698,0.49247539699917586,1.1196910827916817,-0.682754177022791,-1.6188700519944719,-0.13023559260739095,-0.5468246489040023,-1.3665179907377984
Gunnar Hoglund,P,"P,SP",Free Agent,4414154,,,1,23.0,1.0,6.40206186,1.51546392,2.090909090909091,0.0,6.0,32.333333333333336,23.0,11.0,-0.0010328711728138096,-2.6560570696422916,-0.25956640651389634,-0.28259362365714874,-0.14348444081541006,-0.682754177022791,-1.5308564366364543,-0.8927205276426333,-0.3926078171792859,-3.925017022953724
Jonathan Cannon,P,"P,SP",Free Agent,4620398,,,1,51.0,2.0,4.66492147,1.39790576,2.4285714285714284,0.0,12.0,63.666666666666664,33.0,21.0,-0.0006740483719074319,-1.6365858571463412,-0.2679286713524954,1.0737771624914194,0.27757406705362053,-0.682754177022791,-0.9432696391038318,-0.9214806649010036,-0.2563447462620389,-1.452497997744625
JoJo Romero,P,"P,RP",Free Agent,40456,,,1,13.0,0.0,3.43636364,1.41818182,1.0833333333333333,9.0,23.0,18.333333333333332,7.0,12.0,-0.0033369664173079627,0.2605335294730467,-0.08922985579671266,-0.7670117615673516,-0.5645429486844407,1.3613620736183178,0.1501622217052514,-0.3068861067892193,-1.2675887072106196,-1.3945052289280615
Tobias Myers,P,"P,SP",Free Agent,39716,,,1,15.0,0.0,4.95,1.8,1.5,0.0,6.0,20.0,11.0,10.0,-0.0020198132014561665,-0.6993576137189217,-0.34545092394332666,-0.670128133985311,-0.5645429486844407,-0.682754177022791,-0.40308475172053043,-1.1881010922760202,-0.7673993613632185,-4.276010465052312
Paul Blackburn,P,"P,SP",Free Agent,32776,14739,621112,1,3.0,0.0,0.0,0.8,3.0,0.0,1.0,5.0,0.0,1.0,7.246128255067319e-05,0.6293004441131619,0.0760897634672779,-1.2514298994775546,-0.5645429486844407,-0.682754177022791,0.36270630117844394,0.2616937018276083,0.027142528595879293,-1.8471844935828545
Ben Lively,P,"P,SP",Free Agent,33194,14932,594902,1,29.0,0.0,3.2238806,1.18656716,1.9333333333333333,0.0,9.0,44.666666666666664,16.0,15.0,-0.0018393034676309483,0.943118789495958,0.11873261219450398,0.008057259088973008,-0.5645429486844407,-0.682754177022791,0.5435799877625034,0.4083542305425066,-0.6988507334629063,-0.9861563817761549
Anthony Banda,P,"P,RP",Free Agent,34542,14706,607455,1,21.0,0.0,4.3875,1.35,1.4,1.0,27.0,26.666666666666668,13.0,15.0,-0.0033010246443163638,-0.4451193349325668,-0.07071524523697262,-0.3794772512391893,-0.5645429486844407,-0.4556301491737789,-0.2565508876827818,-0.2432092499494875,-1.2539398076711399,-3.153350294400818
Brad Keller,P,"P,RP",Free Agent,35292,15734,641745,1,28.0,0.0,2.22352941,1.02352941,3.5,8.0,26.0,28.333333333333332,7.0,8.0,0.0013107444441180505,1.519134421489929,0.22540216829849422,-0.04038455470204728,-0.5645429486844407,1.1342380457693058,0.8755748262468823,0.7752202810745946,0.49738094665090465,2.6774865963551995
Justin Slaten,P,"P,RP",Free Agent,4917925,,,1,16.0,0.0,3.47142857,0.9,2.2857142857142856,7.0,24.0,23.333333333333332,9.0,7.0,-0.0004082409899166528,0.3050049968040642,0.27927439876917903,-0.6216863201942907,-0.5645429486844407,0.9071140179202938,0.1757939872228216,0.9605017535770872,-0.1554043097818399,0.7017761800596314
Keider Montero,P,"P,SP",Free Agent,5182933,,,1,26.0,1.0,4.01652893,1.46280992,1.625,0.0,8.0,40.333333333333336,18.0,16.0,-0.0028627953483559843,-0.1871039101745645,-0.2547885818389039,-0.13726818228408785,-0.14348444081541006,-0.682754177022791,-0.10784001160380073,-0.8762882696238559,-1.0875220954114198,-3.0351571767613654
Easton Lucas,P,"P,RP,SP",Free Agent,4993411,,,1,22.0,0.0,5.81538462,1.43076923,2.2,0.0,5.0,21.666666666666668,14.0,10.0,-0.0007396376345214506,-1.3668342723103755,-0.11431450927212014,-0.331035437448169,-0.5645429486844407,-0.682754177022791,-0.7877944595006173,-0.3931591549353764,-0.2812522892621167,-3.040538466853511
David Festa,P,"P,SP",Free Agent,5124114,,,1,15.0,0.0,1.38461538,1.30769231,3.0,0.0,3.0,13.0,2.0,5.0,0.00036204113256799175,1.0513521766124567,-0.016603908637897017,-0.670128133985311,-0.5645429486844407,-0.682754177022791,0.6059618466540263,-0.05710542546406154,0.13711056724738932,-1.2314582712551885
Gabe Speier,P,"P,RP",Free Agent,40327,,,1,33.0,0.0,2.01492537,0.89552239,8.25,7.0,25.0,22.333333333333332,5.0,4.0,0.004134431447413878,1.348802869235139,0.2705545444459263,0.20182451425305417,-0.5645429486844407,0.9071140179202938,0.7774018027407869,0.9305117673651991,1.5696769696636643,3.8219861232585575
German Marquez,P,"P,SP",Free Agent,34874,15038,608566,1,38.0,4.0,6.98275862,1.68965517,1.8095238095238095,0.0,12.0,58.0,45.0,21.0,-0.0030467441193064992,-5.858766897689576,-0.793868481986997,0.4440335832081556,1.1196910827916817,-0.682754177022791,-3.3767840000849763,-2.7303328640886604,-1.1573766987361132,-6.383523073932703
Steven Okert,P,"P,RP",Free Agent,33716,13580,595345,1,32.0,0.0,2.05063291,0.56962025,10.666666666666666,3.0,23.0,26.333333333333332,6.0,3.0,0.004428987076420476,1.5598287334270546,0.5978484502383115,0.15338270046203387,-0.5645429486844407,-0.0013820934757546848,0.8990295742925749,2.0561658618119467,1.6815345619432385,4.224187656349598
Jack Kochanowicz,P,"P,SP",Free Agent,4917819,,,1,44.0,4.0,5.34375,1.5625,1.375,0.0,12.0,64.0,38.0,32.0,-0.007166098993406145,-3.056704935944221,-0.6115873734811921,0.7346844659542773,1.1196910827916817,-0.682754177022791,-1.761775558052611,-2.103417811597558,-2.7217030010916954,-5.415274999018696
Joe Boyle,P,"P,SP",Free Agent,4298087,,,1,7.0,0.0,0.0,0.4,3.5,0.0,1.0,5.0,0.0,2.0,0.00032804620565718423,0.6293004441131619,0.14107076124852172,-1.0576626443134733,-0.5645429486844407,-0.682754177022791,0.36270630117844394,0.4851812917862538,0.12420098311624428,-1.3328711939397628
Cole Sands,P,"P,RP",Free Agent,3983841,21461,663485,1,19.0,0.0,3.11538462,1.03846154,2.7142857142857144,8.0,27.0,26.0,9.0,7.0,0.00014070686003764266,0.6406318953492075,0.1942256756083694,-0.47636087882122985,-0.5645429486844407,1.1342380457693058,0.3692373449799496,0.6679957161620127,0.05305880800010182,1.1836260874056992
Graham Ashcraft,P,"P,SP,RP",Free Agent,4084179,27552,668933,1,31.0,0.0,3.98863636,1.53409091,2.5833333333333335,8.0,25.0,29.333333333333332,13.0,12.0,-4.629000048916865e-05,-0.10949242793989378,-0.2532354646364414,0.10494088667101359,-0.5645429486844407,1.1342380457693058,-0.06310752505679944,-0.8709466708126132,-0.01795330829491522,-0.27737152040844926
Jake Bird,P,"P,RP",Free Agent,3459223,21267,656234,1,42.0,0.0,1.52830189,1.16037736,2.8,7.0,26.0,35.333333333333336,6.0,15.0,0.0005359934444832959,2.692569527957171,0.12398864089535157,0.6378008383722368,-0.5645429486844407,0.9071140179202938,1.5519009136048199,0.4264311642187228,0.20316901212564195,3.161872997557274
Trevor Williams,P,"P,SP",Free Agent,33305,16977,592866,1,47.0,1.0,6.03351955,1.44134078,2.9375,0.0,12.0,59.666666666666664,40.0,16.0,0.0009735217871940094,-4.186927628250231,-0.33529857605615226,0.8800099073273382,-0.14348444081541006,-0.682754177022791,-2.4131955531742735,-1.153184365245072,0.36932053716947827,-3.1432880917607298
Bobby Miller,P,"P,SP",Free Agent,4326703,27483,676272,1,7.0,0.0,12.6,2.6,3.5,0.0,2.0,5.0,7.0,2.0,0.00032804620565718423,-1.4176009859960184,-0.2163247265483193,-1.0576626443134733,-0.5645429486844407,-0.682754177022791,-0.8170545801888422,-0.7440004529862962,0.12420098311624428,-3.7418138200795994
DL Hall,P,"P,SP,RP",Free Agent,41018,22207,669084,1,8.0,0.0,1.08,0.96,1.6,0.0,3.0,8.333333333333334,1.0,5.0,-0.000919306112535434,0.7564195835063394,0.08349560725796731,-1.009220830522453,-0.5645429486844407,-0.682754177022791,0.4359732331973183,0.2871644430735839,-0.34948145000488967,-1.882861729963672
Mitch Spence,P,"P,SP,RP",Free Agent,4987645,,,1,37.0,0.0,4.38461538,1.33333333,2.642857142857143,5.0,22.0,39.0,19.0,14.0,9.830518644227126e-05,-0.6473318403653935,-0.08230221765640336,0.3955917694171353,-0.5645429486844407,0.45286596222226955,-0.37309895400573806,-0.28306004678787217,0.036956759185083614,-0.3352874586535624
Evan Phillips,P,"P,RP",Free Agent,37911,17734,623465,1,6.0,0.0,0.0,1.05882353,3.0,3.0,7.0,5.666666666666667,0.0,2.0,0.00014489602250700173,0.713207169994917,0.03858233344836783,-1.1061044581044936,-0.5645429486844407,-0.0013820934757546848,0.41106714133556993,0.13269529572913685,0.05464964375859946,-1.0736174194413828
Seth Halvorsen,P,"P,RP",Free Agent,5204400,,,1,21.0,0.0,4.37837838,1.45945946,1.75,6.0,25.0,24.666666666666668,12.0,12.0,-0.0018744435653883507,-0.40442502386185414,-0.15313594928208538,-0.3794772512391893,-0.5645429486844407,0.6799899900712816,-0.23309614013645874,-0.5266768041373642,-0.7121951965813614,-1.735998350707533
Seranthony Dominguez,P,"P,RP",Free Agent,37793,19249,622554,1,26.0,0.0,5.0625,1.40625,1.8571428571428572,5.0,23.0,21.333333333333332,12.0,14.0,-0.0019119287316864408,-0.8239586519710088,-0.09556079485832432,-0.13726818228408785,-0.5645429486844407,0.45286596222226955,-0.47490034017303373,-0.32865995393477715,-0.7264302002118976,-1.7789356630659676
Garrett Cleavinger,P,"P,RP",Free Agent,36429,17897,664076,1,29.0,0.0,2.77941176,0.92647059,5.8,8.0,24.0,22.666666666666668,7.0,5.0,0.0029247356227748433,0.8059272533361405,0.25180082959892375,0.008057259088973008,-0.5645429486844407,1.1342380457693058,0.46450768597247283,0.8660125648746824,1.1102946017519473,3.0185672087729403
Zach Agnos,P,"P,RP",Free Agent,5207459,,,1,8.0,0.0,1.5,0.83333333,4.0,6.0,16.0,18.0,3.0,2.0,0.0005111963888073667,1.3882381287605914,0.25442885109725727,-1.009220830522453,-0.5645429486844407,0.6799899900712816,0.8001308779421334,0.8750510562964252,0.1937523224738891,0.9751604675768356
Simeon Woods Richardson,P,"P,SP",Free Agent,41383,24494,680573,1,35.0,0.0,5.01769912,1.53982301,2.5,0.0,8.0,37.666666666666664,21.0,14.0,-0.00026719188958113094,-1.3999742840732807,-0.33219235237309214,0.29870814183509475,-0.5645429486844407,-0.682754177022791,-0.8068951787198334,-1.1425012044980396,-0.1018408697961857,-2.9998262368861957
Edwin Uceta,P,"P,RP",Free Agent,41308,20539,670955,1,21.0,0.0,4.80821918,1.52054795,1.9090909090909092,9.0,27.0,24.333333333333332,13.0,11.0,-0.0013985687409250325,-0.7387928770349321,-0.19936323546537665,-0.3794772512391893,-0.5645429486844407,1.3613620736183178,-0.4258138291066193,-0.6856652027798728,-0.5314815830936376,-1.2256187412854418
Erik Miller,P,"P,SP,RP",Free Agent,4152950,,,1,16.0,0.0,1.35,1.7,1.0666666666666667,8.0,24.0,20.0,3.0,15.0,-0.0042146003797447484,1.639958306405856,-0.28046992616208277,-0.6216863201942907,-0.5645429486844407,1.1342380457693058,0.945213398413511,-0.9646135023173746,-1.600870479051286,-1.672261806064575
Michael McGreevy,P,"P,SP",Free Agent,4424141,,,1,5.0,0.0,0.0,0.35294118,5.0,0.0,1.0,5.666666666666667,0.0,1.0,0.0004388287491194909,0.713207169994917,0.1685443284693472,-1.154546271895514,-0.5645429486844407,-0.682754177022791,0.41106714133556993,0.5796704737840314,0.16627068865910902,-1.2448350938240353
Jared Koenig,P,"P,SP,RP",Free Agent,4995802,27517,657649,1,26.0,0.0,3.62195122,1.2804878,2.1666666666666665,9.0,30.0,27.333333333333332,11.0,12.0,-0.0009603667829387597,0.22361637054717598,-0.010751174143648661,-0.13726818228408785,-0.5645429486844407,1.3613620736183178,0.12888448975816963,-0.03697625583833839,-0.3650742524381383,0.3863849241314823
Hunter Harvey,P,"P,RP",Free Agent,33191,15507,640451,1,7.0,0.0,0.0,0.1875,7.0,3.0,6.0,5.333333333333333,0.0,0.0,0.001282521069989162,0.6712538070540395,0.18729804407446135,-1.0576626443134733,-0.5645429486844407,-0.0013820934757546848,0.38688672125700696,0.6441696788819032,0.48666311149457037,-0.10586817484018801
Joel Payamps,P,"P,RP",Free Agent,40021,,,1,16.0,0.0,8.34545455,1.69090909,2.6666666666666665,4.0,23.0,18.333333333333332,17.0,6.0,6.833763701719064e-05,-2.663611371224433,-0.2516823486252972,-0.6216863201942907,-0.5645429486844407,0.22574193437325743,-1.535210466274406,-0.8656050760986429,0.02557657291428054,-3.335726303964242
Osvaldo Bido,P,"P,SP,RP",Free Agent,5132624,23150,674370,1,30.0,0.0,6.13636364,1.68181818,1.5,0.0,10.0,44.0,30.0,20.0,-0.004032252130544922,-3.2345907974705708,-0.5910414358448448,0.0564990728799933,-0.5645429486844407,-0.682754177022791,-1.8643026156285645,-2.032754660175262,-1.5316236743622083,-6.619479002993274
Yuki Matsui,P,"P,RP",Free Agent,4142414,,,1,26.0,0.0,3.375,1.20833333,2.3636363636363638,2.0,25.0,24.0,9.0,11.0,-0.00048432482064697524,0.3889117216028025,0.046823978114079054,-0.13726818228408785,-0.5645429486844407,-0.2285061213247668,0.22415482675573545,0.1610405869146621,-0.18429716830775827,-0.7294190069306561
Ryan Feltner,P,"P,SP",Free Agent,4019484,21446,663372,1,25.0,2.0,4.74725275,1.48351648,2.0833333333333335,0.0,6.0,30.333333333333332,16.0,12.0,-0.0011431821394287667,-0.860875815337248,-0.21202510849842182,-0.18570999607510813,0.27757406705362053,-0.682754177022791,-0.49617807467938524,-0.7292128795644607,-0.43449844126681664,-2.250779501554941
Kevin Ginkel,P,"P,RP",Free Agent,41432,19876,656464,1,15.0,0.0,12.6,2.1,2.142857142857143,6.0,13.0,10.0,14.0,7.0,-0.0005912236065679366,-2.8352019719920367,-0.27019695864352905,-0.670128133985311,-0.5645429486844407,0.6799899900712816,-1.6341091603776843,-0.9292819310759786,-0.2248920157090976,-3.34296419976123
Gregory Soto,P,"P,RP",Free Agent,39804,19677,642397,1,21.0,0.0,4.57627119,1.42372881,3.0,12.0,24.0,19.666666666666668,10.0,7.0,0.0005066720933406543,-0.4488964889185367,-0.09926371447933416,-0.3794772512391893,-0.5645429486844407,2.0427341571653543,-0.25872790434318355,-0.3413953167356995,0.19203421985478586,0.690624956017627
Colton Gordon,P,"P,SP",Free Agent,5133837,,,1,20.0,0.0,5.94915254,1.37288136,6.666666666666667,0.0,4.0,19.666666666666668,13.0,3.0,0.0022315873327838354,-1.3261399551747701,-0.06677322046228706,-0.4279190650302096,-0.5645429486844407,-0.682754177022791,-0.7643397084587067,-0.22965153851794592,0.8470713217467929,-1.8221361159673009
Pierce Johnson,P,"P,RP",Free Agent,32777,13435,572955,1,24.0,0.0,3.32307692,1.15384615,3.4285714285714284,6.0,24.0,21.666666666666668,8.0,7.0,0.0010556199432949498,0.38765267319829066,0.08062848623764458,-0.23415180986612844,-0.5645429486844407,0.6799899900712816,0.22342915622097415,0.27730362239014633,0.40049733763672757,0.7825253477685605
Greg Weissert,P,"P,RP",Free Agent,41485,,,1,26.0,0.0,2.63414634,1.06097561,3.7142857142857144,9.0,28.0,27.333333333333332,8.0,7.0,0.0014215851765975174,1.1008598423267943,0.18419181465141285,-0.13726818228408785,-0.5645429486844407,1.3613620736183178,0.6344962970571747,0.6334864983934664,0.5394727494912429,2.4670064875916733
A.J. Minter,P,"P,RP",Free Agent,36133,18655,621345,1,14.0,0.0,1.63636364,1.0,2.8,7.0,13.0,11.0,2.0,5.0,0.0001789915261247721,0.799631995718142,0.0959183820686432,-0.7185699477763313,-0.5645429486844407,0.9071140179202938,0.4608793243100122,0.32988979506622884,0.06759742192568337,0.4823676627614463
Danny Coulombe,P,"P,RP",Free Agent,33638,13293,543056,1,19.0,0.0,0.0,0.6,9.5,4.0,19.0,16.666666666666668,0.0,2.0,0.0025258484034593742,2.0976681470438736,0.3619342078596661,-0.47636087882122985,-0.5645429486844407,0.22574193437325743,1.2090210039281475,1.2447916560231047,0.9588170554079821,2.5974678222268213
Beau Brieske,P,"P,SP,RP",Free Agent,4917779,26079,689225,1,16.0,0.0,4.640625,1.359375,1.7777777777777777,6.0,20.0,21.333333333333332,11.0,9.0,-0.001360875201574352,-0.5315441619554117,-0.06307029596770242,-0.6216863201942907,-0.5645429486844407,0.6799899900712816,-0.30636307140627855,-0.21691615895545444,-0.5171674497311818,-1.5466859589003648
Jalen Beeks,P,"P,RP",Free Agent,36723,17192,656222,1,26.0,0.0,3.45348837,1.18604651,2.3636363636363638,8.0,28.0,28.666666666666668,11.0,11.0,-0.00048432482064697524,0.3914298246933225,0.07668645767240086,-0.13726818228408785,-0.5645429486844407,1.1342380457693058,0.22560617144568812,0.2637458979218288,-0.18429716830775827,0.7374818158605358
Max Kranick,P,"P,RP",Free Agent,4684369,,,1,23.0,0.0,3.51,0.96,7.666666666666667,5.0,22.0,33.333333333333336,13.0,3.0,0.0027809372686928846,0.3939479238849829,0.33398242903186925,-0.28259362365714874,-0.5645429486844407,0.45286596222226955,0.22705751388847742,1.148657772294337,1.0556871317958623,2.0371318078593568
Taylor Rogers,P,"P,RP",Free Agent,33671,13449,573124,1,18.0,0.0,2.6557377,1.2295082,2.25,6.0,25.0,20.333333333333332,6.0,8.0,-0.0005187469572720538,0.804668202548992,0.0256813456227989,-0.5248026926122501,-0.5645429486844407,0.6799899900712816,0.46378201406444486,0.0883252371632704,-0.19736898546156856,-0.054617385459262424
Jose Butto,P,"P,SP,RP",Free Agent,4905900,23313,676130,1,26.0,0.0,3.48387097,1.51612903,1.5294117647058822,3.0,23.0,31.0,12.0,17.0,-0.003337968145288528,0.3926888710401028,-0.2495325396003486,-0.13726818228408785,-0.5645429486844407,-0.0013820934757546848,0.22633184079444646,-0.8582112893877256,-1.2679691137246727,-2.603041786762235
Jonathan Loaisiga,P,"P,RP",Free Agent,39807,19753,642528,1,6.0,0.0,4.05,1.5,2.0,1.0,7.0,6.666666666666667,3.0,3.0,-0.0003320457014592826,-0.038176211229242314,-0.05016931019986505,-1.1061044581044936,-0.5645429486844407,-0.4556301491737789,-0.02200340472900681,-0.17254610746669488,-0.1264691251492008,-2.447296193307616
Adrian Morejon,P,"P,RP",Free Agent,40917,20039,670970,1,22.0,0.0,2.91891892,1.01351351,4.4,8.0,27.0,24.666666666666668,8.0,5.0,0.0016433883776714175,0.7652329366337415,0.2042595417638056,-0.331035437448169,-0.5645429486844407,1.1342380457693058,0.4410529351802469,0.7025049518095656,0.6237025844996683,2.005920131126177
Shawn Armstrong,P,"P,SP,RP",Free Agent,33499,12857,542888,1,24.0,0.0,3.8028169,1.18309859,1.8461538461538463,5.0,23.0,23.666666666666668,10.0,13.0,-0.0018017986037710543,0.05454386972934461,0.06557769166146175,-0.23415180986612844,-0.5645429486844407,0.45286596222226955,0.031437138534629476,0.22553978493542745,-0.6846082496771119,-0.7734601225353543
Tyler Alexander,P,"P,SP,RP",Free Agent,40360,17735,641302,1,30.0,0.0,6.19266055,1.48623853,2.5,2.0,21.0,36.333333333333336,25.0,12.0,-0.00022910535697873158,-2.737445689292779,-0.2571774886530154,0.0564990728799933,-0.5645429486844407,-0.2285061213247668,-1.5777659302934126,-0.8845043796367997,-0.08737749712342492,-3.286197804182852
Jacob Lopez,P,"P,SP",Free Agent,42239,,,1,26.0,1.0,7.2,1.75,2.6,0.0,7.0,20.0,16.0,10.0,-8.108739129930598e-06,-2.1614300637969075,-0.3129604250527047,-0.13726818228408785,-0.14348444081541006,-0.682754177022791,-1.2457710955543062,-1.0763572972966975,-0.0034539623471050067,-3.289089155320397
Justin Sterner,P,"P,RP",Free Agent,4307467,,,1,29.0,0.0,4.10126582,1.44303797,2.0714285714285716,7.0,28.0,26.333333333333332,12.0,14.0,-0.0013636831176513375,-0.19465820547521032,-0.14943302294637253,0.008057259088973008,-0.5645429486844407,0.9071140179202938,-0.11219403762132288,-0.5139414182427245,-0.5182337567399936,-0.7937408842792147
Anthony Bender,P,"P,RP",Free Agent,42171,19742,669622,1,20.0,0.0,1.82432432,1.09459459,1.8181818181818181,8.0,25.0,24.666666666666668,5.0,11.0,-0.001581417524980644,1.6424764110125996,0.13927854484897498,-0.4279190650302096,-0.5645429486844407,1.1342380457693058,0.9466647439773609,0.4790173648307543,-0.6009184660508134,0.9665396748119572
Tim Herrin,P,"P,RP",Free Agent,4228579,,,1,22.0,0.0,4.05,1.5,1.5714285714285714,8.0,26.0,20.0,9.0,14.0,-0.0026429228837332452,-0.11452863368772694,-0.15050793059959514,-0.331035437448169,-0.5645429486844407,1.1342380457693058,-0.0660102141870199,-0.5176383224000837,-1.0040254581744363,-1.3490143351248436
Tyler Ferguson,P,"P,RP",Free Agent,41612,19481,621053,1,24.0,0.0,4.33333333,1.22222222,1.7142857142857142,9.0,28.0,27.0,13.0,14.0,-0.002277425807709843,-0.40316596906754454,0.04049303731964091,-0.23415180986612844,-0.5645429486844407,1.3613620736183178,-0.23237046591884625,0.13926673380943558,-0.865227829193167,-0.395664246234829
J.T. Ginn,P,"P,SP,RP",Free Agent,4414002,,,1,22.0,0.0,5.60377358,1.52830189,3.6666666666666665,0.0,4.0,17.666666666666668,11.0,6.0,0.0011664342695212326,-0.9930311514892207,-0.14919392331608167,-0.331035437448169,-0.5645429486844407,-0.682754177022791,-0.5723476906475197,-0.5131190886085506,0.4425791126941569,-2.221220229717314
Jorge Lopez,P,"P,RP",Free Agent,33833,14527,605347,1,17.0,0.0,6.56756757,1.2972973,2.4285714285714284,6.0,26.0,24.666666666666668,18.0,7.0,-0.00022525837326492493,-2.158911964605247,-0.023173955452424455,-0.5732445064032704,-0.5645429486844407,0.6799899900712816,-1.2443197531115169,-0.07970163017974277,-0.08591660385441356,-1.8677354521621028
Jesus Tinoco,P,"P,RP",Free Agent,39822,16300,622786,1,10.0,0.0,5.12068966,1.29310345,1.25,8.0,20.0,19.333333333333332,11.0,8.0,-0.0019823400783844924,-0.783264342633123,-0.015529005100137645,-0.9123372029404124,-0.5645429486844407,1.1342380457693058,-0.4514455936254501,-0.053408535460916604,-0.753168931151682,-1.6006651660935962
Daysbel Hernandez,P,"P,RP",Free Agent,4722960,,,1,20.0,0.0,2.25,1.33333333,1.1111111111111112,7.0,24.0,24.0,6.0,18.0,-0.004908657679695505,1.2661551916495941,-0.05064751855778669,-0.4279190650302096,-0.5645429486844407,0.9071140179202938,0.729766633056001,-0.17419079802330611,-1.8644389558730774,-1.394211116634739
Daniel Lynch IV,P,"P,RP",Free Agent,41227,21537,663738,1,18.0,0.0,1.95180723,1.37349398,1.125,4.0,25.0,27.666666666666668,6.0,16.0,-0.004324249495232024,1.7276421830245314,-0.09448589489451971,-0.5248026926122501,-0.5645429486844407,0.22574193437325743,0.9957512533584026,-0.3249630762234492,-1.6425097649659914,-1.8353252947544714
Tim Hill,P,"P,RP",Free Agent,37005,16814,657612,1,14.0,0.0,3.24,1.0,2.0,4.0,26.0,25.0,9.0,7.0,-0.0007742062232192204,0.5147718104254347,0.21799632288327997,-0.7185699477763313,-0.5645429486844407,0.22574193437325743,0.2966960869914242,0.7497495342414296,-0.2943797216363553,-0.30530506249101597
Chris Flexen,P,"P,SP,RP",Free Agent,36067,13896,623167,1,8.0,0.0,0.0,0.76744186,2.0,1.0,8.0,14.333333333333334,0.0,4.0,-0.00044264654599501796,1.803994606457731,0.23328622163842355,-1.009220830522453,-0.5645429486844407,-0.4556301491737789,1.0397580633782066,0.8023357169744539,-0.16846983046784786,-0.3557699784958599
Mason Montgomery,P,"P,RP",Free Agent,4424112,,,1,24.0,0.0,5.12068966,1.39655172,2.4,8.0,24.0,19.333333333333332,11.0,10.0,-0.0003738731868256906,-0.783264342633123,-0.08050999919912485,-0.23415180986612844,-0.5645429486844407,1.1342380457693058,-0.4514455936254501,-0.27689611275526504,-0.14235312580461085,-0.5351515449665891
Ryan Zeferjahn,P,"P,RP",Free Agent,4722057,25420,666171,1,31.0,0.0,4.98461538,1.56923077,2.5833333333333335,10.0,25.0,21.666666666666668,12.0,12.0,-4.629000048916865e-05,-0.7820052857810816,-0.21178600702700268,0.10494088667101359,-0.5645429486844407,1.58848610146733,-0.45071991822183455,-0.7283905435981384,-0.01795330829491522,-0.06817973066098526
Kyle Hart,P,"P,SP",Free Agent,39936,19646,606996,1,17.0,1.0,6.66233766,1.36363636,2.8333333333333335,0.0,6.0,25.666666666666668,19.0,6.0,0.00025135374243445696,-2.3254663618993527,-0.07943509511985727,-0.5732445064032704,-0.14348444081541006,-0.682754177022791,-1.34031575939542,-0.2731992208897239,0.09507699621089849,-2.917921108315717
Ryan Bergert,P,"P,SP",Free Agent,5196249,,,1,4.0,0.0,2.0,1.0,2.0,0.0,5.0,9.0,2.0,2.0,-0.00022140434379336327,0.5479118193724971,0.07847867623798079,-1.2029880856865343,-0.5645429486844407,-0.682754177022791,0.315796804587689,0.2699098323269144,-0.08445303495669017,-1.9490316094358524
Paul Sewald,P,"P,RP",Free Agent,35009,13892,623149,1,15.0,0.0,6.17142857,1.28571429,7.5,4.0,14.0,11.666666666666666,8.0,2.0,0.0017932476708586442,-0.870948216652558,-0.006570047247734011,-0.670128133985311,-0.5645429486844407,0.22574193437325743,-0.5019834470722323,-0.022596206205598643,0.6806116979774028,-0.8528971035969222
Tyler Kinley,P,"P,RP",Free Agent,34166,18297,641755,1,24.0,0.0,6.03947368,1.61842105,1.263157894736842,4.0,26.0,25.333333333333332,17.0,19.0,-0.004652956602623437,-1.7825907432928125,-0.28811487326531965,-0.23415180986612844,-0.5645429486844407,0.22574193437325743,-1.0274216410665757,-0.9909065858618211,-1.7673363918479486,-4.358617442953657
Carlos Carrasco,P,"P,SP",Free Agent,28968,6632,471911,1,25.0,0.0,5.90625,1.53125,2.5,0.0,8.0,32.0,21.0,10.0,-0.0001909909629778106,-2.113181448003305,-0.27330318784997415,-0.18570999607510813,-0.5645429486844407,-0.682754177022791,-1.2179623165598161,-0.9399651108194564,-0.07290354407585793,-3.6638380932374703
Mike Vasil,P,"P,SP,RP",Free Agent,4414551,,,1,24.0,0.0,2.09708738,1.2815534,1.1428571428571428,2.0,17.0,34.333333333333336,8.0,21.0,-0.005601954924197905,1.9818804612693781,-0.014693208015673863,-0.23415180986612844,-0.5645429486844407,-0.2285061213247668,1.1422851170840453,-0.05053399855814241,-2.12771880140054,-2.063168562749973
Ryan Thompson,P,"P,RP",Free Agent,38628,16647,657044,1,21.0,0.0,5.86956522,1.52173913,3.0,6.0,24.0,23.0,15.0,7.0,0.0005066720933406543,-1.4914353092628432,-0.1893293693099404,-0.3794772512391893,-0.5645429486844407,0.6799899900712816,-0.8596100472040664,-0.6511559671323197,0.19203421985478586,-1.5827620043339488
Manuel Rodriguez,P,"P,RP",Free Agent,42363,20794,655889,1,21.0,0.0,2.39240506,0.94936709,5.25,8.0,27.0,26.333333333333332,7.0,4.0,0.0019374340105775545,1.2674142450359822,0.2729434574332325,-0.3794772512391893,-0.5645429486844407,1.1342380457693058,0.7304923064621378,0.9387278986094638,0.7353665056005182,2.5948045565177953
Mike Burrows,P,"P,SP",Free Agent,4918155,sa3008517,681347,1,5.0,0.0,8.64,1.56,1.25,0.0,2.0,8.333333333333334,8.0,4.0,-0.0009918959052042098,-1.2904818466028412,-0.07895688719514228,-1.154546271895514,-0.5645429486844407,-0.682754177022791,-0.743787648169968,-0.2715545318230299,-0.3770474464836765,-3.7942330240794195
Aaron Ashby,P,"P,RP",Free Agent,41325,23550,676879,1,4.0,0.0,0.0,1.0,4.0,0.0,2.0,3.0,0.0,1.0,0.00025564501583508203,0.37758026646789716,0.026159558745993596,-1.2029880856865343,-0.5645429486844407,-0.682754177022791,0.21762378070706628,0.08996994410897119,0.09670660862749415,-2.045984877950234
Jose Ferrer,P,"P,RP",Free Agent,5119607,24017,678606,1,25.0,0.0,5.4,1.33333333,3.125,11.0,29.0,30.0,18.0,8.0,0.0007618970237013301,-1.4876581556017783,-0.06330939819723336,-0.18570999607510813,-0.5645429486844407,1.815610129316342,-0.8574330307309282,-0.21773849752913255,0.28895596701728077,0.2791416233140134
Eric Lauer,P,"P,SP,RP",Free Agent,39915,19316,641778,1,22.0,0.0,2.28169014,0.88732394,2.75,0.0,7.0,23.666666666666668,6.0,8.0,0.00021304960328416556,1.2242018293585268,0.29301118552034006,-0.331035437448169,-0.5645429486844407,-0.682754177022791,0.7055862133519654,1.0077463553778763,0.0805309873834882,0.2155309929579292
Sean Newcomb,P,"P,RP,SP",Free Agent,33856,16943,656794,1,44.0,0.0,3.77205882,1.74264706,2.3157894736842106,0.0,14.0,45.333333333333336,19.0,19.0,-0.001001322496360757,0.14978205486146823,-0.6985467988887498,0.7346844659542773,-0.5645429486844407,-0.682754177022791,0.08632902711243061,-2.4024952815057414,-0.38062719742488726,-3.209406111571152
Nick Mears,P,"P,RP",Free Agent,42620,25376,683232,1,18.0,0.0,2.52,0.72,6.0,7.0,26.0,25.0,7.0,3.0,0.0018653540421773585,1.0996007904566294,0.44542981511763335,-0.5248026926122501,-0.5645429486844407,0.9071140179202938,0.6337706245249347,1.531956099096689,0.7079941150472447,2.6914892152924716
Bryan Baker,P,"P,RP",Free Agent,40884,19804,641329,1,35.0,0.0,2.66666667,0.96296296,5.833333333333333,5.0,28.0,27.0,8.0,6.0,0.0035456436399456948,1.0589064751621518,0.26792653020380414,0.29870814183509475,-0.5645429486844407,0.45286596222226955,0.6103158745441843,0.9214733008995702,1.3460846155501902,3.0649049463668683
Ryne Stanek,P,"P,RP",Free Agent,33301,15947,592773,1,18.0,0.0,3.09836066,1.27868852,2.25,6.0,24.0,20.333333333333332,7.0,8.0,-0.0005187469572720538,0.5122537064685015,-0.006809148069343224,-0.5248026926122501,-0.5645429486844407,0.6799899900712816,0.29524474180210186,-0.023418539937045266,-0.19736898546156856,-0.33489843482192105
Aaron Bummer,P,"P,RP",Free Agent,36131,16258,607481,1,29.0,0.0,2.95890411,1.15068493,3.625,1.0,20.0,24.333333333333332,8.0,8.0,0.0014936935842571053,0.723279574234372,0.09305125953209716,0.008057259088973008,-0.5645429486844407,-0.4556301491737789,0.4168725154137898,0.3200289691680807,0.5668559398621689,0.29164158567479287
Albert Suarez,P,"P,SP,RP",Free Agent,31109,6175,544150,1,2.0,0.0,3.375,1.875,2.0,0.0,1.0,2.6666666666666665,1.0,0.0,0.00036643459142560175,0.0432124135114225,-0.052558222970567926,-1.2998717132685746,-0.5645429486844407,-0.682754177022791,0.024906091861748143,-0.18076223796600094,0.13877898462324811,-2.5642460004568113
Jose Leclerc,P,"P,RP",Free Agent,33926,14524,600917,1,8.0,0.0,6.0,2.0,1.6,1.0,10.0,9.0,6.0,5.0,-0.000919306112535434,-0.6217461406898918,-0.21393581377761642,-1.009220830522453,-0.5645429486844407,-0.4556301491737789,-0.35835227047933177,-0.7357843224869902,-0.34948145000488967,-3.4730119713518843
Kyle Gibson,P,"P,SP",Free Agent,31053,10123,502043,1,10.0,0.0,16.78378378,2.91891892,1.4285714285714286,0.0,4.0,12.333333333333334,23.0,7.0,-0.0015061366898247996,-5.173258840030047,-0.6613969548888404,-0.9123372029404124,-0.5645429486844407,-0.682754177022791,-2.9816816378546442,-2.27472671244145,-0.5723305453455547,-7.988373224289293
Andrew Kittredge,P,"P,RP",Free Agent,35872,12828,552640,1,6.0,0.0,1.92857143,1.92857143,2.0,1.0,5.0,4.666666666666667,1.0,3.0,-0.0003320457014592826,0.29493259094008395,-0.10009951513775271,-1.1061044581044936,-0.5645429486844407,-0.4556301491737789,0.16998861220828343,-0.34426986593029074,-0.1264691251492008,-2.427027934833921
Braxton Ashcraft,P,"P,SP",Free Agent,41282,,,1,3.0,0.0,0.0,0.75,3.0,0.0,2.0,4.0,0.0,1.0,7.246128255067319e-05,0.5034403552905296,0.0673699105519467,-1.2514298994775546,-0.5645429486844407,-0.682754177022791,0.29016504094275514,0.2317037204579511,0.027142528595879293,-1.9497157351882006
John Schreiber,P,"P,RP",Free Agent,39949,20020,670167,1,27.0,0.0,3.32876712,1.35616438,2.7,6.0,28.0,24.333333333333332,9.0,10.0,0.0001747734847179494,0.43086508714291977,-0.06940123329648754,-0.08882636849306756,-0.5645429486844407,0.6799899900712816,0.24833524833240736,-0.23869000014134348,0.06599561938164791,0.10226154046648517
Scott Barlow,P,"P,RP",Free Agent,32156,14993,605130,1,27.0,0.0,3.7125,1.275,1.5,7.0,29.0,26.666666666666668,11.0,18.0,-0.0036303523473359967,0.1397096450986279,-0.005734247455728641,-0.08882636849306756,-0.5645429486844407,0.9071140179202938,0.0805236498507287,-0.01972165999084149,-1.3790021059370936,-1.0644554153344208
Matt Sauer,P,"P,RP",Free Agent,41042,,,1,13.0,0.0,3.0483871,0.91935484,4.333333333333333,1.0,7.0,20.666666666666668,7.0,3.0,0.0009497708156622764,0.5542070700591892,0.234361124201468,-0.7670117615673516,-0.5645429486844407,-0.4556301491737789,0.3194251622551922,0.8060326036252853,0.36030109829879603,-0.30142599524629754
Wandy Peralta,P,"P,RP",Free Agent,36036,14295,593974,1,22.0,0.0,4.10126582,1.44303797,1.6923076923076923,2.0,25.0,26.333333333333332,12.0,13.0,-0.002167362486059421,-0.19465820547521032,-0.14943302294637253,-0.331035437448169,-0.5645429486844407,-0.2285061213247668,-0.11219403762132288,-0.5139414182427245,-0.8234312483584046,-2.5736512116798287
Luis Mey,P,"P,RP",Free Agent,4722939,,,1,14.0,0.0,4.15384615,1.07692308,2.0,2.0,14.0,13.0,6.0,7.0,-0.0007742062232192204,-0.11830578377483708,0.0808675877090637,-0.7185699477763313,-0.5645429486844407,-0.2285061213247668,-0.06818722860025811,0.27812595835646864,-0.2943797216363553,-1.5960600096656834
Jordan Leasure,P,"P,RP",Free Agent,5132121,,,1,26.0,0.0,4.71428571,1.47619048,2.6,9.0,25.0,21.0,11.0,10.0,-8.108739129930598e-06,-0.5734975219721444,-0.1417880802835039,-0.13726818228408785,-0.5645429486844407,1.3613620736183178,-0.33054348979946896,-0.48764834996993023,-0.0034539623471050067,-0.16209485946671487
Janson Junk,P,"P,SP,RP",Free Agent,4881980,23301,676083,1,15.0,0.0,1.38461538,0.84615385,15.0,1.0,3.0,13.0,2.0,1.0,0.0022706660819644675,1.0513521766124567,0.17833908405602447,-0.670128133985311,-0.5645429486844407,-0.4556301491737789,0.6059618466540263,0.613357342176999,0.861911488975595,0.3909294459630898
Nate Pearson,P,"P,RP",Free Agent,39646,20160,663878,1,5.0,0.0,10.38461538,2.30769231,0.7142857142857143,1.0,8.0,8.666666666666666,10.0,7.0,-0.0024210497730821068,-1.8333574623935378,-0.292653596143988,-1.154546271895514,-0.5645429486844407,-0.4556301491737789,-1.0566817648758606,-1.0065165067968385,-0.9197690749821804,-5.157686716408613
Trevor Rogers,P,"P,SP",Free Agent,39640,22286,669432,1,5.0,1.0,0.0,0.31578947,5.0,0.0,1.0,6.333333333333333,0.0,0.0,0.0009160864785635603,0.7971138958766718,0.19601789774790418,-1.154546271895514,-0.14348444081541006,-0.682754177022791,0.45942798149269576,0.6741596628589156,0.347509460745974,-0.4996877846361296
Chase Petty,P,"P,SP",Free Agent,4872687,,,1,7.0,0.0,21.9375,3.9375,0.875,0.0,2.0,5.333333333333333,13.0,8.0,-0.002531187498801657,-3.130134563148724,-0.46251193373797694,-1.0576626443134733,-0.5645429486844407,-0.682754177022791,-1.8040977727108103,-1.5907062207045517,-0.9615939107854746,-6.6613576742215415
Joey Cantillo,P,"P,SP,RP",Free Agent,42488,,,1,36.0,0.0,3.81176471,1.37647059,2.5714285714285716,2.0,21.0,28.333333333333332,12.0,14.0,-8.444335156942984e-05,0.057061965996859865,-0.09950282385677474,0.347149955626115,-0.5645429486844407,-0.2285061213247668,0.03288847929204593,-0.3422176798930121,-0.03244205530555104,-0.7876703702896096
Carmen Mlodzinski,P,"P,RP,SP",Free Agent,4298378,,,1,28.0,0.0,5.67226891,1.61344538,2.3333333333333335,0.0,9.0,39.666666666666664,25.0,12.0,-0.0005947360699587456,-2.3179120635662596,-0.44471464307963215,-0.04038455470204728,-0.5645429486844407,-0.682754177022791,-1.3359617316301036,-1.5294964250283294,-0.22622587478078163,-4.379365711848493
Caden Dana,P,"P,SP",Free Agent,5197473,31508,702674,1,6.0,0.0,7.5,2.0,1.2,0.0,2.0,6.0,5.0,5.0,-0.0012854053254223174,-0.7069119171421917,-0.14262387585174427,-1.1061044581044936,-0.5645429486844407,-0.682754177022791,-0.4074387824196431,-0.49052288165799357,-0.4885077406484702,-3.7398709885378327
Tanner Banks,P,"P,RP",Free Agent,40437,,,1,31.0,0.0,3.80769231,0.96153846,6.2,1.0,25.0,26.0,11.0,5.0,0.0032908348356617267,0.05580291726744279,0.25920667598885305,0.10494088667101359,-0.5645429486844407,-0.4556301491737789,0.03216280857002087,0.8914833150601615,1.249320892395528,1.2577348048385044
Hoby Milner,P,"P,RP",Free Agent,36088,,,1,21.0,0.0,2.025,0.975,3.0,5.0,26.0,26.666666666666668,6.0,7.0,0.0005066720933406543,1.6017820951766142,0.2541897436692466,-0.3794772512391893,-0.5645429486844407,0.45286596222226955,0.9232099936845047,0.8742286998437404,0.19203421985478586,1.4983186756816704
Thomas Harrington,P,"P,SP",Free Agent,4736800,31989,802419,1,7.0,0.0,10.125,2.0,1.4,1.0,2.0,8.0,9.0,5.0,-0.0011023557189786537,-1.6248496995593156,-0.1901651678023257,-1.0576626443134733,-0.5645429486844407,-0.4556301491737789,-0.936505337015286,-0.6540305088773246,-0.4189945953265956,-4.0873661833909
Craig Yoho,P,"P,RP",Free Agent,4417465,,,1,4.0,0.0,9.52941176,2.29411765,0.6666666666666666,0.0,5.0,5.666666666666667,6.0,6.0,-0.002127855627990005,-1.0412797692322533,-0.1888511592191922,-1.2029880856865343,-0.5645429486844407,-0.682754177022791,-0.6001564707655916,-0.6495112706160395,-0.8084285066451349,-4.508381459420532
Triston McKenzie,P,"P,SP",Free Agent,34954,18000,663474,1,4.0,0.0,11.11764706,2.47058824,0.5714285714285714,0.0,4.0,5.666666666666667,7.0,7.0,-0.0026040323897333906,-1.3336942603308668,-0.22134165843471915,-1.2029880856865343,-0.5645429486844407,-0.682754177022791,-0.7686937401565588,-0.7612550667128004,-0.9892567809094381,-4.969490799172563
Carson Spiers,P,"P,SP,RP",Free Agent,5165292,,,1,11.0,1.0,6.075,1.5,1.5714285714285714,0.0,3.0,13.333333333333334,9.0,7.0,-0.0013231540731735159,-0.9535958925052764,-0.1003386203997301,-0.8638953891493921,-0.14348444081541006,-0.682754177022791,-0.549618615758279,-0.3450922149333893,-0.502842839418297,-3.0876876770975583
Kolby Allard,P,"P,SP,RP",Free Agent,34980,18694,663465,1,10.0,0.0,1.90140845,1.01408451,2.5,2.0,9.0,23.666666666666668,5.0,4.0,-7.648030652207538e-05,1.5166163192658224,0.19553968375829617,-0.9123372029404124,-0.5645429486844407,-0.2285061213247668,0.8741234820562994,0.6725149529333803,-0.029418086457239187,-0.1881659244171794
Brock Stewart,P,"P,RP",Free Agent,35997,16727,592779,1,20.0,0.0,3.13953488,0.97674419,4.0,6.0,17.0,14.333333333333334,5.0,5.0,0.0012772891647845341,0.3419221581125716,0.13581472290882624,-0.4279190650302096,-0.5645429486844407,0.6799899900712816,0.19707172054317007,0.4671043249593788,0.48467629385608774,0.8363803157152678
Kenta Maeda,P,"P,SP,RP",Free Agent,34892,18498,628317,1,8.0,0.0,7.875,1.875,1.3333333333333333,0.0,7.0,8.0,7.0,6.0,-0.00139579120632094,-1.0400207195281213,-0.15767466891170379,-1.009220830522453,-0.5645429486844407,-0.682754177022791,-0.5994307994817757,-0.5422867138980019,-0.530426813458663,-3.9286622830681255
Colin Holderman,P,"P,RP",Free Agent,4917897,,,1,11.0,0.0,9.0,2.06666667,1.0,2.0,14.0,15.0,15.0,11.0,-0.003227056581480703,-2.498316017894472,-0.3890501901445076,-0.8638953891493921,-0.5645429486844407,-0.2285061213247668,-1.4399401279659951,-1.338051004711496,-1.2258504126652277,-5.660786004501318
Tanner Gordon,P,"P,SP",Free Agent,4415658,,,1,10.0,1.0,4.23529412,1.35294118,3.3333333333333335,0.0,3.0,17.0,8.0,3.0,0.00040042087975322715,-0.1996944114396469,-0.04670549573253101,-0.9123372029404124,-0.14348444081541006,-0.682754177022791,-0.11509672687638581,-0.16063309329639205,0.15168528824972682,-1.8626203527016645
Ian Hamilton,P,"P,RP",Free Agent,41127,19261,641656,1,26.0,0.0,4.5,1.15,2.1666666666666665,2.0,17.0,20.0,10.0,12.0,-0.0009603667829387597,-0.40694312370332425,0.0769255616347583,-0.13726818228408785,-0.5645429486844407,-0.2285061213247668,-0.23454748295377514,0.26456824245517563,-0.3650742524381383,-1.2653707452300331
Ryan Borucki,P,"P,RP",Free Agent,36192,16350,621366,1,19.0,0.0,4.640625,1.21875,2.111111111111111,6.0,23.0,21.333333333333332,11.0,9.0,-0.0008121281739539299,-0.5315441619554117,0.03440120070416332,-0.47636087882122985,-0.5645429486844407,0.6799899900712816,-0.30636307140627855,0.11831522598251379,-0.30878059429336435,-0.8577422771515182
Brenan Hanifee,P,"P,RP",Free Agent,40485,,,1,21.0,0.0,3.06818182,1.43181818,2.3333333333333335,8.0,26.0,29.333333333333332,10.0,9.0,-0.00044629682220698186,0.7677510369084181,-0.15576396536533582,-0.3794772512391893,-0.5645429486844407,1.1342380457693058,0.44250427824724803,-0.5357152769351415,-0.16985602400148608,-0.07284917684370384
Carlos Vargas,P,"P,RP",Free Agent,42504,,,1,24.0,0.0,2.79310345,1.51724138,2.4,9.0,25.0,29.0,9.0,10.0,-0.0003738731868256906,1.0182121640914397,-0.23448174946453387,-0.23415180986612844,-0.5645429486844407,1.3613620736183178,0.5868611269978616,-0.8064474672046584,-0.14235312580461085,0.2007278490563411
Antonio Senzatela,P,"P,SP",Free Agent,33750,15488,622608,1,31.0,1.0,7.13793103,1.98275862,1.8235294117647058,0.0,12.0,58.0,46.0,17.0,-0.0024247261361565187,-6.151181380557263,-1.3462069663766194,0.10494088667101359,-0.14348444081541006,-0.682754177022791,-3.5453212647319314,-4.629977389911527,-0.9211651750099957,-9.817761560820642
Valente Bellozo,P,"P,SP",Free Agent,5216700,,,1,25.0,0.0,2.90322581,1.22580645,1.9230769230769231,0.0,8.0,31.0,10.0,13.0,-0.001619016662626649,0.9775178497716772,0.042881949765438625,-0.18570999607510813,-0.5645429486844407,-0.682754177022791,0.5634063775789022,0.1474828631913031,-0.6151967503363811,-1.3373146313485154
Connor Gillispie,P,"P,SP,RP",Free Agent,5201596,,,1,23.0,0.0,8.65384615,1.65384615,2.090909090909091,0.0,6.0,26.0,25.0,11.0,-0.0010328711728138096,-4.037999937752438,-0.3256223020929114,-0.28259362365714874,-0.5645429486844407,-0.682754177022791,-2.3273589511683332,-1.1199049878630198,-0.3926078171792859,-5.36976250557502
Mason Fluharty,P,"P,RP",Free Agent,4622501,,,1,25.0,0.0,3.32876712,0.82191781,3.125,3.0,25.0,24.333333333333332,9.0,8.0,0.0007618970237013301,0.43086508714291977,0.35297524805783254,-0.18570999607510813,-0.5645429486844407,-0.0013820934757546848,0.24833524833240736,1.213979320063159,0.28895596701728077,0.9996354971775436
Kevin Kelly,P,"P,RP",Free Agent,5001153,25679,687330,1,4.0,0.0,3.68181818,1.09090909,2.0,2.0,7.0,7.333333333333333,3.0,2.0,-0.00022140434379336327,0.045730515085719216,0.0422852556686175,-1.2029880856865343,-0.5645429486844407,-0.2285061213247668,0.026357435677803902,0.1454306674695625,-0.08445303495669017,-1.9087020875050655
Jacob Webb,P,"P,RP",Free Agent,40384,19274,657097,1,18.0,0.0,5.25974026,1.28571429,1.6363636363636365,6.0,24.0,25.666666666666668,15.0,11.0,-0.0019471150930918668,-1.155808404002997,-0.014454103945014826,-0.5248026926122501,-0.5645429486844407,0.6799899900712816,-0.6661666855768235,-0.049711653652316515,-0.7397922319651652,-1.8650262224197143
Bryan Hudson,P,"P,RP",Free Agent,4991171,19924,663542,1,13.0,0.0,4.35483871,1.93548387,1.0833333333333333,2.0,12.0,10.333333333333334,5.0,12.0,-0.0033369664173079627,-0.16151819901908637,-0.22396967549268448,-0.7670117615673516,-0.5645429486844407,-0.2285061213247668,-0.093093321460746,-0.7702935428628913,-1.2675887072106196,-3.691036403110816
Bryse Wilson,P,"P,SP,RP",Free Agent,40922,19990,669060,1,26.0,0.0,6.80314961,1.91338583,1.4444444444444444,0.0,17.0,42.333333333333336,32.0,18.0,-0.003812967394815736,-4.029186592097852,-0.8871588547953947,-0.13726818228408785,-0.5645429486844407,-0.682754177022791,-2.322279253492469,-3.05118420982331,-1.4483502273564475,-8.206378998663546
Jakob Junis,P,"P,SP,RP",Free Agent,36056,13619,596001,1,20.0,0.0,4.3875,1.5375,2.857142857142857,3.0,24.0,26.666666666666668,13.0,7.0,0.00032368947668937054,-0.4451193349325668,-0.23316773969008217,-0.4279190650302096,-0.5645429486844407,-0.0013820934757546848,-0.2565508876827818,-0.8019282248461012,0.12254651392752816,-1.9297767057917599
Cole Henry,P,"P,SP,RP",Free Agent,4414361,,,1,22.0,0.0,2.07692308,1.01538462,2.2,2.0,19.0,21.666666666666668,5.0,10.0,-0.0007396376345214506,1.264896138913016,0.17809997695291874,-0.331035437448169,-0.5645429486844407,-0.2285061213247668,0.7290409600243914,0.6125349868417518,-0.2812522892621167,-0.06376084985334993
Mike Clevinger,P,"P,SP,RP",Free Agent,32769,12808,605182,1,3.0,0.0,7.94117647,2.29411765,0.375,2.0,8.0,5.666666666666667,5.0,8.0,-0.0032629840593578763,-0.7488652799747676,-0.1888511592191922,-1.2514298994775546,-0.5645429486844407,-0.2285061213247668,-0.4316192024357849,-0.6495112706160395,-1.2394938836305314,-4.365103326169118
Brent Suter,P,"P,RP",Free Agent,36023,13942,608718,1,19.0,0.0,2.34782609,0.97826087,3.8,0.0,20.0,30.666666666666668,8.0,5.0,0.0010942395583413145,1.5203934674035027,0.2890691548973648,-0.47636087882122985,-0.5645429486844407,-0.682754177022791,0.8763004953459559,0.994188623832452,0.4151631485343818,0.5619942631843282
Caleb Ferguson,P,"P,RP",Free Agent,41017,19349,657571,1,18.0,0.0,3.64864865,1.25675676,1.8,6.0,28.0,24.666666666666668,10.0,10.0,-0.0014711665299125265,0.1804039563859435,0.009316543004990864,-0.5248026926122501,-0.5645429486844407,0.6799899900712816,0.10397839752189397,0.032042163309662905,-0.5590506161769597,-0.8323857065708118
Trent Thornton,P,"P,RP",Free Agent,36728,17948,663423,1,11.0,0.0,5.86956522,1.30434783,2.75,5.0,16.0,15.333333333333334,10.0,4.0,0.00010660281321417386,-0.9942902061752288,-0.0179179187372538,-0.8638953891493921,-0.5645429486844407,0.45286596222226955,-0.573073364802711,-0.061624668940057095,0.04010778554798082,-1.5701626238063509
Brennan Bernardino,P,"P,RP",Free Agent,35876,,,1,20.0,0.0,1.82432432,0.93243243,2.5,1.0,28.0,24.666666666666668,5.0,8.0,-0.0001528486769939441,1.6424764110125996,0.26924053867863607,-0.4279190650302096,-0.5645429486844407,-0.4556301491737789,0.9466647439773609,0.9259925387883764,-0.05841899903904018,0.366146120838268
Ryan Fernandez,P,"P,RP",Free Agent,5002952,24862,681676,1,7.0,0.0,11.42307692,2.30769231,1.4,2.0,11.0,8.666666666666666,11.0,5.0,-0.0011023557189786537,-2.1257719528423418,-0.292653596143988,-1.0576626443134733,-0.5645429486844407,-0.2285061213247668,-1.2252190338923008,-1.0065165067968385,-0.4189945953265956,-4.5014418503384155
Paxton Schultz,P,"P,RP",Free Agent,4313208,,,1,20.0,0.0,1.84090909,1.09090909,5.0,0.0,6.0,14.666666666666666,3.0,4.0,0.0017543508908413052,0.9687044997850235,0.084570511337235,-0.4279190650302096,-0.5645429486844407,-0.682754177022791,0.5583266774061888,0.29086133493912547,0.6658406335952982,-0.16018754479682873
Caleb Thielbar,P,"P,RP",Free Agent,32440,10078,573204,1,20.0,0.0,2.04545455,1.0,2.0,7.0,25.0,22.0,5.0,10.0,-0.0011054020822167665,1.3068495007708765,0.1918367641372864,-0.4279190650302096,-0.5645429486844407,0.9071140179202938,0.753221379478742,0.6597795901324581,-0.4201514527194539,0.9075015210973898
Julian Merryweather,P,"P,RP",Free Agent,39816,16703,657240,1,15.0,0.0,5.78571429,1.82142857,1.3636363636363635,8.0,21.0,18.666666666666668,12.0,11.0,-0.002495661445258257,-1.1595855580972683,-0.33541706103694024,-0.670128133985311,-0.5645429486844407,1.1342380457693058,-0.6683437022996462,-1.1535918678028465,-0.9481028808365242,-2.8704714878394624
Shawn Dubin,P,"P,RP",Free Agent,42540,,,1,12.0,0.0,0.77142857,1.28571429,2.4,3.0,10.0,11.666666666666666,1.0,5.0,-0.00018710768676211131,1.1759532134566224,-0.006570047247734011,-0.8154535753583719,-0.5645429486844407,-0.0013820934757546848,0.6777774342950539,-0.022596206205598643,-0.07142886871789718,-0.7976262581470092
Tayler Scott,P,"P,RP",Free Agent,39711,,,1,16.0,0.0,5.4,1.68,1.3333333333333333,2.0,17.0,16.666666666666668,10.0,12.0,-0.0027885203478379417,-0.8264767531120991,-0.22289477217152834,-0.6216863201942907,-0.5645429486844407,-0.2285061213247668,-0.4763516837394048,-0.7665966536047046,-1.0593161407245846,-3.7169998682721928
Dane Dunning,P,"P,SP,RP",Free Agent,36080,19409,641540,1,3.0,0.0,6.0,2.0,1.5,1.0,1.0,3.0,2.0,2.0,-0.00040455452694354577,-0.20724871356329727,-0.07131193792587213,-1.2514298994775546,-0.5645429486844407,-0.4556301491737789,-0.11945075682644411,-0.24526144082899703,-0.154004374314335,-2.7903195693055505
Cristian Mena,P,"P,SP",Free Agent,4917796,,,1,7.0,0.0,0.0,0.52941176,3.5,0.0,2.0,5.666666666666667,0.0,2.0,0.00032804620565718423,0.713207169994917,0.13605383109494854,-1.0576626443134733,-0.5645429486844407,-0.682754177022791,0.41106714133556993,0.46792668401941895,0.12420098311624428,-1.3017649615494717
Brad Lord,P,"P,SP,RP",Free Agent,4866810,,,1,39.0,1.0,4.13709677,1.47580645,2.2941176470588234,1.0,18.0,41.333333333333336,19.0,17.0,-0.0009635389215443269,-0.35365829999585546,-0.2785592221825083,0.49247539699917586,-0.14348444081541006,-0.4556301491737789,-0.20383601358064038,-0.9580420638645974,-0.3662788730661416,-1.6347961435013925
Hector Neris,P,"P,RP",Free Agent,32377,11804,593576,1,13.0,0.0,9.31034483,1.55172414,2.6,6.0,15.0,9.666666666666666,10.0,5.0,-4.058080318891655e-06,-1.7074973756286371,-0.08899074988492522,-0.7670117615673516,-0.5645429486844407,0.6799899900712816,-0.984140505826175,-0.30606375555124454,-0.0019157233961912255,-1.9436847049541213
Victor Vodnik,P,"P,RP",Free Agent,4722599,,,1,10.0,0.0,2.91891892,1.13513514,1.4285714285714286,2.0,13.0,12.333333333333334,4.0,7.0,-0.0015061366898247996,0.38261646831687074,0.05339401918861832,-0.9123372029404124,-0.5645429486844407,-0.2285061213247668,0.22052646759012332,0.18363677188893945,-0.5723305453455547,-1.8735535788161117
Cionel Perez,P,"P,RP",Free Agent,36089,19614,672335,1,21.0,0.0,8.30769231,2.12307692,1.1666666666666667,0.0,19.0,21.666666666666668,20.0,18.0,-0.0047260426322153215,-3.121321210779434,-0.601671991006924,-0.3794772512391893,-0.5645429486844407,-0.682754177022791,-1.7990180711648303,-2.0693160740380283,-1.7950908344535548,-7.290199356602835
Scott Blewett,P,"P,RP",Free Agent,33816,,,1,23.0,0.0,2.25,1.29166667,2.5555555555555554,0.0,14.0,24.0,6.0,9.0,-8.046547046003383e-05,1.2661551916495941,-0.01815702486564445,-0.28259362365714874,-0.5645429486844407,-0.682754177022791,0.729766633056001,-0.06244702092299006,-0.03093145370960778,-0.8935025909409772
Luis Garcia,P,"P,RP",Free Agent,33089,6984,472610,1,23.0,0.0,4.5,1.69230769,1.5333333333333334,2.0,26.0,26.0,13.0,15.0,-0.00293559435014501,-0.5290260608143215,-0.35811280228315334,-0.28259362365714874,-0.5645429486844407,-0.2285061213247668,-0.30491172783990755,-1.2316487873120947,-1.1151675391190816,-3.72737074793744
Brandon Walter,P,"P,RP",Free Agent,4228724,26056,687888,1,5.0,0.0,0.0,0.8,5.0,0.0,1.0,5.0,0.0,1.0,0.0004388287491194909,0.6293004441131619,0.0760897634672779,-1.154546271895514,-0.5645429486844407,-0.682754177022791,0.36270630117844394,0.2616937018276083,0.16627068865910902,-1.6111727059375842
Grant Holman,P,"P,RP",Free Agent,4418343,,,1,14.0,0.0,4.42622951,1.47540984,1.75,1.0,18.0,20.333333333333332,10.0,8.0,-0.0012505435178282731,-0.3649897619537649,-0.13677114926351733,-0.7185699477763313,-0.5645429486844407,-0.4556301491737789,-0.21036706356184542,-0.4703937392232606,-0.4752689583066253,-2.894772806726282
Chase Lee,P,"P,RP",Free Agent,4414112,,,1,15.0,0.0,2.16,0.96,3.0,1.0,13.0,16.666666666666668,4.0,5.0,0.00036204113256799175,0.9280101869814843,0.16699121451593463,-0.670128133985311,-0.5645429486844407,-0.4556301491737789,0.5348719288611264,0.5743288861471683,0.13711056724738932,-0.4439898495878465
Robert Stephenson,P,"P,RP",Free Agent,32134,13594,596112,1,2.0,0.0,0.0,0.0,2.0,0.0,2.0,1.0,0.0,0.0,0.00036643459142560175,0.1258600888226324,0.04121035180595311,-1.2998717132685746,-0.5645429486844407,-0.682754177022791,0.07254126023568858,0.14173377634897952,0.13877898462324811,-2.19411481776789
Eric Orze,P,"P,RP",Free Agent,4299966,,,1,17.0,0.0,0.80597015,1.07462687,2.4285714285714284,2.0,17.0,22.333333333333332,2.0,7.0,-0.00022525837326492493,2.226046336466087,0.1405925471506121,-0.5732445064032704,-0.5645429486844407,-0.2285061213247668,1.2830136074181009,0.4835365814882393,-0.08591660385441356,0.3143400086394489
Braydon Fisher,P,"P,RP",Free Agent,41318,,,1,16.0,0.0,4.21875,0.9375,8.0,0.0,9.0,10.666666666666666,5.0,2.0,0.0019763978540088267,-0.1195648359699072,0.11467209702394739,-0.6216863201942907,-0.5645429486844407,-0.682754177022791,-0.06891290131976181,0.3943889979292249,0.7501630373350476,-0.7933443119570115
Blade Tidwell,P,"P,SP",Free Agent,4719088,sa3020177,694918,1,2.0,0.0,14.72727273,3.27272727,0.6666666666666666,0.0,1.0,3.6666666666666665,6.0,3.0,-0.0010645122826713482,-1.292999948068836,-0.23878136307406322,-1.2998717132685746,-0.5645429486844407,-0.682754177022791,-0.7452389919236024,-0.8212350253548422,-0.4046235385479598,-4.518266394802211
Enyel De Los Santos,P,"P,RP",Free Agent,35026,18403,660853,1,26.0,0.0,3.15584416,1.09090909,2.888888888888889,1.0,25.0,25.666666666666668,9.0,9.0,0.00046828155715994413,0.5986785328415367,0.14799839484016128,-0.13726818228408785,-0.5645429486844407,-0.4556301491737789,0.3450569251510715,0.5090073361434699,0.177455401728041,-0.125921617119725
Joe Ross,P,"P,SP,RP",Free Agent,32684,12972,605452,1,22.0,0.0,4.34482759,1.27586207,3.142857142857143,0.0,21.0,29.0,14.0,7.0,0.0006896547099919381,-0.44386028793597687,-0.007048257555085561,-0.331035437448169,-0.5645429486844407,-0.682754177022791,-0.2558252179594964,-0.024240903466837518,0.26152192578204353,-1.596876758799691
Ryan Brasier,P,"P,RP",Free Agent,30189,5615,518489,1,3.0,0.0,3.375,1.5,1.0,1.0,6.0,5.333333333333333,2.0,3.0,-0.0008813956373683318,0.086424827022845,-0.040135448159892034,-1.2514298994775546,-0.5645429486844407,-0.4556301491737789,0.04981218372349655,-0.13803688597335598,-0.33508493519827004,-2.6949126347839036
Jackson Rutledge,P,"P,SP,RP",Free Agent,42434,,,1,25.0,0.0,4.80821918,1.47945205,2.0833333333333335,1.0,19.0,24.333333333333332,13.0,12.0,-0.0011431821394287667,-0.7387928770349321,-0.1668727289936382,-0.18570999607510813,-0.5645429486844407,-0.4556301491737789,-0.4258138291066193,-0.5739213817269975,-0.43449844126681664,-2.640116746033761
Justin Wrobleski,P,"P,SP,RP",Free Agent,4417203,,,1,8.0,0.0,8.0,1.33333333,2.6666666666666665,0.0,2.0,9.0,8.0,3.0,3.418758914675024e-05,-1.206575120721086,-0.01899281945917001,-1.009220830522453,-0.5645429486844407,-0.682754177022791,-0.695426808012842,-0.06532154925874006,0.012608081550178675,-3.0046582319510877
Justin Wilson,P,"P,RP",Free Agent,31026,4301,458677,1,21.0,0.0,2.36842105,1.31578947,2.3333333333333335,5.0,24.0,19.0,5.0,9.0,-0.00044629682220698186,0.9292692391765545,-0.02926578567810371,-0.3794772512391893,-0.5645429486844407,0.45286596222226955,0.5355976015806302,-0.10065311603038414,-0.16985602400148608,-0.22606577615260054
Jordan Wicks,P,"P,SP",Free Agent,4420749,,,1,2.0,0.0,13.5,3.0,2.0,0.0,2.0,2.0,3.0,0.0,0.00036643459142560175,-0.6255232924015268,-0.11252228973182525,-1.2998717132685746,-0.5645429486844407,-0.682754177022791,-0.3605292858288881,-0.38699521717797697,0.13877898462324811,-3.155914357359423
Carson Palmquist,P,"P,SP",Free Agent,4621424,,,1,14.0,0.0,8.5,1.83333333,1.4,0.0,4.0,18.0,17.0,10.0,-0.0022026954253040465,-2.705564731457769,-0.3304001289339373,-0.7185699477763313,-0.5645429486844407,-0.682754177022791,-1.5593908847924387,-1.1363372533313845,-0.8368489430919714,-5.498444154699357
Justin Lawrence,P,"P,RP",Free Agent,41310,,,1,15.0,0.0,0.79411765,0.97058824,2.5,3.0,11.0,11.333333333333334,1.0,6.0,-0.00011467846840007567,1.13399984889122,0.1096551642711343,-0.670128133985311,-0.5645429486844407,-0.0013820934757546848,0.6535970132801727,0.37713438122288645,-0.04392385038233741,-0.2492456320247845
Joey Estes,P,"P,SP",Free Agent,4917636,,,1,5.0,0.0,15.42857143,3.0,0.8333333333333334,0.0,2.0,7.0,12.0,6.0,-0.0019448395225727388,-2.6279532587536445,-0.3938280140613884,-1.154546271895514,-0.5645429486844407,-0.682754177022791,-1.514658403738504,-1.3544832601229184,-0.7389280833485169,-6.009913144812685
Collin Snider,P,"P,RP",Free Agent,3183870,,,1,24.0,0.0,5.46835443,1.44303797,4.0,4.0,24.0,26.333333333333332,16.0,6.0,0.0015324664803557653,-1.3643161675953306,-0.14943302294637253,-0.23415180986612844,-0.5645429486844407,0.22574193437325743,-0.7863431138743465,-0.5139414182427245,0.5815799592873928,-1.29165739700699
Josh Winckowski,P,"P,SP,RP",Free Agent,4713488,22387,670174,1,9.0,0.0,3.85714286,1.37142857,1.8,0.0,6.0,11.666666666666666,5.0,5.0,-0.0007362565060922144,0.006295251769708495,-0.039060543972322635,-0.9607790167314327,-0.5645429486844407,-0.682754177022791,0.0036283582917148935,-0.13433999373533495,-0.2799683046831837,-2.6187560825654677
Nick Sandlin,P,"P,RP",Free Agent,41385,20517,680704,1,10.0,0.0,2.25,1.25,2.5,3.0,10.0,8.0,2.0,4.0,-7.648030652207538e-05,0.4220517305498647,0.004777825541405767,-0.9123372029404124,-0.5645429486844407,-0.0013820934757546848,0.24325554435200017,0.016432260998611725,-0.029418086457239187,-1.2479925262072349
Erik Swanson,P,"P,RP",Free Agent,36013,16587,657024,1,1.0,0.0,9.0,1.0,1.0,0.0,2.0,2.0,2.0,0.0,0.00018321729571280088,-0.3331088023859296,0.0174397058306624,-1.348313527059595,-0.5645429486844407,-0.682754177022791,-0.1919920170621329,0.059979962739314,0.06920215924894994,-2.6584205478406955
Taylor Clarke,P,"P,SP,RP",Free Agent,35277,17611,664199,1,9.0,0.0,0.69230769,0.38461538,9.0,2.0,10.0,13.0,1.0,1.0,0.0011715636822575703,1.3437666656533387,0.3732820809737108,-0.9607790167314327,-0.5645429486844407,-0.2285061213247668,0.7744991148589904,1.283820124344753,0.44452700878573714,0.7490181612488402
Ian Anderson,P,"P,SP,RP",Free Agent,40916,19951,666120,1,8.0,0.0,11.57142857,2.57142857,1.1428571428571428,1.0,7.0,9.333333333333334,12.0,7.0,-0.0018721019231278113,-2.334279717409391,-0.3951420227528236,-1.009220830522453,-0.5645429486844407,-0.4556301491737789,-1.3453954627516151,-1.359002498756683,-0.7113059572002387,-5.44509784708921
Marc Church,P,"P,RP",Free Agent,4999877,,,1,5.0,0.0,3.85714286,2.14285714,0.8333333333333334,1.0,5.0,4.666666666666667,2.0,6.0,-0.0019448395225727388,0.0025181007078833983,-0.13259001337856458,-1.154546271895514,-0.5645429486844407,-0.4556301491737789,0.0014513433166857981,-0.4560136586747373,-0.7389280833485169,-3.368209768460302
Joey Wentz,P,"P,RP",Free Agent,40927,19962,666214,1,22.0,0.0,4.15384615,1.38461538,2.0,0.0,19.0,26.0,12.0,11.0,-0.001215719956869421,-0.23661156754967416,-0.09818880920874813,-0.331035437448169,-0.5645429486844407,-0.682754177022791,-0.13637445720051597,-0.3376984207728853,-0.46204470013646176,-2.5144501412652636
Chayce McDermott,P,"P,SP",Free Agent,4415756,,,1,7.0,0.0,8.2173913,2.08695652,0.875,0.0,2.0,7.666666666666667,7.0,8.0,-0.002531187498801657,-1.081974081385982,-0.2039019513044368,-1.0576626443134733,-0.5645429486844407,-0.682754177022791,-0.6236112189361265,-0.7012750995037342,-0.9615939107854746,-4.59143999924604
Steven Wilson,P,"P,RP",Free Agent,41828,20353,621051,1,13.0,0.0,2.16,1.08,1.3,7.0,18.0,16.666666666666668,4.0,10.0,-0.0023855776491519265,0.9280101869814843,0.10201021673469074,-0.7670117615673516,-0.5645429486844407,0.9071140179202938,0.5348719288611264,0.35084129618852256,-0.9062985248207244,-0.44502599210257376
Eli Morgan,P,"P,RP",Free Agent,41324,20203,669212,1,4.0,0.0,12.27272727,2.04545455,1.3333333333333333,0.0,7.0,7.333333333333333,10.0,3.0,-0.0006982789920653154,-2.001170914806858,-0.18514823786535586,-1.2029880856865343,-0.5645429486844407,-0.682754177022791,-1.15340344556464,-0.6367759018554485,-0.2655463318485803,-4.506010890662434
Angel Zerpa,P,"P,RP",Free Agent,4705673,,,1,14.0,0.0,4.875,1.54166667,2.3333333333333335,3.0,25.0,24.0,13.0,6.0,-0.000297694573817342,-0.7807462384595864,-0.21310001820937594,-0.7185699477763313,-0.5645429486844407,-0.0013820934757546848,-0.4499942483112853,-0.7329097907989265,-0.11342427367895536,-2.5808233027256935
Dedniel Nunez,P,"P,RP",Free Agent,4717899,,,1,3.0,0.0,7.36363636,1.90909091,0.5,1.0,5.0,3.6666666666666665,3.0,6.0,-0.0023108717334072715,-0.4157564772639329,-0.0763288690541603,-1.2514298994775546,-0.5645429486844407,-0.4556301491737789,-0.23962718518638854,-0.26251605194814576,-0.8779289299417528,-3.6516751644120613
Gordon Graceffo,P,"P,SP,RP",Free Agent,5123582,29519,700669,1,13.0,0.0,7.46808511,1.40425532,3.25,1.0,9.0,15.666666666666666,13.0,4.0,0.00047276905268667235,-1.829580313822651,-0.06916213106695668,-0.7670117615673516,-0.5645429486844407,-0.4556301491737789,-1.0545047513365196,-0.23786766156766564,0.17915952955842085,-2.9003977427713354
Jared Shuster,P,"P,RP",Free Agent,4623366,27472,694363,1,11.0,0.0,6.13636364,1.77272727,2.75,0.0,11.0,14.666666666666666,10.0,4.0,0.00010660281321417386,-1.07819693249019,-0.24033447670257083,-0.8638953891493921,-0.5645429486844407,-0.682754177022791,-0.6214342052095216,-0.8265766118742675,0.04010778554798082,-3.519095546392432
Brent Headrick,P,"P,SP,RP",Free Agent,5116839,,,1,12.0,0.0,3.24,0.72,4.0,0.0,7.0,8.333333333333334,3.0,3.0,0.00076665417035926,0.17159060347514493,0.14847660503921115,-0.8154535753583719,-0.5645429486844407,-0.682754177022791,0.09889869566380788,0.5106520330322295,0.29076249494910633,-1.1624374774204598
Joe Mantiply,P,"P,RP",Free Agent,33691,14857,573009,1,8.0,0.0,15.82758621,3.0,2.6666666666666665,0.0,10.0,9.666666666666666,17.0,3.0,3.418758914675024e-05,-3.7543988059544207,-0.5438577337038221,-1.009220830522453,-0.5645429486844407,-0.682754177022791,-2.1639013873183037,-1.8704768830268872,0.012608081550178675,-6.278288145024697
Tristan Beck,P,"P,SP,RP",Free Agent,41309,,,1,6.0,0.0,1.58823529,0.70588235,3.0,1.0,3.0,5.666666666666667,1.0,2.0,0.00014489602250700173,0.4207926807374313,0.10356333187942163,-1.1061044581044936,-0.5645429486844407,-0.4556301491737789,0.24252987300576317,0.3561828879226582,0.05464964375859946,-1.4729151512756922
John Brebbia,P,"P,RP",Free Agent,39085,12777,605154,1,16.0,0.0,5.17021277,1.46808511,2.0,2.0,15.0,15.666666666666666,9.0,8.0,-0.0008846452375501634,-0.6599223539768657,-0.1016526313655002,-0.6216863201942907,-0.5645429486844407,-0.2285061213247668,-0.3803556763943413,-0.3496114613892195,-0.33631897188409693,-2.481021499871156
Wade Miley,P,"P,SP",Free Agent,31094,8779,489119,1,0.0,0.0,18.0,3.0,0.0,0.0,1.0,2.0,4.0,0.0,0.0,-0.917937782417124,-0.11252228973182525,-1.3967553408506153,-0.5645429486844407,-0.682754177022791,-0.5290665545956432,-0.38699521717797697,-0.0003746661253482411,-3.5604889044568155
Luis F. Castillo,P,"P,RP",Free Agent,42155,,,1,5.0,0.0,7.71428571,2.71428571,0.7142857142857143,0.0,2.0,7.0,6.0,7.0,-0.0024210497730821068,-0.8734663173604416,-0.32884701530542954,-1.154546271895514,-0.5645429486844407,-0.682754177022791,-0.5034347903889186,-1.1309956668119587,-0.9197690749821804,-4.956042929785803
Jesse Chavez,P,"P,RP",Free Agent,29220,5448,445926,1,3.0,0.0,6.0,2.33333333,1.0,0.0,2.0,3.0,2.0,3.0,-0.0008813956373683318,-0.20724871356329727,-0.10380243649158906,-1.2514298994775546,-0.5645429486844407,-0.682754177022791,-0.11945075682644411,-0.3570052346908818,-0.33508493519827004,-3.310267951900382
Tyler Phillips,P,"P,SP,RP",Free Agent,41247,,,1,16.0,0.0,3.98863636,1.32954545,1.7777777777777777,0.0,19.0,29.333333333333332,13.0,9.0,-0.001360875201574352,-0.10949242793989378,-0.05829246609423004,-0.6216863201942907,-0.5645429486844407,-0.682754177022791,-0.06310752505679944,-0.20048388305766932,-0.5171674497311818,-2.649742303747173
Cam Booser,P,"P,RP",Free Agent,2560565,,,1,26.0,0.0,5.22580645,1.30645161,2.3636363636363638,6.0,25.0,20.666666666666668,12.0,11.0,-0.00048432482064697524,-0.9078653767697473,-0.025562864107664132,-0.13726818228408785,-0.5645429486844407,0.6799899900712816,-0.5232611797059477,-0.08791774652483476,-0.18429716830775827,-0.8172972354357879
Lake Bachar,P,"P,RP",Free Agent,42592,,,1,30.0,0.0,4.725,1.275,1.875,4.0,22.0,26.666666666666668,14.0,16.0,-0.002132068274917742,-0.7375338249481636,-0.005734247455728641,0.0564990728799933,-0.5645429486844407,0.22574193437325743,-0.42508815644953674,-0.01972165999084149,-0.8100282606340496,-1.5371400185056177
Ryan Johnson,P,"P,SP,RP",Free Agent,5007859,,,1,16.0,0.0,7.36363636,1.97727273,3.2,2.0,14.0,14.666666666666666,12.0,5.0,0.0005450907390112114,-1.6630259090557316,-0.3378059759736764,-0.6216863201942907,-0.5645429486844407,-0.2285061213247668,-0.9585087407455534,-1.161808005751739,0.20662371256909529,-3.3284284241316957
Lou Trivino,P,"P,RP",Free Agent,35844,15043,642152,1,21.0,0.0,3.91935484,1.25806452,3.0,3.0,18.0,20.666666666666668,9.0,7.0,0.0005066720933406543,-0.030621908672385432,0.00692763023428799,-0.3794772512391893,-0.5645429486844407,-0.0013820934757546848,-0.017649374529263757,0.023826032810356865,0.19203421985478586,-0.7471914152635056
Brandon Young,P,"P,SP",Free Agent,4414339,sa3014926,687064,1,9.0,0.0,6.23076923,2.19230769,1.125,0.0,2.0,8.666666666666666,6.0,8.0,-0.0021652892185235473,-0.6636995034141657,-0.26016309595374604,-0.9607790167314327,-0.5645429486844407,-0.682754177022791,-0.38253269043305216,-0.8947727073477636,-0.8226439243629462,-4.3080254645824265
Steven Cruz,P,"P,RP",Free Agent,5002931,,,1,16.0,0.0,1.7704918,0.83606557,2.6666666666666665,3.0,21.0,20.333333333333332,4.0,6.0,6.833763701719064e-05,1.3894971814971697,0.28560534140474564,-0.6216863201942907,-0.5645429486844407,-0.0013820934757546848,0.8008565509737431,0.9822756130144628,0.02557657291428054,0.6210973745480004
Yilber Diaz,P,"P,SP",Free Agent,5217798,,,1,1.0,0.0,9.0,2.33333333,0.3333333333333333,0.0,1.0,3.0,3.0,3.0,-0.0012476289279743646,-0.49966320357889443,-0.10380243649158906,-1.348313527059595,-0.5645429486844407,-0.682754177022791,-0.28798802559319925,-0.3570052346908818,-0.47416214189764955,-3.714766054948557
Andrew Chafin,P,"P,RP",Free Agent,32810,12988,605177,1,13.0,0.0,4.0,2.33333333,1.3,3.0,13.0,9.0,4.0,10.0,-0.0023855776491519265,-0.03691716065869731,-0.3114073094747672,-0.7670117615673516,-0.5645429486844407,-0.0013820934757546848,-0.02127773294582137,-1.0710157040726447,-0.9062985248207244,-3.331528765566737
Jose Ruiz,P,"P,RP",Free Agent,36053,14552,614179,1,12.0,0.0,8.1627907,1.88372093,2.0,3.0,16.0,14.333333333333334,13.0,6.0,-0.0006637267846518746,-1.9973937648280495,-0.2865617607198287,-0.8154535753583719,-0.5645429486844407,-0.0013820934757546848,-1.151226431213823,-0.9855650030671892,-0.2524251202721913,-3.7705951720717708
Rafael Montero,P,"P,RP",Free Agent,32631,12760,606160,1,22.0,0.0,5.14285714,1.52380952,1.4666666666666666,4.0,22.0,21.0,12.0,15.0,-0.003118309497230687,-0.8659120129624566,-0.1742785739756459,-0.331035437448169,-0.5645429486844407,0.22574193437325743,-0.499080759128015,-0.5993921270702455,-1.1845536733951108,-2.9528630113527234
Jorge Alcala,P,"P,RP",Free Agent,41031,19459,660896,1,27.0,0.0,6.44776119,1.52238806,2.076923076923077,1.0,20.0,22.333333333333332,16.0,13.0,-0.0012534527803382822,-1.86775652028662,-0.18431243883146214,-0.08882636849306756,-0.5645429486844407,-0.4556301491737789,-1.0765081533189926,-0.6339013582480466,-0.4763737516550884,-3.295782729573415
John King,P,"P,RP",Free Agent,41763,,,1,11.0,0.0,3.54098361,1.52459016,1.5714285714285714,1.0,21.0,20.333333333333332,8.0,7.0,-0.0013231540731735159,0.21983921699441264,-0.16926164295565946,-0.8638953891493921,-0.5645429486844407,-0.4556301491737789,0.1267074733474527,-0.5821375163235762,-0.502842839418297,-2.8423413694020323
Grant Anderson,P,"P,RP",Free Agent,42161,20546,681982,1,31.0,0.0,2.93478261,1.20652174,2.2142857142857144,1.0,26.0,30.666666666666668,10.0,14.0,-0.0009981860416279353,0.9355644891051346,0.061635662229804794,0.10494088667101359,-0.5645429486844407,-0.4556301491737789,0.5392259588111846,0.21198205748727564,-0.3794361277587243,-0.54346032264747
Bennett Sousa,P,"P,RP",Free Agent,41776,,,1,22.0,0.0,2.5,1.11111111,5.5,1.0,15.0,18.0,5.0,4.0,0.002120517130314248,0.8034091487293971,0.09197635534452776,-0.331035437448169,-0.5645429486844407,-0.4556301491737789,0.4630563404086231,0.31633207693005977,0.8048923776059068,0.23307225963820105
Hogan Harris,P,"P,SP,RP",Free Agent,41364,21520,663687,1,23.0,0.0,3.54098361,1.52459016,1.7692307692307692,1.0,16.0,20.333333333333332,8.0,13.0,-0.0019845805449150156,0.21983921699441264,-0.16926164295565946,-0.28259362365714874,-0.5645429486844407,-0.4556301491737789,0.1267074733474527,-0.5821375163235762,-0.7540197490176739,-2.512216513509166
Jose Urena,P,"P,SP,RP",Free Agent,33107,11589,570632,1,8.0,0.0,5.625,1.5,2.0,1.0,8.0,16.0,10.0,4.0,-0.00044264654599501796,-0.9103834789938539,-0.12040634447967612,-1.009220830522453,-0.5645429486844407,-0.4556301491737789,-0.5247125238965306,-0.4141106579200671,-0.16846983046784786,-3.1366869406651183
Brock Burke,P,"P,RP",Free Agent,39945,17968,656271,1,20.0,0.0,4.56338028,1.3943662,2.2222222222222223,6.0,26.0,23.666666666666668,12.0,9.0,-0.0006292124980804559,-0.5302851100852464,-0.09687480614899932,-0.4279190650302096,-0.5645429486844407,0.6799899900712816,-0.3056373988740384,-0.3331792015080449,-0.23931830914742522,-1.190606933172877
Zack Kelly,P,"P,RP",Free Agent,41569,,,1,11.0,0.0,7.61538462,1.30769231,2.75,1.0,9.0,13.0,11.0,4.0,0.00010660281321417386,-1.5803782374267783,-0.016603908637897017,-0.8638953891493921,-0.5645429486844407,-0.4556301491737789,-0.9108735744939341,-0.05710542546406154,0.04010778554798082,-2.811939701417627
Cooper Criswell,P,"P,SP,RP",Free Agent,4326801,24975,681867,1,0.0,0.0,10.38461538,2.53846154,0.0,1.0,3.0,4.333333333333333,5.0,1.0,-0.00047708991730299743,-0.9166787311967689,-0.17881729685431422,-1.3967553408506153,-0.5645429486844407,-0.4556301491737789,-0.5283408824379305,-0.6150020480052627,-0.18154971149913396,-3.7418210806511616
Carlos Hernandez,P,"P,RP",Free Agent,41233,22713,672578,1,21.0,0.0,5.86956522,1.82608696,1.6153846153846154,1.0,23.0,23.0,15.0,13.0,-0.0023501444272033822,-1.4914353092628432,-0.4167628644684387,-0.3794772512391893,-0.5645429486844407,-0.4556301491737789,-0.8596100472040664,-1.4333625420445204,-0.8928427476989667,-4.585465686044963
T.J. McFarland,P,"P,RP",Free Agent,32680,3237,519008,1,4.0,0.0,5.22580645,1.74193548,1.3333333333333333,5.0,18.0,10.333333333333334,6.0,3.0,-0.0006982789920653154,-0.45393268838487366,-0.15898867673672565,-1.2029880856865343,-0.5645429486844407,0.45286596222226955,-0.26163058985297394,-0.5468059495519318,-0.2655463318485803,-2.388647943402191
Alek Jacob,P,"P,RP",Free Agent,4346118,,,1,18.0,0.0,6.94285714,1.75714286,1.8,3.0,22.0,23.333333333333332,18.0,10.0,-0.0014711665299125265,-2.326725412253294,-0.3705355812092925,-0.5248026926122501,-0.5645429486844407,-0.0013820934757546848,-1.3410414310537628,-1.2743741534589539,-0.5590506161769597,-4.265193935462122
Genesis Cabrera,P,"P,RP",Free Agent,41061,17490,650893,1,10.0,0.0,2.7,1.1,2.5,0.0,8.0,10.0,3.0,4.0,-7.648030652207538e-05,0.3813574181795322,0.05470803026269005,-0.9123372029404124,-0.5645429486844407,-0.682754177022791,0.21980079605662264,0.18815601871724877,-0.029418086457239187,-1.7810956003310117
Forrest Whitley,P,"P,RP",Free Agent,40915,19586,666215,1,8.0,0.0,12.27272727,2.04545455,1.3333333333333333,0.0,5.0,7.333333333333333,10.0,6.0,-0.00139579120632094,-2.001170914806858,-0.18514823786535586,-1.009220830522453,-0.5645429486844407,-0.682754177022791,-1.15340344556464,-0.6367759018554485,-0.530426813458663,-4.577124117108436
Tayler Saucedo,P,"P,RP",Free Agent,42683,,,1,3.0,0.0,9.81818182,3.0,1.0,0.0,4.0,3.6666666666666665,4.0,3.0,-0.0008813956373683318,-0.70817096792934,-0.2062908645083463,-1.2514298994775546,-0.5645429486844407,-0.682754177022791,-0.4081644543276709,-0.7094912314929575,-0.33508493519827004,-3.9514676462036844
Hunter Strickland,P,"P,RP",Free Agent,32589,7836,519326,1,2.0,0.0,0.0,0.9,0.5,2.0,7.0,6.666666666666667,0.0,4.0,-0.0015411452644129575,0.8390672588175494,0.0797926853626226,-1.2998717132685746,-0.5645429486844407,-0.2285061213247668,0.4836084015712588,0.2744290724505961,-0.5856250624993365,-1.920508371755264
Jose Fermin,P,"P,RP",Free Agent,5265417,,,1,12.0,0.0,5.86956522,1.82608696,2.4,0.0,9.0,7.666666666666667,5.0,5.0,-0.00018710768676211131,-0.4971451030876144,-0.13892095482281291,-0.8154535753583719,-0.5645429486844407,-0.682754177022791,-0.2865366824013556,-0.4777875140148405,-0.07142886871789718,-2.8985037661996964
Cole Winn,P,"P,RP",Free Agent,41177,22113,668390,1,5.0,0.0,0.0,1.0,2.5,0.0,4.0,6.0,0.0,2.0,-3.825416064318077e-05,0.7551605329357943,0.05231911749198719,-1.154546271895514,-0.5645429486844407,-0.682754177022791,0.43524756141413284,0.1799398882179428,-0.014901695599045356,-1.8015576435697152
Elvis Peguero,P,"P,RP",Free Agent,4881978,,,1,5.0,0.0,4.90909091,1.63636364,1.25,1.0,6.0,7.333333333333333,4.0,4.0,-0.0009918959052042098,-0.24668397557968788,-0.08767674097688674,-1.154546271895514,-0.5645429486844407,-0.4556301491737789,-0.1421798334634785,-0.3015445161725215,-0.3770474464836765,-2.99549116587341
Gregory Santos,P,"P,RP",Free Agent,39682,21894,666619,1,0.0,0.0,5.14285714,2.28571429,0.0,1.0,8.0,7.0,4.0,8.0,-0.0038118314797750408,-0.28863733765415217,-0.2313755205829938,-1.3967553408506153,-0.5645429486844407,-0.4556301491737789,-0.16636025304267182,-0.7957642885786185,-1.4479188632643238,-4.82697184359445
Jackson Kowar,P,"P,RP",Free Agent,41184,21549,663804,1,2.0,0.0,0.0,0.5,2.0,1.0,3.0,4.0,0.0,0.0,0.00036643459142560175,0.5034403552905296,0.09986040944256862,-1.2998717132685746,-0.5645429486844407,-0.4556301491737789,0.29016504094275514,0.34344751543727386,0.13877898462324811,-1.547653270123517
Brandon Waddell,P,"P,RP",Free Agent,41351,,,1,7.0,0.0,3.48387097,1.16129032,3.5,1.0,3.0,10.333333333333334,4.0,2.0,0.00032804620565718423,0.13089629034670094,0.035954316173799176,-1.0576626443134733,-0.5645429486844407,-0.4556301491737789,0.07544394693148197,0.12365681883408731,0.12420098311624428,-1.7545339932898791
Chris Stratton,P,"P,RP",Free Agent,32787,13761,608717,1,21.0,0.0,7.65,2.05,2.1,0.0,14.0,20.0,17.0,10.0,-0.0009225198583688865,-2.453844553812505,-0.507903418396436,-0.3794772512391893,-0.5645429486844407,-0.682754177022791,-1.4143083643210614,-1.7468200671726335,-0.350701870990701,-5.1386046794308164
Spencer Bivens,P,"P,RP",Free Agent,5136077,,,1,18.0,0.0,3.10344828,1.13793103,2.25,1.0,18.0,29.0,10.0,8.0,-0.0005187469572720538,0.7257976718015077,0.12291374320588191,-0.5248026926122501,-0.5645429486844407,-0.4556301491737789,0.4183238569202611,0.42273429432946064,-0.19736898546156856,-0.9012866246823164
Hunter Bigge,P,"P,RP",Free Agent,4987389,,,1,12.0,0.0,2.4,1.06666667,2.4,1.0,13.0,15.0,4.0,5.0,-0.00018710768676211131,0.7182433722770971,0.09830729321482112,-0.8154535753583719,-0.5645429486844407,-0.4556301491737789,0.41396982846831176,0.3381059199783451,-0.07142886871789718,-1.1549797934878316
Sam Moll,P,"P,RP",Free Agent,34928,,,1,1.0,0.0,18.0,3.0,0.3333333333333333,0.0,3.0,2.0,4.0,3.0,-0.0012476289279743646,-0.917937782417124,-0.11252228973182525,-1.348313527059595,-0.5645429486844407,-0.682754177022791,-0.5290665545956432,-0.38699521717797697,-0.47416214189764955,-3.985834566438096
Drey Jameson,P,"P,RP",Free Agent,4415753,26260,686753,1,0.0,0.0,3.0,2.33333333,0.0,1.0,3.0,3.0,1.0,3.0,-0.001430745573277381,0.08516577645229996,-0.10380243649158906,-1.3967553408506153,-0.5645429486844407,-0.4556301491737789,0.04908651194031109,-0.3570052346908818,-0.5437007452473394,-3.2685479067067447
Rob Zastryzny,P,"P,RP",Free Agent,36025,,,1,10.0,0.0,0.0,0.95454545,5.0,1.0,8.0,7.333333333333333,0.0,2.0,0.0008774967551077317,0.9229739846993041,0.07477575542565272,-0.9123372029404124,-0.5645429486844407,-0.4556301491737789,0.5319692417283846,0.2571744654287198,0.3328550011891787,-0.8105115924523489
Eduard Bazardo,P,"P,RP",Free Agent,41939,,,1,24.0,0.0,3.94382022,1.24719101,1.8461538461538463,0.0,25.0,29.666666666666668,13.0,13.0,-0.0018017986037710543,-0.06753906391599969,0.02042531248158308,-0.23415180986612844,-0.5645429486844407,-0.682754177022791,-0.03892710435402438,0.07024828821540202,-0.6846082496771119,-2.1347360013890944
Kendall Graveman,P,"P,RP",Free Agent,33636,15514,608665,1,3.0,0.0,1.42105263,1.57894737,1.0,0.0,7.0,6.333333333333333,1.0,3.0,-0.0008813956373683318,0.5046994061859796,-0.06390609446008776,-1.2514298994775546,-0.5645429486844407,-0.682754177022791,0.29089071291320423,-0.21979070070045953,-0.33508493519827004,-2.7627119481703115
Jose Suarez,P,"P,RP",Free Agent,40981,19911,660761,1,5.0,0.0,2.45454545,1.36363636,0.7142857142857143,0.0,3.0,7.333333333333333,2.0,7.0,-0.0024210497730821068,0.33814500575112644,-0.02269574146281636,-1.154546271895514,-0.5645429486844407,-0.682754177022791,0.19489470481908638,-0.07805692025420712,-0.9197690749821804,-3.2047746880200467
Elvin Rodriguez,P,"P,SP",Free Agent,40318,,,1,17.0,0.0,8.67857143,1.60714286,2.4285714285714284,0.0,6.0,18.666666666666668,18.0,7.0,-0.00022525837326492493,-2.914072496458025,-0.20545506807369257,-0.5732445064032704,-0.5645429486844407,-0.682754177022791,-1.679567313901438,-0.7066166968250593,-0.08591660385441356,-4.292642246691413
Yerry De los Santos,P,"P,RP",Free Agent,4717834,21420,660787,1,9.0,0.0,3.0,1.91666667,1.5,2.0,10.0,12.0,4.0,6.0,-0.0012127751009036736,0.34066310580919984,-0.25275725411248656,-0.9607790167314327,-0.5645429486844407,-0.2285061213247668,0.19634604776124517,-0.8693019728064157,-0.4609263901620451,-2.887710401947856
Lucas Sims,P,"P,RP",Free Agent,32807,13470,608371,1,13.0,0.0,13.86486486,2.27027027,0.9285714285714286,1.0,18.0,12.333333333333334,19.0,14.0,-0.004287659725838111,-4.003600879534451,-0.4014729632223569,-0.7670117615673516,-0.5645429486844407,-0.4556301491737789,-2.307532562537938,-1.3807763507444721,-1.6286147885899795,-7.104108561297962
AJ Blubaugh,P,"P,SP",Free Agent,42556,,,1,6.0,0.0,4.5,1.5,6.0,0.0,1.0,4.0,2.0,1.0,0.0006220124824038997,-0.08138862474066486,-0.03010158611991903,-1.1061044581044936,-0.5645429486844407,-0.682754177022791,-0.046909496590755245,-0.10352766448001709,0.2358347686907239,-2.268003976191774
Justin Topa,P,"P,RP",Free Agent,38796,,,1,16.0,0.0,2.14285714,1.23809524,2.2857142857142856,2.0,21.0,21.0,5.0,7.0,-0.0004082409899166528,1.1809894171467243,0.020664415469225633,-0.6216863201942907,-0.5645429486844407,-0.2285061213247668,0.6806801222392715,0.07107062939643526,-0.1554043097818399,-0.8183889483496312
Danny Young,P,"P,RP",Free Agent,40903,,,1,13.0,0.0,4.32,1.44,4.333333333333333,4.0,10.0,8.333333333333334,4.0,3.0,0.0009497708156622764,-0.12082388654045233,-0.046466388304520344,-0.7670117615673516,-0.5645429486844407,0.22574193437325743,-0.06963857310294731,-0.15981073684370709,0.36030109829879603,-0.9749609875263934
Sean Reynolds,P,"P,RP",Free Agent,41691,,,1,14.0,0.0,4.59574468,1.08510638,3.5,1.0,9.0,15.666666666666666,8.0,4.0,0.0006558521724233657,-0.36750786147033027,0.09329036533558284,-0.7185699477763313,-0.5645429486844407,-0.4556301491737789,-0.2118184061918983,0.32085132003357586,0.2486854015638095,-1.381024730229064
Luis Guerrero,P,"P,RP",Free Agent,5132025,,,1,5.0,0.0,0.93103448,0.82758621,1.0,0.0,6.0,9.666666666666666,1.0,5.0,-0.001468454931865537,0.9242330361362625,0.13844274202452314,-1.154546271895514,-0.5645429486844407,-0.682754177022791,0.5326949140109397,0.4761428081865766,-0.5580208859701762,-1.9510265613754056
Chase Shugart,P,"P,RP",Free Agent,4990069,,,1,14.0,0.0,3.42253521,1.18309859,1.2727272727272727,3.0,22.0,23.666666666666668,9.0,11.0,-0.0026785102293138685,0.34695835963664007,0.06557769166146175,-0.7185699477763313,-0.5645429486844407,-0.0013820934757546848,0.1999744072389634,0.22553978493542745,-1.0175397637937,-1.8765205615558358
Caleb Boushley,P,"P,SP,RP",Free Agent,41975,,,1,21.0,0.0,4.95,1.3,5.25,1.0,10.0,20.0,11.0,4.0,0.0019374340105775545,-0.6993576137189217,-0.020545935037107523,-0.3794772512391893,-0.5645429486844407,-0.4556301491737789,-0.40308475172053043,-0.07066314248279289,0.7353665056005182,-1.138031737700214
Yoendrys Gomez,P,"P,SP,RP",Free Agent,42898,,,1,13.0,0.0,6.62264151,1.86792453,1.0,1.0,12.0,17.666666666666668,13.0,13.0,-0.003812399956357293,-1.5778601346611634,-0.34413691579339983,-0.7670117615673516,-0.5645429486844407,-0.4556301491737789,-0.9094222299912451,-1.1835818555046524,-1.4481347424243065,-5.328323687345775
Adam Ottavino,P,"P,RP",Free Agent,29705,1247,493603,1,3.0,0.0,0.0,2.4,0.75,0.0,3.0,1.6666666666666667,0.0,4.0,-0.0013580621446767083,0.20976681470438735,-0.061278075885899126,-1.2514298994775546,-0.5645429486844407,-0.682754177022791,0.12090210039281449,-0.21075221933565813,-0.5160991904941166,-3.1046763346217467
Angel Chivilli,P,"P,RP",Free Agent,5185106,,,1,21.0,0.0,6.13636364,1.60227273,1.6153846153846154,1.0,20.0,29.333333333333332,20.0,13.0,-0.0023501444272033822,-2.15639386498038,-0.31821646415051175,-0.3794772512391893,-0.5645429486844407,-0.4556301491737789,-1.2428684104190428,-1.0944342667309275,-0.8928427476989667,-4.629795773946347
Jacob Latz,P,"P,RP",Free Agent,3210625,,,1,19.0,0.0,3.11538462,1.5,2.375,0.0,11.0,17.333333333333332,6.0,8.0,-0.00033579781713299894,0.427087930232805,-0.1304402065196491,-0.47636087882122985,-0.5645429486844407,-0.682754177022791,0.24615822998663298,-0.44861987941340586,-0.12789399225030437,-2.054013646205539
Michael Fulmer,P,"P,RP",Free Agent,34842,13218,605242,1,2.0,0.0,10.125,2.25,1.0,0.0,1.0,2.6666666666666665,3.0,2.0,-0.0005877047100937283,-0.5416165665197719,-0.08504872186118984,-1.2998717132685746,-0.5645429486844407,-0.682754177022791,-0.31216844567176216,-0.2925060329453237,-0.22355571367197982,-3.3753990312648723
Colin Poche,P,"P,RP",Free Agent,40364,19403,621363,1,10.0,0.0,11.42307692,2.53846154,0.8333333333333334,0.0,13.0,8.666666666666666,11.0,12.0,-0.003885412486777984,-2.1257719528423418,-0.35763459370862843,-0.9123372029404124,-0.5645429486844407,-0.682754177022791,-1.2252190338923008,-1.2300040960105252,-1.4758612736966545,-6.090718732247125
